date,usdcny,china_fxi,infl_tip,us_debt_tlt,credit_hyg
2016-09-04,6.679800033569336,38.65999984741211,116.13999938964844,139.63999938964844,87.0
2016-09-05,6.675899982452393,38.65999984741211,116.13999938964844,139.63999938964844,87.0
2016-09-06,6.674300193786621,38.65999984741211,116.13999938964844,139.63999938964844,87.0
2016-09-07,6.662600040435791,38.650001525878906,116.29000091552734,139.5399932861328,86.76000213623047
2016-09-08,6.662799835205078,39.02000045776367,115.87999725341797,137.7899932861328,86.5999984741211
2016-09-09,6.662799835205078,38.22999954223633,115.08000183105469,135.52000427246094,85.7699966430664
2016-09-11,6.679900169372559,38.22999954223633,115.08000183105469,135.52000427246094,85.7699966430664
2016-09-12,6.678699970245361,38.279998779296875,115.12000274658203,135.58999633789062,86.06999969482422
2016-09-13,6.676400184631348,37.2599983215332,114.61000061035156,134.0500030517578,85.41000366210938
2016-09-14,6.6732001304626465,37.2599983215332,114.79000091552734,134.25,85.38999938964844
2016-09-15,6.671199798583984,37.95000076293945,114.76000213623047,133.6699981689453,85.88999938964844
2016-09-16,6.671199798583984,37.72999954223633,114.94999694824219,134.75,85.91000366210938
2016-09-18,6.6707000732421875,37.72999954223633,114.94999694824219,134.75,85.91000366210938
2016-09-19,6.666200160980225,37.810001373291016,114.80999755859375,134.30999755859375,85.95999908447266
2016-09-20,6.66949987411499,37.88999938964844,114.79000091552734,134.77999877929688,85.86000061035156
2016-09-21,6.673600196838379,38.81999969482422,115.33000183105469,135.8699951171875,86.56999969482422
2016-09-22,6.66379976272583,38.959999084472656,115.9000015258789,136.9499969482422,86.86000061035156
2016-09-23,6.66379976272583,38.310001373291016,116.22000122070312,136.82000732421875,86.76000213623047
2016-09-25,6.657199859619141,38.310001373291016,116.22000122070312,136.82000732421875,86.76000213623047
2016-09-26,6.667699813842773,37.52000045776367,116.2699966430664,137.69000244140625,86.37999725341797
2016-09-27,6.6697998046875,38.0,116.37000274658203,138.6999969482422,86.62999725341797
2016-09-28,6.67519998550415,38.31999969482422,116.51000213623047,138.39999389648438,87.20999908447266
2016-09-29,6.668700218200684,37.91999816894531,116.48999786376953,138.75,86.87999725341797
2016-09-30,6.668700218200684,38.0099983215332,116.48999786376953,137.50999450683594,87.26000213623047
2016-10-02,6.6381001472473145,38.0099983215332,116.48999786376953,137.50999450683594,87.26000213623047
2016-10-03,6.6732001304626465,38.04999923706055,116.37999725341797,136.80999755859375,86.81999969482422
2016-10-04,6.67080020904541,37.7400016784668,115.80999755859375,135.2100067138672,86.66999816894531
2016-10-05,6.672999858856201,38.65999984741211,115.62000274658203,134.5800018310547,86.9000015258789
2016-10-06,6.673699855804443,38.79999923706055,115.68000030517578,133.8300018310547,86.94999694824219
2016-10-07,6.673699855804443,38.4900016784668,115.6500015258789,133.9199981689453,87.1500015258789
2016-10-09,6.6768999099731445,38.4900016784668,115.6500015258789,133.9199981689453,87.1500015258789
2016-10-10,6.707699775695801,39.040000915527344,115.48999786376953,133.1300048828125,87.4000015258789
2016-10-11,6.723499774932861,37.880001068115234,115.4000015258789,132.8300018310547,86.91000366210938
2016-10-12,6.718800067901611,37.83000183105469,115.36000061035156,132.9600067138672,86.87999725341797
2016-10-13,6.729300022125244,37.22999954223633,115.54000091552734,133.4600067138672,86.66000366210938
2016-10-14,6.729300022125244,37.59000015258789,115.43000030517578,131.58999633789062,86.86000061035156
2016-10-16,6.730999946594238,37.59000015258789,115.43000030517578,131.58999633789062,86.86000061035156
2016-10-17,6.731500148773193,37.25,115.94999694824219,132.42999267578125,86.73999786376953
2016-10-18,6.743000030517578,37.86000061035156,116.0199966430664,132.86000061035156,87.08999633789062
2016-10-19,6.735400199890137,37.900001525878906,116.18000030517578,132.97000122070312,87.33999633789062
2016-10-20,6.743000030517578,37.849998474121094,116.0,133.11000061035156,87.3499984741211
2016-10-21,6.743000030517578,37.83000183105469,116.12999725341797,133.30999755859375,87.37000274658203
2016-10-23,6.766300201416016,37.83000183105469,116.12999725341797,133.30999755859375,87.37000274658203
2016-10-24,6.776199817657471,38.11000061035156,115.94999694824219,132.72999572753906,87.41999816894531
2016-10-25,6.780600070953369,37.970001220703125,116.12999725341797,133.0800018310547,87.37000274658203
2016-10-26,6.769700050354004,37.59000015258789,116.01000213623047,132.17999267578125,87.0199966430664
2016-10-27,6.784800052642822,37.2599983215332,115.51000213623047,130.74000549316406,86.69999694824219
2016-10-28,6.784800052642822,36.849998474121094,115.63999938964844,130.4499969482422,86.27999877929688
2016-10-31,6.783400058746338,36.86000061035156,115.86000061035156,131.25,86.0199966430664
2016-11-01,6.774600028991699,37.099998474121094,115.87000274658203,131.00999450683594,85.30000305175781
2016-11-02,6.766300201416016,36.619998931884766,115.91999816894531,131.5800018310547,84.91999816894531
2016-11-03,6.747099876403809,36.560001373291016,115.58999633789062,130.57000732421875,84.94000244140625
2016-11-04,6.766200065612793,36.2400016784668,115.88999938964844,131.74000549316406,84.9800033569336
2016-11-07,6.755499839782715,37.36000061035156,115.83000183105469,130.6199951171875,86.16999816894531
2016-11-08,6.774099826812744,37.630001068115234,115.62999725341797,130.08999633789062,85.9800033569336
2016-11-09,6.784800052642822,36.7400016784668,114.7699966430664,124.56999969482422,85.37999725341797
2016-11-10,6.77869987487793,36.38999938964844,114.56999969482422,122.7300033569336,84.26000213623047
2016-11-11,6.801700115203857,35.97999954223633,114.25,122.04000091552734,83.47000122070312
2016-11-14,6.805099964141846,35.7599983215332,113.37000274658203,121.30999755859375,84.08999633789062
2016-11-15,6.845699787139893,36.2599983215332,113.44000244140625,121.91000366210938,85.19999694824219
2016-11-16,6.858099937438965,35.83000183105469,113.68000030517578,123.01000213623047,84.86000061035156
2016-11-17,6.7891998291015625,35.970001220703125,113.48999786376953,121.19999694824219,84.62999725341797
2016-11-18,6.8765997886657715,35.939998626708984,113.31999969482422,120.8499984741211,84.62999725341797
2016-11-21,6.892499923706055,36.2400016784668,113.58999633789062,121.1500015258789,85.30999755859375
2016-11-22,6.888899803161621,36.880001068115234,113.69000244140625,121.11000061035156,85.94000244140625
2016-11-23,6.8892998695373535,36.7400016784668,113.30999755859375,120.63999938964844,85.62000274658203
2016-11-24,6.910200119018555,36.7400016784668,113.30999755859375,120.63999938964844,85.62000274658203
2016-11-25,6.9182000160217285,37.09000015258789,113.12000274658203,120.81999969482422,85.7300033569336
2016-11-28,6.9217000007629395,37.22999954223633,113.29000091552734,121.70999908447266,85.72000122070312
2016-11-29,6.906300067901611,37.459999084472656,113.4000015258789,122.22000122070312,85.61000061035156
2016-11-30,6.897299766540527,37.59000015258789,113.45999908447266,120.23999786376953,85.6500015258789
2016-12-01,6.8907999992370605,37.59000015258789,112.88999938964844,118.7300033569336,84.87000274658203
2016-12-02,6.876500129699707,37.310001373291016,112.94999694824219,119.5999984741211,85.37999725341797
2016-12-05,6.885499954223633,37.2599983215332,113.11000061035156,119.47000122070312,85.5999984741211
2016-12-06,6.870999813079834,37.2599983215332,113.33000183105469,119.37999725341797,86.02999877929688
2016-12-07,6.872000217437744,37.689998626708984,113.43000030517578,120.4000015258789,86.45999908447266
2016-12-08,6.870500087738037,37.689998626708984,113.31999969482422,118.9800033569336,86.44999694824219
2016-12-09,6.869900226593018,37.470001220703125,112.80000305175781,117.5,86.48999786376953
2016-12-12,6.906700134277344,36.61000061035156,112.77999877929688,117.72000122070312,86.37000274658203
2016-12-13,6.896900177001953,37.0099983215332,112.73999786376953,118.13999938964844,86.58000183105469
2016-12-14,6.89169979095459,36.20000076293945,111.8499984741211,116.81999969482422,85.93000030517578
2016-12-15,6.903800010681152,35.880001068115234,111.1500015258789,117.41000366210938,85.97000122070312
2016-12-16,6.934299945831299,35.5,111.08999633789062,117.13999938964844,86.05000305175781
2016-12-19,6.9583001136779785,35.36000061035156,111.55000305175781,118.4000015258789,86.2699966430664
2016-12-20,6.953000068664551,35.22999954223633,111.66000366210938,117.80999755859375,86.38999938964844
2016-12-21,6.94980001449585,35.11000061035156,111.94000244140625,118.33000183105469,86.54000091552734
2016-12-22,6.941400051116943,34.060001373291016,112.29000091552734,117.80999755859375,86.44000244140625
2016-12-23,6.940400123596191,33.970001220703125,112.41999816894531,118.05000305175781,86.5999984741211
2016-12-26,6.945300102233887,33.970001220703125,112.41999816894531,118.05000305175781,86.5999984741211
2016-12-27,6.944699764251709,34.04999923706055,112.37000274658203,117.66999816894531,86.5199966430664
2016-12-28,6.942500114440918,34.36000061035156,112.66000366210938,118.52999877929688,86.4000015258789
2016-12-29,6.958099842071533,34.810001373291016,112.80000305175781,118.94999694824219,86.5199966430664
2016-12-30,6.945300102233887,34.709999084472656,113.16999816894531,119.12999725341797,86.55000305175781
2017-01-02,6.94379997253418,34.709999084472656,113.16999816894531,119.12999725341797,86.55000305175781
2017-01-03,6.943999767303467,35.150001525878906,113.27999877929688,119.63999938964844,86.91000366210938
2017-01-04,6.959799766540527,35.5099983215332,113.52999877929688,120.0999984741211,87.37999725341797
2017-01-05,6.925099849700928,36.02000045776367,113.91999816894531,121.9800033569336,87.25
2017-01-06,6.887899875640869,35.75,113.44999694824219,120.86000061035156,87.2300033569336
2017-01-09,6.917500019073486,35.79999923706055,113.62999725341797,121.83000183105469,87.20999908447266
2017-01-10,6.936699867248535,36.27000045776367,113.72000122070312,121.75,87.22000122070312
2017-01-11,6.921199798583984,36.529998779296875,114.08000183105469,122.16000366210938,87.2699966430664
2017-01-12,6.936100006103516,36.4900016784668,114.18000030517578,121.88999938964844,87.29000091552734
2017-01-13,6.894899845123291,36.56999969482422,113.9800033569336,121.30999755859375,87.31999969482422
2017-01-16,6.898799896240234,36.56999969482422,113.9800033569336,121.30999755859375,87.31999969482422
2017-01-17,6.890999794006348,36.400001525878906,114.33999633789062,122.58000183105469,87.2300033569336
2017-01-18,6.844600200653076,36.58000183105469,113.77999877929688,121.01000213623047,87.30999755859375
2017-01-19,6.8379998207092285,36.43000030517578,113.69000244140625,120.18000030517578,87.02999877929688
2017-01-20,6.861299991607666,36.290000915527344,113.70999908447266,119.94000244140625,87.19999694824219
2017-01-23,6.875500202178955,36.470001220703125,114.16999816894531,121.13999938964844,87.19999694824219
2017-01-24,6.843999862670898,36.619998931884766,113.9800033569336,120.30999755859375,87.26000213623047
2017-01-25,6.848999977111816,36.779998779296875,113.61000061035156,118.80000305175781,87.56999969482422
2017-01-26,6.873600006103516,36.849998474121094,113.77999877929688,119.19999694824219,87.52999877929688
2017-01-27,6.878399848937988,36.81999969482422,113.97000122070312,119.62999725341797,87.61000061035156
2017-01-30,6.882999897003174,36.68000030517578,113.94000244140625,119.2699966430664,87.43000030517578
2017-01-31,6.88070011138916,36.689998626708984,114.18000030517578,120.0999984741211,87.33999633789062
2017-02-01,6.878699779510498,36.66999816894531,113.94000244140625,119.0999984741211,87.27999877929688
2017-02-02,6.880899906158447,36.68000030517578,113.94999694824219,119.05000305175781,87.33000183105469
2017-02-03,6.880000114440918,36.630001068115234,113.83000183105469,119.0,87.4800033569336
2017-02-06,6.872200012207031,36.790000915527344,114.11000061035156,119.72000122070312,87.41999816894531
2017-02-07,6.86359977722168,36.77000045776367,114.05999755859375,120.5999984741211,87.29000091552734
2017-02-08,6.884500026702881,37.310001373291016,114.33000183105469,122.23999786376953,87.3499984741211
2017-02-09,6.872499942779541,37.810001373291016,114.11000061035156,120.83000183105469,87.47000122070312
2017-02-10,6.868599891662598,38.0099983215332,114.19999694824219,120.76000213623047,87.52999877929688
2017-02-13,6.895199775695801,38.25,114.0199966430664,120.37999725341797,87.66000366210938
2017-02-14,6.879499912261963,38.2400016784668,113.75,119.51000213623047,87.72000122070312
2017-02-15,6.866799831390381,38.81999969482422,113.9000015258789,118.95999908447266,87.75
2017-02-16,6.8684000968933105,38.7400016784668,113.9000015258789,119.61000061035156,87.68000030517578
2017-02-17,6.85260009765625,38.459999084472656,114.16000366210938,120.31999969482422,87.7699966430664
2017-02-20,6.8557000160217285,38.459999084472656,114.16000366210938,120.31999969482422,87.7699966430664
2017-02-21,6.8780999183654785,38.81999969482422,114.1500015258789,120.11000061035156,88.05999755859375
2017-02-22,6.882599830627441,39.029998779296875,114.36000061035156,120.30999755859375,88.0999984741211
2017-02-23,6.873700141906738,38.959999084472656,114.62999725341797,120.66999816894531,88.18000030517578
2017-02-24,6.865499973297119,38.540000915527344,114.95999908447266,122.01000213623047,88.25
2017-02-27,6.900700092315674,38.29999923706055,114.6500015258789,121.29000091552734,88.36000061035156
2017-02-28,6.870100021362305,38.20000076293945,114.6500015258789,121.73999786376953,88.29000091552734
2017-03-01,6.866399765014648,38.599998474121094,113.95999908447266,119.47000122070312,88.2300033569336
2017-03-02,6.882199764251709,37.77000045776367,113.5999984741211,119.04000091552734,87.94999694824219
2017-03-03,6.887599945068359,37.869998931884766,113.86000061035156,119.3499984741211,87.98999786376953
2017-03-06,6.896200180053711,37.84000015258789,113.73999786376953,118.77999877929688,87.70999908447266
2017-03-07,6.896699905395508,37.959999084472656,113.54000091552734,118.41999816894531,87.13999938964844
2017-03-08,6.902299880981445,37.90999984741211,113.05000305175781,117.77999877929688,86.55999755859375
2017-03-09,6.911900043487549,37.470001220703125,112.75,116.83999633789062,86.33000183105469
2017-03-10,6.910200119018555,37.650001525878906,112.95999908447266,117.25,86.30000305175781
2017-03-13,6.856599807739258,38.2599983215332,112.69999694824219,116.51000213623047,86.37000274658203
2017-03-14,6.913000106811523,38.13999938964844,112.62000274658203,117.06999969482422,86.11000061035156
2017-03-15,6.9145002365112305,38.790000915527344,113.63999938964844,118.5,87.30000305175781
2017-03-16,6.913599967956543,39.34000015258789,113.55999755859375,117.9000015258789,87.05000305175781
2017-03-17,6.896699905395508,39.13999938964844,113.80999755859375,118.63999938964844,87.08000183105469
2017-03-20,6.904099941253662,39.599998474121094,113.9800033569336,119.1500015258789,86.91000366210938
2017-03-21,6.906000137329102,39.16999816894531,114.05999755859375,120.13999938964844,86.29000091552734
2017-03-22,6.884900093078613,39.290000915527344,114.25,120.62000274658203,86.5
2017-03-23,6.882999897003174,39.2400016784668,114.12000274658203,120.44999694824219,86.52999877929688
2017-03-24,6.885799884796143,39.25,114.44999694824219,120.87999725341797,86.83000183105469
2017-03-26,6.853499889373779,39.25,114.44999694824219,120.87999725341797,86.83000183105469
2017-03-27,6.872099876403809,39.060001373291016,114.66999816894531,121.43000030517578,86.73999786376953
2017-03-28,6.878300189971924,39.22999954223633,114.29000091552734,120.62000274658203,87.22000122070312
2017-03-29,6.887700080871582,39.09000015258789,114.58999633789062,121.33999633789062,87.4000015258789
2017-03-30,6.888999938964844,38.79999923706055,114.30999755859375,120.36000061035156,87.80999755859375
2017-03-31,6.888999938964844,38.4900016784668,114.6500015258789,120.70999908447266,87.77999877929688
2017-04-02,6.880199909210205,38.4900016784668,114.6500015258789,120.70999908447266,87.77999877929688
2017-04-03,6.883900165557861,38.720001220703125,114.7699966430664,121.66999816894531,87.36000061035156
2017-04-04,6.885200023651123,38.81999969482422,114.63999938964844,121.01000213623047,87.38999938964844
2017-04-05,6.893899917602539,38.900001525878906,114.86000061035156,121.37999725341797,87.31999969482422
2017-04-06,6.897799968719482,38.720001220703125,114.80000305175781,121.19999694824219,87.43000030517578
2017-04-07,6.897799968719482,38.7400016784668,114.3499984741211,120.70999908447266,87.38999938964844
2017-04-09,6.905700206756592,38.7400016784668,114.3499984741211,120.70999908447266,87.38999938964844
2017-04-10,6.903299808502197,38.5099983215332,114.41000366210938,121.2699966430664,87.51000213623047
2017-04-11,6.8907999992370605,38.31999969482422,114.62999725341797,122.41999816894531,87.33999633789062
2017-04-12,6.890900135040283,38.36000061035156,115.05999755859375,123.08999633789062,87.4000015258789
2017-04-13,6.886499881744385,38.2599983215332,115.2300033569336,123.47000122070312,87.22000122070312
2017-04-16,6.890999794006348,38.2599983215332,115.2300033569336,123.47000122070312,87.22000122070312
2017-04-17,6.868599891662598,38.459999084472656,114.95999908447266,123.08999633789062,87.4800033569336
2017-04-18,6.881899833679199,37.79999923706055,115.20999908447266,124.69999694824219,87.45999908447266
2017-04-19,6.886000156402588,37.58000183105469,115.0,124.0199966430664,87.37999725341797
2017-04-20,6.881700038909912,38.08000183105469,114.87999725341797,123.54000091552734,87.66999816894531
2017-04-21,6.881700038909912,37.959999084472656,114.72000122070312,123.54000091552734,87.5999984741211
2017-04-23,6.792099952697754,37.959999084472656,114.72000122070312,123.54000091552734,87.5999984741211
2017-04-24,6.882500171661377,38.16999816894531,114.69000244140625,122.93000030517578,88.01000213623047
2017-04-25,6.881700038909912,38.68000030517578,114.5,121.44999694824219,88.16999816894531
2017-04-26,6.892099857330322,38.70000076293945,114.73999786376953,122.12000274658203,88.08999633789062
2017-04-27,6.896900177001953,38.540000915527344,114.83999633789062,122.08000183105469,88.1500015258789
2017-04-28,6.896900177001953,38.529998779296875,115.01000213623047,122.3499984741211,88.12000274658203
2017-04-30,6.912099838256836,38.529998779296875,115.01000213623047,122.3499984741211,88.12000274658203
2017-05-01,6.89300012588501,38.599998474121094,114.33999633789062,121.08000183105469,87.79000091552734
2017-05-02,6.893499851226807,38.470001220703125,114.33999633789062,121.69999694824219,87.81999969482422
2017-05-03,6.896699905395508,38.290000915527344,114.08999633789062,121.77999877929688,87.9000015258789
2017-05-04,6.895400047302246,37.75,113.66000366210938,121.18000030517578,87.43000030517578
2017-05-05,6.895400047302246,37.77000045776367,113.75,121.29000091552734,87.58000183105469
2017-05-07,6.884699821472168,37.77000045776367,113.75,121.29000091552734,87.58000183105469
2017-05-08,6.9045000076293945,37.650001525878906,113.30999755859375,120.62999725341797,87.68000030517578
2017-05-09,6.907100200653076,38.29999923706055,113.20999908447266,120.62000274658203,87.62000274658203
2017-05-10,6.9029998779296875,38.68000030517578,113.25,120.4800033569336,88.0
2017-05-11,6.90369987487793,38.650001525878906,113.58999633789062,120.4800033569336,88.01000213623047
2017-05-12,6.90369987487793,39.060001373291016,113.7699966430664,121.38999938964844,87.9800033569336
2017-05-14,6.902100086212158,39.060001373291016,113.7699966430664,121.38999938964844,87.9800033569336
2017-05-15,6.894000053405762,39.56999969482422,113.47000122070312,121.05999755859375,88.18000030517578
2017-05-16,6.888599872589111,39.47999954223633,113.55000305175781,121.51000213623047,88.30999755859375
2017-05-17,6.88129997253418,38.91999816894531,114.20999908447266,123.27999877929688,87.91999816894531
2017-05-18,6.889100074768066,39.040000915527344,114.38999938964844,123.41999816894531,88.0199966430664
2017-05-19,6.889100074768066,39.439998626708984,114.58999633789062,123.70999908447266,88.18000030517578
2017-05-21,6.853899955749512,39.439998626708984,114.58999633789062,123.70999908447266,88.18000030517578
2017-05-22,6.884399890899658,39.630001068115234,114.41000366210938,123.37000274658203,88.44999694824219
2017-05-23,6.891200065612793,39.58000183105469,114.23999786376953,122.54000091552734,88.44000244140625
2017-05-24,6.889999866485596,39.59000015258789,114.30999755859375,123.2300033569336,88.58999633789062
2017-05-25,6.867700099945068,40.2400016784668,114.12999725341797,123.2699966430664,88.5199966430664
2017-05-26,6.867700099945068,40.22999954223633,114.4000015258789,123.4800033569336,88.56999969482422
2017-05-28,6.85699987411499,40.22999954223633,114.4000015258789,123.4800033569336,88.56999969482422
2017-05-29,6.856200218200684,40.22999954223633,114.4000015258789,123.4800033569336,88.56999969482422
2017-05-30,6.855800151824951,40.349998474121094,114.6500015258789,124.08999633789062,88.66000366210938
2017-05-31,6.811200141906738,40.13999938964844,114.68000030517578,124.4000015258789,88.6500015258789
2017-06-01,6.808599948883057,40.5,114.37000274658203,124.1500015258789,88.52999877929688
2017-06-02,6.808599948883057,40.52000045776367,114.83000183105469,125.62000274658203,88.58000183105469
2017-06-04,6.81279993057251,40.52000045776367,114.83000183105469,125.62000274658203,88.58000183105469
2017-06-05,6.802800178527832,40.290000915527344,114.52999877929688,124.83999633789062,88.5
2017-06-06,6.7957000732421875,40.54999923706055,114.66000366210938,125.5199966430664,88.36000061035156
2017-06-07,6.797500133514404,40.41999816894531,114.38999938964844,124.91999816894531,88.18000030517578
2017-06-08,6.799200057983398,40.599998474121094,114.2699966430664,124.58999633789062,88.25
2017-06-09,6.799200057983398,40.2400016784668,114.16999816894531,124.4000015258789,88.31999969482422
2017-06-11,6.784800052642822,40.2400016784668,114.16999816894531,124.4000015258789,88.31999969482422
2017-06-12,6.797599792480469,39.880001068115234,113.93000030517578,124.36000061035156,88.47000122070312
2017-06-13,6.798799991607666,40.11000061035156,114.12000274658203,124.37999725341797,88.62999725341797
2017-06-14,6.790999889373779,39.93000030517578,114.13999938964844,126.30000305175781,88.63999938964844
2017-06-15,6.808499813079834,39.470001220703125,113.58000183105469,126.0999984741211,88.30000305175781
2017-06-16,6.808499813079834,39.58000183105469,113.68000030517578,126.3499984741211,88.1500015258789
2017-06-18,6.803400039672852,39.58000183105469,113.68000030517578,126.3499984741211,88.1500015258789
2017-06-19,6.819699764251709,40.13999938964844,113.55000305175781,126.16999816894531,88.41999816894531
2017-06-20,6.826399803161621,39.52000045776367,113.66999816894531,127.30000305175781,88.11000061035156
2017-06-21,6.8282999992370605,39.47999954223633,113.8499984741211,127.55999755859375,87.5999984741211
2017-06-22,6.83459997177124,39.7400016784668,114.22000122070312,127.83999633789062,87.83999633789062
2017-06-23,6.83459997177124,39.77000045776367,114.30999755859375,127.77999877929688,88.19999694824219
2017-06-25,6.834199905395508,39.77000045776367,114.30999755859375,127.77999877929688,88.19999694824219
2017-06-26,6.839799880981445,40.22999954223633,114.48999786376953,128.25999450683594,88.31999969482422
2017-06-27,6.812600135803223,39.83000183105469,113.94999694824219,126.88999938964844,88.04000091552734
2017-06-28,6.800000190734863,40.029998779296875,114.04000091552734,126.47000122070312,88.4000015258789
2017-06-29,6.785699844360352,39.619998931884766,113.58999633789062,125.41000366210938,88.18000030517578
2017-06-30,6.785699844360352,39.709999084472656,113.43000030517578,125.12000274658203,88.38999938964844
2017-07-02,6.77810001373291,39.709999084472656,113.43000030517578,125.12000274658203,88.38999938964844
2017-07-03,6.799799919128418,40.119998931884766,112.93000030517578,124.45999908447266,87.97000122070312
2017-07-04,6.798699855804443,40.119998931884766,112.93000030517578,124.45999908447266,87.97000122070312
2017-07-05,6.80079984664917,39.959999084472656,113.0999984741211,124.48999786376953,87.9000015258789
2017-07-06,6.799900054931641,39.5,112.80999755859375,123.45999908447266,87.68000030517578
2017-07-07,6.799900054931641,39.47999954223633,112.45999908447266,122.72000122070312,87.5999984741211
2017-07-09,6.8028998374938965,39.47999954223633,112.45999908447266,122.72000122070312,87.5999984741211
2017-07-10,6.8028998374938965,39.54999923706055,112.41000366210938,122.9000015258789,87.69999694824219
2017-07-11,6.801700115203857,40.29999923706055,112.7699966430664,123.11000061035156,87.63999938964844
2017-07-12,6.788000106811523,41.150001525878906,113.0999984741211,123.95999908447266,88.20999908447266
2017-07-13,6.782599925994873,41.25,113.05999755859375,123.18000030517578,88.27999877929688
2017-07-14,6.782599925994873,41.88999938964844,113.05000305175781,123.33000183105469,88.52999877929688
2017-07-16,6.740499973297119,41.88999938964844,113.05000305175781,123.33000183105469,88.52999877929688
2017-07-17,6.769499778747559,41.720001220703125,113.27999877929688,123.66999816894531,88.55999755859375
2017-07-18,6.7453999519348145,41.65999984741211,113.5999984741211,124.75,88.5999984741211
2017-07-19,6.751299858093262,42.16999816894531,113.69000244140625,124.80000305175781,88.75
2017-07-20,6.758900165557861,42.08000183105469,113.41000366210938,125.16000366210938,88.80000305175781
2017-07-21,6.758900165557861,42.040000915527344,113.58000183105469,125.69000244140625,88.7300033569336
2017-07-23,6.719699859619141,42.040000915527344,113.58000183105469,125.69000244140625,88.7300033569336
2017-07-24,6.750100135803223,42.189998626708984,113.58000183105469,125.19999694824219,88.80000305175781
2017-07-25,6.749800205230713,42.099998474121094,113.13999938964844,123.56999969482422,88.83999633789062
2017-07-26,6.754000186920166,42.52000045776367,113.47000122070312,123.7699966430664,88.97000122070312
2017-07-27,6.739999771118164,42.369998931884766,113.38999938964844,123.16000366210938,88.9000015258789
2017-07-28,6.739999771118164,42.41999816894531,113.66000366210938,123.88999938964844,88.91000366210938
2017-07-30,6.738900184631348,42.41999816894531,113.66000366210938,123.88999938964844,88.91000366210938
2017-07-31,6.725500106811523,42.540000915527344,113.66000366210938,124.04000091552734,88.91000366210938
2017-08-01,6.713699817657471,43.029998779296875,113.54000091552734,124.63999938964844,88.62999725341797
2017-08-02,6.721700191497803,42.91999816894531,113.4800033569336,124.70999908447266,88.6500015258789
2017-08-03,6.71560001373291,42.849998474121094,113.79000091552734,126.0,88.4800033569336
2017-08-04,6.71560001373291,42.84000015258789,113.62999725341797,124.93000030517578,88.5
2017-08-06,6.765699863433838,42.84000015258789,113.62999725341797,124.93000030517578,88.5
2017-08-07,6.721499919891357,43.0,113.76000213623047,125.06999969482422,88.45999908447266
2017-08-08,6.709799766540527,43.310001373291016,113.83999633789062,124.62000274658203,88.08000183105469
2017-08-09,6.671800136566162,42.970001220703125,114.05000305175781,125.30000305175781,87.73999786376953
2017-08-10,6.6458001136779785,41.7400016784668,114.33999633789062,126.37000274658203,87.18000030517578
2017-08-11,6.6458001136779785,41.810001373291016,114.2699966430664,126.43000030517578,87.33000183105469
2017-08-13,6.6620001792907715,41.810001373291016,114.2699966430664,126.43000030517578,87.33000183105469
2017-08-14,6.668700218200684,42.18000030517578,113.81999969482422,125.77999877929688,87.79000091552734
2017-08-15,6.6844000816345215,42.08000183105469,113.4800033569336,125.25,87.81999969482422
2017-08-16,6.689700126647949,42.720001220703125,113.68000030517578,125.70999908447266,87.83000183105469
2017-08-17,6.677700042724609,41.91999816894531,113.95999908447266,126.6500015258789,87.33999633789062
2017-08-18,6.677700042724609,42.0099983215332,113.9800033569336,126.62000274658203,87.47000122070312
2017-08-20,6.668700218200684,42.0099983215332,113.9800033569336,126.62000274658203,87.47000122070312
2017-08-21,6.665900230407715,42.47999954223633,114.0199966430664,126.93000030517578,87.55999755859375
2017-08-22,6.6616997718811035,43.130001068115234,113.87999725341797,126.44000244140625,87.91999816894531
2017-08-23,6.658299922943115,43.349998474121094,114.19000244140625,127.30000305175781,87.93000030517578
2017-08-24,6.661300182342529,43.5099983215332,113.9000015258789,126.83000183105469,88.05999755859375
2017-08-25,6.661300182342529,44.209999084472656,114.08999633789062,127.31999969482422,88.22000122070312
2017-08-27,6.582900047302246,44.209999084472656,114.08999633789062,127.31999969482422,88.22000122070312
2017-08-28,6.607399940490723,44.22999954223633,114.18000030517578,127.23999786376953,88.2300033569336
2017-08-29,6.595399856567383,44.27000045776367,114.36000061035156,127.6500015258789,88.12000274658203
2017-08-30,6.595699787139893,44.27000045776367,114.33000183105469,127.61000061035156,88.36000061035156
2017-08-31,6.589799880981445,44.2400016784668,114.62000274658203,127.98999786376953,88.5999984741211
2017-09-01,6.589799880981445,44.2599983215332,114.12000274658203,126.75,88.31999969482422
2017-09-03,6.546500205993652,44.2599983215332,114.12000274658203,126.75,88.31999969482422
2017-09-04,6.529900074005127,44.2599983215332,114.12000274658203,126.75,88.31999969482422
2017-09-05,6.537399768829346,43.650001525878906,114.86000061035156,128.75999450683594,88.12000274658203
2017-09-06,6.521200180053711,43.83000183105469,114.72000122070312,127.97000122070312,88.05999755859375
2017-09-07,6.484600067138672,43.970001220703125,115.19999694824219,129.27999877929688,88.06999969482422
2017-09-08,6.484600067138672,43.790000915527344,115.22000122070312,129.0,87.79000091552734
2017-09-10,6.530900001525879,43.790000915527344,115.22000122070312,129.0,87.79000091552734
2017-09-11,6.530399799346924,44.529998779296875,114.77999877929688,127.45999908447266,88.06999969482422
2017-09-12,6.534999847412109,44.38999938964844,114.58999633789062,126.79000091552734,88.18000030517578
2017-09-13,6.542200088500977,44.08000183105469,114.37999725341797,126.29000091552734,88.20999908447266
2017-09-14,6.554800033569336,44.0099983215332,114.55999755859375,126.80999755859375,88.33000183105469
2017-09-15,6.554800033569336,44.34000015258789,114.5,126.86000061035156,88.41000366210938
2017-09-17,6.5507001876831055,44.34000015258789,114.5,126.86000061035156,88.41000366210938
2017-09-18,6.5731000900268555,44.81999969482422,114.44999694824219,126.12999725341797,88.37000274658203
2017-09-19,6.5833001136779785,44.880001068115234,114.31999969482422,125.81999969482422,88.45999908447266
2017-09-20,6.574900150299072,44.959999084472656,114.0,125.91000366210938,88.44999694824219
2017-09-21,6.590000152587891,45.06999969482422,113.73999786376953,125.83999633789062,88.33999633789062
2017-09-22,6.590000152587891,44.58000183105469,114.02999877929688,126.19999694824219,88.43000030517578
2017-09-24,6.604599952697754,44.58000183105469,114.02999877929688,126.19999694824219,88.43000030517578
2017-09-25,6.620500087738037,43.38999938964844,114.3499984741211,126.98999786376953,88.4800033569336
2017-09-26,6.639599800109863,43.7400016784668,114.26000213623047,126.76000213623047,88.58999633789062
2017-09-27,6.640500068664551,43.900001525878906,113.91000366210938,124.8499984741211,88.62999725341797
2017-09-28,6.664999961853027,43.529998779296875,113.83000183105469,124.4800033569336,88.62999725341797
2017-09-29,6.664999961853027,44.040000915527344,113.58000183105469,124.76000213623047,88.76000213623047
2017-10-01,6.657800197601318,44.040000915527344,113.58000183105469,124.76000213623047,88.76000213623047
2017-10-02,6.651700019836426,44.18000030517578,113.37999725341797,124.27999877929688,88.3499984741211
2017-10-03,6.651100158691406,45.529998779296875,113.48999786376953,124.4000015258789,88.51000213623047
2017-10-04,6.653800010681152,45.63999938964844,113.58999633789062,124.41000366210938,88.41999816894531
2017-10-05,6.653900146484375,46.369998931884766,113.47000122070312,123.94000244140625,88.52999877929688
2017-10-06,6.653900146484375,45.81999969482422,113.37999725341797,123.58999633789062,88.4000015258789
2017-10-08,6.650000095367432,45.81999969482422,113.37999725341797,123.58999633789062,88.4000015258789
2017-10-09,6.62529993057251,45.630001068115234,113.41999816894531,123.9800033569336,88.41000366210938
2017-10-10,6.571400165557861,46.029998779296875,113.62000274658203,124.18000030517578,88.4800033569336
2017-10-11,6.5894999504089355,45.849998474121094,113.76000213623047,124.41999816894531,88.38999938964844
2017-10-12,6.5879998207092285,45.869998931884766,113.97000122070312,124.94999694824219,88.29000091552734
2017-10-13,6.5879998207092285,46.22999954223633,114.12999725341797,125.8499984741211,88.33000183105469
2017-10-15,6.5833001136779785,46.22999954223633,114.12999725341797,125.8499984741211,88.33000183105469
2017-10-16,6.588500022888184,46.29999923706055,113.87000274658203,125.76000213623047,88.37999725341797
2017-10-17,6.622000217437744,46.02000045776367,113.66000366210938,125.91999816894531,88.51000213623047
2017-10-18,6.627799987792969,46.470001220703125,113.5199966430664,125.08999633789062,88.5999984741211
2017-10-19,6.614099979400635,45.560001373291016,113.66999816894531,125.30999755859375,88.61000061035156
2017-10-20,6.614099979400635,46.13999938964844,113.41000366210938,123.9800033569336,88.69000244140625
2017-10-22,6.638800144195557,46.13999938964844,113.41000366210938,123.9800033569336,88.69000244140625
2017-10-23,6.638299942016602,45.61000061035156,113.41999816894531,124.19999694824219,88.58999633789062
2017-10-24,6.636000156402588,45.630001068115234,113.26000213623047,123.43000030517578,88.58999633789062
2017-10-25,6.637599945068359,45.70000076293945,113.13999938964844,122.83999633789062,88.33999633789062
2017-10-26,6.64109992980957,45.66999816894531,113.08999633789062,122.43000030517578,88.2300033569336
2017-10-27,6.64109992980957,46.4900016784668,113.44999694824219,123.23999786376953,88.47000122070312
2017-10-30,6.658999919891357,45.77000045776367,113.75,124.41999816894531,88.44999694824219
2017-10-31,6.642399787902832,45.93000030517578,113.80000305175781,124.45999908447266,88.47000122070312
2017-11-01,6.635799884796143,46.22999954223633,113.69999694824219,124.75,88.0199966430664
2017-11-02,6.599400043487549,46.45000076293945,113.87000274658203,125.30000305175781,87.97000122070312
2017-11-03,6.608099937438965,46.279998779296875,113.94999694824219,125.63999938964844,87.9800033569336
2017-11-06,6.638000011444092,46.45000076293945,114.13999938964844,126.11000061035156,87.98999786376953
2017-11-07,6.633500099182129,46.720001220703125,114.30000305175781,126.63999938964844,87.73999786376953
2017-11-08,6.639800071716309,46.790000915527344,114.2300033569336,126.36000061035156,87.3499984741211
2017-11-09,6.6265997886657715,46.84000015258789,114.20999908447266,126.0,86.91999816894531
2017-11-10,6.630300045013428,47.119998931884766,113.70999908447266,124.0999984741211,87.11000061035156
2017-11-13,6.6392998695373535,46.959999084472656,113.69999694824219,124.36000061035156,87.05000305175781
2017-11-14,6.638599872589111,46.41999816894531,113.83999633789062,125.19999694824219,86.68000030517578
2017-11-15,6.6356000900268555,45.849998474121094,114.16000366210938,126.55999755859375,86.68000030517578
2017-11-16,6.6356000900268555,46.709999084472656,113.91999816894531,125.45999908447266,87.52999877929688
2017-11-17,6.627699851989746,46.4900016784668,114.12000274658203,126.38999938964844,87.47000122070312
2017-11-20,6.661900043487549,46.970001220703125,113.94999694824219,126.33999633789062,87.48999786376953
2017-11-21,6.633500099182129,48.22999954223633,113.94000244140625,126.73999786376953,87.66999816894531
2017-11-22,6.629199981689453,48.31999969482422,114.27999877929688,127.1500015258789,87.80999755859375
2017-11-23,6.610899925231934,48.31999969482422,114.27999877929688,127.1500015258789,87.80999755859375
2017-11-24,6.5833001136779785,47.939998626708984,114.13999938964844,126.80000305175781,87.87000274658203
2017-11-27,6.601200103759766,47.16999816894531,114.12000274658203,126.62000274658203,87.5999984741211
2017-11-28,6.595300197601318,47.560001373291016,114.11000061035156,126.79000091552734,87.87000274658203
2017-11-29,6.609399795532227,46.630001068115234,113.80000305175781,125.54000091552734,87.76000213623047
2017-11-30,6.60830020904541,46.16999816894531,113.68000030517578,125.12000274658203,87.77999877929688
2017-12-01,6.612100124359131,45.810001373291016,113.61000061035156,126.55000305175781,87.37999725341797
2017-12-04,6.6346001625061035,45.849998474121094,113.6500015258789,126.61000061035156,87.3499984741211
2017-12-05,6.618899822235107,45.880001068115234,113.7699966430664,127.23999786376953,87.30000305175781
2017-12-06,6.616799831390381,44.86000061035156,113.88999938964844,127.68000030517578,87.22000122070312
2017-12-07,6.6143999099731445,44.790000915527344,113.73999786376953,126.68000030517578,87.26000213623047
2017-12-08,6.618000030517578,45.540000915527344,113.69000244140625,126.69000244140625,87.3499984741211
2017-12-11,6.618299961090088,45.93000030517578,113.5999984741211,126.43000030517578,87.37000274658203
2017-12-12,6.617099761962891,45.45000076293945,113.69000244140625,126.37999725341797,87.33000183105469
2017-12-13,6.6203999519348145,46.439998626708984,113.88999938964844,127.33000183105469,87.37999725341797
2017-12-14,6.61870002746582,46.0099983215332,113.88999938964844,127.87000274658203,87.19999694824219
2017-12-15,6.60860013961792,45.75,113.88999938964844,128.35000610351562,87.20999908447266
2017-12-18,6.6149001121521,45.97999954223633,113.69000244140625,127.18000030517578,87.30000305175781
2017-12-19,6.614200115203857,45.880001068115234,113.3499984741211,125.52999877929688,87.12000274658203
2017-12-20,6.605000019073486,45.7599983215332,112.97000122070312,124.13999938964844,87.19000244140625
2017-12-21,6.579699993133545,45.709999084472656,113.11000061035156,124.5999984741211,86.91999816894531
2017-12-22,6.585400104522705,45.97999954223633,113.18000030517578,124.7699966430664,87.0
2017-12-25,6.57859992980957,45.97999954223633,113.18000030517578,124.7699966430664,87.0
2017-12-26,6.53879976272583,45.97999954223633,113.27999877929688,125.13999938964844,87.12999725341797
2017-12-27,6.543099880218506,45.689998626708984,113.75,126.7699966430664,87.16999816894531
2017-12-28,6.554699897766113,46.06999969482422,113.79000091552734,126.66000366210938,87.12999725341797
2017-12-29,6.531599998474121,46.16999816894531,114.08000183105469,126.86000061035156,87.26000213623047
2018-01-01,6.50570011138916,46.16999816894531,114.08000183105469,126.86000061035156,87.26000213623047
2018-01-02,6.505799770355225,47.77000045776367,113.80000305175781,125.48999786376953,87.33999633789062
2018-01-03,6.49399995803833,48.18000030517578,113.91000366210938,126.08999633789062,87.76000213623047
2018-01-04,6.5030999183654785,48.34000015258789,113.94000244140625,126.06999969482422,87.91000366210938
2018-01-05,6.493299961090088,48.540000915527344,113.91999816894531,125.70999908447266,87.97000122070312
2018-01-08,6.487500190734863,48.709999084472656,113.80000305175781,125.62999725341797,87.9000015258789
2018-01-09,6.497600078582764,48.56999969482422,113.43000030517578,123.94999694824219,87.62999725341797
2018-01-10,6.529399871826172,48.619998931884766,113.38999938964844,123.80000305175781,87.44000244140625
2018-01-11,6.507199764251709,48.959999084472656,113.2699966430664,124.30999755859375,87.7300033569336
2018-01-12,6.490200042724609,49.790000915527344,113.37999725341797,124.5199966430664,87.58000183105469
2018-01-15,6.456200122833252,49.790000915527344,113.37999725341797,124.5199966430664,87.58000183105469
2018-01-16,6.435200214385986,49.79999923706055,113.56999969482422,125.04000091552734,87.52999877929688
2018-01-17,6.442299842834473,50.720001220703125,113.48999786376953,124.87000274658203,87.54000091552734
2018-01-18,6.43209981918335,51.06999969482422,113.38999938964844,123.70999908447266,87.44999694824219
2018-01-19,6.420599937438965,51.91999816894531,113.19999694824219,123.05999755859375,87.54000091552734
2018-01-22,6.4029998779296875,52.209999084472656,113.13999938964844,123.18000030517578,87.62000274658203
2018-01-23,6.404399871826172,53.029998779296875,113.30999755859375,123.70999908447266,87.87999725341797
2018-01-24,6.402900218963623,53.349998474121094,113.2300033569336,123.04000091552734,87.75
2018-01-25,6.36929988861084,52.63999938964844,113.44000244140625,124.05000305175781,87.69000244140625
2018-01-26,6.322800159454346,54.0,113.37000274658203,123.58999633789062,87.76000213623047
2018-01-29,6.315899848937988,52.849998474121094,113.0999984741211,122.7300033569336,87.44999694824219
2018-01-30,6.336299896240234,51.97999954223633,112.83000183105469,122.01000213623047,87.1500015258789
2018-01-31,6.321100234985352,52.66999816894531,113.11000061035156,122.7300033569336,87.30000305175781
2018-02-01,6.2881999015808105,51.90999984741211,112.51000213623047,120.69999694824219,86.7699966430664
2018-02-02,6.298399925231934,51.06999969482422,112.37000274658203,119.58000183105469,86.22000122070312
2018-02-05,6.307600021362305,49.880001068115234,112.79000091552734,120.70999908447266,85.73999786376953
2018-02-06,6.289700031280518,50.77000045776367,112.33000183105469,119.95999908447266,86.26000213623047
2018-02-07,6.28249979019165,48.060001373291016,112.08000183105469,118.81999969482422,85.94000244140625
2018-02-08,6.267600059509277,46.04999923706055,111.8499984741211,118.69000244140625,85.19000244140625
2018-02-09,6.326300144195557,46.119998931884766,111.5,117.94000244140625,84.94999694824219
2018-02-12,6.286900043487549,46.689998626708984,111.58000183105469,118.45999908447266,85.52999877929688
2018-02-13,6.326499938964844,46.689998626708984,111.66000366210938,118.98999786376953,85.26000213623047
2018-02-14,6.340000152587891,48.11000061035156,111.55999755859375,117.66999816894531,85.41000366210938
2018-02-15,6.3460001945495605,49.36000061035156,111.62000274658203,118.06999969482422,86.0999984741211
2018-02-16,6.3471999168396,49.369998931884766,111.80000305175781,118.70999908447266,86.44999694824219
2018-02-19,6.340099811553955,49.369998931884766,111.80000305175781,118.70999908447266,86.44999694824219
2018-02-20,6.348400115966797,48.369998931884766,111.70999908447266,118.19000244140625,86.1500015258789
2018-02-21,6.346199989318848,49.08000183105469,111.38999938964844,116.73999786376953,85.76000213623047
2018-02-22,6.34660005569458,48.779998779296875,111.48999786376953,117.08999633789062,85.81999969482422
2018-02-23,6.350200176239014,49.70000076293945,111.9000015258789,118.12999725341797,86.38999938964844
2018-02-26,6.327300071716309,50.34000015258789,112.04000091552734,118.16999816894531,86.54000091552734
2018-02-27,6.3140997886657715,48.20000076293945,111.76000213623047,118.0,86.30999755859375
2018-02-28,6.316699981689453,47.220001220703125,111.91999816894531,118.75,86.18000030517578
2018-03-01,6.330900192260742,47.2599983215332,112.26000213623047,119.31999969482422,85.2699966430664
2018-03-02,6.357399940490723,47.2599983215332,112.16999816894531,118.3499984741211,85.75
2018-03-05,6.350299835205078,47.25,112.0999984741211,118.02999877929688,85.75
2018-03-06,6.348899841308594,47.619998931884766,112.06999969482422,118.13999938964844,85.87000274658203
2018-03-07,6.3094000816345215,47.5,112.06999969482422,118.01000213623047,85.66000366210938
2018-03-08,6.324999809265137,47.68000030517578,112.18000030517578,118.69000244140625,85.76000213623047
2018-03-09,6.341599941253662,49.0099983215332,112.01000213623047,117.91000366210938,86.06999969482422
2018-03-12,6.328499794006348,49.119998931884766,112.08999633789062,118.58999633789062,85.93000030517578
2018-03-13,6.329100131988525,48.43000030517578,112.18000030517578,119.19000244140625,85.66000366210938
2018-03-14,6.320400238037109,48.709999084472656,112.37000274658203,120.23999786376953,85.55999755859375
2018-03-15,6.315999984741211,49.0099983215332,112.37999725341797,120.23999786376953,85.62000274658203
2018-03-16,6.320899963378906,49.189998626708984,112.19000244140625,119.80999755859375,85.80000305175781
2018-03-19,6.338200092315674,48.56999969482422,112.12000274658203,119.43000030517578,85.44999694824219
2018-03-20,6.331600189208984,49.22999954223633,111.94999694824219,118.94999694824219,85.62000274658203
2018-03-21,6.332900047302246,49.0,112.19000244140625,119.08000183105469,85.6500015258789
2018-03-22,6.3206000328063965,47.119998931884766,112.5199966430664,120.26000213623047,85.13999938964844
2018-03-23,6.334700107574463,45.970001220703125,112.58000183105469,120.16999816894531,84.91999816894531
2018-03-25,6.320000171661377,45.970001220703125,112.58000183105469,120.16999816894531,84.91999816894531
2018-03-26,6.27239990234375,47.7400016784668,112.37999725341797,119.70999908447266,85.47000122070312
2018-03-27,6.281799793243408,47.060001373291016,112.80999755859375,120.98999786376953,85.38999938964844
2018-03-28,6.295599937438965,46.650001525878906,112.80999755859375,121.30999755859375,85.3499984741211
2018-03-29,6.288899898529053,47.2400016784668,113.05000305175781,121.9000015258789,85.63999938964844
2018-04-01,6.282199859619141,47.2400016784668,113.05000305175781,121.9000015258789,85.63999938964844
2018-04-02,6.279399871826172,46.209999084472656,112.87000274658203,121.87999725341797,84.95999908447266
2018-04-03,6.288400173187256,46.93000030517578,112.80000305175781,120.94000244140625,85.19999694824219
2018-04-04,6.304200172424316,46.88999938964844,112.73999786376953,120.69000244140625,85.38999938964844
2018-04-05,6.3024001121521,46.9900016784668,112.41999816894531,119.79000091552734,85.45999908447266
2018-04-06,6.3024001121521,45.970001220703125,112.87000274658203,121.0999984741211,85.2699966430664
2018-04-08,6.308599948883057,45.970001220703125,112.87000274658203,121.0999984741211,85.2699966430664
2018-04-09,6.3053998947143555,46.529998779296875,112.8499984741211,121.30000305175781,85.58999633789062
2018-04-10,6.281599998474121,48.0,112.80000305175781,121.08000183105469,85.9000015258789
2018-04-11,6.268599987030029,48.060001373291016,113.12999725341797,121.51000213623047,85.93000030517578
2018-04-12,6.290999889373779,48.2400016784668,112.94999694824219,120.62000274658203,86.23999786376953
2018-04-13,6.290999889373779,47.599998474121094,113.11000061035156,120.9000015258789,86.29000091552734
2018-04-15,6.274099826812744,47.599998474121094,113.11000061035156,120.9000015258789,86.29000091552734
2018-04-16,6.275700092315674,47.0099983215332,113.01000213623047,120.94000244140625,86.41999816894531
2018-04-17,6.2804999351501465,47.029998779296875,113.18000030517578,121.2699966430664,86.45999908447266
2018-04-18,6.273399829864502,46.91999816894531,112.94999694824219,120.30000305175781,86.37000274658203
2018-04-19,6.27810001373291,47.08000183105469,112.7699966430664,119.31999969482422,86.0999984741211
2018-04-20,6.27810001373291,46.41999816894531,112.37999725341797,118.45999908447266,85.88999938964844
2018-04-22,6.295499801635742,46.41999816894531,112.37999725341797,118.45999908447266,85.88999938964844
2018-04-23,6.316100120544434,46.38999938964844,112.3499984741211,118.48999786376953,85.66000366210938
2018-04-24,6.3059000968933105,46.970001220703125,112.04000091552734,117.94999694824219,85.48999786376953
2018-04-25,6.324699878692627,46.58000183105469,111.87000274658203,117.16000366210938,85.5
2018-04-26,6.335400104522705,46.790000915527344,112.16000366210938,117.9800033569336,85.80000305175781
2018-04-27,6.335400104522705,46.869998931884766,112.5199966430664,118.88999938964844,85.76000213623047
2018-04-29,6.336999893188477,46.869998931884766,112.5199966430664,118.88999938964844,85.76000213623047
2018-04-30,6.332099914550781,46.93000030517578,112.61000061035156,119.0999984741211,85.69999694824219
2018-05-01,6.332300186157227,46.880001068115234,111.79000091552734,118.41000366210938,85.4000015258789
2018-05-02,6.361499786376953,46.75,111.93000030517578,118.27999877929688,85.37000274658203
2018-05-03,6.352700233459473,46.45000076293945,112.06999969482422,118.80999755859375,85.36000061035156
2018-05-04,6.352700233459473,46.540000915527344,112.0999984741211,118.98999786376953,85.41999816894531
2018-05-06,6.361700057983398,46.540000915527344,112.0999984741211,118.98999786376953,85.41999816894531
2018-05-07,6.366099834442139,46.290000915527344,112.12000274658203,118.80000305175781,85.5
2018-05-08,6.369699954986572,46.970001220703125,111.91999816894531,118.69000244140625,85.37000274658203
2018-05-09,6.361400127410889,47.41999816894531,111.8499984741211,117.9800033569336,85.51000213623047
2018-05-10,6.348199844360352,48.02000045776367,112.06999969482422,118.93000030517578,85.76000213623047
2018-05-11,6.348199844360352,48.15999984741211,112.06999969482422,119.2300033569336,85.7300033569336
2018-05-13,6.333099842071533,48.15999984741211,112.06999969482422,119.2300033569336,85.7300033569336
2018-05-14,6.3383002281188965,48.630001068115234,111.79000091552734,118.5999984741211,85.75
2018-05-15,6.376800060272217,47.810001373291016,111.43000030517578,117.25,85.33000183105469
2018-05-16,6.370500087738037,48.599998474121094,111.2699966430664,116.80000305175781,85.44000244140625
2018-05-17,6.366199970245361,47.790000915527344,111.05999755859375,116.20999908447266,85.48999786376953
2018-05-18,6.366199970245361,47.88999938964844,111.36000061035156,117.20999908447266,85.4000015258789
2018-05-20,6.382800102233887,47.88999938964844,111.36000061035156,117.20999908447266,85.4000015258789
2018-05-21,6.381100177764893,48.279998779296875,111.4000015258789,117.2699966430664,85.5199966430664
2018-05-22,6.364200115203857,48.029998779296875,111.3499984741211,117.08999633789062,85.58000183105469
2018-05-23,6.388800144195557,47.5099983215332,111.66999816894531,117.94000244140625,85.6500015258789
2018-05-24,6.376399993896484,47.220001220703125,111.80000305175781,118.87999725341797,85.69999694824219
2018-05-25,6.376399993896484,47.119998931884766,111.95999908447266,119.62000274658203,85.55999755859375
2018-05-27,6.368599891662598,47.119998931884766,111.95999908447266,119.62000274658203,85.55999755859375
2018-05-28,6.3983001708984375,47.119998931884766,111.95999908447266,119.62000274658203,85.55999755859375
2018-05-29,6.416600227355957,46.11000061035156,112.62000274658203,122.23999786376953,85.19999694824219
2018-05-30,6.418000221252441,46.31999969482422,112.41000366210938,121.41999816894531,85.45999908447266
2018-05-31,6.409299850463867,46.70000076293945,112.4800033569336,121.22000122070312,85.37999725341797
2018-06-01,6.409299850463867,47.279998779296875,111.9800033569336,120.30000305175781,85.19000244140625
2018-06-03,6.419400215148926,47.279998779296875,111.9800033569336,120.30000305175781,85.19000244140625
2018-06-04,6.4070000648498535,47.970001220703125,111.75,119.43000030517578,85.37000274658203
2018-06-05,6.40500020980835,48.060001373291016,112.0,119.70999908447266,85.47000122070312
2018-06-06,6.387899875640869,48.77000045776367,111.76000213623047,118.73999786376953,85.68000030517578
2018-06-07,6.392099857330322,48.470001220703125,112.0999984741211,119.88999938964844,85.70999908447266
2018-06-08,6.392099857330322,48.209999084472656,111.91000366210938,119.52999877929688,85.66000366210938
2018-06-10,6.405700206756592,48.209999084472656,111.91000366210938,119.52999877929688,85.66000366210938
2018-06-11,6.391600131988525,48.02000045776367,111.91000366210938,119.30999755859375,85.81999969482422
2018-06-12,6.4004998207092285,47.959999084472656,111.81999969482422,119.33999633789062,85.88999938964844
2018-06-13,6.397299766540527,47.220001220703125,111.75,119.27999877929688,85.91999816894531
2018-06-14,6.4045000076293945,47.06999969482422,112.04000091552734,120.2699966430664,86.16999816894531
2018-06-15,6.4045000076293945,46.810001373291016,112.08000183105469,120.37999725341797,86.12000274658203
2018-06-17,6.433000087738037,46.810001373291016,112.08000183105469,120.37999725341797,86.12000274658203
2018-06-18,6.438799858093262,46.25,112.16999816894531,120.2699966430664,86.11000061035156
2018-06-19,6.485499858856201,44.970001220703125,112.3499984741211,120.97000122070312,85.98999786376953
2018-06-20,6.47160005569458,44.720001220703125,112.04000091552734,119.91000366210938,86.08000183105469
2018-06-21,6.492099761962891,43.65999984741211,112.23999786376953,120.54000091552734,85.9000015258789
2018-06-22,6.492099761962891,44.20000076293945,112.4000015258789,120.52999877929688,85.91000366210938
2018-06-24,6.504300117492676,44.20000076293945,112.4000015258789,120.52999877929688,85.91000366210938
2018-06-25,6.539000034332275,43.25,112.44999694824219,120.80000305175781,85.70999908447266
2018-06-26,6.5782999992370605,43.20000076293945,112.61000061035156,120.97000122070312,85.69999694824219
2018-06-27,6.601900100708008,41.9900016784668,112.9800033569336,122.11000061035156,85.5199966430664
2018-06-28,6.627399921417236,42.36000061035156,112.83000183105469,122.13999938964844,85.27999877929688
2018-06-29,6.627399921417236,42.970001220703125,112.87000274658203,121.72000122070312,85.08000183105469
2018-07-01,6.624300003051758,42.970001220703125,112.87000274658203,121.72000122070312,85.08000183105469
2018-07-02,6.6666998863220215,42.09000015258789,112.4800033569336,121.3499984741211,84.77999877929688
2018-07-03,6.640999794006348,42.08000183105469,112.72000122070312,122.0,84.79000091552734
2018-07-04,6.63129997253418,42.08000183105469,112.72000122070312,122.0,84.79000091552734
2018-07-05,6.6367998123168945,41.95000076293945,112.8499984741211,122.3499984741211,85.11000061035156
2018-07-06,6.6367998123168945,42.34000015258789,113.01000213623047,122.75,85.33000183105469
2018-07-08,6.639200210571289,42.34000015258789,113.01000213623047,122.75,85.33000183105469
2018-07-09,6.615200042724609,43.22999954223633,112.77999877929688,121.95999908447266,85.45999908447266
2018-07-10,6.631400108337402,43.029998779296875,112.61000061035156,121.94999694824219,85.47000122070312
2018-07-11,6.682799816131592,42.15999984741211,112.7300033569336,122.41999816894531,85.33999633789062
2018-07-12,6.665900230407715,42.939998626708984,112.63999938964844,122.41000366210938,85.61000061035156
2018-07-13,6.665900230407715,42.900001525878906,112.86000061035156,122.72000122070312,85.61000061035156
2018-07-15,6.6946001052856445,42.900001525878906,112.86000061035156,122.72000122070312,85.61000061035156
2018-07-16,6.6915998458862305,42.40999984741211,112.55999755859375,122.20999908447266,85.55000305175781
2018-07-17,6.7067999839782715,42.34000015258789,112.41000366210938,121.9800033569336,85.58000183105469
2018-07-18,6.717700004577637,42.15999984741211,112.2300033569336,121.48999786376953,85.62000274658203
2018-07-19,6.771699905395508,41.400001525878906,112.38999938964844,122.26000213623047,85.58000183105469
2018-07-20,6.771699905395508,42.38999938964844,112.12000274658203,120.76000213623047,85.62000274658203
2018-07-22,6.7581000328063965,42.38999938964844,112.12000274658203,120.76000213623047,85.62000274658203
2018-07-23,6.791999816894531,42.290000915527344,111.58999633789062,119.2699966430664,85.58999633789062
2018-07-24,6.790500164031982,43.66999816894531,111.6500015258789,119.68000030517578,85.7699966430664
2018-07-25,6.768700122833252,44.290000915527344,111.66999816894531,119.48999786376953,85.93000030517578
2018-07-26,6.782800197601318,43.439998626708984,111.55999755859375,119.26000213623047,85.94000244140625
2018-07-27,6.782800197601318,43.43000030517578,111.7300033569336,119.45999908447266,85.91000366210938
2018-07-29,6.812699794769287,43.43000030517578,111.7300033569336,119.45999908447266,85.91000366210938
2018-07-30,6.814899921417236,43.310001373291016,111.66999816894531,119.05000305175781,85.94000244140625
2018-07-31,6.811699867248535,43.619998931884766,111.83999633789062,119.69999694824219,86.12000274658203
2018-08-01,6.8225998878479,42.650001525878906,111.0999984741211,118.45999908447266,85.83000183105469
2018-08-02,6.832799911499023,42.11000061035156,111.16000366210938,118.62999725341797,85.87999725341797
2018-08-03,6.832799911499023,42.13999938964844,111.37999725341797,119.22000122070312,85.94999694824219
2018-08-05,6.833199977874756,42.13999938964844,111.37999725341797,119.22000122070312,85.94999694824219
2018-08-06,6.854100227355957,41.90999984741211,111.4000015258789,119.29000091552734,86.11000061035156
2018-08-07,6.833600044250488,42.84000015258789,111.25,118.66999816894531,86.1500015258789
2018-08-08,6.83519983291626,42.66999816894531,111.26000213623047,118.79000091552734,86.0999984741211
2018-08-09,6.817200183868408,43.290000915527344,111.5199966430664,119.79000091552734,86.04000091552734
2018-08-10,6.817200183868408,42.77000045776367,111.87999725341797,120.66000366210938,85.88999938964844
2018-08-12,6.846199989318848,42.77000045776367,111.87999725341797,120.66000366210938,85.88999938964844
2018-08-13,6.889400005340576,42.150001525878906,111.86000061035156,120.41000366210938,85.83000183105469
2018-08-14,6.884699821472168,42.060001373291016,111.72000122070312,120.13999938964844,85.9800033569336
2018-08-15,6.933800220489502,40.59000015258789,111.94000244140625,120.83999633789062,85.83000183105469
2018-08-16,6.881499767303467,40.97999954223633,111.87000274658203,120.83000183105469,85.94000244140625
2018-08-17,6.881499767303467,41.52000045776367,111.91999816894531,120.9800033569336,86.04000091552734
2018-08-19,6.8765997886657715,41.52000045776367,111.91999816894531,120.9800033569336,86.04000091552734
2018-08-20,6.856800079345703,41.66999816894531,112.13999938964844,121.79000091552734,86.08000183105469
2018-08-21,6.8454999923706055,42.41999816894531,112.06999969482422,121.37999725341797,86.20999908447266
2018-08-22,6.843200206756592,42.720001220703125,112.30999755859375,121.86000061035156,86.23999786376953
2018-08-23,6.877500057220459,41.97999954223633,112.4000015258789,122.05000305175781,86.2300033569336
2018-08-24,6.877500057220459,42.599998474121094,112.51000213623047,122.29000091552734,86.37999725341797
2018-08-26,6.800600051879883,42.599998474121094,112.51000213623047,122.29000091552734,86.37999725341797
2018-08-27,6.813300132751465,43.349998474121094,112.33999633789062,121.58999633789062,86.41000366210938
2018-08-28,6.804200172424316,43.13999938964844,112.12000274658203,120.86000061035156,86.37000274658203
2018-08-29,6.818699836730957,43.560001373291016,112.12000274658203,121.0199966430664,86.31999969482422
2018-08-30,6.843100070953369,42.29999923706055,112.22000122070312,121.27999877929688,86.25
2018-08-31,6.843100070953369,42.38999938964844,112.08999633789062,121.0,86.36000061035156
2018-09-02,6.83459997177124,42.38999938964844,112.08999633789062,121.0,86.36000061035156
2018-09-03,6.8221001625061035,42.38999938964844,112.08999633789062,121.0,86.36000061035156
2018-09-04,6.84250020980835,42.09000015258789,111.55000305175781,120.02999877929688,85.80999755859375
2018-09-05,6.829999923706055,41.290000915527344,111.44000244140625,119.70999908447266,85.72000122070312
2018-09-06,6.834400177001953,41.380001068115234,111.54000091552734,120.1500015258789,85.79000091552734
2018-09-07,6.834400177001953,40.90999984741211,111.22000122070312,119.12999725341797,85.69999694824219
2018-09-09,6.839099884033203,40.90999984741211,111.22000122070312,119.12999725341797,85.69999694824219
2018-09-10,6.855299949645996,40.529998779296875,111.25,119.56999969482422,85.87000274658203
2018-09-11,6.8744001388549805,40.38999938964844,111.0199966430664,118.66000366210938,85.88999938964844
2018-09-12,6.859899997711182,40.75,111.12000274658203,118.94000244140625,86.08999633789062
2018-09-13,6.842899799346924,41.68000030517578,110.95999908447266,119.12000274658203,86.25
2018-09-14,6.842899799346924,41.22999954223633,110.76000213623047,118.55000305175781,86.33000183105469
2018-09-16,6.865600109100342,41.22999954223633,110.76000213623047,118.55000305175781,86.33000183105469
2018-09-17,6.855500221252441,41.08000183105469,110.77999877929688,118.55000305175781,86.2699966430664
2018-09-18,6.860199928283691,41.810001373291016,110.55000305175781,117.30999755859375,86.26000213623047
2018-09-19,6.84689998626709,42.540000915527344,110.43000030517578,116.61000061035156,86.0999984741211
2018-09-20,6.845900058746338,42.790000915527344,110.58000183105469,117.1500015258789,86.22000122070312
2018-09-21,6.845900058746338,43.119998931884766,110.58999633789062,117.0999984741211,86.23999786376953
2018-09-23,6.8566999435424805,43.119998931884766,110.58999633789062,117.0999984741211,86.23999786376953
2018-09-24,6.8734002113342285,42.63999938964844,110.4800033569336,116.80000305175781,86.19999694824219
2018-09-25,6.866300106048584,42.84000015258789,110.44000244140625,116.68000030517578,86.12999725341797
2018-09-26,6.876100063323975,43.029998779296875,110.62999725341797,117.5,86.22000122070312
2018-09-27,6.880300045013428,43.040000915527344,110.66999816894531,117.58000183105469,86.37999725341797
2018-09-28,6.880300045013428,42.81999969482422,110.62000274658203,117.2699966430664,86.44000244140625
2018-09-30,6.8678998947143555,42.81999969482422,110.62000274658203,117.2699966430664,86.44000244140625
2018-10-01,6.8678998947143555,43.02000045776367,110.19000244140625,116.1500015258789,86.30000305175781
2018-10-02,6.8678998947143555,41.97999954223633,110.37000274658203,116.86000061035156,86.2300033569336
2018-10-03,6.867800235748291,41.7400016784668,109.83999633789062,114.83000183105469,86.0
2018-10-04,6.8678998947143555,40.720001220703125,109.56999969482422,114.0199966430664,85.68000030517578
2018-10-05,6.8678998947143555,40.88999938964844,109.2699966430664,113.04000091552734,85.30000305175781
2018-10-07,6.85890007019043,40.88999938964844,109.2699966430664,113.04000091552734,85.30000305175781
2018-10-08,6.929800033569336,40.59000015258789,109.22000122070312,112.66000366210938,85.11000061035156
2018-10-09,6.921800136566162,40.52000045776367,109.52999877929688,113.80000305175781,85.23999786376953
2018-10-10,6.923299789428711,39.43000030517578,109.41999816894531,113.48999786376953,84.62999725341797
2018-10-11,6.888599872589111,39.08000183105469,109.5999984741211,114.87000274658203,84.69999694824219
2018-10-12,6.888599872589111,40.09000015258789,109.43000030517578,114.47000122070312,85.1500015258789
2018-10-14,6.921199798583984,40.09000015258789,109.43000030517578,114.47000122070312,85.1500015258789
2018-10-15,6.915900230407715,39.5099983215332,109.5,114.41999816894531,85.08999633789062
2018-10-16,6.910999774932861,40.2400016784668,109.51000213623047,114.68000030517578,85.37999725341797
2018-10-17,6.926300048828125,39.75,109.25,114.0,85.20999908447266
2018-10-18,6.936699867248535,38.63999938964844,109.16999816894531,113.95999908447266,84.8499984741211
2018-10-19,6.936699867248535,39.47999954223633,109.06999969482422,113.70999908447266,84.9000015258789
2018-10-21,6.928599834442139,39.47999954223633,109.06999969482422,113.70999908447266,84.9000015258789
2018-10-22,6.946499824523926,40.540000915527344,109.01000213623047,113.55999755859375,84.94000244140625
2018-10-23,6.937399864196777,39.88999938964844,109.04000091552734,113.91999816894531,84.86000061035156
2018-10-24,6.942999839782715,38.72999954223633,109.4000015258789,114.77999877929688,84.44000244140625
2018-10-25,6.947999954223633,39.619998931884766,108.94000244140625,114.30000305175781,84.61000061035156
2018-10-26,6.947999954223633,38.97999954223633,109.48999786376953,114.98999786376953,84.2300033569336
2018-10-29,6.942500114440918,38.2599983215332,109.37999725341797,114.7300033569336,84.1500015258789
2018-10-30,6.951900005340576,38.810001373291016,109.08999633789062,114.16000366210938,84.3499984741211
2018-10-31,6.966300010681152,39.290000915527344,108.83999633789062,113.58000183105469,84.3499984741211
2018-11-01,6.974699974060059,40.939998626708984,108.61000061035156,113.41000366210938,84.31999969482422
2018-11-02,6.922399997711182,41.08000183105469,108.27999877929688,112.0,84.2699966430664
2018-11-05,6.889900207519531,41.130001068115234,108.4800033569336,112.44000244140625,84.33999633789062
2018-11-06,6.924799919128418,41.130001068115234,108.44000244140625,112.37000274658203,84.55999755859375
2018-11-07,6.918499946594238,41.970001220703125,108.5199966430664,112.5199966430664,85.05000305175781
2018-11-08,6.909999847412109,41.0,108.37000274658203,112.51000213623047,84.83999633789062
2018-11-09,6.933499813079834,39.88999938964844,108.62999725341797,113.3499984741211,84.36000061035156
2018-11-12,6.955900192260742,39.540000915527344,108.86000061035156,114.08999633789062,83.83999633789062
2018-11-13,6.962500095367432,40.34000015258789,108.7699966430664,114.0199966430664,83.69999694824219
2018-11-14,6.9552001953125,40.529998779296875,108.77999877929688,114.08999633789062,83.54000091552734
2018-11-15,6.94950008392334,41.279998779296875,108.87000274658203,114.04000091552734,83.5199966430664
2018-11-16,6.938199996948242,41.459999084472656,109.31999969482422,114.69999694824219,83.2699966430664
2018-11-19,6.936999797821045,40.779998779296875,109.2699966430664,115.0199966430664,83.01000213623047
2018-11-20,6.940999984741211,40.150001525878906,109.11000061035156,115.05999755859375,82.75
2018-11-21,6.944399833679199,40.900001525878906,109.05999755859375,115.0199966430664,83.16999816894531
2018-11-22,6.926199913024902,40.900001525878906,109.05999755859375,115.0199966430664,83.16999816894531
2018-11-23,6.931000232696533,40.310001373291016,108.88999938964844,115.13999938964844,82.70999908447266
2018-11-26,6.947500228881836,41.130001068115234,108.7699966430664,114.87999725341797,83.0999984741211
2018-11-27,6.930799961090088,41.189998626708984,108.4800033569336,115.01000213623047,83.05999755859375
2018-11-28,6.9506001472473145,42.11000061035156,108.61000061035156,114.44999694824219,83.75
2018-11-29,6.952899932861328,41.439998626708984,109.25,114.9000015258789,83.7699966430664
2018-11-30,6.941500186920166,42.02000045776367,109.2699966430664,115.33000183105469,83.5999984741211
2018-12-03,6.958000183105469,42.650001525878906,109.31999969482422,115.87999725341797,83.80000305175781
2018-12-04,6.882299900054932,42.0,109.6500015258789,117.81999969482422,83.27999877929688
2018-12-05,6.836299896240234,42.0,109.6500015258789,117.81999969482422,83.27999877929688
2018-12-06,6.855800151824951,41.45000076293945,109.66000366210938,118.19000244140625,82.98999786376953
2018-12-07,6.881700038909912,40.58000183105469,109.81999969482422,118.41000366210938,82.83000183105469
2018-12-10,6.87470006942749,40.41999816894531,109.55000305175781,118.9000015258789,82.88999938964844
2018-12-11,6.910999774932861,40.66999816894531,109.11000061035156,118.87999725341797,83.04000091552734
2018-12-12,6.89900016784668,41.2599983215332,108.94999694824219,118.3499984741211,83.30999755859375
2018-12-13,6.879000186920166,41.59000015258789,108.97000122070312,118.06999969482422,83.51000213623047
2018-12-14,6.88070011138916,41.130001068115234,109.05000305175781,118.4800033569336,83.16000366210938
2018-12-17,6.906599998474121,40.54999923706055,109.23999786376953,119.16999816894531,82.62000274658203
2018-12-18,6.896200180053711,39.970001220703125,109.33999633789062,119.5999984741211,82.08000183105469
2018-12-19,6.894199848175049,39.310001373291016,109.52999877929688,121.18000030517578,81.33999633789062
2018-12-20,6.890999794006348,39.27000045776367,109.22000122070312,120.73999786376953,80.62999725341797
2018-12-21,6.884099960327148,38.97999954223633,109.16999816894531,120.72000122070312,80.2300033569336
2018-12-24,6.905399799346924,38.66999816894531,109.33000183105469,121.31999969482422,79.62999725341797
2018-12-25,6.898099899291992,38.66999816894531,109.33000183105469,121.31999969482422,79.62999725341797
2018-12-26,6.8983001708984375,39.459999084472656,109.11000061035156,120.0199966430664,80.97000122070312
2018-12-27,6.898099899291992,39.09000015258789,109.11000061035156,120.04000091552734,80.91999816894531
2018-12-28,6.865300178527832,39.06999969482422,109.43000030517578,121.05000305175781,81.04000091552734
2018-12-31,6.877200126647949,39.08000183105469,109.51000213623047,121.51000213623047,81.0999984741211
2019-01-01,6.877600193023682,39.08000183105469,109.51000213623047,121.51000213623047,81.0999984741211
2019-01-02,6.877500057220459,38.7599983215332,109.68000030517578,122.1500015258789,80.98999786376953
2019-01-03,6.861100196838379,38.09000015258789,110.31999969482422,123.54000091552734,81.02999877929688
2019-01-04,6.871099948883057,39.380001068115234,110.08999633789062,122.11000061035156,82.38999938964844
2019-01-07,6.8684000968933105,39.470001220703125,110.0199966430664,121.75,83.19000244140625
2019-01-08,6.849999904632568,39.650001525878906,110.11000061035156,121.43000030517578,83.7300033569336
2019-01-09,6.852200031280518,40.33000183105469,110.23999786376953,121.23999786376953,83.83000183105469
2019-01-10,6.8155999183654785,40.56999969482422,109.9800033569336,120.45999908447266,84.16000366210938
2019-01-11,6.787499904632568,40.38999938964844,110.2699966430664,120.93000030517578,83.88999938964844
2019-01-14,6.76200008392334,39.90999984741211,110.06999969482422,120.4800033569336,83.62000274658203
2019-01-15,6.767099857330322,40.29999923706055,109.97000122070312,120.04000091552734,83.9000015258789
2019-01-16,6.750999927520752,40.84000015258789,109.95999908447266,120.16000366210938,84.02999877929688
2019-01-17,6.75600004196167,40.970001220703125,109.87000274658203,120.19000244140625,84.26000213623047
2019-01-18,6.775400161743164,41.369998931884766,109.73999786376953,119.55999755859375,84.5
2019-01-21,6.7778000831604,41.369998931884766,109.73999786376953,119.55999755859375,84.5
2019-01-22,6.797299861907959,40.52000045776367,109.80999755859375,120.37000274658203,83.94000244140625
2019-01-23,6.807000160217285,40.97999954223633,109.68000030517578,120.31999969482422,84.11000061035156
2019-01-24,6.790999889373779,41.40999984741211,109.8499984741211,121.11000061035156,84.19999694824219
2019-01-25,6.787600040435791,42.189998626708984,109.68000030517578,120.52999877929688,84.41000366210938
2019-01-28,6.746399879455566,41.84000015258789,109.52999877929688,120.41000366210938,84.27999877929688
2019-01-29,6.74429988861084,41.84000015258789,109.8499984741211,121.0199966430664,84.2300033569336
2019-01-30,6.73199987411499,42.58000183105469,110.44999694824219,120.93000030517578,84.9000015258789
2019-01-31,6.7154998779296875,43.13999938964844,111.06999969482422,121.97000122070312,85.11000061035156
2019-02-01,6.69980001449585,42.7400016784668,110.68000030517578,120.95999908447266,84.68000030517578
2019-02-04,6.743800163269043,42.790000915527344,110.45999908447266,120.41999816894531,84.87999725341797
2019-02-05,6.743800163269043,43.40999984741211,110.61000061035156,120.97000122070312,85.18000030517578
2019-02-06,6.734799861907959,42.880001068115234,110.54000091552734,121.02999877929688,85.0999984741211
2019-02-07,6.743800163269043,42.40999984741211,110.70999908447266,121.83000183105469,84.80999755859375
2019-02-08,6.743800163269043,42.41999816894531,110.76000213623047,122.3499984741211,84.79000091552734
2019-02-11,6.743800163269043,42.540000915527344,110.52999877929688,121.87000274658203,84.83000183105469
2019-02-12,6.791399955749512,42.619998931884766,110.55000305175781,121.55999755859375,85.23999786376953
2019-02-13,6.7729997634887695,43.02000045776367,110.52999877929688,121.0999984741211,85.12000274658203
2019-02-14,6.759399890899658,42.86000061035156,110.83999633789062,121.79000091552734,85.12999725341797
2019-02-15,6.771200180053711,42.630001068115234,110.83999633789062,121.9800033569336,85.4000015258789
2019-02-18,6.77209997177124,42.630001068115234,110.83999633789062,121.9800033569336,85.4000015258789
2019-02-19,6.765699863433838,43.25,111.0999984741211,122.29000091552734,85.43000030517578
2019-02-20,6.757699966430664,43.5,111.13999938964844,121.94000244140625,85.5
2019-02-21,6.720300197601318,43.400001525878906,110.94999694824219,120.8499984741211,85.41999816894531
2019-02-22,6.719099998474121,44.13999938964844,111.23999786376953,121.56999969482422,85.58999633789062
2019-02-25,6.713200092315674,45.02000045776367,111.16000366210938,121.20999908447266,85.66000366210938
2019-02-26,6.688399791717529,44.650001525878906,111.31999969482422,121.80999755859375,85.7699966430664
2019-02-27,6.69920015335083,43.93000030517578,111.05999755859375,120.43000030517578,85.80000305175781
2019-02-28,6.686200141906738,43.630001068115234,110.87999725341797,120.0199966430664,85.75
2019-03-01,6.692999839782715,44.16999816894531,110.66000366210938,118.66000366210938,85.61000061035156
2019-03-04,6.705399990081787,44.41999816894531,110.81999969482422,119.58999633789062,85.4800033569336
2019-03-05,6.706299781799316,44.970001220703125,110.77999877929688,119.83999633789062,85.44000244140625
2019-03-06,6.706600189208984,44.52000045776367,110.91000366210938,120.27999877929688,85.30000305175781
2019-03-07,6.710899829864502,43.529998779296875,111.22000122070312,121.05999755859375,85.23999786376953
2019-03-08,6.714099884033203,42.75,111.31999969482422,121.56999969482422,85.0999984741211
2019-03-11,6.720600128173828,43.599998474121094,111.30000305175781,121.20999908447266,85.37999725341797
2019-03-12,6.725500106811523,44.11000061035156,111.51000213623047,122.05999755859375,85.52999877929688
2019-03-13,6.707600116729736,43.9900016784668,111.63999938964844,121.83000183105469,85.76000213623047
2019-03-14,6.706099987030029,43.849998474121094,111.61000061035156,120.94999694824219,85.69999694824219
2019-03-15,6.7220001220703125,44.459999084472656,112.0,121.75,85.77999877929688
2019-03-18,6.712800025939941,44.9900016784668,111.98999786376953,121.68000030517578,85.75
2019-03-19,6.703100204467773,45.16999816894531,111.88999938964844,121.41000366210938,85.80000305175781
2019-03-20,6.710999965667725,44.900001525878906,112.62999725341797,122.68000030517578,86.16999816894531
2019-03-21,6.693600177764893,44.88999938964844,112.62000274658203,122.94999694824219,86.1500015258789
2019-03-22,6.698200225830078,43.59000015258789,112.95999908447266,124.86000061035156,85.83999633789062
2019-03-25,6.717100143432617,43.5,112.93000030517578,125.05999755859375,85.80999755859375
2019-03-26,6.708399772644043,43.56999969482422,112.7300033569336,124.97000122070312,86.0199966430664
2019-03-27,6.714700222015381,43.4900016784668,112.77999877929688,126.12000274658203,86.08000183105469
2019-03-28,6.726200103759766,43.83000183105469,112.87000274658203,126.55999755859375,86.25
2019-03-29,6.738100051879883,44.27000045776367,113.06999969482422,126.44000244140625,86.47000122070312
2019-03-31,6.711100101470947,44.27000045776367,113.06999969482422,126.44000244140625,86.47000122070312
2019-04-01,6.7104997634887695,44.97999954223633,112.6500015258789,124.37000274658203,86.06999969482422
2019-04-02,6.722400188446045,44.7400016784668,112.76000213623047,124.5999984741211,86.11000061035156
2019-04-03,6.701399803161621,45.060001373291016,112.41000366210938,123.5199966430664,86.13999938964844
2019-04-04,6.716599941253662,45.529998779296875,112.48999786376953,123.87000274658203,86.2699966430664
2019-04-05,6.716599941253662,45.849998474121094,112.62000274658203,124.02999877929688,86.43000030517578
2019-04-07,6.716899871826172,45.849998474121094,112.62000274658203,124.02999877929688,86.43000030517578
2019-04-08,6.715400218963623,45.709999084472656,112.51000213623047,123.58999633789062,86.37999725341797
2019-04-09,6.7108001708984375,45.61000061035156,112.62000274658203,123.9800033569336,86.31999969482422
2019-04-10,6.715400218963623,45.52000045776367,113.02999877929688,124.27999877929688,86.69999694824219
2019-04-11,6.718500137329102,44.88999938964844,112.7699966430664,123.55000305175781,86.83000183105469
2019-04-12,6.718500137329102,45.439998626708984,112.55999755859375,122.66999816894531,86.95999908447266
2019-04-14,6.703199863433838,45.439998626708984,112.55999755859375,122.66999816894531,86.95999908447266
2019-04-15,6.707699775695801,44.93000030517578,112.62000274658203,122.9800033569336,86.9000015258789
2019-04-16,6.71120023727417,45.599998474121094,112.36000061035156,122.20999908447266,86.8499984741211
2019-04-17,6.68720006942749,45.65999984741211,112.33999633789062,122.26000213623047,86.63999938964844
2019-04-18,6.708099842071533,45.72999954223633,112.66000366210938,122.9000015258789,86.68000030517578
2019-04-21,6.703400135040283,45.72999954223633,112.66000366210938,122.9000015258789,86.68000030517578
2019-04-22,6.708499908447266,45.310001373291016,112.55000305175781,122.30999755859375,86.52999877929688
2019-04-23,6.724899768829346,45.29999923706055,112.80999755859375,122.56999969482422,86.83000183105469
2019-04-24,6.720900058746338,44.619998931884766,113.19999694824219,123.56999969482422,86.70999908447266
2019-04-25,6.742099761962891,44.34000015258789,113.19999694824219,123.38999938964844,86.75
2019-04-26,6.742099761962891,44.599998474121094,113.44999694824219,123.80999755859375,86.97000122070312
2019-04-28,6.728799819946289,44.599998474121094,113.44999694824219,123.80999755859375,86.97000122070312
2019-04-29,6.732399940490723,44.7599983215332,113.12999725341797,123.0199966430664,86.93000030517578
2019-04-30,6.733799934387207,44.4900016784668,113.31999969482422,123.6500015258789,86.94000244140625
2019-05-01,6.734000205993652,44.279998779296875,113.04000091552734,123.9000015258789,86.29000091552734
2019-05-02,6.73390007019043,44.119998931884766,112.58000183105469,123.30999755859375,86.3499984741211
2019-05-03,6.73390007019043,44.90999984741211,112.88999938964844,123.66000366210938,86.56999969482422
2019-05-05,6.73360013961792,44.90999984741211,112.88999938964844,123.66000366210938,86.56999969482422
2019-05-06,6.763599872589111,43.7400016784668,113.05999755859375,124.0,86.61000061035156
2019-05-07,6.776000022888184,42.560001373291016,113.12000274658203,124.94999694824219,86.08999633789062
2019-05-08,6.7820000648498535,42.41999816894531,112.83000183105469,124.41000366210938,86.12000274658203
2019-05-09,6.826499938964844,41.70000076293945,113.0199966430664,124.91999816894531,85.98999786376953
2019-05-10,6.826499938964844,41.970001220703125,113.2699966430664,124.75,86.2300033569336
2019-05-12,6.8231000900268555,41.970001220703125,113.2699966430664,124.75,86.2300033569336
2019-05-13,6.877299785614014,40.619998931884766,113.51000213623047,125.7300033569336,85.44000244140625
2019-05-14,6.874899864196777,41.27000045776367,113.58999633789062,125.36000061035156,85.62999725341797
2019-05-15,6.875199794769287,41.470001220703125,113.81999969482422,126.12999725341797,85.70999908447266
2019-05-16,6.882800102233887,41.65999984741211,113.63999938964844,125.70999908447266,85.97000122070312
2019-05-17,6.882800102233887,40.970001220703125,113.52999877929688,125.98999786376953,85.94000244140625
2019-05-19,6.917699813842773,40.970001220703125,113.52999877929688,125.98999786376953,85.94000244140625
2019-05-20,6.911300182342529,40.40999984741211,113.37999725341797,125.7300033569336,85.86000061035156
2019-05-21,6.911300182342529,40.849998474121094,113.44000244140625,125.52999877929688,86.12999725341797
2019-05-22,6.905399799346924,40.619998931884766,113.4800033569336,126.25,86.19999694824219
2019-05-23,6.9095001220703125,40.119998931884766,113.72000122070312,127.66999816894531,85.7699966430664
2019-05-24,6.9095001220703125,39.93000030517578,113.91000366210938,127.77999877929688,85.6500015258789
2019-05-26,6.8993000984191895,39.93000030517578,113.91000366210938,127.77999877929688,85.6500015258789
2019-05-27,6.897200107574463,39.93000030517578,113.91000366210938,127.77999877929688,85.6500015258789
2019-05-28,6.90910005569458,40.130001068115234,113.97000122070312,128.6999969482422,85.56999969482422
2019-05-29,6.913400173187256,40.47999954223633,114.16999816894531,129.08999633789062,85.33999633789062
2019-05-30,6.900899887084961,40.4900016784668,114.55000305175781,130.1999969482422,85.5199966430664
2019-05-31,6.900899887084961,40.369998931884766,115.2699966430664,131.8300018310547,84.9000015258789
2019-06-02,6.904099941253662,40.369998931884766,115.2699966430664,131.8300018310547,84.9000015258789
2019-06-03,6.9028000831604,40.540000915527344,114.94000244140625,132.44000244140625,84.6500015258789
2019-06-04,6.907299995422363,40.38999938964844,114.70999908447266,130.92999267578125,85.5
2019-06-05,6.908100128173828,40.130001068115234,114.77999877929688,130.19000244140625,85.69999694824219
2019-06-06,6.908999919891357,40.150001525878906,114.70999908447266,130.61000061035156,85.87999725341797
2019-06-07,6.908999919891357,40.52000045776367,115.12999725341797,131.74000549316406,86.0999984741211
2019-06-09,6.90880012512207,40.52000045776367,115.12999725341797,131.74000549316406,86.0999984741211
2019-06-10,6.930099964141846,40.95000076293945,114.51000213623047,130.5,86.2300033569336
2019-06-11,6.910399913787842,41.40999984741211,114.36000061035156,130.5800018310547,86.3499984741211
2019-06-12,6.916900157928467,40.65999984741211,114.41999816894531,130.67999267578125,86.1500015258789
2019-06-13,6.92080020904541,40.880001068115234,114.45999908447266,131.1300048828125,86.3499984741211
2019-06-14,6.92080020904541,40.4900016784668,114.27999877929688,131.4600067138672,86.29000091552734
2019-06-16,6.924499988555908,40.4900016784668,114.27999877929688,131.4600067138672,86.29000091552734
2019-06-17,6.924900054931641,40.41999816894531,114.05999755859375,131.69000244140625,86.16000366210938
2019-06-18,6.902299880981445,41.599998474121094,114.52999877929688,132.35000610351562,86.76000213623047
2019-06-19,6.902699947357178,41.91999816894531,115.19000244140625,132.5399932861328,87.16999816894531
2019-06-20,6.85099983215332,42.709999084472656,115.83999633789062,132.88999938964844,87.61000061035156
2019-06-21,6.85099983215332,42.5,115.31999969482422,131.42999267578125,87.33000183105469
2019-06-23,6.868899822235107,42.5,115.31999969482422,131.42999267578125,87.33000183105469
2019-06-24,6.876100063323975,42.529998779296875,115.54000091552734,132.41000366210938,87.31999969482422
2019-06-25,6.878799915313721,41.81999969482422,115.33999633789062,132.82000732421875,86.94999694824219
2019-06-26,6.8790998458862305,42.31999969482422,115.2300033569336,131.97000122070312,86.91000366210938
2019-06-27,6.867099761962891,42.790000915527344,115.44999694824219,132.89999389648438,87.1500015258789
2019-06-28,6.867099761962891,42.77000045776367,115.48999786376953,132.80999755859375,87.18000030517578
2019-06-30,6.865799903869629,42.77000045776367,115.48999786376953,132.80999755859375,87.18000030517578
2019-07-01,6.850800037384033,43.400001525878906,114.63999938964844,132.24000549316406,86.81999969482422
2019-07-02,6.872000217437744,43.290000915527344,114.69999694824219,133.25999450683594,87.01000213623047
2019-07-03,6.880199909210205,43.130001068115234,115.0,134.2100067138672,87.33999633789062
2019-07-04,6.87060022354126,43.130001068115234,115.0,134.2100067138672,87.33999633789062
2019-07-05,6.87060022354126,42.630001068115234,114.6500015258789,132.42999267578125,86.98999786376953
2019-07-07,6.892600059509277,42.630001068115234,114.6500015258789,132.42999267578125,86.98999786376953
2019-07-08,6.880899906158447,42.310001373291016,114.66999816894531,132.61000061035156,86.81999969482422
2019-07-09,6.888299942016602,42.060001373291016,114.79000091552734,132.55999755859375,86.72000122070312
2019-07-10,6.872200012207031,42.18000030517578,114.98999786376953,131.8300018310547,86.95999908447266
2019-07-11,6.869200229644775,41.970001220703125,114.62999725341797,130.07000732421875,86.79000091552734
2019-07-12,6.869200229644775,42.130001068115234,114.83000183105469,130.22000122070312,86.93000030517578
2019-07-14,6.879799842834473,42.130001068115234,114.83000183105469,130.22000122070312,86.93000030517578
2019-07-15,6.8769001960754395,42.25,115.12000274658203,130.97000122070312,86.98999786376953
2019-07-16,6.87529993057251,42.18000030517578,114.93000030517578,130.5800018310547,86.80999755859375
2019-07-17,6.872799873352051,42.130001068115234,115.16999816894531,131.99000549316406,86.69999694824219
2019-07-18,6.8790998458862305,42.2400016784668,115.41000366210938,132.0,86.73999786376953
2019-07-19,6.8790998458862305,42.470001220703125,115.2300033569336,131.69000244140625,86.58999633789062
2019-07-21,6.881100177764893,42.470001220703125,115.2300033569336,131.69000244140625,86.58999633789062
2019-07-22,6.880099773406982,42.08000183105469,115.26000213623047,131.94000244140625,86.87999725341797
2019-07-23,6.878300189971924,42.31999969482422,115.2300033569336,131.22000122070312,87.02999877929688
2019-07-24,6.871500015258789,42.459999084472656,115.26000213623047,131.7899932861328,87.0999984741211
2019-07-25,6.871600151062012,42.16999816894531,115.06999969482422,131.16000366210938,86.9800033569336
2019-07-26,6.871600151062012,42.22999954223633,114.98999786376953,131.47000122070312,87.16999816894531
2019-07-28,6.878200054168701,42.22999954223633,114.98999786376953,131.47000122070312,87.16999816894531
2019-07-29,6.892399787902832,41.91999816894531,114.88999938964844,131.50999450683594,87.04000091552734
2019-07-30,6.883600234985352,41.65999984741211,115.05999755859375,131.8300018310547,87.08000183105469
2019-07-31,6.883399963378906,41.099998474121094,115.23999786376953,132.88999938964844,86.93000030517578
2019-08-01,6.897799968719482,40.16999816894531,115.38999938964844,135.25999450683594,86.5199966430664
2019-08-02,6.897799968719482,39.86000061035156,115.47000122070312,136.50999450683594,86.38999938964844
2019-08-04,6.939199924468994,39.86000061035156,115.47000122070312,136.50999450683594,86.38999938964844
2019-08-05,7.049699783325195,38.29999923706055,115.87000274658203,138.8699951171875,85.48999786376953
2019-08-06,7.025599956512451,38.65999984741211,116.30000305175781,139.97999572753906,86.04000091552734
2019-08-07,7.059100151062012,38.849998474121094,116.36000061035156,140.02999877929688,86.02999877929688
2019-08-08,7.044300079345703,39.18000030517578,116.66000366210938,140.3300018310547,86.37000274658203
2019-08-09,7.044300079345703,38.7400016784668,116.54000091552734,140.0500030517578,86.25
2019-08-11,7.061500072479248,38.7400016784668,116.54000091552734,140.0500030517578,86.25
2019-08-12,7.057199954986572,38.2599983215332,117.01000213623047,142.97000122070312,85.94999694824219
2019-08-13,7.0335001945495605,38.869998931884766,116.81999969482422,142.47999572753906,86.33000183105469
2019-08-14,7.023499965667725,37.66999816894531,117.04000091552734,145.69000244140625,85.55999755859375
2019-08-15,7.02400016784668,38.189998626708984,117.55999755859375,147.30999755859375,85.80999755859375
2019-08-16,7.02400016784668,38.599998474121094,117.22000122070312,146.1300048828125,86.0999984741211
2019-08-18,7.041900157928467,38.599998474121094,117.22000122070312,146.1300048828125,86.0999984741211
2019-08-19,7.049799919128418,39.150001525878906,116.77999877929688,144.0399932861328,86.3499984741211
2019-08-20,7.059599876403809,39.0099983215332,116.93000030517578,145.52999877929688,86.41999816894531
2019-08-21,7.062399864196777,39.349998474121094,116.80999755859375,144.55999755859375,86.79000091552734
2019-08-22,7.082699775695801,39.04999923706055,116.70999908447266,143.60000610351562,86.94999694824219
2019-08-23,7.082699775695801,38.34000015258789,117.37999725341797,145.9600067138672,86.55000305175781
2019-08-25,7.09499979019165,38.34000015258789,117.37999725341797,145.9600067138672,86.55000305175781
2019-08-26,7.150300025939941,38.88999938964844,117.25,145.3699951171875,86.9800033569336
2019-08-27,7.161399841308594,38.900001525878906,117.80000305175781,147.61000061035156,86.94000244140625
2019-08-28,7.155300140380859,38.849998474121094,118.02999877929688,147.8000030517578,87.1500015258789
2019-08-29,7.143599987030029,39.130001068115234,118.0999984741211,147.24000549316406,87.23999786376953
2019-08-30,7.143599987030029,39.119998931884766,117.6500015258789,147.27999877929688,87.16000366210938
2019-09-01,7.155700206756592,39.119998931884766,117.6500015258789,147.27999877929688,87.16000366210938
2019-09-02,7.171000003814697,39.119998931884766,117.6500015258789,147.27999877929688,87.16000366210938
2019-09-03,7.177999973297119,39.130001068115234,117.44999694824219,147.2100067138672,86.54000091552734
2019-09-04,7.145100116729736,40.04999923706055,117.73999786376953,147.42999267578125,86.72000122070312
2019-09-05,7.14769983291626,40.529998779296875,117.20999908447266,144.75999450683594,87.05999755859375
2019-09-06,7.14769983291626,40.61000061035156,117.30999755859375,145.7899932861328,87.13999938964844
2019-09-08,7.114699840545654,40.61000061035156,117.30999755859375,145.7899932861328,87.13999938964844
2019-09-09,7.121099948883057,40.689998626708984,116.70999908447266,143.1999969482422,87.2300033569336
2019-09-10,7.111700057983398,40.709999084472656,116.04000091552734,140.69000244140625,87.27999877929688
2019-09-11,7.115799903869629,41.33000183105469,115.91000366210938,140.44000244140625,87.2699966430664
2019-09-12,7.078400135040283,41.47999954223633,115.81999969482422,139.52000427246094,87.31999969482422
2019-09-13,7.078400135040283,41.900001525878906,115.13999938964844,136.5399932861328,87.16000366210938
2019-09-15,7.078400135040283,41.900001525878906,115.13999938964844,136.5399932861328,87.16000366210938
2019-09-16,7.066400051116943,41.459999084472656,115.83000183105469,138.27999877929688,87.47000122070312
2019-09-17,7.09089994430542,41.2599983215332,115.9800033569336,139.02999877929688,87.5199966430664
2019-09-18,7.085000038146973,40.97999954223633,115.62000274658203,139.6199951171875,87.47000122070312
2019-09-19,7.095600128173828,40.689998626708984,115.8499984741211,140.0399932861328,87.37000274658203
2019-09-20,7.095600128173828,40.540000915527344,116.48999786376953,141.88999938964844,87.4800033569336
2019-09-22,7.09060001373291,40.540000915527344,116.48999786376953,141.88999938964844,87.4800033569336
2019-09-23,7.117599964141846,40.529998779296875,116.6500015258789,141.86000061035156,87.44000244140625
2019-09-24,7.115499973297119,40.040000915527344,116.91000366210938,143.57000732421875,87.31999969482422
2019-09-25,7.130799770355225,40.18000030517578,116.30000305175781,141.47000122070312,87.2300033569336
2019-09-26,7.1315999031066895,39.90999984741211,116.37000274658203,142.3800048828125,87.16999816894531
2019-09-27,7.1315999031066895,39.45000076293945,116.19000244140625,142.72999572753906,87.06999969482422
2019-09-29,7.121799945831299,39.45000076293945,116.19000244140625,142.72999572753906,87.06999969482422
2019-09-30,7.147500038146973,39.79999923706055,116.29000091552734,143.0800018310547,87.16999816894531
2019-10-01,7.14739990234375,39.630001068115234,116.31999969482422,143.25999450683594,86.62000274658203
2019-10-02,7.147600173950195,39.66999816894531,116.31999969482422,143.61000061035156,86.11000061035156
2019-10-03,7.147500038146973,40.310001373291016,116.69000244140625,144.9199981689453,86.16000366210938
2019-10-04,7.147500038146973,40.2400016784668,117.05000305175781,145.99000549316406,86.43000030517578
2019-10-06,7.14739990234375,40.2400016784668,117.05000305175781,145.99000549316406,86.43000030517578
2019-10-07,7.14739990234375,39.959999084472656,116.7300033569336,144.77999877929688,86.36000061035156
2019-10-08,7.143499851226807,39.689998626708984,116.62000274658203,145.1699981689453,86.04000091552734
2019-10-09,7.131400108337402,40.25,116.37999725341797,144.35000610351562,86.30000305175781
2019-10-10,7.115499973297119,40.75,116.01000213623047,142.1999969482422,86.41000366210938
2019-10-11,7.115499973297119,41.33000183105469,115.6500015258789,140.44000244140625,86.7699966430664
2019-10-13,7.087200164794922,41.33000183105469,115.6500015258789,140.44000244140625,86.7699966430664
2019-10-14,7.0665998458862305,41.150001525878906,115.83999633789062,141.4600067138672,86.83000183105469
2019-10-15,7.0808000564575195,41.540000915527344,115.44999694824219,139.75,87.0199966430664
2019-10-16,7.092700004577637,41.52000045776367,115.62999725341797,139.9199981689453,86.94999694824219
2019-10-17,7.076399803161621,41.689998626708984,115.79000091552734,139.5800018310547,87.06999969482422
2019-10-18,7.076399803161621,41.2400016784668,115.97000122070312,139.5800018310547,87.08999633789062
2019-10-20,7.080699920654297,41.2400016784668,115.97000122070312,139.5800018310547,87.08999633789062
2019-10-21,7.066299915313721,41.720001220703125,115.5999984741211,138.52999877929688,87.12000274658203
2019-10-22,7.076200008392334,41.380001068115234,115.94999694824219,139.33999633789062,87.13999938964844
2019-10-23,7.064599990844727,41.2599983215332,116.02999877929688,139.47999572753906,87.22000122070312
2019-10-24,7.0680999755859375,41.22999954223633,116.0999984741211,139.1999969482422,87.31999969482422
2019-10-25,7.0680999755859375,41.4900016784668,116.12000274658203,138.52000427246094,87.38999938964844
2019-10-28,7.064700126647949,41.880001068115234,115.55999755859375,137.25999450683594,87.37999725341797
2019-10-29,7.06689977645874,41.459999084472656,115.2699966430664,137.35000610351562,87.22000122070312
2019-10-30,7.064899921417236,41.33000183105469,115.69999694824219,139.36000061035156,87.11000061035156
2019-10-31,7.0543999671936035,41.150001525878906,116.05999755859375,141.24000549316406,86.80999755859375
2019-11-01,7.0381999015808105,42.0,116.20999908447266,140.55999755859375,86.81999969482422
2019-11-04,7.036399841308594,42.5099983215332,116.12999725341797,138.7100067138672,87.0
2019-11-05,7.029399871826172,42.77000045776367,115.91000366210938,137.14999389648438,86.91000366210938
2019-11-06,7.008800029754639,42.689998626708984,116.27999877929688,137.97999572753906,86.80999755859375
2019-11-07,6.997200012207031,43.04999923706055,115.62999725341797,135.47999572753906,86.7699966430664
2019-11-08,6.997200012207031,42.7400016784668,115.55999755859375,134.91000366210938,86.8499984741211
2019-11-11,6.994999885559082,42.08000183105469,115.62000274658203,135.0,86.80000305175781
2019-11-12,7.0096001625061035,41.709999084472656,115.5999984741211,135.6199951171875,86.81999969482422
2019-11-13,7.006800174713135,41.150001525878906,115.69999694824219,136.5,86.7300033569336
2019-11-14,7.022600173950195,41.040000915527344,115.97000122070312,137.91000366210938,86.68000030517578
2019-11-15,7.019800186157227,41.130001068115234,115.83000183105469,137.75999450683594,86.94000244140625
2019-11-18,7.007299900054932,41.2599983215332,116.05999755859375,138.00999450683594,86.83000183105469
2019-11-19,7.025000095367432,41.68000030517578,116.2699966430664,139.16000366210938,86.5199966430664
2019-11-20,7.026800155639648,41.45000076293945,116.72000122070312,140.60000610351562,86.33999633789062
2019-11-21,7.034999847412109,41.38999938964844,116.45999908447266,139.72000122070312,86.36000061035156
2019-11-22,7.028200149536133,41.31999969482422,116.5,139.89999389648438,86.69000244140625
2019-11-25,7.038300037384033,42.0099983215332,116.62999725341797,140.30999755859375,86.91999816894531
2019-11-26,7.0355000495910645,42.11000061035156,116.87999725341797,141.1300048828125,87.0199966430664
2019-11-27,7.03249979019165,42.06999969482422,116.6500015258789,140.72000122070312,87.12999725341797
2019-11-28,7.027900218963623,42.06999969482422,116.6500015258789,140.72000122070312,87.12999725341797
2019-11-29,7.03439998626709,40.939998626708984,116.37999725341797,140.4199981689453,86.94000244140625
2019-12-02,7.031499862670898,40.95000076293945,116.11000061035156,138.30999755859375,86.54000091552734
2019-12-03,7.038300037384033,40.709999084472656,116.83000183105469,141.2100067138672,86.41999816894531
2019-12-04,7.060200214385986,40.880001068115234,116.75,139.8000030517578,86.68000030517578
2019-12-05,7.048900127410889,40.900001525878906,116.58000183105469,139.1199951171875,86.80999755859375
2019-12-06,7.043799877166748,41.2400016784668,116.5,138.35000610351562,86.93000030517578
2019-12-09,7.034299850463867,41.04999923706055,116.52999877929688,138.64999389648438,86.93000030517578
2019-12-10,7.0381999015808105,41.209999084472656,116.5,138.66000366210938,87.13999938964844
2019-12-11,7.033299922943115,41.97999954223633,116.91000366210938,139.75,87.31999969482422
2019-12-12,7.037799835205078,42.779998779296875,116.33999633789062,137.4499969482422,87.5199966430664
2019-12-13,7.019499778747559,42.599998474121094,116.80999755859375,139.0399932861328,87.61000061035156
2019-12-16,6.97189998626709,42.34000015258789,116.54000091552734,137.7899932861328,87.77999877929688
2019-12-17,6.981599807739258,42.880001068115234,116.69999694824219,137.60000610351562,88.05000305175781
2019-12-18,6.996200084686279,43.0,116.56999969482422,136.47000122070312,88.20999908447266
2019-12-19,7.004000186920166,42.90999984741211,116.6500015258789,136.47000122070312,87.8499984741211
2019-12-20,7.009399890899658,43.08000183105469,116.58999633789062,136.64999389648438,87.72000122070312
2019-12-23,7.00570011138916,43.040000915527344,116.38999938964844,136.4499969482422,87.76000213623047
2019-12-24,7.0117998123168945,43.119998931884766,116.52999877929688,136.83999633789062,87.83000183105469
2019-12-25,7.006400108337402,43.119998931884766,116.52999877929688,136.83999633789062,87.83000183105469
2019-12-26,6.98829984664917,43.54999923706055,116.61000061035156,137.1699981689453,87.95999908447266
2019-12-27,6.996300220489502,43.709999084472656,116.6500015258789,137.32000732421875,87.91999816894531
2019-12-30,6.994800090789795,43.4900016784668,116.69000244140625,136.82000732421875,87.86000061035156
2019-12-31,6.9857001304626465,43.630001068115234,116.56999969482422,135.47999572753906,87.94000244140625
2020-01-01,6.962299823760986,43.630001068115234,116.56999969482422,135.47999572753906,87.94000244140625
2020-01-02,6.962200164794922,44.880001068115234,117.13999938964844,137.00999450683594,88.30999755859375
2020-01-03,6.963399887084961,43.90999984741211,117.68000030517578,139.1199951171875,88.22000122070312
2020-01-06,6.9644999504089355,44.119998931884766,117.37999725341797,138.3300018310547,88.12999725341797
2020-01-07,6.9745001792907715,44.0099983215332,117.0199966430664,137.64999389648438,88.05000305175781
2020-01-08,6.944399833679199,43.97999954223633,116.91000366210938,136.74000549316406,88.12999725341797
2020-01-09,6.945199966430664,44.380001068115234,116.9000015258789,137.22000122070312,88.36000061035156
2020-01-10,6.951700210571289,44.52000045776367,117.25,138.44000244140625,88.38999938964844
2020-01-13,6.909299850463867,45.279998779296875,117.2300033569336,138.02000427246094,88.38999938964844
2020-01-14,6.8927001953125,44.81999969482422,117.38999938964844,138.72999572753906,88.37999725341797
2020-01-15,6.900300025939941,44.56999969482422,117.4800033569336,139.64999389648438,88.4000015258789
2020-01-16,6.889800071716309,44.900001525878906,117.29000091552734,139.2100067138672,88.43000030517578
2020-01-17,6.8780999183654785,45.11000061035156,117.0999984741211,138.02000427246094,88.36000061035156
2020-01-20,6.858699798583984,45.11000061035156,117.0999984741211,138.02000427246094,88.36000061035156
2020-01-21,6.865799903869629,42.9900016784668,117.4800033569336,139.47000122070312,88.16999816894531
2020-01-22,6.904799938201904,43.470001220703125,117.4000015258789,139.9600067138672,88.33000183105469
2020-01-23,6.905700206756592,42.90999984741211,117.63999938964844,140.94000244140625,88.05999755859375
2020-01-24,6.9355998039245605,42.349998474121094,117.9000015258789,142.0800018310547,87.69000244140625
2020-01-27,6.935699939727783,40.66999816894531,118.16999816894531,144.2899932861328,87.0999984741211
2020-01-28,6.935699939727783,40.95000076293945,117.98999786376953,143.16000366210938,87.8499984741211
2020-01-29,6.935699939727783,41.20000076293945,118.41999816894531,144.55999755859375,87.80000305175781
2020-01-30,6.935699939727783,40.689998626708984,118.55000305175781,144.5800018310547,87.88999938964844
2020-01-31,6.935699939727783,39.7400016784668,119.05999755859375,145.89999389648438,87.52999877929688
2020-02-03,6.935699939727783,40.130001068115234,118.6500015258789,145.5399932861328,87.1500015258789
2020-02-04,7.020599842071533,41.209999084472656,118.13999938964844,143.5800018310547,87.66999816894531
2020-02-05,6.997499942779541,41.349998474121094,117.79000091552734,142.00999450683594,88.02999877929688
2020-02-06,6.972799777984619,41.630001068115234,118.01000213623047,142.64999389648438,88.0999984741211
2020-02-07,6.969799995422363,41.2599983215332,118.48999786376953,144.42999267578125,87.97000122070312
2020-02-10,7.0005998611450195,41.5,118.66999816894531,144.8300018310547,88.08999633789062
2020-02-11,6.983500003814697,42.29999923706055,118.31999969482422,144.10000610351562,88.1500015258789
2020-02-12,6.964900016784668,42.869998931884766,118.19999694824219,143.3699951171875,88.37999725341797
2020-02-13,6.9710001945495605,42.310001373291016,118.44999694824219,143.9199981689453,88.41000366210938
2020-02-14,6.976399898529053,42.27000045776367,118.54000091552734,144.5500030517578,88.4000015258789
2020-02-17,6.986100196838379,42.27000045776367,118.54000091552734,144.5500030517578,88.4000015258789
2020-02-18,6.979300022125244,42.18000030517578,118.80000305175781,145.5399932861328,88.22000122070312
2020-02-19,6.996200084686279,42.470001220703125,118.75,145.52999877929688,88.26000213623047
2020-02-20,6.997200012207031,42.02000045776367,118.9800033569336,146.6699981689453,88.41000366210938
2020-02-21,7.02239990234375,42.02000045776367,119.19999694824219,148.0399932861328,88.33000183105469
2020-02-24,7.026199817657471,40.529998779296875,119.75,150.25,87.37999725341797
2020-02-25,7.02839994430542,40.13999938964844,119.55000305175781,151.0500030517578,86.7699966430664
2020-02-26,7.036399841308594,40.720001220703125,119.48999786376953,150.25,86.86000061035156
2020-02-27,7.03980016708374,40.40999984741211,119.83999633789062,151.8800048828125,85.69000244140625
2020-02-28,7.003499984741211,40.65999984741211,120.02999877929688,155.30999755859375,86.04000091552734
2020-03-02,6.990900039672852,41.08000183105469,120.30999755859375,153.94000244140625,86.30999755859375
2020-03-03,6.999800205230713,40.81999969482422,121.52999877929688,156.3300018310547,85.94000244140625
2020-03-04,6.960999965667725,41.2599983215332,121.3499984741211,154.6699981689453,87.12000274658203
2020-03-05,6.965400218963623,41.08000183105469,121.7300033569336,158.52000427246094,86.0199966430664
2020-03-06,6.935999870300293,40.2599983215332,122.54000091552734,166.77000427246094,85.05000305175781
2020-03-09,6.931099891662598,38.63999938964844,120.0199966430664,171.2899932861328,81.38999938964844
2020-03-10,6.9456000328063965,40.16999816894531,116.58000183105469,162.50999450683594,82.63999938964844
2020-03-11,6.955599784851074,38.79999923706055,113.94000244140625,156.52999877929688,80.83999633789062
2020-03-12,6.95959997177124,35.79999923706055,113.66999816894531,157.5,77.61000061035156
2020-03-13,7.028600215911865,37.79999923706055,114.12000274658203,153.94000244140625,80.05000305175781
2020-03-16,7.007199764251709,33.90999984741211,113.33000183105469,163.91000366210938,75.6500015258789
2020-03-17,6.992700099945068,36.0099983215332,110.16000366210938,152.97999572753906,76.36000061035156
2020-03-18,7.006199836730957,33.970001220703125,108.80999755859375,144.35000610351562,72.98999786376953
2020-03-19,7.04640007019043,34.0,110.91999816894531,148.27999877929688,71.3499984741211
2020-03-20,7.107699871063232,34.459999084472656,115.86000061035156,159.42999267578125,69.75
2020-03-23,7.094799995422363,34.439998626708984,118.04000091552734,166.0,68.62999725341797
2020-03-24,7.091300010681152,36.77000045776367,118.11000061035156,162.91000366210938,71.45999908447266
2020-03-25,7.061999797821045,37.33000183105469,119.25,162.5399932861328,73.47000122070312
2020-03-26,7.113500118255615,38.349998474121094,119.86000061035156,163.33999633789062,76.83000183105469
2020-03-27,7.0731000900268555,36.099998474121094,120.25,167.6999969482422,77.02999877929688
2020-03-29,7.095300197601318,36.099998474121094,120.25,167.6999969482422,77.02999877929688
2020-03-30,7.0991997718811035,37.400001525878906,118.33999633789062,166.32000732421875,77.69000244140625
2020-03-31,7.081399917602539,37.540000915527344,117.91999816894531,164.97000122070312,77.06999969482422
2020-04-01,7.099299907684326,36.0099983215332,118.45999908447266,167.0399932861328,74.58000183105469
2020-04-02,7.083199977874756,37.38999938964844,120.2699966430664,168.10000610351562,75.16000366210938
2020-04-03,7.083199977874756,36.88999938964844,121.33000183105469,168.5,73.55000305175781
2020-04-05,7.091300010681152,36.88999938964844,121.33000183105469,168.5,73.55000305175781
2020-04-06,7.091300010681152,38.209999084472656,121.25,168.05999755859375,75.33999633789062
2020-04-07,7.0447998046875,38.09000015258789,121.16999816894531,166.3000030517578,75.33999633789062
2020-04-08,7.064899921417236,38.119998931884766,120.33999633789062,165.08999633789062,77.30000305175781
2020-04-09,7.042200088500977,37.869998931884766,121.52999877929688,165.38999938964844,82.36000061035156
2020-04-12,7.035099983215332,37.869998931884766,121.52999877929688,165.38999938964844,82.36000061035156
2020-04-13,7.051599979400635,37.900001525878906,121.75,163.8800048828125,81.18000030517578
2020-04-14,7.048299789428711,38.5,122.11000061035156,163.83999633789062,81.5199966430664
2020-04-15,7.066500186920166,37.61000061035156,122.23999786376953,168.17999267578125,80.76000213623047
2020-04-16,7.078800201416016,37.7599983215332,121.18000030517578,170.08999633789062,80.68000030517578
2020-04-17,7.078800201416016,38.40999984741211,120.5999984741211,167.80999755859375,81.08999633789062
2020-04-19,7.072199821472168,38.40999984741211,120.5999984741211,167.80999755859375,81.08999633789062
2020-04-20,7.072400093078613,38.09000015258789,120.2300033569336,169.16000366210938,79.87000274658203
2020-04-21,7.070799827575684,37.06999969482422,120.83999633789062,171.2899932861328,78.41000366210938
2020-04-22,7.083099842071533,37.970001220703125,121.56999969482422,169.5399932861328,79.0999984741211
2020-04-23,7.065199851989746,37.810001373291016,121.5,170.44000244140625,79.05999755859375
2020-04-24,7.065199851989746,38.189998626708984,122.19000244140625,170.83999633789062,78.31999969482422
2020-04-26,7.080900192260742,38.189998626708984,122.19000244140625,170.83999633789062,78.31999969482422
2020-04-27,7.085299968719482,38.959999084472656,121.94999694824219,167.66000366210938,78.63999938964844
2020-04-28,7.078100204467773,39.0,122.37000274658203,169.58999633789062,78.87999725341797
2020-04-29,7.075399875640869,39.630001068115234,122.22000122070312,168.7100067138672,80.2699966430664
2020-04-30,7.061299800872803,38.59000015258789,121.30999755859375,166.74000549316406,80.43000030517578
2020-05-01,7.061299800872803,37.27000045776367,121.01000213623047,167.9499969482422,78.68000030517578
2020-05-03,7.061500072479248,37.27000045776367,121.01000213623047,167.9499969482422,78.68000030517578
2020-05-04,7.061500072479248,37.619998931884766,121.12999725341797,167.16000366210938,78.56999969482422
2020-05-05,7.061500072479248,38.0,121.2699966430664,166.08999633789062,79.25
2020-05-06,7.103600025177002,38.099998474121094,120.68000030517578,163.41000366210938,78.80000305175781
2020-05-07,7.083799839019775,38.20000076293945,121.44000244140625,166.13999938964844,79.0
2020-05-08,7.083799839019775,39.06999969482422,121.4000015258789,163.97999572753906,79.75
2020-05-10,7.0731000900268555,39.06999969482422,121.4000015258789,163.97999572753906,79.75
2020-05-11,7.0980000495910645,38.88999938964844,120.9800033569336,162.6999969482422,79.38999938964844
2020-05-12,7.082099914550781,38.54999923706055,121.08999633789062,164.3699951171875,79.29000091552734
2020-05-13,7.091300010681152,38.66999816894531,121.19999694824219,165.52000427246094,78.87000274658203
2020-05-14,7.094699859619141,38.5099983215332,121.33999633789062,167.13999938964844,78.5999984741211
2020-05-15,7.094699859619141,37.95000076293945,121.55000305175781,166.7100067138672,78.70999908447266
2020-05-17,7.101200103759766,37.95000076293945,121.55000305175781,166.7100067138672,78.70999908447266
2020-05-18,7.10860013961792,39.459999084472656,121.54000091552734,163.0500030517578,80.0999984741211
2020-05-19,7.098199844360352,39.04999923706055,121.4000015258789,163.66000366210938,80.19999694824219
2020-05-20,7.09250020980835,39.619998931884766,121.76000213623047,164.14999389648438,81.05000305175781
2020-05-21,7.114299774169922,38.540000915527344,121.62999725341797,164.55999755859375,81.02999877929688
2020-05-22,7.114299774169922,37.5,121.69999694824219,165.5500030517578,81.2300033569336
2020-05-24,7.12939977645874,37.5,121.69999694824219,165.5500030517578,81.2300033569336
2020-05-25,7.135700225830078,37.5,121.69999694824219,165.5500030517578,81.2300033569336
2020-05-26,7.134099960327148,38.34000015258789,121.25,163.3300018310547,81.83999633789062
2020-05-27,7.1682000160217285,38.130001068115234,121.37000274658203,163.02999877929688,82.01000213623047
2020-05-28,7.145199775695801,38.25,121.75,162.42999267578125,82.08999633789062
2020-05-29,7.145199775695801,39.04999923706055,121.80000305175781,163.58999633789062,82.41999816894531
2020-05-31,7.136300086975098,39.04999923706055,121.80000305175781,163.58999633789062,82.41999816894531
2020-06-01,7.126699924468994,39.77000045776367,121.94999694824219,162.27999877929688,82.72000122070312
2020-06-02,7.099899768829346,40.47999954223633,121.68000030517578,161.69000244140625,83.54000091552734
2020-06-03,7.114699840545654,41.16999816894531,121.27999877929688,159.5399932861328,83.93000030517578
2020-06-04,7.1092000007629395,40.56999969482422,120.81999969482422,157.22999572753906,83.66999816894531
2020-06-05,7.1092000007629395,41.47999954223633,120.80999755859375,156.11000061035156,84.45999908447266
2020-06-07,7.080999851226807,41.47999954223633,120.80999755859375,156.11000061035156,84.45999908447266
2020-06-08,7.070300102233887,41.27000045776367,121.06999969482422,156.7100067138672,84.55999755859375
2020-06-09,7.076300144195557,41.06999969482422,121.19000244140625,158.49000549316406,83.9000015258789
2020-06-10,7.059999942779541,41.560001373291016,122.12000274658203,160.83999633789062,83.77999877929688
2020-06-11,7.0640997886657715,39.84000015258789,122.16000366210938,163.8800048828125,81.62999725341797
2020-06-12,7.0640997886657715,40.34000015258789,121.83000183105469,162.3000030517578,82.44000244140625
2020-06-14,7.082399845123291,40.34000015258789,121.83000183105469,162.3000030517578,82.44000244140625
2020-06-15,7.090799808502197,39.650001525878906,121.87999725341797,162.38999938964844,83.23999786376953
2020-06-16,7.085999965667725,39.959999084472656,121.81999969482422,159.89999389648438,83.58000183105469
2020-06-17,7.084499835968018,40.119998931884766,121.73999786376953,160.55999755859375,83.19000244140625
2020-06-18,7.088399887084961,40.2599983215332,122.29000091552734,162.25999450683594,83.16000366210938
2020-06-19,7.088399887084961,40.31999969482422,122.52999877929688,162.38999938964844,82.87999725341797
2020-06-21,7.071300029754639,40.31999969482422,122.52999877929688,162.38999938964844,82.87999725341797
2020-06-22,7.067399978637695,40.619998931884766,122.83999633789062,162.41000366210938,82.81999969482422
2020-06-23,7.057400226593018,40.88999938964844,122.91000366210938,161.3000030517578,82.94000244140625
2020-06-24,7.077199935913086,40.470001220703125,122.73999786376953,163.02999877929688,82.08999633789062
2020-06-25,7.077199935913086,40.56999969482422,122.8499984741211,163.5,82.12000274658203
2020-06-26,7.077199935913086,40.189998626708984,123.05999755859375,165.25,81.33999633789062
2020-06-28,7.077199935913086,40.189998626708984,123.05999755859375,165.25,81.33999633789062
2020-06-29,7.079599857330322,40.04999923706055,123.19999694824219,164.72999572753906,80.87999725341797
2020-06-30,7.0644001960754395,39.70000076293945,123.0,163.92999267578125,81.62000274658203
2020-07-01,7.070099830627441,40.15999984741211,123.08000183105469,163.4199981689453,81.52999877929688
2020-07-02,7.065499782562256,41.459999084472656,123.41999816894531,163.58999633789062,82.12999725341797
2020-07-05,7.065400123596191,41.459999084472656,123.41999816894531,163.58999633789062,82.12999725341797
2020-07-06,7.017300128936768,45.400001525878906,123.66000366210938,162.9199981689453,82.72000122070312
2020-07-07,7.012899875640869,44.11000061035156,123.69000244140625,165.2100067138672,82.16999816894531
2020-07-08,7.003499984741211,45.529998779296875,123.47000122070312,164.5500030517578,82.38999938964844
2020-07-09,6.993100166320801,45.220001220703125,123.79000091552734,167.1699981689453,82.20999908447266
2020-07-10,6.993100166320801,44.54999923706055,123.66000366210938,166.3300018310547,82.48999786376953
2020-07-12,6.992000102996826,44.54999923706055,123.66000366210938,166.3300018310547,82.48999786376953
2020-07-13,6.996399879455566,44.040000915527344,123.93000030517578,166.8800048828125,82.04000091552734
2020-07-14,6.995800018310547,43.70000076293945,123.94999694824219,167.1199951171875,82.73999786376953
2020-07-15,6.987800121307373,43.470001220703125,123.87999725341797,166.33999633789062,83.20999908447266
2020-07-16,6.9882001876831055,42.47999954223633,124.12999725341797,167.1300048828125,83.29000091552734
2020-07-17,6.9882001876831055,42.560001373291016,124.36000061035156,166.77999877929688,83.5199966430664
2020-07-19,6.991199970245361,42.560001373291016,124.36000061035156,166.77999877929688,83.5199966430664
2020-07-20,6.9822998046875,43.11000061035156,124.52999877929688,167.19000244140625,84.0199966430664
2020-07-21,6.979700088500977,43.33000183105469,124.80999755859375,167.2899932861328,84.41000366210938
2020-07-22,6.998700141906738,42.720001220703125,124.80999755859375,167.7899932861328,84.58000183105469
2020-07-23,7.0030999183654785,42.400001525878906,124.87000274658203,169.75,84.5199966430664
2020-07-24,7.0030999183654785,42.04999923706055,124.83999633789062,169.74000549316406,84.5999984741211
2020-07-26,7.01609992980957,42.04999923706055,124.83999633789062,169.74000549316406,84.5999984741211
2020-07-27,6.993199825286865,41.959999084472656,124.83999633789062,169.11000061035156,84.80000305175781
2020-07-28,6.99970006942749,41.59000015258789,125.06999969482422,170.27999877929688,84.58000183105469
2020-07-29,7.00029993057251,42.220001220703125,125.36000061035156,169.99000549316406,85.05000305175781
2020-07-30,7.007299900054932,41.779998779296875,125.48999786376953,171.11000061035156,85.2300033569336
2020-07-31,7.007299900054932,41.369998931884766,125.86000061035156,171.0,85.38999938964844
2020-08-02,6.9741997718811035,41.369998931884766,125.86000061035156,171.0,85.38999938964844
2020-08-03,6.979400157928467,41.869998931884766,126.02999877929688,169.9499969482422,85.06999969482422
2020-08-04,6.972700119018555,42.81999969482422,126.30999755859375,171.57000732421875,85.04000091552734
2020-08-05,6.934599876403809,42.81999969482422,126.37000274658203,170.07000732421875,85.19000244140625
2020-08-06,6.952400207519531,42.849998474121094,126.51000213623047,171.02000427246094,85.37999725341797
2020-08-07,6.952400207519531,42.0099983215332,126.16999816894531,169.8800048828125,85.16999816894531
2020-08-09,6.9670000076293945,42.0099983215332,126.16999816894531,169.8800048828125,85.16999816894531
2020-08-10,6.9608001708984375,42.310001373291016,126.0199966430664,169.1199951171875,85.20999908447266
2020-08-11,6.945300102233887,42.27000045776367,125.73999786376953,167.11000061035156,84.44000244140625
2020-08-12,6.936200141906738,42.88999938964844,125.81999969482422,165.58999633789062,84.45999908447266
2020-08-13,6.943600177764893,42.810001373291016,125.5,163.82000732421875,84.2300033569336
2020-08-14,6.943600177764893,43.040000915527344,125.29000091552734,163.17999267578125,84.08000183105469
2020-08-16,6.949399948120117,43.040000915527344,125.29000091552734,163.17999267578125,84.08000183105469
2020-08-17,6.93179988861084,43.84000015258789,125.55999755859375,163.58999633789062,84.58000183105469
2020-08-18,6.92080020904541,44.0099983215332,126.12000274658203,164.75999450683594,84.70999908447266
2020-08-19,6.9191999435424805,43.54999923706055,125.73999786376953,163.72999572753906,84.47000122070312
2020-08-20,6.91480016708374,43.75,125.62000274658203,165.2100067138672,84.75
2020-08-21,6.91480016708374,44.13999938964844,126.05000305175781,166.1999969482422,84.73999786376953
2020-08-23,6.918499946594238,44.13999938964844,126.05000305175781,166.1999969482422,84.73999786376953
2020-08-24,6.918900012969971,44.619998931884766,126.30000305175781,165.92999267578125,85.12999725341797
2020-08-25,6.911900043487549,44.79999923706055,126.26000213623047,164.66000366210938,85.22000122070312
2020-08-26,6.884900093078613,44.720001220703125,126.51000213623047,164.02999877929688,85.20999908447266
2020-08-27,6.889200210571289,44.630001068115234,126.01000213623047,161.24000549316406,85.08000183105469
2020-08-28,6.889200210571289,44.9900016784668,126.41000366210938,161.1199951171875,85.1500015258789
2020-08-30,6.8643999099731445,44.9900016784668,126.41000366210938,161.1199951171875,85.1500015258789
2020-08-31,6.847700119018555,43.959999084472656,126.9800033569336,162.19000244140625,85.02999877929688
2020-09-01,6.827499866485596,44.529998779296875,127.05000305175781,163.86000061035156,85.1500015258789
2020-09-02,6.837299823760986,44.349998474121094,127.0999984741211,165.4199981689453,85.25
2020-09-03,6.845799922943115,43.439998626708984,126.66000366210938,165.88999938964844,84.72000122070312
2020-09-04,6.845799922943115,43.599998474121094,126.2699966430664,162.74000549316406,84.48999786376953
2020-09-06,6.8414998054504395,43.599998474121094,126.2699966430664,162.74000549316406,84.48999786376953
2020-09-07,6.829500198364258,43.599998474121094,126.2699966430664,162.74000549316406,84.48999786376953
2020-09-08,6.845099925994873,42.70000076293945,126.38999938964844,163.74000549316406,84.0199966430664
2020-09-09,6.8317999839782715,42.9900016784668,126.45999908447266,163.3000030517578,84.68000030517578
2020-09-10,6.8333001136779785,42.13999938964844,126.56999969482422,164.1300048828125,84.27999877929688
2020-09-11,6.8333001136779785,42.54999923706055,126.5,164.47999572753906,84.44999694824219
2020-09-13,6.833399772644043,42.54999923706055,126.5,164.47999572753906,84.44999694824219
2020-09-14,6.809100151062012,42.84000015258789,126.41999816894531,164.47000122070312,84.36000061035156
2020-09-15,6.780300140380859,43.220001220703125,126.51000213623047,164.07000732421875,84.58999633789062
2020-09-16,6.753699779510498,43.09000015258789,126.51000213623047,163.5800018310547,84.58999633789062
2020-09-17,6.764100074768066,42.72999954223633,126.58000183105469,164.0800018310547,84.5
2020-09-18,6.764100074768066,42.81999969482422,126.47000122070312,163.57000732421875,84.29000091552734
2020-09-20,6.76800012588501,42.81999969482422,126.47000122070312,163.57000732421875,84.29000091552734
2020-09-21,6.803699970245361,42.41999816894531,126.23999786376953,164.39999389648438,83.61000061035156
2020-09-22,6.77839994430542,42.09000015258789,126.27999877929688,164.27000427246094,83.9000015258789
2020-09-23,6.808899879455566,41.630001068115234,126.1500015258789,164.49000549316406,83.05000305175781
2020-09-24,6.827700138092041,41.11000061035156,126.23999786376953,165.1199951171875,83.0999984741211
2020-09-25,6.827700138092041,40.70000076293945,126.41000366210938,165.1199951171875,82.94999694824219
2020-09-27,6.822800159454346,40.70000076293945,126.41000366210938,165.1199951171875,82.94999694824219
2020-09-28,6.810800075531006,41.33000183105469,126.66999816894531,164.64999389648438,83.48999786376953
2020-09-29,6.815400123596191,41.16999816894531,126.87999725341797,164.83999633789062,83.55999755859375
2020-09-30,6.789700031280518,42.0,126.5,163.25999450683594,83.9000015258789
2020-10-01,6.789400100708008,42.5099983215332,126.05999755859375,163.36000061035156,83.83000183105469
2020-10-02,6.789400100708008,42.029998779296875,126.08000183105469,162.75,83.83000183105469
2020-10-04,6.78980016708374,42.029998779296875,126.08000183105469,162.75,83.83000183105469
2020-10-05,6.78980016708374,42.189998626708984,125.69999694824219,159.57000732421875,84.45999908447266
2020-10-06,6.78980016708374,42.470001220703125,125.72000122070312,160.42999267578125,84.2699966430664
2020-10-07,6.789700031280518,42.91999816894531,125.70999908447266,159.25999450683594,84.56999969482422
2020-10-08,6.7891998291015625,43.130001068115234,126.20999908447266,160.1199951171875,84.76000213623047
2020-10-09,6.7891998291015625,43.2400016784668,126.25,160.08999633789062,84.94999694824219
2020-10-11,6.693699836730957,43.2400016784668,126.25,160.08999633789062,84.94999694824219
2020-10-12,6.7444000244140625,44.400001525878906,126.33000183105469,160.60000610351562,85.37999725341797
2020-10-13,6.745500087738037,44.34000015258789,126.33000183105469,161.75,85.0
2020-10-14,6.713600158691406,43.779998779296875,126.33000183105469,162.1199951171875,84.79000091552734
2020-10-15,6.723899841308594,43.45000076293945,126.29000091552734,161.83999633789062,84.7300033569336
2020-10-16,6.723899841308594,44.11000061035156,126.33999633789062,161.38999938964844,84.62999725341797
2020-10-18,6.696599960327148,44.11000061035156,126.33999633789062,161.38999938964844,84.62999725341797
2020-10-19,6.680699825286865,44.09000015258789,126.04000091552734,160.77999877929688,84.33000183105469
2020-10-20,6.67519998550415,44.279998779296875,125.93000030517578,159.25,84.62999725341797
2020-10-21,6.650000095367432,44.68000030517578,125.88999938964844,158.6999969482422,84.62000274658203
2020-10-22,6.683499813079834,45.02000045776367,125.69999694824219,157.0500030517578,84.7699966430664
2020-10-23,6.683499813079834,45.130001068115234,125.8499984741211,158.00999450683594,84.87000274658203
2020-10-26,6.685699939727783,44.70000076293945,125.94999694824219,159.47999572753906,84.12000274658203
2020-10-27,6.711299896240234,44.790000915527344,126.19999694824219,160.5500030517578,84.16000366210938
2020-10-28,6.704400062561035,43.88999938964844,126.04000091552734,160.6999969482422,83.45999908447266
2020-10-29,6.72790002822876,44.54999923706055,125.61000061035156,159.13999938964844,83.69999694824219
2020-10-30,6.714000225067139,44.099998474121094,125.2300033569336,157.57000732421875,83.87999725341797
2020-11-02,6.6890997886657715,44.97999954223633,125.37000274658203,158.5800018310547,83.72000122070312
2020-11-03,6.689700126647949,45.08000183105469,125.2699966430664,157.66000366210938,84.44000244140625
2020-11-04,6.676599979400635,46.959999084472656,125.4800033569336,161.0800018310547,85.2300033569336
2020-11-05,6.6519999504089355,47.70000076293945,125.58000183105469,161.36000061035156,85.52999877929688
2020-11-06,6.605199813842773,47.72999954223633,125.01000213623047,159.41000366210938,85.2300033569336
2020-11-09,6.610400199890137,48.22999954223633,124.6500015258789,156.05999755859375,85.87999725341797
2020-11-10,6.6280999183654785,47.119998931884766,124.7699966430664,155.16000366210938,85.76000213623047
2020-11-11,6.614799976348877,47.599998474121094,124.98999786376953,155.72000122070312,85.7300033569336
2020-11-12,6.630799770355225,47.099998474121094,125.33999633789062,158.3699951171875,85.1500015258789
2020-11-13,6.610599994659424,47.470001220703125,125.33000183105469,158.16000366210938,85.44000244140625
2020-11-16,6.605400085449219,47.68000030517578,125.16000366210938,157.77999877929688,85.91999816894531
2020-11-17,6.583799839019775,47.36000061035156,125.37000274658203,158.80999755859375,85.94999694824219
2020-11-18,6.555099964141846,47.150001525878906,125.41000366210938,159.27000427246094,85.79000091552734
2020-11-19,6.559500217437744,47.119998931884766,125.54000091552734,160.08999633789062,86.08000183105469
2020-11-20,6.582399845123291,47.439998626708984,125.81999969482422,161.50999450683594,85.91999816894531
2020-11-23,6.5619001388549805,47.25,125.72000122070312,160.77000427246094,86.05000305175781
2020-11-24,6.584499835968018,47.5099983215332,125.76000213623047,159.1699981689453,86.30999755859375
2020-11-25,6.590199947357178,47.22999954223633,125.97000122070312,158.67999267578125,86.2699966430664
2020-11-26,6.577499866485596,47.22999954223633,125.97000122070312,158.67999267578125,86.2699966430664
2020-11-27,6.57450008392334,48.619998931884766,126.27999877929688,160.22000122070312,86.41000366210938
2020-11-30,6.576000213623047,47.0,126.41999816894531,160.02000427246094,86.31999969482422
2020-12-01,6.5777997970581055,47.47999954223633,126.0,157.5,86.19999694824219
2020-12-02,6.570799827575684,47.150001525878906,126.08999633789062,156.25,86.44000244140625
2020-12-03,6.562399864196777,47.130001068115234,126.44000244140625,157.50999450683594,86.48999786376953
2020-12-04,6.541399955749512,47.189998626708984,126.16999816894531,155.1999969482422,86.8499984741211
2020-12-07,6.530600070953369,46.72999954223633,126.5,156.60000610351562,86.80999755859375
2020-12-08,6.52869987487793,46.58000183105469,126.70999908447266,157.33999633789062,86.73999786376953
2020-12-09,6.531700134277344,46.0,126.55000305175781,156.82000732421875,86.61000061035156
2020-12-10,6.542200088500977,46.56999969482422,126.83999633789062,158.2100067138672,86.7699966430664
2020-12-11,6.544400215148926,46.150001525878906,126.83000183105469,158.77000427246094,86.68000030517578
2020-12-14,6.5457000732421875,45.41999816894531,126.83000183105469,158.3300018310547,86.69999694824219
2020-12-15,6.549699783325195,45.4900016784668,127.05999755859375,157.8000030517578,86.97000122070312
2020-12-16,6.538300037384033,45.540000915527344,127.05000305175781,157.3800048828125,86.83999633789062
2020-12-17,6.531300067901611,45.83000183105469,127.0999984741211,156.8000030517578,86.61000061035156
2020-12-18,6.532100200653076,45.75,127.04000091552734,156.3300018310547,86.68000030517578
2020-12-21,6.535999774932861,45.380001068115234,127.0199966430664,156.9499969482422,86.37000274658203
2020-12-22,6.5482001304626465,45.22999954223633,127.13999938964844,157.75999450683594,86.4800033569336
2020-12-23,6.542200088500977,45.61000061035156,127.19999694824219,156.6699981689453,86.87000274658203
2020-12-24,6.539599895477295,44.849998474121094,127.25,157.2899932861328,87.05000305175781
2020-12-25,6.5289998054504395,44.849998474121094,127.25,157.2899932861328,87.05000305175781
2020-12-28,6.540800094604492,44.91999816894531,127.33999633789062,157.36000061035156,87.16000366210938
2020-12-29,6.535600185394287,45.5,127.27999877929688,157.16000366210938,87.05000305175781
2020-12-30,6.53000020980835,46.25,127.37999725341797,157.5,87.2300033569336
2020-12-31,6.522200107574463,46.43000030517578,127.6500015258789,157.72999572753906,87.30000305175781
2021-01-01,6.531700134277344,46.43000030517578,127.6500015258789,157.72999572753906,87.30000305175781
2021-01-04,6.5320000648498535,46.29999923706055,127.79000091552734,157.5399932861328,87.12000274658203
2021-01-05,6.4604997634887695,47.560001373291016,127.75,156.3699951171875,87.1500015258789
2021-01-06,6.4552001953125,47.0099983215332,127.37000274658203,153.16000366210938,86.98999786376953
2021-01-07,6.460700035095215,47.34000015258789,127.29000091552734,151.80999755859375,87.23999786376953
2021-01-08,6.477200031280518,48.31999969482422,126.79000091552734,151.32000732421875,87.37000274658203
2021-01-11,6.474299907684326,47.66999816894531,126.5199966430664,151.07000732421875,86.9000015258789
2021-01-12,6.479700088500977,48.290000915527344,126.69000244140625,150.9499969482422,87.01000213623047
2021-01-13,6.462900161743164,48.43000030517578,126.97000122070312,152.64999389648438,87.2699966430664
2021-01-14,6.4670000076293945,48.650001525878906,127.02999877929688,151.22000122070312,87.25
2021-01-15,6.473100185394287,48.619998931884766,127.16999816894531,151.82000732421875,87.11000061035156
2021-01-18,6.479700088500977,48.619998931884766,127.16999816894531,151.82000732421875,87.11000061035156
2021-01-19,6.491399765014648,50.709999084472656,127.47000122070312,152.30999755859375,87.36000061035156
2021-01-20,6.47790002822876,52.27000045776367,127.66000366210938,152.4600067138672,87.5199966430664
2021-01-21,6.465400218963623,51.970001220703125,127.97000122070312,151.38999938964844,87.47000122070312
2021-01-22,6.461400032043457,51.709999084472656,127.7699966430664,151.8800048828125,87.30000305175781
2021-01-25,6.480800151824951,52.900001525878906,128.10000610351562,153.6699981689453,87.31999969482422
2021-01-26,6.478700160980225,52.349998474121094,127.91000366210938,153.3800048828125,87.19000244140625
2021-01-27,6.463699817657471,50.43000030517578,127.87000274658203,153.77000427246094,86.94000244140625
2021-01-28,6.482100009918213,50.529998779296875,128.1199951171875,152.9199981689453,87.19999694824219
2021-01-29,6.448400020599365,49.36000061035156,127.98999786376953,152.0,86.97000122070312
2021-02-01,6.426799774169922,50.709999084472656,127.70999908447266,152.0,86.93000030517578
2021-02-02,6.46750020980835,51.43000030517578,127.9000015258789,151.02000427246094,87.13999938964844
2021-02-03,6.456399917602539,51.54999923706055,127.83000183105469,149.67999267578125,87.20999908447266
2021-02-04,6.459199905395508,51.29999923706055,127.73999786376953,149.27999877929688,87.38999938964844
2021-02-05,6.470699787139893,51.689998626708984,127.70999908447266,148.02999877929688,87.5199966430664
2021-02-08,6.465700149536133,51.52000045776367,127.83000183105469,148.67999267578125,87.77999877929688
2021-02-09,6.447999954223633,52.20000076293945,127.9000015258789,148.7899932861328,87.62000274658203
2021-02-10,6.434199810028076,52.709999084472656,128.00999450683594,149.77999877929688,87.5999984741211
2021-02-11,6.457200050354004,53.630001068115234,127.86000061035156,148.9600067138672,87.63999938964844
2021-02-12,6.456900119781494,53.58000183105469,127.6500015258789,147.11000061035156,87.77999877929688
2021-02-15,6.457200050354004,53.58000183105469,127.6500015258789,147.11000061035156,87.77999877929688
2021-02-16,6.457200050354004,53.61000061035156,127.02999877929688,144.8699951171875,87.63999938964844
2021-02-17,6.457099914550781,54.470001220703125,126.9800033569336,145.7899932861328,87.61000061035156
2021-02-18,6.457600116729736,53.29999923706055,126.44999694824219,145.1999969482422,87.48999786376953
2021-02-19,6.487199783325195,53.61000061035156,125.91000366210938,143.27000427246094,87.5
2021-02-22,6.485799789428711,51.63999938964844,125.9000015258789,142.17999267578125,87.2300033569336
2021-02-23,6.463099956512451,51.810001373291016,125.93000030517578,141.77000427246094,87.44000244140625
2021-02-24,6.4629998207092285,50.689998626708984,125.83000183105469,140.83999633789062,87.52999877929688
2021-02-25,6.455999851226807,49.91999816894531,124.29000091552734,138.5399932861328,86.69999694824219
2021-02-26,6.453800201416016,49.06999969482422,125.83000183105469,143.1199951171875,86.44000244140625
2021-03-01,6.47790002822876,50.369998931884766,125.41000366210938,141.05999755859375,87.0999984741211
2021-03-02,6.463200092315674,49.400001525878906,125.91999816894531,141.07000732421875,86.97000122070312
2021-03-03,6.4695000648498535,49.779998779296875,125.5999984741211,139.5399932861328,86.69000244140625
2021-03-04,6.466800212860107,48.349998474121094,125.12000274658203,138.63999938964844,86.36000061035156
2021-03-05,6.468999862670898,48.849998474121094,125.25,138.91000366210938,86.62000274658203
2021-03-08,6.495699882507324,47.130001068115234,124.55999755859375,137.8300018310547,85.98999786376953
2021-03-09,6.524600028991699,48.150001525878906,125.33999633789062,139.74000549316406,86.11000061035156
2021-03-10,6.5055999755859375,47.77000045776367,125.91000366210938,140.02000427246094,86.37999725341797
2021-03-11,6.504899978637695,49.4900016784668,126.0199966430664,139.00999450683594,86.69999694824219
2021-03-12,6.493000030517578,48.099998474121094,125.02999877929688,136.05999755859375,86.45999908447266
2021-03-15,6.498499870300293,48.0099983215332,125.4000015258789,136.86000061035156,86.47000122070312
2021-03-16,6.498899936676025,48.439998626708984,125.66000366210938,136.30999755859375,86.2699966430664
2021-03-17,6.505000114440918,48.40999984741211,125.55000305175781,135.2899932861328,86.38999938964844
2021-03-18,6.502600193023682,47.97999954223633,124.66000366210938,133.9199981689453,85.7300033569336
2021-03-19,6.504799842834473,47.9900016784668,124.9000015258789,134.75,86.05999755859375
2021-03-22,6.499000072479248,47.91999816894531,125.5,136.25999450683594,86.37000274658203
2021-03-23,6.50629997253418,46.84000015258789,125.76000213623047,137.49000549316406,86.45999908447266
2021-03-24,6.514900207519531,45.11000061035156,126.08999633789062,138.22999572753906,86.51000213623047
2021-03-25,6.514599800109863,45.34000015258789,126.0,137.13999938964844,86.66000366210938
2021-03-26,6.5447998046875,46.66999816894531,126.02999877929688,136.66000366210938,86.91999816894531
2021-03-28,6.540500164031982,46.66999816894531,126.02999877929688,136.66000366210938,86.91999816894531
2021-03-29,6.568699836730957,46.41999816894531,125.69000244140625,135.5,86.97000122070312
2021-03-30,6.571000099182129,46.61000061035156,125.47000122070312,136.2100067138672,86.76000213623047
2021-03-31,6.551199913024902,46.65999984741211,125.5,135.4499969482422,87.18000030517578
2021-04-01,6.5644001960754395,47.45000076293945,125.55999755859375,137.50999450683594,87.06999969482422
2021-04-04,6.566500186920166,47.45000076293945,125.55999755859375,137.50999450683594,87.06999969482422
2021-04-05,6.565899848937988,47.4900016784668,125.19999694824219,136.91000366210938,87.11000061035156
2021-04-06,6.53849983215332,47.58000183105469,125.2699966430664,137.83999633789062,87.26000213623047
2021-04-07,6.540999889373779,46.5,125.3499984741211,136.8800048828125,87.2300033569336
2021-04-08,6.550000190734863,47.11000061035156,125.62999725341797,138.00999450683594,87.26000213623047
2021-04-09,6.550000190734863,46.529998779296875,125.36000061035156,137.50999450683594,87.19999694824219
2021-04-11,6.552000045776367,46.529998779296875,125.36000061035156,137.50999450683594,87.19999694824219
2021-04-12,6.547900199890137,46.470001220703125,125.37999725341797,137.4499969482422,87.11000061035156
2021-04-13,6.542600154876709,46.439998626708984,125.83999633789062,138.47999572753906,87.16999816894531
2021-04-14,6.52810001373291,46.59000015258789,125.83999633789062,138.0399932861328,87.12999725341797
2021-04-15,6.521299839019775,46.650001525878906,126.5199966430664,140.35000610351562,87.4800033569336
2021-04-16,6.521299839019775,46.90999984741211,126.4800033569336,139.25999450683594,87.30000305175781
2021-04-18,6.511099815368652,46.90999984741211,126.4800033569336,139.25999450683594,87.30000305175781
2021-04-19,6.509300231933594,46.900001525878906,126.26000213623047,138.86000061035156,87.16000366210938
2021-04-20,6.498499870300293,46.77000045776367,126.33999633789062,139.5,87.01000213623047
2021-04-21,6.489999771118164,46.83000183105469,126.45999908447266,139.77999877929688,87.30000305175781
2021-04-22,6.490300178527832,46.970001220703125,126.61000061035156,140.38999938964844,87.13999938964844
2021-04-23,6.490300178527832,47.59000015258789,126.66999816894531,140.05999755859375,87.37000274658203
2021-04-25,6.4944000244140625,47.59000015258789,126.66999816894531,140.05999755859375,87.37000274658203
2021-04-26,6.484499931335449,46.869998931884766,126.73999786376953,139.86000061035156,87.33000183105469
2021-04-27,6.482100009918213,47.060001373291016,126.7300033569336,138.63999938964844,87.20999908447266
2021-04-28,6.47790002822876,47.279998779296875,127.12999725341797,138.72999572753906,87.37999725341797
2021-04-29,6.471199989318848,47.2400016784668,127.06999969482422,138.32000732421875,87.4800033569336
2021-04-30,6.471199989318848,46.279998779296875,126.98999786376953,138.63999938964844,87.44000244140625
2021-05-02,6.473499774932861,46.279998779296875,126.98999786376953,138.63999938964844,87.44000244140625
2021-05-03,6.472799777984619,46.029998779296875,126.79000091552734,138.52000427246094,87.18000030517578
2021-05-04,6.472799777984619,45.56999969482422,127.08000183105469,139.4600067138672,87.12999725341797
2021-05-05,6.4730000495910645,45.79999923706055,127.6500015258789,139.69000244140625,87.30000305175781
2021-05-06,6.463200092315674,45.93000030517578,127.5,139.9199981689453,87.2699966430664
2021-05-07,6.463200092315674,46.04999923706055,127.7699966430664,139.22999572753906,87.33000183105469
2021-05-09,6.43149995803833,46.04999923706055,127.7699966430664,139.22999572753906,87.33000183105469
2021-05-10,6.41510009765625,44.7400016784668,127.83000183105469,137.82000732421875,87.12999725341797
2021-05-11,6.428299903869629,44.72999954223633,127.48999786376953,137.0399932861328,87.04000091552734
2021-05-12,6.4552001953125,44.18000030517578,127.2699966430664,135.60000610351562,86.62000274658203
2021-05-13,6.450900077819824,43.54999923706055,127.30000305175781,135.80999755859375,86.93000030517578
2021-05-14,6.450900077819824,44.209999084472656,127.75,137.0800018310547,87.20999908447266
2021-05-16,6.436100006103516,44.209999084472656,127.75,137.0800018310547,87.20999908447266
2021-05-17,6.438199996948242,44.63999938964844,128.0,136.7899932861328,87.05000305175781
2021-05-18,6.424200057983398,45.0,127.80999755859375,136.44000244140625,86.83999633789062
2021-05-19,6.434000015258789,45.130001068115234,126.94000244140625,136.11000061035156,86.61000061035156
2021-05-20,6.433899879455566,45.58000183105469,127.08999633789062,137.22999572753906,86.9800033569336
2021-05-21,6.433899879455566,45.13999938964844,127.31999969482422,137.6699981689453,87.11000061035156
2021-05-23,6.433199882507324,45.13999938964844,127.31999969482422,137.6699981689453,87.11000061035156
2021-05-24,6.418300151824951,45.08000183105469,127.62999725341797,138.17999267578125,87.20999908447266
2021-05-25,6.409999847412109,46.150001525878906,127.98999786376953,139.4600067138672,87.22000122070312
2021-05-26,6.390699863433838,46.43000030517578,127.69999694824219,139.22000122070312,87.25
2021-05-27,6.381999969482422,46.400001525878906,127.69000244140625,138.66000366210938,87.20999908447266
2021-05-28,6.381999969482422,46.2400016784668,127.7699966430664,138.44000244140625,87.18000030517578
2021-05-30,6.367400169372559,46.2400016784668,127.7699966430664,138.44000244140625,87.18000030517578
2021-05-31,6.36899995803833,46.2400016784668,127.7699966430664,138.44000244140625,87.18000030517578
2021-06-01,6.38070011138916,47.45000076293945,127.45999908447266,138.2100067138672,87.1500015258789
2021-06-02,6.380099773406982,47.2599983215332,127.30000305175781,138.52999877929688,87.26000213623047
2021-06-03,6.402699947357178,46.31999969482422,126.87000274658203,138.00999450683594,87.08000183105469
2021-06-04,6.402699947357178,46.79999923706055,127.4800033569336,139.89999389648438,87.2699966430664
2021-06-06,6.3942999839782715,46.79999923706055,127.4800033569336,139.89999389648438,87.2699966430664
2021-06-07,6.396299839019775,46.29999923706055,127.19999694824219,139.47000122070312,87.30000305175781
2021-06-08,6.399499893188477,46.08000183105469,127.33000183105469,140.4499969482422,87.36000061035156
2021-06-09,6.386499881744385,46.08000183105469,127.33999633789062,141.69000244140625,87.43000030517578
2021-06-10,6.392300128936768,46.18000030517578,128.0,142.5399932861328,87.58999633789062
2021-06-11,6.392300128936768,46.06999969482422,127.66999816894531,142.30999755859375,87.62000274658203
2021-06-13,6.39769983291626,46.06999969482422,127.66999816894531,142.30999755859375,87.62000274658203
2021-06-14,6.397200107574463,46.209999084472656,127.5999984741211,141.22000122070312,87.54000091552734
2021-06-15,6.40500020980835,45.58000183105469,127.80999755859375,141.0500030517578,87.52999877929688
2021-06-16,6.396699905395508,44.880001068115234,126.6500015258789,140.92999267578125,87.41000366210938
2021-06-17,6.447400093078613,45.5099983215332,127.12999725341797,143.0399932861328,87.47000122070312
2021-06-18,6.447400093078613,45.560001373291016,127.18000030517578,145.72999572753906,87.43000030517578
2021-06-20,6.452099800109863,45.560001373291016,127.18000030517578,145.72999572753906,87.43000030517578
2021-06-21,6.46589994430542,45.54999923706055,126.95999908447266,143.2899932861328,87.5999984741211
2021-06-22,6.480299949645996,45.18000030517578,127.66000366210938,143.63999938964844,87.66000366210938
2021-06-23,6.4730000495910645,45.75,127.69000244140625,143.27000427246094,87.56999969482422
2021-06-24,6.4710001945495605,46.22999954223633,127.44999694824219,143.5,87.83999633789062
2021-06-25,6.4710001945495605,47.11000061035156,127.58000183105469,142.00999450683594,87.93000030517578
2021-06-27,6.446300029754639,47.11000061035156,127.58000183105469,142.00999450683594,87.93000030517578
2021-06-28,6.455100059509277,47.220001220703125,127.7699966430664,143.47000122070312,87.91999816894531
2021-06-29,6.463099956512451,46.869998931884766,127.83999633789062,143.7100067138672,88.02999877929688
2021-06-30,6.456200122833252,46.33000183105469,128.00999450683594,144.35000610351562,88.04000091552734
2021-07-01,6.467599868774414,46.09000015258789,127.30000305175781,144.1699981689453,87.91999816894531
2021-07-02,6.467599868774414,45.4900016784668,127.83999633789062,145.0399932861328,88.05999755859375
2021-07-04,6.472099781036377,45.4900016784668,127.83999633789062,145.0399932861328,88.05999755859375
2021-07-05,6.462800025939941,45.4900016784668,127.83999633789062,145.0399932861328,88.05999755859375
2021-07-06,6.478099822998047,44.220001220703125,128.1699981689453,146.74000549316406,88.01000213623047
2021-07-07,6.471499919891357,44.29999923706055,128.0800018310547,148.0399932861328,88.04000091552734
2021-07-08,6.489099979400635,42.91999816894531,127.91000366210938,148.6199951171875,87.8499984741211
2021-07-09,6.489099979400635,44.150001525878906,127.93000030517578,146.52999877929688,88.0
2021-07-11,6.478000164031982,44.150001525878906,127.93000030517578,146.52999877929688,88.0
2021-07-12,6.474599838256836,44.0,128.27000427246094,146.33999633789062,87.97000122070312
2021-07-13,6.46750020980835,44.5,128.27000427246094,145.22000122070312,87.70999908447266
2021-07-14,6.468299865722656,44.310001373291016,128.61000061035156,146.8699951171875,87.8499984741211
2021-07-15,6.460100173950195,44.7400016784668,129.0,148.49000549316406,87.79000091552734
2021-07-16,6.460100173950195,44.400001525878906,129.0,148.2100067138672,87.66999816894531
2021-07-18,6.4781999588012695,44.400001525878906,129.0,148.2100067138672,87.66999816894531
2021-07-19,6.4893999099731445,43.810001373291016,129.0500030517578,151.4600067138672,87.08000183105469
2021-07-20,6.48390007019043,43.59000015258789,129.02999877929688,150.0,87.5199966430664
2021-07-21,6.4670000076293945,43.720001220703125,128.6999969482422,148.10000610351562,87.7300033569336
2021-07-22,6.469699859619141,43.900001525878906,129.05999755859375,149.5,87.77999877929688
2021-07-23,6.469699859619141,42.779998779296875,129.63999938964844,148.5,87.94999694824219
2021-07-25,6.480400085449219,42.779998779296875,129.63999938964844,148.5,87.94999694824219
2021-07-26,6.4816999435424805,40.4900016784668,130.1999969482422,148.05999755859375,87.81999969482422
2021-07-27,6.509699821472168,39.15999984741211,130.1699981689453,149.63999938964844,87.69999694824219
2021-07-28,6.4893999099731445,41.52000045776367,130.61000061035156,149.64999389648438,87.7699966430664
2021-07-29,6.4552998542785645,40.939998626708984,130.3800048828125,148.82000732421875,87.95999908447266
2021-07-30,6.4552998542785645,40.540000915527344,130.5800018310547,149.52000427246094,87.83999633789062
2021-08-01,6.4604997634887695,40.540000915527344,130.5800018310547,149.52000427246094,87.83999633789062
2021-08-02,6.460999965667725,41.119998931884766,129.85000610351562,150.6699981689453,87.33999633789062
2021-08-03,6.469200134277344,40.810001373291016,129.97000122070312,150.75,87.44000244140625
2021-08-04,6.465199947357178,41.36000061035156,129.72000122070312,151.05999755859375,87.27999877929688
2021-08-05,6.460299968719482,40.900001525878906,129.25999450683594,150.2899932861328,87.4800033569336
2021-08-06,6.460299968719482,40.41999816894531,128.97000122070312,147.77999877929688,87.37999725341797
2021-08-08,6.482500076293945,40.41999816894531,128.97000122070312,147.77999877929688,87.37999725341797
2021-08-09,6.485199928283691,41.16999816894531,128.74000549316406,147.25,87.18000030517578
2021-08-10,6.484899997711182,41.619998931884766,128.86000061035156,146.57000732421875,86.9800033569336
2021-08-11,6.4781999588012695,41.970001220703125,129.07000732421875,146.47999572753906,87.12000274658203
2021-08-12,6.478300094604492,41.33000183105469,128.97000122070312,146.24000549316406,87.2699966430664
2021-08-13,6.478300094604492,41.349998474121094,129.3000030517578,148.5500030517578,87.45999908447266
2021-08-15,6.476399898529053,41.349998474121094,129.3000030517578,148.5500030517578,87.45999908447266
2021-08-16,6.473599910736084,40.65999984741211,129.42999267578125,148.91000366210938,87.48999786376953
2021-08-17,6.485099792480469,39.52000045776367,129.0800018310547,148.85000610351562,87.29000091552734
2021-08-18,6.4832000732421875,39.84000015258789,129.10000610351562,149.35000610351562,87.08999633789062
2021-08-19,6.49370002746582,39.040000915527344,129.14999389648438,150.4499969482422,87.08000183105469
2021-08-20,6.49370002746582,38.66999816894531,128.75,150.5500030517578,87.29000091552734
2021-08-22,6.491600036621094,38.66999816894531,128.75,150.5500030517578,87.29000091552734
2021-08-23,6.480000019073486,39.41999816894531,129.0500030517578,150.4499969482422,87.55999755859375
2021-08-24,6.469900131225586,40.79999923706055,129.0500030517578,149.27999877929688,87.68000030517578
2021-08-25,6.474899768829346,40.459999084472656,129.0,148.0399932861328,87.7699966430664
2021-08-26,6.480500221252441,39.81999969482422,129.02000427246094,148.4499969482422,87.72000122070312
2021-08-27,6.480500221252441,40.13999938964844,129.99000549316406,149.4600067138672,87.95999908447266
2021-08-29,6.470799922943115,40.13999938964844,129.99000549316406,149.4600067138672,87.95999908447266
2021-08-30,6.465099811553955,40.20000076293945,129.97000122070312,149.85000610351562,88.06999969482422
2021-08-31,6.45959997177124,40.939998626708984,129.58999633789062,148.8300018310547,88.08999633789062
2021-09-01,6.459000110626221,41.849998474121094,128.75,148.88999938964844,87.88999938964844
2021-09-02,6.455399990081787,41.400001525878906,128.8000030517578,149.5399932861328,88.0
2021-09-03,6.455399990081787,41.470001220703125,128.6199951171875,148.17999267578125,88.01000213623047
2021-09-05,6.451900005340576,41.470001220703125,128.6199951171875,148.17999267578125,88.01000213623047
2021-09-06,6.456699848175049,41.470001220703125,128.6199951171875,148.17999267578125,88.01000213623047
2021-09-07,6.4654998779296875,42.45000076293945,128.3000030517578,146.92999267578125,87.77999877929688
2021-09-08,6.460700035095215,41.9900016784668,128.82000732421875,147.92999267578125,87.87999725341797
2021-09-09,6.4542999267578125,41.599998474121094,129.5,149.72000122070312,87.95999908447266
2021-09-10,6.4542999267578125,41.56999969482422,129.13999938964844,148.39999389648438,87.83000183105469
2021-09-12,6.443399906158447,41.56999969482422,129.13999938964844,148.39999389648438,87.83000183105469
2021-09-13,6.450799942016602,41.47999954223633,129.13999938964844,149.3000030517578,88.05000305175781
2021-09-14,6.438300132751465,40.540000915527344,129.2100067138672,151.11000061035156,88.01000213623047
2021-09-15,6.431399822235107,40.2599983215332,129.27999877929688,150.5800018310547,88.13999938964844
2021-09-16,6.456600189208984,39.66999816894531,129.07000732421875,149.88999938964844,88.11000061035156
2021-09-17,6.456600189208984,39.91999816894531,128.6999969482422,149.1699981689453,88.0
2021-09-19,6.465199947357178,39.91999816894531,128.6999969482422,149.1699981689453,88.0
2021-09-20,6.465000152587891,38.18000030517578,128.82000732421875,151.02000427246094,87.69000244140625
2021-09-21,6.466000080108643,38.650001525878906,128.72999572753906,150.88999938964844,87.83999633789062
2021-09-22,6.4608001708984375,39.38999938964844,128.60000610351562,151.7899932861328,88.0
2021-09-23,6.457900047302246,39.060001373291016,128.13999938964844,148.36000061035156,88.04000091552734
2021-09-24,6.457900047302246,38.2400016784668,127.81999969482422,146.91000366210938,87.91000366210938
2021-09-26,6.465700149536133,38.2400016784668,127.81999969482422,146.91000366210938,87.91000366210938
2021-09-27,6.455999851226807,38.790000915527344,127.87999725341797,146.3699951171875,87.83000183105469
2021-09-28,6.459000110626221,38.84000015258789,127.5999984741211,144.08999633789062,87.43000030517578
2021-09-29,6.469600200653076,38.560001373291016,127.66999816894531,144.33999633789062,87.58999633789062
2021-09-30,6.445499897003174,38.93000030517578,127.69000244140625,144.32000732421875,87.48999786376953
2021-10-01,6.445499897003174,38.619998931884766,127.80999755859375,145.35000610351562,87.41000366210938
2021-10-03,6.445700168609619,38.619998931884766,127.80999755859375,145.35000610351562,87.41000366210938
2021-10-04,6.445199966430664,37.65999984741211,127.80000305175781,144.97999572753906,87.0999984741211
2021-10-05,6.445199966430664,38.189998626708984,127.93000030517578,143.5800018310547,87.05999755859375
2021-10-06,6.445199966430664,38.02000045776367,127.86000061035156,144.38999938964844,87.01000213623047
2021-10-07,6.445199966430664,39.56999969482422,127.75,142.8800048828125,87.0199966430664
2021-10-08,6.445199966430664,39.95000076293945,127.77999877929688,141.8800048828125,86.76000213623047
2021-10-10,6.442299842834473,39.95000076293945,127.77999877929688,141.8800048828125,86.76000213623047
2021-10-11,6.4496002197265625,39.91999816894531,127.69999694824219,141.52000427246094,86.48999786376953
2021-10-12,6.447999954223633,39.70000076293945,127.94000244140625,143.94000244140625,86.6500015258789
2021-10-13,6.426599979400635,40.5,128.52000427246094,145.33999633789062,86.87999725341797
2021-10-14,6.439000129699707,40.310001373291016,128.77000427246094,145.8800048828125,87.37000274658203
2021-10-15,6.439000129699707,40.70000076293945,128.55999755859375,145.02999877929688,87.22000122070312
2021-10-17,6.434800148010254,40.70000076293945,128.55999755859375,145.02999877929688,87.22000122070312
2021-10-18,6.428899765014648,40.939998626708984,128.2899932861328,145.7100067138672,87.18000030517578
2021-10-19,6.381800174713135,42.11000061035156,127.9800033569336,143.6999969482422,87.23999786376953
2021-10-20,6.392899990081787,42.189998626708984,128.2100067138672,142.72999572753906,87.2699966430664
2021-10-21,6.3917999267578125,42.150001525878906,128.5,142.55999755859375,87.05000305175781
2021-10-22,6.3917999267578125,42.20000076293945,128.75999450683594,144.1300048828125,86.83999633789062
2021-10-24,6.383900165557861,42.20000076293945,128.75999450683594,144.1300048828125,86.83999633789062
2021-10-25,6.384699821472168,42.33000183105469,129.07000732421875,143.91000366210938,86.98999786376953
2021-10-26,6.381499767303467,41.47999954223633,129.52000427246094,145.10000610351562,87.01000213623047
2021-10-27,6.391600131988525,41.0099983215332,130.1300048828125,147.74000549316406,86.94000244140625
2021-10-28,6.390399932861328,41.099998474121094,129.0,147.24000549316406,87.16000366210938
2021-10-29,6.390399932861328,40.33000183105469,128.6699981689453,147.69000244140625,86.93000030517578
2021-11-01,6.404699802398682,41.060001373291016,128.0399932861328,146.44000244140625,86.55999755859375
2021-11-02,6.396200180053711,39.939998626708984,128.5500030517578,147.08999633789062,86.7699966430664
2021-11-03,6.398900032043457,40.279998779296875,128.3699951171875,145.57000732421875,86.94000244140625
2021-11-04,6.406199932098389,40.040000915527344,129.22000122070312,147.10000610351562,87.16999816894531
2021-11-05,6.396399974822998,39.34000015258789,129.6699981689453,149.3000030517578,87.5
2021-11-08,6.397900104522705,39.779998779296875,130.10000610351562,149.02000427246094,87.38999938964844
2021-11-09,6.391600131988525,39.459999084472656,130.86000061035156,150.9600067138672,87.45999908447266
2021-11-10,6.39169979095459,39.81999969482422,130.4600067138672,148.1999969482422,86.97000122070312
2021-11-11,6.3881001472473145,41.400001525878906,130.44000244140625,147.97999572753906,86.81999969482422
2021-11-12,6.389500141143799,41.41999816894531,130.4199981689453,147.3300018310547,86.8499984741211
2021-11-15,6.378600120544434,41.11000061035156,130.44000244140625,145.47999572753906,86.75
2021-11-16,6.3821001052856445,41.630001068115234,130.25,145.11000061035156,86.79000091552734
2021-11-17,6.39109992980957,41.15999984741211,130.50999450683594,146.25999450683594,86.69999694824219
2021-11-18,6.3769001960754395,40.27000045776367,130.58999633789062,146.80999755859375,86.62999725341797
2021-11-19,6.385000228881836,40.5099983215332,130.35000610351562,148.36000061035156,86.55999755859375
2021-11-22,6.386199951171875,39.9900016784668,129.3000030517578,146.6199951171875,86.2300033569336
2021-11-23,6.384300231933594,39.779998779296875,128.8000030517578,144.5,86.11000061035156
2021-11-24,6.3907999992370605,39.88999938964844,129.1999969482422,146.82000732421875,86.08999633789062
2021-11-25,6.3917999267578125,39.88999938964844,129.1999969482422,146.82000732421875,86.08999633789062
2021-11-26,6.386000156402588,38.77000045776367,129.83999633789062,150.52999877929688,85.47000122070312
2021-11-29,6.392000198364258,38.400001525878906,129.5399932861328,149.32000732421875,86.0
2021-11-30,6.38700008392334,38.189998626708984,129.66000366210938,151.58999633789062,85.63999938964844
2021-12-01,6.3632001876831055,38.099998474121094,129.07000732421875,152.33999633789062,85.37000274658203
2021-12-02,6.367300033569336,38.36000061035156,129.4499969482422,152.52999877929688,86.0
2021-12-03,6.3755998611450195,37.470001220703125,129.72000122070312,154.35000610351562,86.0
2021-12-06,6.37529993057251,38.18000030517578,129.1300048828125,152.22999572753906,86.37999725341797
2021-12-07,6.374800205230713,38.689998626708984,129.33999633789062,151.0,86.83999633789062
2021-12-08,6.366300106048584,38.86000061035156,129.1199951171875,148.38999938964844,86.81999969482422
2021-12-09,6.343699932098389,38.869998931884766,128.58999633789062,149.22000122070312,86.43000030517578
2021-12-10,6.376500129699707,38.86000061035156,128.5800018310547,148.86000061035156,86.62999725341797
2021-12-13,6.360000133514404,37.77000045776367,128.7100067138672,151.05999755859375,86.62999725341797
2021-12-14,6.365499973297119,37.68000030517578,128.3000030517578,150.6999969482422,86.4800033569336
2021-12-15,6.366499900817871,36.59000015258789,128.41000366210938,149.25,86.80999755859375
2021-12-16,6.366499900817871,36.779998779296875,127.88999938964844,149.13999938964844,86.44999694824219
2021-12-17,6.367199897766113,36.34000015258789,127.9000015258789,150.8300018310547,86.37000274658203
2021-12-20,6.374000072479248,35.56999969482422,127.83000183105469,149.6999969482422,86.22000122070312
2021-12-21,6.374599933624268,36.619998931884766,128.11000061035156,149.1300048828125,86.68000030517578
2021-12-22,6.37060022354126,36.540000915527344,128.52000427246094,149.82000732421875,86.91000366210938
2021-12-23,6.369100093841553,36.630001068115234,128.22999572753906,148.52000427246094,87.16000366210938
2021-12-24,6.368800163269043,36.630001068115234,128.22999572753906,148.52000427246094,87.16000366210938
2021-12-27,6.366600036621094,36.529998779296875,128.66000366210938,148.8800048828125,87.25
2021-12-28,6.369800090789795,36.11000061035156,128.5800018310547,148.2899932861328,87.20999908447266
2021-12-29,6.367199897766113,35.689998626708984,128.69000244140625,146.6699981689453,87.06999969482422
2021-12-30,6.367300033569336,36.9900016784668,129.36000061035156,147.89999389648438,87.02999877929688
2021-12-31,6.372099876403809,36.58000183105469,129.1999969482422,148.19000244140625,87.01000213623047
2022-01-03,6.354899883270264,36.54999923706055,128.4600067138672,144.3000030517578,86.97000122070312
2022-01-04,6.355100154876709,35.88999938964844,127.97000122070312,143.6999969482422,86.75
2022-01-05,6.354300022125244,35.2400016784668,126.93000030517578,142.9199981689453,86.08000183105469
2022-01-06,6.354000091552734,35.86000061035156,126.37999725341797,143.2899932861328,86.08999633789062
2022-01-07,6.381899833679199,36.630001068115234,126.2300033569336,142.25999450683594,85.87000274658203
2022-01-10,6.376200199127197,36.650001525878906,126.38999938964844,142.61000061035156,85.94000244140625
2022-01-11,6.373899936676025,37.81999969482422,127.2699966430664,143.55999755859375,86.33999633789062
2022-01-12,6.372900009155273,38.65999984741211,126.44999694824219,143.00999450683594,86.4800033569336
2022-01-13,6.357600212097168,37.7400016784668,126.4800033569336,144.27999877929688,86.16999816894531
2022-01-14,6.358099937438965,38.119998931884766,125.91000366210938,142.10000610351562,86.08999633789062
2022-01-17,6.351500034332275,38.119998931884766,125.91000366210938,142.10000610351562,86.08999633789062
2022-01-18,6.346700191497803,37.70000076293945,125.30999755859375,140.10000610351562,85.66999816894531
2022-01-19,6.352200031280518,37.86000061035156,125.05000305175781,141.07000732421875,85.58999633789062
2022-01-20,6.343500137329102,39.029998779296875,125.19999694824219,141.94000244140625,85.43000030517578
2022-01-21,6.3394999504089355,38.2599983215332,125.9800033569336,143.6300048828125,85.44000244140625
2022-01-24,6.337699890136719,37.650001525878906,126.2699966430664,142.4499969482422,85.3499984741211
2022-01-25,6.329800128936768,37.689998626708984,126.05000305175781,142.22000122070312,85.0999984741211
2022-01-26,6.326499938964844,36.970001220703125,125.25,140.5,84.80999755859375
2022-01-27,6.3196001052856445,36.310001373291016,125.76000213623047,143.0800018310547,84.44000244140625
2022-01-28,6.3668999671936035,36.20000076293945,126.19999694824219,143.1300048828125,84.68000030517578
2022-01-31,6.35099983215332,37.939998626708984,126.54000091552734,142.38999938964844,84.69999694824219
2022-02-01,6.359499931335449,38.189998626708984,125.27999877929688,141.72000122070312,84.7300033569336
2022-02-02,6.359499931335449,37.86000061035156,125.41999816894531,142.1999969482422,84.86000061035156
2022-02-03,6.359499931335449,37.630001068115234,124.62999725341797,141.08999633789062,84.0999984741211
2022-02-04,6.359499931335449,37.97999954223633,123.91000366210938,139.00999450683594,83.7699966430664
2022-02-07,6.359499931335449,37.75,123.86000061035156,139.10000610351562,83.70999908447266
2022-02-08,6.35230016708374,38.119998931884766,123.69999694824219,138.1699981689453,83.62000274658203
2022-02-09,6.365699768066406,38.77000045776367,123.94000244140625,138.42999267578125,84.05999755859375
2022-02-10,6.361400127410889,38.29999923706055,122.94999694824219,136.22999572753906,82.94999694824219
2022-02-11,6.35260009765625,37.650001525878906,124.05000305175781,138.25,82.66000366210938
2022-02-14,6.353099822998047,37.290000915527344,123.72000122070312,136.52999877929688,82.5199966430664
2022-02-15,6.355899810791016,37.86000061035156,123.20999908447266,134.97999572753906,82.66000366210938
2022-02-16,6.3379998207092285,38.099998474121094,123.44999694824219,135.77999877929688,83.12000274658203
2022-02-17,6.335599899291992,37.790000915527344,123.7300033569336,136.7899932861328,82.7699966430664
2022-02-18,6.3358001708984375,36.709999084472656,124.13999938964844,138.22999572753906,82.88999938964844
2022-02-21,6.32420015335083,36.709999084472656,124.13999938964844,138.22999572753906,82.88999938964844
2022-02-22,6.334199905395508,35.72999954223633,124.5199966430664,138.58999633789062,82.69999694824219
2022-02-23,6.325300216674805,35.310001373291016,124.61000061035156,136.67999267578125,82.55000305175781
2022-02-24,6.312300205230713,35.04999923706055,125.12000274658203,136.77000427246094,83.13999938964844
2022-02-25,6.3267998695373535,35.220001220703125,125.01000213623047,136.8699951171875,83.61000061035156
2022-02-28,6.315999984741211,34.900001525878906,127.18000030517578,139.8699951171875,83.66999816894531
2022-03-01,6.3084001541137695,34.83000183105469,127.86000061035156,141.3000030517578,83.12999725341797
2022-03-02,6.311500072479248,34.56999969482422,127.02999877929688,136.47000122070312,83.33000183105469
2022-03-03,6.3196001052856445,33.689998626708984,126.87999725341797,137.86000061035156,83.08000183105469
2022-03-04,6.319200038909912,32.970001220703125,127.8499984741211,140.24000549316406,82.54000091552734
2022-03-07,6.316699981689453,31.719999313354492,128.5399932861328,139.1699981689453,81.81999969482422
2022-03-08,6.319300174713135,31.270000457763672,129.16000366210938,137.77000427246094,81.52999877929688
2022-03-09,6.317599773406982,31.790000915527344,127.87999725341797,136.4199981689453,82.20999908447266
2022-03-10,6.3165998458862305,30.350000381469727,127.5999984741211,134.4600067138672,81.5199966430664
2022-03-11,6.320799827575684,29.06999969482422,128.5,134.91000366210938,80.93000030517578
2022-03-14,6.338699817657471,27.1200008392334,127.08000183105469,131.75999450683594,79.97000122070312
2022-03-15,6.364500045776367,27.06999969482422,126.12999725341797,131.52999877929688,80.56999969482422
2022-03-16,6.369100093841553,32.81999969482422,125.4000015258789,132.82000732421875,81.69999694824219
2022-03-17,6.351200103759766,31.610000610351562,127.11000061035156,131.8300018310547,82.26000213623047
2022-03-18,6.3454999923706055,33.16999816894531,126.72000122070312,133.44000244140625,82.52999877929688
2022-03-21,6.360199928283691,31.780000686645508,125.5999984741211,130.35000610351562,81.58000183105469
2022-03-22,6.354499816894531,33.18000030517578,125.0199966430664,128.67999267578125,82.0
2022-03-23,6.365300178527832,32.970001220703125,126.58999633789062,131.5,81.73999786376953
2022-03-24,6.371300220489502,32.61000061035156,125.80999755859375,130.47000122070312,81.91000366210938
2022-03-25,6.366300106048584,32.119998931884766,124.94999694824219,128.66000366210938,81.31999969482422
2022-03-27,6.365200042724609,32.119998931884766,124.94999694824219,128.66000366210938,81.31999969482422
2022-03-28,6.370699882507324,32.619998931884766,124.80999755859375,129.75999450683594,81.83000183105469
2022-03-29,6.363100051879883,33.31999969482422,124.36000061035156,130.74000549316406,82.83999633789062
2022-03-30,6.346199989318848,33.13999938964844,124.97000122070312,131.75999450683594,82.58999633789062
2022-03-31,6.338900089263916,31.969999313354492,124.56999969482422,132.0800018310547,82.29000091552734
2022-04-01,6.338900089263916,33.20000076293945,123.08999633789062,132.3800048828125,81.94999694824219
2022-04-03,6.362100124359131,33.20000076293945,123.08999633789062,132.3800048828125,81.94999694824219
2022-04-04,6.362400054931641,34.33000183105469,123.0,131.4600067138672,82.56999969482422
2022-04-05,6.363100051879883,33.38999938964844,122.11000061035156,128.49000549316406,81.5
2022-04-06,6.358500003814697,32.7400016784668,121.56999969482422,127.44999694824219,80.86000061035156
2022-04-07,6.3597002029418945,32.25,121.41000366210938,126.48999786376953,80.7300033569336
2022-04-08,6.3597002029418945,32.279998779296875,121.62999725341797,125.12000274658203,80.23999786376953
2022-04-10,6.363999843597412,32.279998779296875,121.62999725341797,125.12000274658203,80.23999786376953
2022-04-11,6.36870002746582,31.510000228881836,121.41999816894531,123.13999938964844,79.69000244140625
2022-04-12,6.364999771118164,31.389999389648438,121.41000366210938,122.97000122070312,80.30000305175781
2022-04-13,6.367199897766113,32.0,121.18000030517578,123.22000122070312,80.77999877929688
2022-04-14,6.377399921417236,31.639999389648438,121.16999816894531,120.75,80.23999786376953
2022-04-17,6.370200157165527,31.639999389648438,121.16999816894531,120.75,80.23999786376953
2022-04-18,6.366199970245361,31.350000381469727,121.12999725341797,120.1500015258789,80.11000061035156
2022-04-19,6.392399787902832,31.040000915527344,120.52999877929688,119.25,80.04000091552734
2022-04-20,6.417699813842773,30.1299991607666,121.41999816894531,121.6500015258789,80.29000091552734
2022-04-21,6.4492998123168945,29.239999771118164,121.9000015258789,120.75,79.73999786376953
2022-04-22,6.4492998123168945,29.510000228881836,121.41999816894531,119.98999786376953,79.26000213623047
2022-04-24,6.50029993057251,29.510000228881836,121.41999816894531,119.98999786376953,79.26000213623047
2022-04-25,6.5578999519348145,29.18000030517578,121.33000183105469,121.19000244140625,79.93000030517578
2022-04-26,6.556300163269043,28.559999465942383,121.58999633789062,122.41000366210938,79.45999908447266
2022-04-27,6.559500217437744,29.469999313354492,121.38999938964844,120.83999633789062,79.06999969482422
2022-04-28,6.62529993057251,29.700000762939453,122.08000183105469,121.0199966430664,79.51000213623047
2022-04-29,6.62529993057251,30.940000534057617,121.06999969482422,119.44999694824219,78.52999877929688
2022-05-01,6.607500076293945,30.940000534057617,121.06999969482422,119.44999694824219,78.52999877929688
2022-05-02,6.607500076293945,31.06999969482422,118.38999938964844,117.18000030517578,78.2300033569336
2022-05-03,6.607399940490723,31.520000457763672,118.81999969482422,117.97000122070312,78.63999938964844
2022-05-04,6.607500076293945,31.65999984741211,119.75,118.62000274658203,79.44000244140625
2022-05-05,6.654600143432617,30.0,118.48999786376953,115.37000274658203,78.02999877929688
2022-05-06,6.654600143432617,29.06999969482422,118.18000030517578,113.66999816894531,77.58999633789062
2022-05-08,6.665599822998047,29.06999969482422,118.18000030517578,113.66999816894531,77.58999633789062
2022-05-09,6.729800224304199,28.010000228881836,117.72000122070312,114.66999816894531,76.7699966430664
2022-05-10,6.73360013961792,28.329999923706055,117.19000244140625,115.70999908447266,77.20999908447266
2022-05-11,6.720699787139893,28.34000015258789,118.61000061035156,117.94000244140625,76.75
2022-05-12,6.785900115966797,28.34000015258789,118.0999984741211,117.72000122070312,76.72000122070312
2022-05-13,6.785900115966797,29.610000610351562,118.70999908447266,115.9800033569336,76.80999755859375
2022-05-15,6.788000106811523,29.610000610351562,118.70999908447266,115.9800033569336,76.80999755859375
2022-05-16,6.785099983215332,29.56999969482422,118.75,115.86000061035156,76.69999694824219
2022-05-17,6.736199855804443,30.469999313354492,118.1500015258789,114.45999908447266,76.62999725341797
2022-05-18,6.753399848937988,29.6200008392334,118.97000122070312,116.9000015258789,76.0
2022-05-19,6.712100028991699,30.299999237060547,118.55000305175781,117.18000030517578,76.51000213623047
2022-05-20,6.712100028991699,30.420000076293945,118.5999984741211,118.51000213623047,76.45999908447266
2022-05-22,6.691999912261963,30.420000076293945,118.5999984741211,118.51000213623047,76.45999908447266
2022-05-23,6.649799823760986,30.350000381469727,118.18000030517578,116.55999755859375,76.76000213623047
2022-05-24,6.6529998779296875,29.190000534057617,118.81999969482422,118.86000061035156,77.22000122070312
2022-05-25,6.691699981689453,29.559999465942383,118.91999816894531,119.33000183105469,78.38999938964844
2022-05-26,6.737800121307373,30.719999313354492,119.41000366210938,118.79000091552734,79.4800033569336
2022-05-27,6.737800121307373,30.940000534057617,119.79000091552734,119.08000183105469,80.19000244140625
2022-05-29,6.6975998878479,30.940000534057617,119.79000091552734,119.08000183105469,80.19000244140625
2022-05-30,6.660299777984619,30.940000534057617,119.79000091552734,119.08000183105469,80.19000244140625
2022-05-31,6.6717000007629395,31.860000610351562,118.94000244140625,116.55999755859375,79.5
2022-06-01,6.685200214385986,31.530000686645508,117.08999633789062,116.22000122070312,78.9000015258789
2022-06-02,6.659200191497803,32.439998626708984,117.62999725341797,116.27999877929688,79.2300033569336
2022-06-03,6.659200191497803,31.8700008392334,118.30999755859375,116.02999877929688,78.63999938964844
2022-06-05,6.659299850463867,31.8700008392334,118.30999755859375,116.02999877929688,78.63999938964844
2022-06-06,6.652900218963623,32.75,117.54000091552734,113.88999938964844,78.05000305175781
2022-06-07,6.6697001457214355,33.25,117.81999969482422,115.12000274658203,78.2300033569336
2022-06-08,6.682700157165527,34.15999984741211,117.52999877929688,114.0999984741211,77.55999755859375
2022-06-09,6.690800189971924,32.720001220703125,117.51000213623047,114.4800033569336,76.94000244140625
2022-06-10,6.690800189971924,32.7400016784668,116.98999786376953,113.7699966430664,75.62999725341797
2022-06-12,6.707900047302246,32.7400016784668,116.98999786376953,113.7699966430664,75.62999725341797
2022-06-13,6.753499984741211,31.309999465942383,115.0199966430664,110.19999694824219,73.0999984741211
2022-06-14,6.739500045776367,32.279998779296875,113.44000244140625,108.80999755859375,73.58000183105469
2022-06-15,6.712299823760986,32.91999816894531,115.01000213623047,110.83999633789062,75.01000213623047
2022-06-16,6.703400135040283,31.649999618530273,114.66999816894531,111.72000122070312,73.81999969482422
2022-06-17,6.703400135040283,32.22999954223633,114.7300033569336,112.08000183105469,74.05000305175781
2022-06-19,6.715700149536133,32.22999954223633,114.7300033569336,112.08000183105469,74.05000305175781
2022-06-20,6.691400051116943,32.22999954223633,114.7300033569336,112.08000183105469,74.05000305175781
2022-06-21,6.688399791717529,33.029998779296875,114.33000183105469,110.18000030517578,74.0
2022-06-22,6.701099872589111,32.439998626708984,114.98999786376953,113.20999908447266,73.9800033569336
2022-06-23,6.697299957275391,32.939998626708984,115.33000183105469,114.13999938964844,74.51000213623047
2022-06-24,6.697299957275391,33.84000015258789,115.44000244140625,112.55999755859375,75.04000091552734
2022-06-26,6.688799858093262,33.84000015258789,115.44000244140625,112.55999755859375,75.04000091552734
2022-06-27,6.690700054168701,34.119998931884766,114.61000061035156,111.5999984741211,74.58000183105469
2022-06-28,6.707300186157227,34.130001068115234,114.20999908447266,112.12000274658203,73.76000213623047
2022-06-29,6.69980001449585,33.939998626708984,114.01000213623047,113.87000274658203,73.6500015258789
2022-06-30,6.698200225830078,33.90999984741211,113.91000366210938,114.87000274658203,73.61000061035156
2022-07-01,6.698200225830078,33.939998626708984,115.16999816894531,115.81999969482422,73.9800033569336
2022-07-03,6.700500011444092,33.939998626708984,115.16999816894531,115.81999969482422,73.9800033569336
2022-07-04,6.698599815368652,33.939998626708984,115.16999816894531,115.81999969482422,73.9800033569336
2022-07-05,6.718800067901611,33.779998779296875,114.8499984741211,116.7300033569336,73.91000366210938
2022-07-06,6.706500053405762,33.349998474121094,113.80999755859375,114.7699966430664,73.62999725341797
2022-07-07,6.700500011444092,34.06999969482422,113.62999725341797,113.76000213623047,74.83000183105469
2022-07-08,6.700500011444092,33.619998931884766,113.51000213623047,112.5,74.88999938964844
2022-07-10,6.694300174713135,33.619998931884766,113.51000213623047,112.5,74.88999938964844
2022-07-11,6.717199802398682,32.16999816894531,113.69000244140625,114.44000244140625,74.47000122070312
2022-07-12,6.723299980163574,31.979999542236328,113.6500015258789,115.12000274658203,74.7699966430664
2022-07-13,6.717599868774414,31.739999771118164,114.23999786376953,116.44000244140625,74.69000244140625
2022-07-14,6.755199909210205,31.290000915527344,113.95999908447266,115.48999786376953,74.55000305175781
2022-07-15,6.755199909210205,31.030000686645508,114.62000274658203,116.13999938964844,75.5
2022-07-17,6.756499767303467,31.030000686645508,114.62000274658203,116.13999938964844,75.5
2022-07-18,6.742300033569336,31.6299991607666,114.47000122070312,114.93000030517578,74.7699966430664
2022-07-19,6.74370002746582,31.950000762939453,114.3499984741211,114.30999755859375,75.76000213623047
2022-07-20,6.754899978637695,31.75,114.25,114.61000061035156,76.08999633789062
2022-07-21,6.765600204467773,32.0099983215332,114.95999908447266,116.58999633789062,76.98999786376953
2022-07-22,6.765600204467773,31.299999237060547,115.93000030517578,118.55000305175781,76.88999938964844
2022-07-24,6.750500202178955,31.299999237060547,115.93000030517578,118.55000305175781,76.88999938964844
2022-07-25,6.749499797821045,31.559999465942383,115.70999908447266,117.38999938964844,76.87000274658203
2022-07-26,6.76230001449585,31.450000762939453,115.70999908447266,117.4800033569336,76.33000183105469
2022-07-27,6.757400035858154,31.809999465942383,116.44999694824219,116.81999969482422,77.16999816894531
2022-07-28,6.745800018310547,31.399999618530273,117.63999938964844,117.75,77.95999908447266
2022-07-29,6.745800018310547,30.3799991607666,118.2300033569336,117.43000030517578,78.19000244140625
2022-07-31,6.743199825286865,30.3799991607666,118.2300033569336,117.43000030517578,78.19000244140625
2022-08-01,6.7677001953125,29.969999313354492,117.12999725341797,120.04000091552734,77.91000366210938
2022-08-02,6.751800060272217,29.760000228881836,115.75,117.5,77.55000305175781
2022-08-03,6.756999969482422,30.010000228881836,116.36000061035156,119.3499984741211,78.2300033569336
2022-08-04,6.747799873352051,30.479999542236328,116.33999633789062,119.30999755859375,78.44000244140625
2022-08-05,6.747799873352051,30.139999389648438,115.16999816894531,116.47000122070312,78.04000091552734
2022-08-07,6.760900020599365,30.139999389648438,115.16999816894531,116.47000122070312,78.04000091552734
2022-08-08,6.749899864196777,29.8700008392334,115.95999908447266,118.3499984741211,78.11000061035156
2022-08-09,6.751699924468994,29.68000030517578,115.62999725341797,117.88999938964844,77.52999877929688
2022-08-10,6.722799777984619,29.530000686645508,115.43000030517578,117.12000274658203,78.69000244140625
2022-08-11,6.743599891662598,30.06999969482422,115.04000091552734,114.38999938964844,78.23999786376953
2022-08-12,6.743599891662598,30.239999771118164,115.48999786376953,115.55000305175781,78.94000244140625
2022-08-14,6.741799831390381,30.239999771118164,115.48999786376953,115.55000305175781,78.94000244140625
2022-08-15,6.771999835968018,30.079999923706055,115.37000274658203,115.44999694824219,78.80000305175781
2022-08-16,6.787399768829346,29.729999542236328,115.4000015258789,115.93000030517578,78.43000030517578
2022-08-17,6.779900074005127,29.670000076293945,115.05000305175781,114.72000122070312,77.62000274658203
2022-08-18,6.784599781036377,29.350000381469727,115.63999938964844,114.88999938964844,77.73999786376953
2022-08-19,6.784599781036377,29.18000030517578,115.44000244140625,113.04000091552734,76.94999694824219
2022-08-21,6.815700054168701,29.18000030517578,115.44000244140625,113.04000091552734,76.94999694824219
2022-08-22,6.847899913787842,29.399999618530273,115.22000122070312,112.66000366210938,76.08000183105469
2022-08-23,6.833600044250488,29.350000381469727,115.41000366210938,112.04000091552734,76.2699966430664
2022-08-24,6.858500003814697,29.479999542236328,115.38999938964844,111.22000122070312,76.36000061035156
2022-08-25,6.848299980163574,30.959999084472656,115.75,112.7699966430664,77.08000183105469
2022-08-26,6.848299980163574,30.700000762939453,115.58000183105469,113.62000274658203,75.80999755859375
2022-08-28,6.870800018310547,30.700000762939453,115.58000183105469,113.62000274658203,75.80999755859375
2022-08-29,6.9070000648498535,30.420000076293945,115.12999725341797,112.68000030517578,75.5199966430664
2022-08-30,6.910799980163574,29.600000381469727,114.93000030517578,112.95999908447266,74.94000244140625
2022-08-31,6.888899803161621,30.209999084472656,113.91000366210938,111.87999725341797,74.52999877929688
2022-09-01,6.9054999351501465,29.8700008392334,111.62000274658203,109.5999984741211,74.36000061035156
2022-09-02,6.9054999351501465,29.260000228881836,112.27999877929688,110.22000122070312,74.30999755859375
2022-09-04,6.89900016784668,29.260000228881836,112.27999877929688,110.22000122070312,74.30999755859375
2022-09-05,6.93310022354126,29.260000228881836,112.27999877929688,110.22000122070312,74.30999755859375
2022-09-06,6.953100204467773,28.68000030517578,111.20999908447266,107.48999786376953,74.11000061035156
2022-09-07,6.9653000831604,29.030000686645508,111.66999816894531,109.19000244140625,75.18000030517578
2022-09-08,6.956500053405762,28.65999984741211,111.05000305175781,108.06999969482422,75.51000213623047
2022-09-09,6.956500053405762,29.3700008392334,111.0999984741211,108.30999755859375,75.80999755859375
2022-09-11,6.92549991607666,29.3700008392334,111.0999984741211,108.30999755859375,75.80999755859375
2022-09-12,6.925000190734863,29.75,110.7699966430664,107.41999816894531,76.04000091552734
2022-09-13,6.924099922180176,28.5,110.44000244140625,107.66999816894531,74.30999755859375
2022-09-14,6.960999965667725,28.530000686645508,110.72000122070312,108.04000091552734,74.41999816894531
2022-09-15,6.993000030517578,28.420000076293945,110.16000366210938,107.97000122070312,73.94999694824219
2022-09-16,6.993000030517578,27.989999771118164,109.69999694824219,107.06999969482422,74.19999694824219
2022-09-18,6.979000091552734,27.989999771118164,109.69999694824219,107.06999969482422,74.19999694824219
2022-09-19,7.0055999755859375,28.09000015258789,109.19999694824219,107.31999969482422,74.4800033569336
2022-09-20,7.017199993133545,27.8700008392334,109.02999877929688,106.25,73.72000122070312
2022-09-21,7.047900199890137,27.1299991607666,109.23999786376953,108.02999877929688,73.5
2022-09-22,7.076600074768066,26.969999313354492,108.0,105.2699966430664,73.05999755859375
2022-09-23,7.076600074768066,26.610000610351562,107.54000091552734,105.69999694824219,72.12999725341797
2022-09-25,7.127399921417236,26.610000610351562,107.54000091552734,105.69999694824219,72.12999725341797
2022-09-26,7.1479997634887695,26.770000457763672,105.81999969482422,103.68000030517578,71.27999877929688
2022-09-27,7.176799774169922,26.530000686645508,105.26000213623047,100.94999694824219,71.12999725341797
2022-09-28,7.198999881744385,26.81999969482422,107.12000274658203,104.33000183105469,72.4000015258789
2022-09-29,7.123899936676025,25.950000762939453,105.62000274658203,103.79000091552734,71.72000122070312
2022-09-30,7.123899936676025,25.860000610351562,104.9000015258789,102.44999694824219,71.38999938964844
2022-10-02,7.114999771118164,25.860000610351562,104.9000015258789,102.44999694824219,71.38999938964844
2022-10-03,7.1149001121521,25.969999313354492,106.25,103.83000183105469,71.97000122070312
2022-10-04,7.114999771118164,27.020000457763672,106.66999816894531,103.54000091552734,73.5199966430664
2022-10-05,7.114999771118164,27.219999313354492,105.83000183105469,102.55000305175781,73.2300033569336
2022-10-06,7.114999771118164,27.010000228881836,105.4800033569336,101.9800033569336,73.01000213623047
2022-10-07,7.114999771118164,26.3700008392334,105.51000213623047,100.98999786376953,72.12000274658203
2022-10-09,7.114999771118164,26.3700008392334,105.51000213623047,100.98999786376953,72.12000274658203
2022-10-10,7.153600215911865,25.56999969482422,104.91000366210938,99.41999816894531,71.23999786376953
2022-10-11,7.164400100708008,24.8700008392334,105.51000213623047,99.86000061035156,71.45999908447266
2022-10-12,7.174099922180176,24.709999084472656,105.72000122070312,100.3499984741211,71.58000183105469
2022-10-13,7.16949987411499,24.5,105.5999984741211,99.38999938964844,71.73999786376953
2022-10-14,7.16949987411499,24.15999984741211,105.69000244140625,98.56999969482422,71.51000213623047
2022-10-16,7.190000057220459,24.15999984741211,105.69000244140625,98.56999969482422,71.51000213623047
2022-10-17,7.195499897003174,24.899999618530273,105.9800033569336,98.08999633789062,72.38999938964844
2022-10-18,7.2006001472473145,24.700000762939453,105.69999694824219,98.31999969482422,72.9000015258789
2022-10-19,7.22730016708374,23.65999984741211,105.16000366210938,96.52999877929688,72.19999694824219
2022-10-20,7.215799808502197,23.770000457763672,105.05999755859375,94.87999725341797,71.80000305175781
2022-10-21,7.215799808502197,23.920000076293945,105.33000183105469,93.16999816894531,72.48999786376953
2022-10-23,7.242800235748291,23.920000076293945,105.33000183105469,93.16999816894531,72.48999786376953
2022-10-24,7.261899948120117,21.530000686645508,105.58000183105469,92.4000015258789,72.54000091552734
2022-10-25,7.303800106048584,21.940000534057617,106.01000213623047,95.08999633789062,73.23999786376953
2022-10-26,7.171899795532227,22.760000228881836,105.8499984741211,96.45999908447266,73.44000244140625
2022-10-27,7.22790002822876,22.15999984741211,106.66999816894531,97.47000122070312,73.9800033569336
2022-10-28,7.22790002822876,21.540000915527344,106.54000091552734,96.80000305175781,74.55000305175781
2022-10-31,7.251399993896484,20.950000762939453,106.38999938964844,96.11000061035156,73.43000030517578
2022-11-01,7.301799774169922,21.84000015258789,106.37000274658203,96.7699966430664,73.58999633789062
2022-11-02,7.276599884033203,21.940000534057617,106.12999725341797,96.3499984741211,72.91999816894531
2022-11-03,7.288700103759766,22.15999984741211,104.94999694824219,95.83000183105469,72.4000015258789
2022-11-04,7.30079984664917,23.84000015258789,105.33999633789062,94.22000122070312,72.9000015258789
2022-11-07,7.175099849700928,23.959999084472656,105.47000122070312,93.27999877929688,72.88999938964844
2022-11-08,7.228799819946289,23.940000534057617,105.62000274658203,94.30000305175781,72.81999969482422
2022-11-09,7.248199939727783,22.959999084472656,105.4000015258789,94.61000061035156,71.94999694824219
2022-11-10,7.240799903869629,24.360000610351562,107.1500015258789,98.25,74.19000244140625
2022-11-11,7.1859002113342285,25.450000762939453,107.08999633789062,97.88999938964844,74.44999694824219
2022-11-14,7.107100009918213,25.59000015258789,106.30000305175781,97.6500015258789,73.9000015258789
2022-11-15,7.07289981842041,26.90999984741211,106.98999786376953,99.2300033569336,74.55000305175781
2022-11-16,7.043000221252441,26.309999465942383,107.26000213623047,101.4000015258789,74.38999938964844
2022-11-17,7.087200164794922,26.93000030517578,106.52999877929688,100.33000183105469,74.06999969482422
2022-11-18,7.156199932098389,26.09000015258789,105.98999786376953,99.63999938964844,74.2300033569336
2022-11-21,7.118899822235107,25.690000534057617,106.55000305175781,100.05999755859375,74.19999694824219
2022-11-22,7.1641998291015625,25.440000534057617,106.9800033569336,101.4800033569336,74.73999786376953
2022-11-23,7.1392998695373535,25.770000457763672,107.56999969482422,103.25,75.16000366210938
2022-11-24,7.165800094604492,25.770000457763672,107.56999969482422,103.25,75.16000366210938
2022-11-25,7.150300025939941,25.329999923706055,107.47000122070312,102.9000015258789,75.01000213623047
2022-11-28,7.170499801635742,25.549999237060547,107.22000122070312,103.19000244140625,74.22000122070312
2022-11-29,7.207099914550781,26.850000381469727,106.76000213623047,101.9800033569336,74.54000091552734
2022-11-30,7.15939998626709,28.15999984741211,108.33999633789062,102.7300033569336,75.66000366210938
2022-12-01,7.076200008392334,27.739999771118164,109.37000274658203,105.76000213623047,75.62000274658203
2022-12-02,7.043700218200684,28.530000686645508,110.18000030517578,107.08999633789062,75.55999755859375
2022-12-05,7.023900032043457,28.440000534057617,109.05000305175781,105.58999633789062,74.83999633789062
2022-12-06,6.960899829864502,28.799999237060547,109.02999877929688,106.94999694824219,74.56999969482422
2022-12-07,6.994900226593018,28.18000030517578,109.5,109.47000122070312,74.9800033569336
2022-12-08,6.972599983215332,29.100000381469727,109.47000122070312,109.16999816894531,75.04000091552734
2022-12-09,6.966300010681152,28.950000762939453,108.43000030517578,106.33000183105469,75.04000091552734
2022-12-12,6.956600189208984,28.610000610351562,108.44000244140625,106.66999816894531,75.33000183105469
2022-12-13,6.976500034332275,28.360000610351562,108.76000213623047,107.69999694824219,76.11000061035156
2022-12-14,6.943399906158447,28.540000915527344,108.48999786376953,108.16000366210938,75.68000030517578
2022-12-15,6.949900150299072,27.860000610351562,108.16000366210938,108.31999969482422,75.0
2022-12-16,6.9721999168396,27.940000534057617,107.58000183105469,107.11000061035156,74.5999984741211
2022-12-19,6.972099781036377,27.780000686645508,107.20999908447266,105.30999755859375,74.22000122070312
2022-12-20,6.978600025177002,27.360000610351562,107.18000030517578,103.44000244140625,74.02999877929688
2022-12-21,6.9608001708984375,28.1299991607666,107.76000213623047,103.69999694824219,74.66000366210938
2022-12-22,6.980599880218506,27.959999084472656,107.16999816894531,103.68000030517578,74.19999694824219
2022-12-23,6.982999801635742,27.799999237060547,106.93000030517578,102.16000366210938,74.38999938964844
2022-12-26,6.988699913024902,27.799999237060547,106.93000030517578,102.16000366210938,74.38999938964844
2022-12-27,6.96120023727417,29.1200008392334,106.44000244140625,100.13999938964844,73.62000274658203
2022-12-28,6.959000110626221,28.15999984741211,106.31999969482422,99.55000305175781,72.62999725341797
2022-12-29,6.97760009765625,29.010000228881836,106.76000213623047,100.68000030517578,73.56999969482422
2022-12-30,6.963099956512451,28.299999237060547,106.44000244140625,99.55999755859375,73.62999725341797
2023-01-02,6.896900177001953,28.299999237060547,106.44000244140625,99.55999755859375,73.62999725341797
2023-01-03,6.89709997177124,29.31999969482422,106.81999969482422,101.45999908447266,73.7699966430664
2023-01-04,6.914100170135498,31.190000534057617,106.88999938964844,102.8499984741211,74.62000274658203
2023-01-05,6.887800216674805,31.1200008392334,106.91999816894531,103.27999877929688,74.47000122070312
2023-01-06,6.881499767303467,31.200000762939453,107.9000015258789,105.18000030517578,75.52999877929688
2023-01-09,6.837399959564209,31.200000762939453,108.1500015258789,105.73999786376953,75.80000305175781
2023-01-10,6.770999908447266,31.59000015258789,107.70999908447266,103.98999786376953,75.70999908447266
2023-01-11,6.777400016784668,31.90999984741211,108.16999816894531,105.68000030517578,76.20999908447266
2023-01-12,6.769000053405762,31.639999389648438,109.0199966430664,107.76000213623047,76.63999938964844
2023-01-13,6.737800121307373,32.09000015258789,108.16999816894531,106.75,76.63999938964844
2023-01-16,6.7017998695373535,32.09000015258789,108.16999816894531,106.75,76.63999938964844
2023-01-17,6.732500076293945,31.389999389648438,107.86000061035156,106.05999755859375,76.37999725341797
2023-01-18,6.77239990234375,31.079999923706055,108.5999984741211,108.62999725341797,76.47000122070312
2023-01-19,6.747099876403809,31.700000762939453,109.2699966430664,107.94999694824219,76.0199966430664
2023-01-20,6.7758002281188965,32.4900016784668,108.6500015258789,106.19999694824219,76.16999816894531
2023-01-23,6.782599925994873,32.849998474121094,108.55000305175781,105.69999694824219,76.16000366210938
2023-01-24,6.7829999923706055,32.790000915527344,109.16999816894531,107.22000122070312,76.20999908447266
2023-01-25,6.7835001945495605,32.86000061035156,109.38999938964844,107.4800033569336,76.19999694824219
2023-01-26,6.782899856567383,33.290000915527344,109.37999725341797,106.9800033569336,76.38999938964844
2023-01-27,6.78249979019165,33.22999954223633,109.13999938964844,106.70999908447266,76.16000366210938
2023-01-30,6.782400131225586,32.0,108.61000061035156,106.31999969482422,75.73999786376953
2023-01-31,6.747799873352051,31.799999237060547,108.6500015258789,107.16999816894531,76.33000183105469
2023-02-01,6.753600120544434,32.5099983215332,109.37999725341797,108.18000030517578,76.76000213623047
2023-02-02,6.740799903869629,31.8700008392334,109.2300033569336,108.31999969482422,77.19999694824219
2023-02-03,6.731500148773193,31.09000015258789,108.20999908447266,106.69999694824219,76.38999938964844
2023-02-06,6.774199962615967,30.6200008392334,107.77999877929688,105.91000366210938,75.9000015258789
2023-02-07,6.794000148773193,30.8799991607666,108.05999755859375,105.05999755859375,76.16999816894531
2023-02-08,6.791200160980225,30.450000762939453,108.62000274658203,105.55999755859375,75.8499984741211
2023-02-09,6.7881999015808105,31.020000457763672,108.06999969482422,104.55999755859375,75.36000061035156
2023-02-10,6.779699802398682,30.139999389648438,107.68000030517578,103.38999938964844,74.77999877929688
2023-02-13,6.808300018310547,30.639999389648438,107.86000061035156,104.26000213623047,74.97000122070312
2023-02-14,6.821899890899658,30.360000610351562,107.5,104.0199966430664,74.98999786376953
2023-02-15,6.825900077819824,30.1200008392334,107.5,103.05000305175781,74.87000274658203
2023-02-16,6.851900100708008,30.139999389648438,107.23999786376953,101.58999633789062,74.2699966430664
2023-02-17,6.8597002029418945,29.530000686645508,107.44999694824219,102.37999725341797,74.55999755859375
2023-02-20,6.857600212097168,29.530000686645508,107.44999694824219,102.37999725341797,74.55999755859375
2023-02-21,6.854100227355957,29.190000534057617,106.97000122070312,100.38999938964844,73.41000366210938
2023-02-22,6.872499942779541,28.940000534057617,106.91000366210938,101.30999755859375,73.88999938964844
2023-02-23,6.891300201416016,28.780000686645508,107.26000213623047,102.30000305175781,74.62000274658203
2023-02-24,6.9070000648498535,27.90999984741211,106.55999755859375,100.97000122070312,74.16999816894531
2023-02-27,6.954999923706055,28.280000686645508,106.77999877929688,101.25,74.66999816894531
2023-02-28,6.943900108337402,27.959999084472656,107.18000030517578,101.70999908447266,74.52999877929688
2023-03-01,6.932300090789795,29.1200008392334,106.77999877929688,100.37000274658203,73.87000274658203
2023-03-02,6.868000030517578,29.649999618530273,106.86000061035156,99.4800033569336,73.95999908447266
2023-03-03,6.91379976272583,29.610000610351562,108.01000213623047,101.88999938964844,74.72000122070312
2023-03-06,6.906799793243408,29.280000686645508,107.43000030517578,101.0999984741211,74.72000122070312
2023-03-07,6.9293999671936035,28.75,106.75,101.72000122070312,74.19000244140625
2023-03-08,6.961400032043457,28.440000534057617,106.23999786376953,101.81999969482422,73.83999633789062
2023-03-09,6.950300216674805,27.389999389648438,106.5199966430664,102.06999969482422,73.43000030517578
2023-03-10,6.963600158691406,27.3700008392334,108.08999633789062,105.58999633789062,73.44000244140625
2023-03-13,6.905200004577637,27.540000915527344,108.91000366210938,105.83000183105469,73.04000091552734
2023-03-14,6.844600200653076,27.719999313354492,108.30999755859375,104.08999633789062,73.56999969482422
2023-03-15,6.870500087738037,27.329999923706055,109.62999725341797,106.0999984741211,73.33000183105469
2023-03-16,6.905900001525879,27.68000030517578,108.38999938964844,105.2699966430664,73.80999755859375
2023-03-17,6.897500038146973,27.610000610351562,108.62000274658203,106.8499984741211,73.37000274658203
2023-03-20,6.886099815368652,27.59000015258789,108.72000122070312,105.91000366210938,73.16999816894531
2023-03-21,6.877699851989746,27.979999542236328,108.48999786376953,105.0,73.97000122070312
2023-03-22,6.882999897003174,28.06999969482422,109.9800033569336,106.4000015258789,74.04000091552734
2023-03-23,6.879199981689453,28.950000762939453,110.18000030517578,106.4000015258789,73.75
2023-03-24,6.818399906158447,28.829999923706055,109.9000015258789,106.8499984741211,73.5999984741211
2023-03-26,6.867000102996826,28.829999923706055,109.9000015258789,106.8499984741211,73.5999984741211
2023-03-27,6.884399890899658,28.239999771118164,109.04000091552734,104.33999633789062,73.41999816894531
2023-03-28,6.873300075531006,29.399999618530273,109.37999725341797,104.52999877929688,73.37999725341797
2023-03-29,6.8856000900268555,29.40999984741211,109.58999633789062,104.31999969482422,74.30000305175781
2023-03-30,6.8703999519348145,29.90999984741211,109.69999694824219,104.80000305175781,74.73999786376953
2023-03-31,6.8703999519348145,29.530000686645508,110.25,106.37000274658203,75.55000305175781
2023-04-02,6.868000030517578,29.530000686645508,110.25,106.37000274658203,75.55000305175781
2023-04-03,6.877299785614014,29.399999618530273,110.31999969482422,106.5999984741211,75.1500015258789
2023-04-04,6.878799915313721,29.270000457763672,110.63999938964844,107.12999725341797,74.93000030517578
2023-04-05,6.878499984741211,28.93000030517578,110.9000015258789,108.25,74.51000213623047
2023-04-06,6.874899864196777,29.290000915527344,111.1500015258789,108.52999877929688,74.83999633789062
2023-04-09,6.86929988861084,29.290000915527344,111.1500015258789,108.52999877929688,74.83999633789062
2023-04-10,6.881100177764893,29.190000534057617,110.36000061035156,106.77999877929688,74.7699966430664
2023-04-11,6.885499954223633,29.209999084472656,110.55000305175781,107.0,74.93000030517578
2023-04-12,6.873700141906738,28.40999984741211,110.58999633789062,106.88999938964844,74.91000366210938
2023-04-13,6.867800235748291,29.06999969482422,110.31999969482422,106.05000305175781,75.41999816894531
2023-04-14,6.867800235748291,28.709999084472656,109.83999633789062,105.08000183105469,75.27999877929688
2023-04-16,6.8703999519348145,28.709999084472656,109.83999633789062,105.08000183105469,75.27999877929688
2023-04-17,6.878799915313721,29.489999771118164,109.33999633789062,103.83000183105469,75.08000183105469
2023-04-18,6.874899864196777,29.3700008392334,109.44999694824219,104.19999694824219,75.12999725341797
2023-04-19,6.8850998878479,29.010000228881836,109.33999633789062,104.0999984741211,74.83000183105469
2023-04-20,6.872099876403809,28.81999969482422,109.69000244140625,104.98999786376953,74.76000213623047
2023-04-21,6.872099876403809,28.399999618530273,109.73999786376953,104.4000015258789,74.98999786376953
2023-04-23,6.892499923706055,28.399999618530273,109.73999786376953,104.4000015258789,74.98999786376953
2023-04-24,6.894899845123291,28.110000610351562,110.16000366210938,105.41000366210938,75.19999694824219
2023-04-25,6.931600093841553,27.350000381469727,110.80999755859375,106.95999908447266,75.08000183105469
2023-04-26,6.92579984664917,27.799999237060547,110.41999816894531,105.81999969482422,74.79000091552734
2023-04-27,6.922299861907959,28.190000534057617,110.05000305175781,104.7699966430664,75.04000091552734
2023-04-28,6.922299861907959,28.329999923706055,110.18000030517578,106.45999908447266,75.36000061035156
2023-04-30,6.911099910736084,28.329999923706055,110.18000030517578,106.45999908447266,75.36000061035156
2023-05-01,6.910999774932861,28.219999313354492,108.69999694824219,103.12999725341797,74.69000244140625
2023-05-02,6.910600185394287,27.690000534057617,109.52999877929688,105.69999694824219,74.62000274658203
2023-05-03,6.910600185394287,27.559999465942383,110.02999877929688,106.29000091552734,74.58000183105469
2023-05-04,6.905700206756592,28.299999237060547,110.0,105.23999786376953,74.36000061035156
2023-05-05,6.905700206756592,28.670000076293945,109.77999877929688,104.88999938964844,74.76000213623047
2023-05-07,6.9095001220703125,28.670000076293945,109.77999877929688,104.88999938964844,74.76000213623047
2023-05-08,6.911499977111816,28.889999389648438,109.37000274658203,103.41999816894531,74.55000305175781
2023-05-09,6.919400215148926,28.440000534057617,109.20999908447266,103.05000305175781,74.36000061035156
2023-05-10,6.932199954986572,28.239999771118164,109.56999969482422,104.05000305175781,74.80999755859375
2023-05-11,6.947700023651123,28.540000915527344,109.80999755859375,105.1500015258789,74.69000244140625
2023-05-12,6.947700023651123,27.790000915527344,109.41999816894531,104.2699966430664,74.41999816894531
2023-05-14,6.957300186157227,27.790000915527344,109.41999816894531,104.2699966430664,74.41999816894531
2023-05-15,6.951600074768066,29.040000915527344,109.26000213623047,103.19000244140625,74.4000015258789
2023-05-16,6.976600170135498,28.739999771118164,108.97000122070312,102.87999725341797,73.87999725341797
2023-05-17,6.997099876403809,28.440000534057617,108.91999816894531,102.58000183105469,74.08000183105469
2023-05-18,7.035099983215332,28.049999237060547,108.55999755859375,101.81999969482422,74.12000274658203
2023-05-19,7.035099983215332,27.899999618530273,108.30000305175781,101.0999984741211,74.19999694824219
2023-05-21,7.006899833679199,27.899999618530273,108.30000305175781,101.0999984741211,74.19999694824219
2023-05-22,7.030900001525879,28.350000381469727,108.0999984741211,100.73999786376953,74.52999877929688
2023-05-23,7.056399822235107,27.489999771118164,108.43000030517578,101.02999877929688,74.13999938964844
2023-05-24,7.059800148010254,26.940000534057617,108.08999633789062,100.52999877929688,73.62000274658203
2023-05-25,7.077400207519531,26.389999389648438,107.5999984741211,100.27999877929688,73.56999969482422
2023-05-26,7.077400207519531,26.829999923706055,107.7300033569336,101.08999633789062,74.0199966430664
2023-05-28,7.054800033569336,26.829999923706055,107.7300033569336,101.08999633789062,74.0199966430664
2023-05-29,7.072299957275391,26.829999923706055,107.7300033569336,101.08999633789062,74.0199966430664
2023-05-30,7.078999996185303,26.040000915527344,108.16000366210938,102.0999984741211,74.33999633789062
2023-05-31,7.110799789428711,25.969999313354492,108.30000305175781,102.98999786376953,74.11000061035156
2023-06-01,7.0929999351501465,26.6299991607666,108.16000366210938,103.12000274658203,74.19999694824219
2023-06-02,7.0929999351501465,27.43000030517578,107.62999725341797,101.98999786376953,74.58000183105469
2023-06-04,7.083799839019775,27.43000030517578,107.62999725341797,101.98999786376953,74.58000183105469
2023-06-05,7.105000019073486,27.389999389648438,107.7699966430664,101.80000305175781,74.5199966430664
2023-06-06,7.118800163269043,27.989999771118164,107.83000183105469,102.4000015258789,74.63999938964844
2023-06-07,7.128799915313721,27.5,107.33000183105469,100.87999725341797,74.2300033569336
2023-06-08,7.111199855804443,27.790000915527344,107.86000061035156,102.05999755859375,74.69999694824219
2023-06-09,7.111199855804443,27.81999969482422,107.55999755859375,101.91999816894531,74.72000122070312
2023-06-11,7.127600193023682,27.81999969482422,107.55999755859375,101.91999816894531,74.72000122070312
2023-06-12,7.144599914550781,27.75,107.6500015258789,102.22000122070312,74.63999938964844
2023-06-13,7.166500091552734,28.06999969482422,107.0999984741211,101.20999908447266,74.7300033569336
2023-06-14,7.162600040435791,28.450000762939453,107.37000274658203,102.0199966430664,74.76000213623047
2023-06-15,7.119900226593018,29.079999923706055,108.05000305175781,103.0,75.12000274658203
2023-06-16,7.119900226593018,28.90999984741211,107.7699966430664,102.5999984741211,74.93000030517578
2023-06-18,7.1255998611450195,28.90999984741211,107.7699966430664,102.5999984741211,74.93000030517578
2023-06-19,7.160399913787842,28.90999984741211,107.7699966430664,102.5999984741211,74.93000030517578
2023-06-20,7.180799961090088,27.670000076293945,108.0,103.30999755859375,74.7300033569336
2023-06-21,7.178400039672852,27.5,108.01000213623047,103.55999755859375,74.54000091552734
2023-06-22,7.178500175476074,27.440000534057617,107.62999725341797,102.30999755859375,74.31999969482422
2023-06-23,7.178500175476074,26.8700008392334,107.88999938964844,103.33000183105469,74.19000244140625
2023-06-25,7.178500175476074,26.8700008392334,107.88999938964844,103.33000183105469,74.19000244140625
2023-06-26,7.236499786376953,27.010000228881836,107.94000244140625,103.44000244140625,74.2300033569336
2023-06-27,7.218699932098389,27.600000381469727,107.63999938964844,103.16999816894531,74.4800033569336
2023-06-28,7.2434000968933105,27.3700008392334,107.86000061035156,103.61000061035156,74.91000366210938
2023-06-29,7.251800060272217,26.940000534057617,107.1500015258789,101.73999786376953,74.70999908447266
2023-06-30,7.251800060272217,27.190000534057617,107.62000274658203,102.94000244140625,75.06999969482422
2023-07-02,7.242400169372559,27.190000534057617,107.62000274658203,102.94000244140625,75.06999969482422
2023-07-03,7.239799976348877,27.709999084472656,106.98999786376953,102.08000183105469,74.55000305175781
2023-07-04,7.213500022888184,27.709999084472656,106.98999786376953,102.08000183105469,74.55000305175781
2023-07-05,7.246399879455566,27.389999389648438,106.4800033569336,101.11000061035156,74.31999969482422
2023-07-06,7.249199867248535,26.600000381469727,105.91999816894531,99.68000030517578,73.77999877929688
2023-07-07,7.249199867248535,27.18000030517578,105.8499984741211,99.08000183105469,73.8499984741211
2023-07-09,7.211299896240234,27.18000030517578,105.8499984741211,99.08000183105469,73.8499984741211
2023-07-10,7.230599880218506,27.15999984741211,106.0999984741211,99.20999908447266,74.22000122070312
2023-07-11,7.209199905395508,27.34000015258789,105.9800033569336,99.72000122070312,74.62000274658203
2023-07-12,7.165299892425537,28.15999984741211,107.1500015258789,100.83000183105469,75.19999694824219
2023-07-13,7.150000095367432,28.799999237060547,107.69999694824219,101.88999938964844,75.6500015258789
2023-07-14,7.150000095367432,28.290000915527344,107.12999725341797,101.29000091552734,75.0999984741211
2023-07-16,7.1402997970581055,28.290000915527344,107.12999725341797,101.29000091552734,75.0999984741211
2023-07-17,7.170599937438965,28.149999618530273,107.33000183105469,101.33999633789062,75.23999786376953
2023-07-18,7.179299831390381,27.520000457763672,107.27999877929688,101.80000305175781,75.44999694824219
2023-07-19,7.225900173187256,27.700000762939453,107.6500015258789,102.94999694824219,75.51000213623047
2023-07-20,7.176499843597412,27.600000381469727,107.61000061035156,101.69999694824219,75.18000030517578
2023-07-21,7.176499843597412,27.6200008392334,107.61000061035156,101.7300033569336,75.37000274658203
2023-07-23,7.1778998374938965,27.6200008392334,107.61000061035156,101.7300033569336,75.37000274658203
2023-07-24,7.185299873352051,28.209999084472656,107.66000366210938,101.36000061035156,75.23999786376953
2023-07-25,7.13539981842041,28.559999465942383,107.47000122070312,101.16999816894531,75.19000244140625
2023-07-26,7.150000095367432,28.969999313354492,107.51000213623047,101.2699966430664,75.48999786376953
2023-07-27,7.173099994659424,28.5,106.72000122070312,99.30000305175781,74.88999938964844
2023-07-28,7.173099994659424,30.079999923706055,107.12999725341797,99.80999755859375,75.31999969482422
2023-07-30,7.102799892425537,30.079999923706055,107.12999725341797,99.80999755859375,75.31999969482422
2023-07-31,7.095699787139893,30.420000076293945,107.16000366210938,100.05000305175781,75.5
2023-08-01,7.176499843597412,29.68000030517578,106.30000305175781,98.13999938964844,74.7699966430664
2023-08-02,7.190400123596191,28.770000457763672,106.11000061035156,97.08999633789062,74.44999694824219
2023-08-03,7.162799835205078,29.549999237060547,105.44999694824219,94.8499984741211,74.20999908447266
2023-08-04,7.162799835205078,29.1299991607666,106.47000122070312,96.52999877929688,74.6500015258789
2023-08-06,7.131199836730957,29.1299991607666,106.47000122070312,96.52999877929688,74.6500015258789
2023-08-07,7.192299842834473,29.020000457763672,106.55999755859375,95.58000183105469,74.79000091552734
2023-08-08,7.215700149536133,28.479999542236328,106.54000091552734,96.69000244140625,74.94999694824219
2023-08-09,7.208600044250488,28.600000381469727,106.48999786376953,97.19000244140625,74.95999908447266
2023-08-10,7.214700222015381,28.829999923706055,105.94000244140625,95.58999633789062,74.94000244140625
2023-08-11,7.214700222015381,27.920000076293945,105.79000091552734,95.37000274658203,74.83000183105469
2023-08-13,7.192299842834473,27.920000076293945,105.79000091552734,95.37000274658203,74.83000183105469
2023-08-14,7.257299900054932,27.65999984741211,105.56999969482422,95.16000366210938,74.81999969482422
2023-08-15,7.281499862670898,27.209999084472656,105.23999786376953,94.58000183105469,74.58000183105469
2023-08-16,7.296999931335449,26.649999618530273,104.93000030517578,93.83999633789062,74.3499984741211
2023-08-17,7.280399799346924,26.850000381469727,104.9000015258789,93.44000244140625,74.04000091552734
2023-08-18,7.280399799346924,26.190000534057617,105.08000183105469,93.7699966430664,74.08999633789062
2023-08-20,7.280700206756592,26.190000534057617,105.08000183105469,93.7699966430664,74.08999633789062
2023-08-21,7.197999954223633,26.149999618530273,104.80000305175781,92.5199966430664,74.06999969482422
2023-08-22,7.292399883270264,26.139999389648438,104.9800033569336,93.2300033569336,74.11000061035156
2023-08-23,7.170499801635742,26.700000762939453,105.93000030517578,95.54000091552734,74.70999908447266
2023-08-24,7.276500225067139,26.81999969482422,105.44999694824219,94.91000366210938,74.30000305175781
2023-08-25,7.276500225067139,26.770000457763672,105.43000030517578,95.22000122070312,74.61000061035156
2023-08-27,7.289000034332275,26.770000457763672,105.43000030517578,95.22000122070312,74.61000061035156
2023-08-28,7.289100170135498,27.40999984741211,105.48999786376953,95.31999969482422,74.88999938964844
2023-08-29,7.279399871826172,27.950000762939453,106.01000213623047,96.30999755859375,75.36000061035156
2023-08-30,7.283599853515625,27.760000228881836,105.8499984741211,96.20999908447266,75.33000183105469
2023-08-31,7.256899833679199,27.399999618530273,106.06999969482422,96.63999938964844,75.27999877929688
2023-09-01,7.256899833679199,28.040000915527344,105.19999694824219,94.8499984741211,75.06999969482422
2023-09-03,7.140100002288818,28.040000915527344,105.19999694824219,94.8499984741211,75.06999969482422
2023-09-04,7.271900177001953,28.040000915527344,105.19999694824219,94.8499984741211,75.06999969482422
2023-09-05,7.303400039672852,27.6299991607666,104.98999786376953,93.5199966430664,74.58000183105469
2023-09-06,7.315899848937988,27.709999084472656,104.83000183105469,93.75,74.4000015258789
2023-09-07,7.3277997970581055,26.920000076293945,105.20999908447266,94.01000213623047,74.6500015258789
2023-09-08,7.3277997970581055,26.8799991607666,105.44999694824219,94.37000274658203,74.62000274658203
2023-09-10,7.232399940490723,26.8799991607666,105.44999694824219,94.37000274658203,74.62000274658203
2023-09-11,7.288000106811523,27.239999771118164,105.3499984741211,93.69000244140625,74.75
2023-09-12,7.290900230407715,27.299999237060547,105.4000015258789,94.2300033569336,74.62999725341797
2023-09-13,7.268799781799316,27.06999969482422,105.54000091552734,94.20999908447266,74.83000183105469
2023-09-14,7.275899887084961,27.299999237060547,105.37000274658203,93.52999877929688,74.91999816894531
2023-09-15,7.275899887084961,27.18000030517578,105.11000061035156,92.95999908447266,74.63999938964844
2023-09-17,7.273900032043457,27.18000030517578,105.11000061035156,92.95999908447266,74.63999938964844
2023-09-18,7.290599822998047,27.049999237060547,105.33000183105469,93.48999786376953,74.69000244140625
2023-09-19,7.295599937438965,26.979999542236328,105.02999877929688,92.80000305175781,74.45999908447266
2023-09-20,7.285999774932861,26.790000915527344,104.80999755859375,93.08999633789062,74.4000015258789
2023-09-21,7.30649995803833,26.209999084472656,104.26000213623047,90.69999694824219,73.87000274658203
2023-09-22,7.30649995803833,27.139999389648438,104.62000274658203,91.43000030517578,74.0
2023-09-24,7.297500133514404,27.139999389648438,104.62000274658203,91.43000030517578,74.0
2023-09-25,7.309899806976318,26.719999313354492,103.83000183105469,89.18000030517578,73.9000015258789
2023-09-26,7.310699939727783,26.350000381469727,103.56999969482422,88.87000274658203,73.58000183105469
2023-09-27,7.30810022354126,26.40999984741211,103.4000015258789,88.41000366210938,73.4800033569336
2023-09-28,7.299900054931641,26.260000228881836,103.93000030517578,88.68000030517578,73.83000183105469
2023-09-29,7.299900054931641,26.530000686645508,103.72000122070312,88.69000244140625,73.72000122070312
2023-10-01,7.163599967956543,26.530000686645508,103.72000122070312,88.69000244140625,73.72000122070312
2023-10-02,7.179900169372559,26.3700008392334,102.91999816894531,86.93000030517578,72.88999938964844
2023-10-03,7.194300174713135,25.75,102.19000244140625,85.05999755859375,72.1500015258789
2023-10-04,7.200300216674805,25.530000686645508,102.63999938964844,86.26000213623047,72.5199966430664
2023-10-05,7.197700023651123,25.690000534057617,102.48999786376953,85.83000183105469,72.58999633789062
2023-10-06,7.197700023651123,26.229999542236328,102.12000274658203,84.79000091552734,72.69000244140625
2023-10-08,7.30049991607666,26.229999542236328,102.12000274658203,84.79000091552734,72.69000244140625
2023-10-09,7.29040002822876,26.219999313354492,103.12999725341797,86.77999877929688,73.2300033569336
2023-10-10,7.295000076293945,26.889999389648438,103.16999816894531,86.66000366210938,73.20999908447266
2023-10-11,7.298699855804443,27.149999618530273,103.62999725341797,88.47000122070312,73.19999694824219
2023-10-12,7.301499843597412,26.68000030517578,102.97000122070312,86.06999969482422,72.80999755859375
2023-10-13,7.301499843597412,26.479999542236328,103.63999938964844,87.61000061035156,72.75
2023-10-15,7.168099880218506,26.479999542236328,103.63999938964844,87.61000061035156,72.75
2023-10-16,7.309299945831299,26.649999618530273,103.33999633789062,86.19999694824219,72.7300033569336
2023-10-17,7.311699867248535,26.450000762939453,102.83999633789062,85.25,72.38999938964844
2023-10-18,7.313499927520752,26.010000228881836,102.62000274658203,84.5,72.04000091552734
2023-10-19,7.311200141906738,25.559999465942383,102.52999877929688,82.7699966430664,71.77999877929688
2023-10-20,7.311200141906738,25.030000686645508,102.83999633789062,83.23999786376953,71.93000030517578
2023-10-22,7.315400123596191,25.030000686645508,102.83999633789062,83.23999786376953,71.93000030517578
2023-10-23,7.3140997886657715,25.25,102.86000061035156,84.23999786376953,72.22000122070312
2023-10-24,7.309000015258789,26.059999465942383,102.94999694824219,85.3499984741211,72.58999633789062
2023-10-25,7.315700054168701,25.530000686645508,102.5199966430664,83.44999694824219,72.19999694824219
2023-10-26,7.314899921417236,25.579999923706055,103.06999969482422,84.7300033569336,72.44999694824219
2023-10-27,7.314899921417236,25.670000076293945,103.22000122070312,84.37000274658203,72.36000061035156
2023-10-30,7.158699989318848,25.940000534057617,103.05999755859375,83.98999786376953,72.37999725341797
2023-10-31,7.312099933624268,25.520000457763672,102.80000305175781,83.58000183105469,72.56999969482422
2023-11-01,7.315499782562256,25.479999542236328,103.23999786376953,85.0999984741211,72.87000274658203
2023-11-02,7.315899848937988,25.75,103.70999908447266,87.04000091552734,73.69000244140625
2023-11-03,7.3140997886657715,26.350000381469727,104.23999786376953,87.62999725341797,74.41000366210938
2023-11-06,7.298500061035156,26.43000030517578,103.97000122070312,86.77999877929688,74.11000061035156
2023-11-07,7.268599987030029,26.309999465942383,104.25,88.05999755859375,74.12000274658203
2023-11-08,7.27810001373291,26.1200008392334,104.4800033569336,89.55999755859375,74.16000366210938
2023-11-09,7.279300212860107,25.760000228881836,103.5999984741211,87.5,73.69999694824219
2023-11-10,7.282299995422363,25.68000030517578,103.63999938964844,87.98999786376953,74.05999755859375
2023-11-13,7.18179988861084,26.020000457763672,103.56999969482422,87.79000091552734,73.98999786376953
2023-11-14,7.289000034332275,26.579999923706055,104.41999816894531,89.77999877929688,74.73999786376953
2023-11-15,7.252099990844727,27.209999084472656,103.97000122070312,88.5199966430664,74.5
2023-11-16,7.245800018310547,26.100000381469727,104.3499984741211,89.62000274658203,74.5999984741211
2023-11-17,7.241000175476074,26.1200008392334,104.45999908447266,90.04000091552734,74.7699966430664
2023-11-20,7.209700107574463,26.690000534057617,104.7699966430664,90.58999633789062,74.8499984741211
2023-11-21,7.167500019073486,26.15999984741211,104.55000305175781,90.55000305175781,74.94999694824219
2023-11-22,7.086900234222412,26.290000915527344,104.6500015258789,90.87000274658203,75.08000183105469
2023-11-23,7.154200077056885,26.290000915527344,104.6500015258789,90.87000274658203,75.08000183105469
2023-11-24,7.0858001708984375,26.360000610351562,104.20999908447266,89.80000305175781,75.0
2023-11-27,7.081900119781494,26.020000457763672,104.55000305175781,91.30000305175781,75.11000061035156
2023-11-28,7.130300045013428,25.709999084472656,104.95999908447266,91.4800033569336,75.44000244140625
2023-11-29,7.063799858093262,25.059999465942383,105.37999725341797,92.62999725341797,75.8499984741211
2023-11-30,7.07889986038208,25.15999984741211,105.19000244140625,91.55999755859375,75.70999908447266
2023-12-01,7.075399875640869,24.889999389648438,105.47000122070312,92.98999786376953,75.98999786376953
2023-12-04,7.061800003051758,24.309999465942383,105.02999877929688,92.62000274658203,75.80000305175781
2023-12-05,7.135200023651123,23.940000534057617,105.5999984741211,94.61000061035156,75.87000274658203
2023-12-06,7.145599842071533,23.950000762939453,105.70999908447266,95.87000274658203,75.87999725341797
2023-12-07,7.144599914550781,24.030000686645508,105.62000274658203,95.31999969482422,76.01000213623047
2023-12-08,7.148799896240234,23.700000762939453,105.48999786376953,94.54000091552734,75.86000061035156
2023-12-11,7.1265997886657715,23.790000915527344,105.2699966430664,94.33999633789062,75.80999755859375
2023-12-12,7.174200057983398,23.950000762939453,105.20999908447266,94.62000274658203,75.9800033569336
2023-12-13,7.176000118255615,23.8700008392334,106.63999938964844,96.83999633789062,77.13999938964844
2023-12-14,7.1717000007629395,24.18000030517578,107.80999755859375,99.04000091552734,77.0999984741211
2023-12-15,7.066999912261963,24.1299991607666,107.62999725341797,99.1500015258789,76.93000030517578
2023-12-18,7.070499897003174,23.8799991607666,107.30999755859375,98.36000061035156,76.9800033569336
2023-12-19,7.131999969482422,24.200000762939453,107.37999725341797,98.88999938964844,77.19999694824219
2023-12-20,7.067599773406982,22.90999984741211,107.80999755859375,99.55999755859375,77.20999908447266
2023-12-21,7.134099960327148,23.709999084472656,107.62999725341797,98.93000030517578,77.55999755859375
2023-12-22,7.138500213623047,23.049999237060547,107.41999816894531,98.4800033569336,77.47000122070312
2023-12-25,7.0833001136779785,23.049999237060547,107.41999816894531,98.4800033569336,77.47000122070312
2023-12-26,7.135499954223633,23.219999313354492,107.4800033569336,98.76000213623047,77.62000274658203
2023-12-27,7.142399787902832,23.25,107.97000122070312,100.51000213623047,77.94000244140625
2023-12-28,7.140200138092041,23.8799991607666,107.62000274658203,99.77999877929688,77.69000244140625
2023-12-29,7.10699987411499,24.030000686645508,107.48999786376953,98.87999725341797,77.38999938964844
2024-01-01,7.068600177764893,24.030000686645508,107.48999786376953,98.87999725341797,77.38999938964844
2024-01-02,7.068600177764893,23.239999771118164,107.33999633789062,98.30999755859375,77.12999725341797
2024-01-03,7.089600086212158,23.670000076293945,107.51000213623047,98.72000122070312,76.91999816894531
2024-01-04,7.098899841308594,23.360000610351562,107.01000213623047,97.22000122070312,76.62000274658203
2024-01-05,7.110000133514404,23.229999542236328,106.7699966430664,96.29000091552734,76.68000030517578
2024-01-08,7.09250020980835,22.940000534057617,107.05999755859375,97.23999786376953,77.11000061035156
2024-01-09,7.090000152587891,22.479999542236328,106.8499984741211,96.62000274658203,77.2300033569336
2024-01-10,7.101600170135498,22.489999771118164,106.76000213623047,96.16999816894531,77.37000274658203
2024-01-11,7.170400142669678,22.829999923706055,107.33000183105469,96.70999908447266,77.62000274658203
2024-01-12,7.103099822998047,22.729999542236328,107.79000091552734,96.5199966430664,77.69999694824219
2024-01-15,7.100599765777588,22.729999542236328,107.79000091552734,96.5199966430664,77.69999694824219
2024-01-16,7.0970001220703125,22.020000457763672,107.23999786376953,94.81999969482422,77.20999908447266
2024-01-17,7.116499900817871,21.450000762939453,106.91000366210938,94.66999816894531,76.87999725341797
2024-01-18,7.114500045776367,21.530000686645508,106.94000244140625,93.79000091552734,77.04000091552734
2024-01-19,7.114999771118164,21.68000030517578,107.0199966430664,94.08999633789062,77.16999816894531
2024-01-22,7.107100009918213,21.139999389648438,107.06999969482422,94.6500015258789,77.2300033569336
2024-01-23,7.192699909210205,22.110000610351562,106.72000122070312,93.9000015258789,77.13999938964844
2024-01-24,7.077600002288818,22.770000457763672,106.47000122070312,93.3499984741211,77.0999984741211
2024-01-25,7.081999778747559,22.75,106.83000183105469,93.95999908447266,77.69000244140625
2024-01-26,7.081099987030029,22.600000381469727,106.7300033569336,93.77999877929688,77.62999725341797
2024-01-29,7.086599826812744,22.290000915527344,107.19999694824219,94.86000061035156,77.80000305175781
2024-01-30,7.084499835968018,21.93000030517578,107.1500015258789,95.72000122070312,77.69999694824219
2024-01-31,7.094099998474121,21.760000228881836,107.8499984741211,96.66000366210938,77.4800033569336
2024-02-01,7.1006999015808105,21.860000610351562,108.04000091552734,98.23999786376953,77.54000091552734
2024-02-02,7.088500022888184,21.40999984741211,107.0,96.06999969482422,77.19000244140625
2024-02-05,7.112599849700928,21.8799991607666,106.4000015258789,94.12999725341797,76.83000183105469
2024-02-06,7.108500003814697,23.1299991607666,106.76000213623047,95.05000305175781,77.11000061035156
2024-02-07,7.100100040435791,22.6200008392334,106.55999755859375,94.58999633789062,77.23999786376953
2024-02-08,7.101099967956543,22.100000381469727,106.4800033569336,94.04000091552734,77.19999694824219
2024-02-09,7.10699987411499,22.360000610351562,106.33000183105469,93.8499984741211,77.36000061035156
2024-02-12,7.178999900817871,22.719999313354492,106.37000274658203,93.95999908447266,77.19000244140625
2024-02-13,7.192200183868408,22.200000762939453,105.69000244140625,92.3499984741211,76.56999969482422
2024-02-14,7.188700199127197,22.670000076293945,106.13999938964844,92.81999969482422,76.87000274658203
2024-02-15,7.175899982452393,22.760000228881836,106.2699966430664,93.30000305175781,77.13999938964844
2024-02-16,7.163899898529053,23.06999969482422,106.16000366210938,92.76000213623047,76.91000366210938
2024-02-19,7.118599891662598,23.06999969482422,106.16000366210938,92.76000213623047,76.91000366210938
2024-02-20,7.197199821472168,22.920000076293945,106.20999908447266,92.83999633789062,77.06999969482422
2024-02-21,7.189700126647949,23.59000015258789,106.08999633789062,92.18000030517578,76.93000030517578
2024-02-22,7.1880998611450195,23.950000762939453,105.94999694824219,92.62999725341797,77.30000305175781
2024-02-23,7.193299770355225,24.1200008392334,106.22000122070312,93.87000274658203,77.3499984741211
2024-02-26,7.194399833679199,23.90999984741211,106.18000030517578,93.58999633789062,77.0999984741211
2024-02-27,7.196300029754639,24.31999969482422,106.05000305175781,92.93000030517578,77.19999694824219
2024-02-28,7.197400093078613,23.459999084472656,106.38999938964844,93.5199966430664,77.19000244140625
2024-02-29,7.196000099182129,23.420000076293945,106.72000122070312,94.18000030517578,77.33000183105469
2024-03-01,7.18720006942749,23.920000076293945,107.12000274658203,94.47000122070312,77.18000030517578
2024-03-04,7.195799827575684,23.389999389648438,107.02999877929688,94.08999633789062,77.16000366210938
2024-03-05,7.19890022277832,23.030000686645508,107.5199966430664,95.43000030517578,77.0999984741211
2024-03-06,7.196000099182129,23.530000686645508,107.55999755859375,95.98999786376953,77.29000091552734
2024-03-07,7.195899963378906,23.329999923706055,107.5,95.9000015258789,77.37999725341797
2024-03-08,7.192299842834473,23.469999313354492,107.58999633789062,95.7300033569336,77.4000015258789
2024-03-11,7.185200214385986,24.040000915527344,107.4000015258789,95.68000030517578,77.38999938964844
2024-03-12,7.183800220489502,24.559999465942383,107.19000244140625,94.87999725341797,77.45999908447266
2024-03-13,7.181000232696533,24.639999389648438,107.04000091552734,94.41999816894531,77.48999786376953
2024-03-14,7.186600208282471,24.139999389648438,106.38999938964844,92.97000122070312,77.12000274658203
2024-03-15,7.192200183868408,23.989999771118164,106.31999969482422,92.94000244140625,77.06999969482422
2024-03-18,7.195000171661377,24.030000686645508,106.22000122070312,92.66000366210938,77.25
2024-03-19,7.197199821472168,23.90999984741211,106.37000274658203,92.91999816894531,77.55999755859375
2024-03-20,7.197999954223633,24.1299991607666,106.79000091552734,92.88999938964844,77.81999969482422
2024-03-21,7.1975998878479,24.020000457763672,106.9800033569336,93.08999633789062,77.77999877929688
2024-03-22,7.198200225830078,23.68000030517578,107.3499984741211,93.9800033569336,77.69999694824219
2024-03-25,7.228099822998047,23.709999084472656,107.01000213623047,93.51000213623047,77.58000183105469
2024-03-26,7.208399772644043,23.84000015258789,107.04000091552734,93.7699966430664,77.48999786376953
2024-03-27,7.217700004577637,23.809999465942383,107.37000274658203,94.69999694824219,77.9000015258789
2024-03-28,7.225800037384033,24.06999969482422,107.41000366210938,94.62000274658203,77.7300033569336
2024-03-29,7.226500034332275,24.06999969482422,107.41000366210938,94.62000274658203,77.7300033569336
2024-03-31,7.220300197601318,24.06999969482422,107.41000366210938,94.62000274658203,77.7300033569336
2024-04-01,7.229700088500977,24.399999618530273,106.6500015258789,92.55000305175781,77.0199966430664
2024-04-02,7.232399940490723,24.600000381469727,106.68000030517578,92.04000091552734,76.88999938964844
2024-04-03,7.234399795532227,24.450000762939453,106.68000030517578,92.0199966430664,76.94999694824219
2024-04-04,7.23390007019043,24.31999969482422,107.08000183105469,92.68000030517578,76.88999938964844
2024-04-05,7.23390007019043,24.190000534057617,106.62999725341797,91.38999938964844,76.81999969482422
2024-04-07,7.231400012969971,24.190000534057617,106.62999725341797,91.38999938964844,76.81999969482422
2024-04-08,7.229700088500977,24.360000610351562,106.58999633789062,91.37999725341797,77.0
2024-04-09,7.2307000160217285,24.59000015258789,106.87000274658203,92.2300033569336,77.16000366210938
2024-04-10,7.231500148773193,24.469999313354492,105.83999633789062,90.22000122070312,76.4800033569336
2024-04-11,7.235899925231934,24.700000762939453,105.75,89.80999755859375,76.41000366210938
2024-04-12,7.235899925231934,23.84000015258789,106.12000274658203,90.29000091552734,76.37000274658203
2024-04-14,7.235599994659424,23.84000015258789,106.12000274658203,90.29000091552734,76.37000274658203
2024-04-15,7.236999988555908,23.920000076293945,105.77999877929688,88.88999938964844,75.93000030517578
2024-04-16,7.236199855804443,23.670000076293945,105.3499984741211,88.30000305175781,75.68000030517578
2024-04-17,7.237400054931641,23.649999618530273,105.76000213623047,89.27999877929688,75.77999877929688
2024-04-18,7.236700057983398,24.079999923706055,105.62000274658203,88.83000183105469,75.83999633789062
2024-04-19,7.236700057983398,24.010000228881836,105.77999877929688,89.1500015258789,75.9800033569336
2024-04-21,7.2393999099731445,24.010000228881836,105.77999877929688,89.1500015258789,75.9800033569336
2024-04-22,7.242499828338623,24.420000076293945,105.79000091552734,89.0,76.4000015258789
2024-04-23,7.244500160217285,24.799999237060547,105.88999938964844,89.02999877929688,76.70999908447266
2024-04-24,7.244200229644775,25.270000457763672,105.66999816894531,88.4000015258789,76.54000091552734
2024-04-25,7.23859977722168,25.440000534057617,105.51000213623047,87.77999877929688,76.37999725341797
2024-04-26,7.23859977722168,25.8700008392334,105.77999877929688,88.23999786376953,76.62000274658203
2024-04-28,7.24459981918335,25.8700008392334,105.77999877929688,88.23999786376953,76.62000274658203
2024-04-29,7.23769998550415,26.110000610351562,106.04000091552734,88.9800033569336,76.8499984741211
2024-04-30,7.240699768066406,25.489999771118164,105.52999877929688,88.22000122070312,76.29000091552734
2024-05-01,7.2399001121521,25.68000030517578,105.01000213623047,88.55999755859375,76.29000091552734
2024-05-02,7.238399982452393,27.149999618530273,105.38999938964844,88.94000244140625,76.76000213623047
2024-05-03,7.238399982452393,27.329999923706055,105.93000030517578,89.83999633789062,77.08000183105469
2024-05-05,7.236199855804443,27.329999923706055,105.93000030517578,89.83999633789062,77.08000183105469
2024-05-06,7.208000183105469,27.309999465942383,105.9800033569336,90.19000244140625,77.16999816894531
2024-05-07,7.218400001525879,26.920000076293945,105.95999908447266,90.73999786376953,77.18000030517578
2024-05-08,7.223800182342529,26.81999969482422,105.83999633789062,90.19000244140625,77.0
2024-05-09,7.218699932098389,27.399999618530273,106.22000122070312,90.62999725341797,77.0199966430664
2024-05-10,7.218699932098389,27.770000457763672,106.05000305175781,90.12000274658203,76.9000015258789
2024-05-12,7.225800037384033,27.770000457763672,106.05000305175781,90.12000274658203,76.9000015258789
2024-05-13,7.2322998046875,28.360000610351562,106.08999633789062,90.3499984741211,76.87999725341797
2024-05-14,7.2322998046875,28.010000228881836,106.29000091552734,90.86000061035156,77.0
2024-05-15,7.217700004577637,28.329999923706055,106.83000183105469,92.0999984741211,77.44999694824219
2024-05-16,7.2170000076293945,29.15999984741211,106.68000030517578,92.01000213623047,77.2699966430664
2024-05-17,7.2170000076293945,29.329999923706055,106.58000183105469,91.38999938964844,77.27999877929688
2024-05-19,7.222700119018555,29.329999923706055,106.58000183105469,91.38999938964844,77.27999877929688
2024-05-20,7.2316999435424805,29.010000228881836,106.54000091552734,91.12000274658203,77.31999969482422
2024-05-21,7.237599849700928,28.559999465942383,106.73999786376953,91.58999633789062,77.26000213623047
2024-05-22,7.240300178527832,28.200000762939453,106.72000122070312,91.69999694824219,77.08999633789062
2024-05-23,7.241499900817871,27.6299991607666,106.30999755859375,91.11000061035156,76.81999969482422
2024-05-24,7.241499900817871,27.579999923706055,106.44000244140625,91.37999725341797,77.08999633789062
2024-05-26,7.241499900817871,27.579999923706055,106.44000244140625,91.37999725341797,77.08999633789062
2024-05-27,7.241499900817871,27.579999923706055,106.44000244140625,91.37999725341797,77.08999633789062
2024-05-28,7.244999885559082,27.559999465942383,106.12000274658203,90.06999969482422,76.77999877929688
2024-05-29,7.2494001388549805,27.1200008392334,105.87000274658203,88.9800033569336,76.55000305175781
2024-05-30,7.233500003814697,27.149999618530273,106.27999877929688,89.83999633789062,76.86000061035156
2024-05-31,7.233500003814697,26.6299991607666,106.69999694824219,90.44999694824219,77.12999725341797
2024-06-02,7.241000175476074,26.6299991607666,106.69999694824219,90.44999694824219,77.12999725341797
2024-06-03,7.242000102996826,26.760000228881836,106.41999816894531,91.5999984741211,77.01000213623047
2024-06-04,7.242000102996826,26.969999313354492,106.75,92.66999816894531,76.97000122070312
2024-06-05,7.246699810028076,27.200000762939453,107.0199966430664,93.3499984741211,77.22000122070312
2024-06-06,7.244100093841553,27.190000534057617,106.93000030517578,93.20999908447266,77.08999633789062
2024-06-07,7.244100093841553,26.5,106.05000305175781,91.5,76.88999938964844
2024-06-09,7.246799945831299,26.5,106.05000305175781,91.5,76.88999938964844
2024-06-10,7.246799945831299,26.75,105.9000015258789,90.88999938964844,76.95999908447266
2024-06-11,7.246699810028076,26.469999313354492,106.19000244140625,91.83000183105469,77.05999755859375
2024-06-12,7.238100051879883,26.40999984741211,106.3499984741211,92.5199966430664,77.37000274658203
2024-06-13,7.2515997886657715,26.389999389648438,106.7699966430664,93.87999725341797,77.36000061035156
2024-06-14,7.2515997886657715,26.170000076293945,106.9000015258789,94.66999816894531,77.05999755859375
2024-06-16,7.254300117492676,26.170000076293945,106.9000015258789,94.66999816894531,77.05999755859375
2024-06-17,7.255000114440918,26.5,106.75,93.7300033569336,77.11000061035156
2024-06-18,7.252699851989746,26.559999465942383,107.18000030517578,94.58999633789062,77.3499984741211
2024-06-19,7.25629997253418,26.559999465942383,107.18000030517578,94.58999633789062,77.3499984741211
2024-06-20,7.259099960327148,26.8799991607666,107.19999694824219,93.95999908447266,77.30000305175781
2024-06-21,7.259099960327148,26.420000076293945,107.04000091552734,93.95999908447266,77.38999938964844
2024-06-23,7.259200096130371,26.420000076293945,107.04000091552734,93.95999908447266,77.38999938964844
2024-06-24,7.257699966430664,26.719999313354492,107.0999984741211,94.33999633789062,77.30999755859375
2024-06-25,7.26140022277832,26.510000228881836,107.2300033569336,94.5,77.41000366210938
2024-06-26,7.263500213623047,26.520000457763672,106.91000366210938,93.1500015258789,77.23999786376953
2024-06-27,7.267199993133545,25.889999389648438,107.11000061035156,93.5199966430664,77.33000183105469
2024-06-28,7.267199993133545,25.989999771118164,106.77999877929688,91.77999877929688,77.13999938964844
2024-06-30,7.2657999992370605,25.989999771118164,106.77999877929688,91.77999877929688,77.13999938964844
2024-07-01,7.266900062561035,26.079999923706055,105.91999816894531,89.91000366210938,76.72000122070312
2024-07-02,7.269400119781494,26.43000030517578,106.12000274658203,90.61000061035156,76.93000030517578
2024-07-03,7.268599987030029,26.899999618530273,106.54000091552734,91.80000305175781,77.19999694824219
2024-07-04,7.2657999992370605,26.899999618530273,106.54000091552734,91.80000305175781,77.19999694824219
2024-07-05,7.2657999992370605,26.440000534057617,107.0199966430664,92.55999755859375,77.43000030517578
2024-07-07,7.2677998542785645,26.440000534057617,107.0199966430664,92.55999755859375,77.43000030517578
2024-07-08,7.267099857330322,26.229999542236328,106.9800033569336,92.76000213623047,77.41000366210938
2024-07-09,7.271699905395508,26.5,106.81999969482422,92.3499984741211,77.31999969482422
2024-07-10,7.274499893188477,26.3799991607666,107.0199966430664,92.63999938964844,77.5
2024-07-11,7.254799842834473,26.940000534057617,107.33999633789062,93.54000091552734,77.77999877929688
2024-07-12,7.254799842834473,27.219999313354492,107.51000213623047,93.94000244140625,77.9800033569336
2024-07-14,7.2494001388549805,27.219999313354492,107.51000213623047,93.94000244140625,77.9800033569336
2024-07-15,7.258900165557861,26.610000610351562,107.44000244140625,92.86000061035156,77.98999786376953
2024-07-16,7.2606000900268555,26.610000610351562,107.7699966430664,94.16999816894531,78.29000091552734
2024-07-17,7.259399890899658,26.25,107.80999755859375,94.19000244140625,78.19999694824219
2024-07-18,7.258900165557861,26.010000228881836,107.56999969482422,93.47000122070312,78.04000091552734
2024-07-19,7.258900165557861,25.81999969482422,107.30999755859375,92.91999816894531,77.9800033569336
2024-07-21,7.269000053405762,25.81999969482422,107.30999755859375,92.91999816894531,77.9800033569336
2024-07-22,7.27269983291626,26.360000610351562,107.18000030517578,92.6500015258789,78.2699966430664
2024-07-23,7.2743000984191895,25.989999771118164,107.12000274658203,92.5199966430664,78.27999877929688
2024-07-24,7.261199951171875,25.700000762939453,106.80000305175781,91.5199966430664,78.02999877929688
2024-07-25,7.230100154876709,25.389999389648438,107.05999755859375,92.2699966430664,78.04000091552734
2024-07-26,7.230100154876709,25.520000457763672,107.4000015258789,92.98999786376953,78.29000091552734
2024-07-28,7.250100135803223,25.520000457763672,107.4000015258789,92.98999786376953,78.29000091552734
2024-07-29,7.258299827575684,25.559999465942383,107.51000213623047,93.48999786376953,78.22000122070312
2024-07-30,7.250699996948242,25.329999923706055,107.58999633789062,93.8499984741211,78.26000213623047
2024-07-31,7.217199802398682,25.68000030517578,108.18000030517578,94.80999755859375,78.54000091552734
2024-08-01,7.242800235748291,25.31999969482422,108.1500015258789,95.30999755859375,77.95999908447266
2024-08-02,7.242800235748291,25.200000762939453,108.66999816894531,98.27999877929688,77.69999694824219
2024-08-04,7.157199859619141,25.200000762939453,108.66999816894531,98.27999877929688,77.69999694824219
2024-08-05,7.120200157165527,25.030000686645508,108.9800033569336,98.80000305175781,77.22000122070312
2024-08-06,7.156300067901611,24.780000686645508,108.3499984741211,96.58999633789062,77.51000213623047
2024-08-07,7.180300235748291,24.889999389648438,108.0199966430664,95.91000366210938,77.66000366210938
2024-08-08,7.173699855804443,25.489999771118164,107.91999816894531,95.31999969482422,77.9800033569336
2024-08-09,7.173699855804443,25.450000762939453,108.19999694824219,96.26000213623047,77.97000122070312
2024-08-11,7.166299819946289,25.450000762939453,108.19999694824219,96.26000213623047,77.97000122070312
2024-08-12,7.173999786376953,25.649999618530273,108.48999786376953,96.61000061035156,78.0199966430664
2024-08-13,7.152900218963623,25.799999237060547,108.72000122070312,97.27999877929688,78.37999725341797
2024-08-14,7.13730001449585,25.31999969482422,108.66000366210938,97.88999938964844,78.5199966430664
2024-08-15,7.173399925231934,25.84000015258789,108.43000030517578,97.0999984741211,78.58999633789062
2024-08-16,7.173399925231934,26.360000610351562,108.38999938964844,97.44000244140625,78.83999633789062
2024-08-18,7.164000034332275,26.360000610351562,108.38999938964844,97.44000244140625,78.83999633789062
2024-08-19,7.140500068664551,26.600000381469727,108.45999908447266,97.88999938964844,78.97000122070312
2024-08-20,7.131999969482422,26.0,108.88999938964844,98.66999816894531,78.9000015258789
2024-08-21,7.131800174713135,26.270000457763672,109.12999725341797,98.7300033569336,79.08000183105469
2024-08-22,7.144400119781494,26.06999969482422,108.79000091552734,97.75,78.9800033569336
2024-08-23,7.144400119781494,26.479999542236328,109.37000274658203,98.38999938964844,79.4000015258789
2024-08-25,7.124000072479248,26.479999542236328,109.37000274658203,98.38999938964844,79.4000015258789
2024-08-26,7.118100166320801,26.270000457763672,109.37999725341797,98.13999938964844,79.23999786376953
2024-08-27,7.1230998039245605,26.559999465942383,109.37999725341797,97.97000122070312,79.29000091552734
2024-08-28,7.124300003051758,26.139999389648438,109.37000274658203,97.8499984741211,79.25
2024-08-29,7.0954999923706055,26.329999923706055,109.22000122070312,97.52999877929688,79.33000183105469
2024-08-30,7.0954999923706055,26.459999084472656,108.87000274658203,96.48999786376953,79.33999633789062
2024-09-01,7.092100143432617,26.459999084472656,108.87000274658203,96.48999786376953,79.33999633789062
2024-09-02,7.116600036621094,26.459999084472656,108.87000274658203,96.48999786376953,79.33999633789062
2024-09-03,7.1203999519348145,26.0,109.05999755859375,97.75,78.68000030517578
2024-09-04,7.1118998527526855,25.979999542236328,109.3499984741211,99.01000213623047,78.97000122070312
2024-09-05,7.091300010681152,25.850000381469727,109.41999816894531,99.56999969482422,79.23999786376953
2024-09-06,7.091300010681152,25.5,109.48999786376953,99.55999755859375,79.13999938964844
2024-09-08,7.087900161743164,25.5,109.48999786376953,99.55999755859375,79.13999938964844
2024-09-09,7.11359977722168,25.520000457763672,109.73999786376953,99.98999786376953,79.33000183105469
2024-09-10,7.120800018310547,25.459999084472656,109.9800033569336,100.69000244140625,79.18000030517578
2024-09-11,7.119699954986572,25.719999313354492,110.05000305175781,100.61000061035156,79.30000305175781
2024-09-12,7.116600036621094,25.709999084472656,110.06999969482422,100.13999938964844,79.41000366210938
2024-09-13,7.116600036621094,25.860000610351562,110.44000244140625,100.41000366210938,79.62999725341797
2024-09-15,7.092700004577637,25.860000610351562,110.44000244140625,100.41000366210938,79.62999725341797
2024-09-16,7.09250020980835,26.010000228881836,110.81999969482422,101.33000183105469,79.83000183105469
2024-09-17,7.09250020980835,26.34000015258789,110.77999877929688,100.83999633789062,79.8499984741211
2024-09-18,7.080999851226807,26.190000534057617,110.37000274658203,99.58999633789062,79.91999816894531
2024-09-19,7.066999912261963,27.1299991607666,110.69999694824219,99.26000213623047,80.16000366210938
2024-09-20,7.066999912261963,27.149999618530273,110.55000305175781,98.87999725341797,80.26000213623047
2024-09-22,7.050899982452393,27.149999618530273,110.55000305175781,98.87999725341797,80.26000213623047
2024-09-23,7.051300048828125,27.68000030517578,110.55999755859375,98.66999816894531,80.11000061035156
2024-09-24,7.030200004577637,30.399999618530273,110.83000183105469,98.6500015258789,80.12000274658203
2024-09-25,7.032299995422363,29.559999465942383,110.41000366210938,97.83000183105469,80.02999877929688
2024-09-26,7.008999824523926,31.920000076293945,110.2699966430664,98.05999755859375,80.16000366210938
2024-09-27,7.008999824523926,32.16999816894531,110.54000091552734,98.56999969482422,80.36000061035156
2024-09-29,7.010300159454346,32.16999816894531,110.54000091552734,98.56999969482422,80.36000061035156
2024-09-30,7.017499923706055,31.780000686645508,110.47000122070312,98.0999984741211,80.30000305175781
2024-10-01,7.030399799346924,33.099998474121094,110.70999908447266,98.48999786376953,79.87000274658203
2024-10-02,7.037700176239014,35.47999954223633,110.61000061035156,97.66000366210938,79.87999725341797
2024-10-03,7.045100212097168,34.5,110.13999938964844,96.73999786376953,79.69000244140625
2024-10-04,7.045100212097168,35.709999084472656,109.38999938964844,95.55000305175781,79.5999984741211
2024-10-06,7.017499923706055,35.709999084472656,109.38999938964844,95.55000305175781,79.5999984741211
2024-10-07,7.019100189208984,36.689998626708984,109.2699966430664,94.83000183105469,79.26000213623047
2024-10-08,7.057799816131592,33.33000183105469,109.44999694824219,94.98999786376953,79.44999694824219
2024-10-09,7.080100059509277,32.790000915527344,109.25,94.44999694824219,79.4000015258789
2024-10-10,7.080100059509277,33.220001220703125,109.47000122070312,94.08000183105469,79.36000061035156
2024-10-11,7.080100059509277,33.369998931884766,109.4800033569336,93.69999694824219,79.56999969482422
2024-10-13,7.065199851989746,33.369998931884766,109.4800033569336,93.69999694824219,79.56999969482422
2024-10-14,7.087200164794922,32.7400016784668,109.37000274658203,93.7699966430664,79.61000061035156
2024-10-15,7.117800235748291,31.100000381469727,109.48999786376953,94.91000366210938,79.58999633789062
2024-10-16,7.1184000968933105,31.649999618530273,109.51000213623047,95.30999755859375,79.7300033569336
2024-10-17,7.123000144958496,30.850000381469727,109.18000030517578,93.80000305175781,79.61000061035156
2024-10-18,7.123000144958496,32.16999816894531,109.36000061035156,93.87000274658203,79.80000305175781
2024-10-20,7.100800037384033,32.16999816894531,109.36000061035156,93.87000274658203,79.80000305175781
2024-10-21,7.118000030517578,31.739999771118164,108.56999969482422,92.2300033569336,79.4800033569336
2024-10-22,7.121699810028076,31.989999771118164,108.72000122070312,92.31999969482422,79.37000274658203
2024-10-23,7.12529993057251,31.920000076293945,108.44999694824219,92.06999969482422,79.12999725341797
2024-10-24,7.11870002746582,31.729999542236328,108.55999755859375,92.66000366210938,79.36000061035156
2024-10-25,7.11870002746582,31.719999313354492,108.2699966430664,92.13999938964844,79.27999877929688
2024-10-28,7.120100021362305,32.27000045776367,108.05999755859375,91.88999938964844,79.4800033569336
2024-10-29,7.127500057220459,32.040000915527344,108.22000122070312,92.02999877929688,79.5
2024-10-30,7.130099773406982,31.6299991607666,108.43000030517578,92.30000305175781,79.36000061035156
2024-10-31,7.114799976348877,31.559999465942383,108.30999755859375,92.44999694824219,79.13999938964844
2024-11-01,7.118500232696533,31.68000030517578,107.76000213623047,90.83999633789062,78.75
2024-11-04,7.121699810028076,31.8700008392334,107.94000244140625,92.25,78.97000122070312
2024-11-05,7.097799777984619,32.63999938964844,108.04000091552734,92.73999786376953,79.19000244140625
2024-11-06,7.102200031280518,31.68000030517578,107.87000274658203,90.19999694824219,79.33000183105469
2024-11-07,7.1768999099731445,33.41999816894531,108.2699966430664,91.33000183105469,79.66999816894531
2024-11-08,7.141200065612793,31.469999313354492,108.56999969482422,92.48999786376953,79.80000305175781
2024-11-11,7.178199768066406,31.469999313354492,108.20999908447266,92.04000091552734,79.70999908447266
2024-11-12,7.211100101470947,30.309999465942383,107.63999938964844,90.66000366210938,79.38999938964844
2024-11-13,7.231599807739258,30.270000457763672,107.44000244140625,89.80000305175781,79.41000366210938
2024-11-14,7.223499774932861,29.950000762939453,107.41999816894531,90.31999969482422,79.23999786376953
2024-11-15,7.2291998863220215,30.149999618530273,107.44999694824219,90.08000183105469,79.2300033569336
2024-11-18,7.230999946594238,30.719999313354492,107.70999908447266,90.23999786376953,79.37999725341797
2024-11-19,7.235400199890137,30.389999389648438,107.87999725341797,90.69999694824219,79.5
2024-11-20,7.238100051879883,30.530000686645508,107.83000183105469,90.41000366210938,79.4800033569336
2024-11-21,7.24399995803833,30.350000381469727,107.69000244140625,90.33999633789062,79.51000213623047
2024-11-22,7.233699798583984,29.690000534057617,107.7699966430664,90.38999938964844,79.48999786376953
2024-11-25,7.242000102996826,29.700000762939453,108.36000061035156,92.7300033569336,79.79000091552734
2024-11-26,7.239500045776367,29.520000457763672,108.11000061035156,92.37000274658203,79.63999938964844
2024-11-27,7.251999855041504,30.309999465942383,108.44999694824219,93.01000213623047,79.87999725341797
2024-11-28,7.246200084686279,30.309999465942383,108.44999694824219,93.01000213623047,79.87999725341797
2024-11-29,7.2428998947143555,30.309999465942383,108.76000213623047,93.97000122070312,80.04000091552734
2024-12-02,7.240699768066406,30.3700008392334,108.51000213623047,93.87000274658203,79.6500015258789
2024-12-03,7.270899772644043,30.5,108.55999755859375,93.05999755859375,79.6500015258789
2024-12-04,7.28380012512207,30.280000686645508,108.87000274658203,94.05999755859375,79.83999633789062
2024-12-05,7.263000011444092,30.3700008392334,108.73999786376953,94.25,79.7699966430664
2024-12-06,7.259200096130371,30.770000457763672,108.83000183105469,94.38999938964844,79.9000015258789
2024-12-09,7.2692999839782715,33.29999923706055,108.62999725341797,93.5199966430664,79.80000305175781
2024-12-10,7.259500026702881,31.780000686645508,108.58999633789062,93.08000183105469,79.83999633789062
2024-12-11,7.248700141906738,31.479999542236328,108.43000030517578,92.19999694824219,79.86000061035156
2024-12-12,7.261099815368652,31.5,108.08000183105469,91.08000183105469,79.63999938964844
2024-12-13,7.267600059509277,31.100000381469727,107.77999877929688,90.1500015258789,79.41000366210938
2024-12-16,7.275100231170654,30.59000015258789,107.66000366210938,90.41999816894531,79.55999755859375
2024-12-17,7.282400131225586,30.670000076293945,107.5999984741211,90.63999938964844,79.38999938964844
2024-12-18,7.284599781036377,30.049999237060547,106.76000213623047,89.16000366210938,78.16999816894531
2024-12-19,7.285399913787842,30.239999771118164,106.33000183105469,87.80999755859375,78.08999633789062
2024-12-20,7.295400142669678,30.420000076293945,106.54000091552734,88.30999755859375,78.58000183105469
2024-12-23,7.295400142669678,30.700000762939453,106.4000015258789,87.5,78.37000274658203
2024-12-24,7.296999931335449,31.09000015258789,106.63999938964844,87.87000274658203,78.62000274658203
2024-12-25,7.294600009918213,31.09000015258789,106.63999938964844,87.87000274658203,78.62000274658203
2024-12-26,7.2972002029418945,31.1200008392334,106.63999938964844,87.81999969482422,78.81999969482422
2024-12-27,7.297299861907959,30.850000381469727,106.37000274658203,87.0999984741211,78.55000305175781
2024-12-30,7.297800064086914,30.489999771118164,106.68000030517578,87.80000305175781,78.66000366210938
2024-12-31,7.298099994659424,30.440000534057617,106.55000305175781,87.33000183105469,78.6500015258789
2025-01-02,7.298099994659424,29.889999389648438,106.70999908447266,87.56999969482422,78.83999633789062
2025-01-03,7.298600196838379,30.389999389648438,106.48999786376953,87.29000091552734,78.95999908447266
2025-01-06,7.3196001052856445,29.989999771118164,106.48999786376953,86.9000015258789,79.0999984741211
2025-01-07,7.322299957275391,29.6200008392334,106.31999969482422,85.91999816894531,78.83999633789062
2025-01-08,7.326399803161621,29.510000228881836,106.5999984741211,86.02999877929688,78.94000244140625
2025-01-09,7.331500053405762,29.510000228881836,106.5999984741211,86.02999877929688,78.94000244140625
2025-01-10,7.332099914550781,28.649999618530273,106.22000122070312,85.45999908447266,78.52999877929688
2025-01-13,7.331699848175049,28.790000915527344,106.22000122070312,85.43000030517578,78.51000213623047
2025-01-14,7.329800128936768,29.420000076293945,106.26000213623047,85.29000091552734,78.61000061035156
2025-01-15,7.330900192260742,29.81999969482422,107.0,86.76000213623047,79.30000305175781
2025-01-16,7.330100059509277,29.829999923706055,107.13999938964844,87.04000091552734,79.38999938964844
2025-01-17,7.330999851226807,30.40999984741211,107.18000030517578,87.19000244140625,79.45999908447266
2025-01-20,7.323999881744385,30.40999984741211,107.18000030517578,87.19000244140625,79.45999908447266
2025-01-21,7.313300132751465,30.75,107.26000213623047,87.97000122070312,79.66999816894531
2025-01-22,7.271200180053711,30.530000686645508,107.13999938964844,87.51000213623047,79.55999755859375
2025-01-23,7.271200180053711,30.559999465942383,107.23999786376953,86.83000183105469,79.66000366210938
2025-01-24,7.286200046539307,31.31999969482422,107.43000030517578,87.22000122070312,79.75
2025-01-27,7.243100166320801,31.600000381469727,107.87999725341797,88.25,79.80999755859375
2025-01-28,7.250699996948242,31.959999084472656,107.94999694824219,88.19000244140625,79.77999877929688
2025-01-29,7.250199794769287,31.829999923706055,107.81999969482422,88.01000213623047,79.7300033569336
2025-01-30,7.169000148773193,32.59000015258789,107.93000030517578,88.33999633789062,79.87999725341797
2025-01-31,7.1809000968933105,31.889999389648438,108.01000213623047,87.76000213623047,79.72000122070312
2025-02-03,7.185800075531006,31.719999313354492,108.26000213623047,88.16000366210938,79.26000213623047
2025-02-04,7.195000171661377,32.470001220703125,108.44000244140625,88.43000030517578,79.51000213623047
2025-02-05,7.1819000244140625,31.93000030517578,108.91999816894531,89.88999938964844,79.72000122070312
2025-02-06,7.270500183105469,32.279998779296875,108.7300033569336,89.8499984741211,79.5999984741211
2025-02-07,7.287799835205078,32.72999954223633,108.44000244140625,89.2699966430664,79.3499984741211
2025-02-10,7.286799907684326,33.619998931884766,108.48999786376953,89.0,79.51000213623047
2025-02-11,7.304500102996826,33.34000015258789,108.45999908447266,88.43000030517578,79.4800033569336
2025-02-12,7.307199954986572,34.16999816894531,107.80999755859375,87.2300033569336,79.30999755859375
2025-02-13,7.308800220489502,34.15999984741211,108.41000366210938,88.68000030517578,79.66999816894531
2025-02-14,7.28879976272583,35.040000915527344,108.61000061035156,89.1500015258789,79.76000213623047
2025-02-17,7.252999782562256,35.040000915527344,108.61000061035156,89.1500015258789,79.76000213623047
2025-02-18,7.252999782562256,35.29999923706055,108.26000213623047,88.0999984741211,79.69000244140625
2025-02-19,7.278600215911865,35.04999923706055,108.4800033569336,88.20999908447266,79.75
2025-02-20,7.283299922943115,35.72999954223633,108.69999694824219,88.54000091552734,79.80000305175781
2025-02-21,7.255499839782715,36.2400016784668,108.91999816894531,89.61000061035156,79.6500015258789
2025-02-24,7.25,35.029998779296875,109.16000366210938,89.87000274658203,79.75
2025-02-25,7.247600078582764,35.380001068115234,109.62000274658203,91.41999816894531,79.94999694824219
2025-02-26,7.247600078582764,36.439998626708984,109.70999908447266,91.95999908447266,80.05999755859375
2025-02-27,7.257999897003174,36.04999923706055,109.58000183105469,91.30999755859375,79.91000366210938
2025-02-28,7.285299777984619,35.22999954223633,110.33999633789062,92.43000030517578,80.12999725341797
2025-03-03,7.282800197601318,34.5099983215332,110.63999938964844,92.56999969482422,79.58999633789062
2025-03-04,7.284299850463867,35.040000915527344,110.25,91.43000030517578,79.58000183105469
2025-03-05,7.265100002288818,36.790000915527344,109.69000244140625,90.69999694824219,79.62000274658203
2025-03-06,7.2505998611450195,36.970001220703125,109.63999938964844,90.4000015258789,79.31999969482422
2025-03-07,7.2505998611450195,36.959999084472656,109.45999908447266,90.11000061035156,79.44999694824219
2025-03-10,7.234000205993652,35.970001220703125,109.94999694824219,91.05000305175781,79.1500015258789
2025-03-11,7.259099960327148,36.38999938964844,109.6500015258789,90.4000015258789,78.87000274658203
2025-03-12,7.259099960327148,36.349998474121094,109.5199966430664,89.86000061035156,78.95999908447266
2025-03-13,7.237100124359131,36.59000015258789,109.68000030517578,90.6500015258789,78.5199966430664
2025-03-14,7.237100124359131,37.65999984741211,109.41999816894531,90.16999816894531,78.87999725341797
2025-03-17,7.237100124359131,38.54999923706055,109.44999694824219,90.62000274658203,79.06999969482422
2025-03-18,7.232699871063232,38.4900016784668,109.56999969482422,90.70999908447266,78.93000030517578
2025-03-19,7.22730016708374,38.33000183105469,110.12999725341797,91.18000030517578,79.44999694824219
2025-03-20,7.230000019073486,37.22999954223633,110.2300033569336,91.23999786376953,79.33999633789062
2025-03-21,7.247700214385986,36.560001373291016,110.0999984741211,90.69999694824219,79.22000122070312
2025-03-24,7.248499870300293,36.66999816894531,109.81999969482422,89.7699966430664,79.44999694824219
2025-03-25,7.252999782562256,36.29999923706055,110.0,89.76000213623047,79.41000366210938
2025-03-26,7.256899833679199,36.27000045776367,109.86000061035156,89.16999816894531,79.08999633789062
2025-03-27,7.256899833679199,36.68000030517578,110.08999633789062,88.91000366210938,78.94000244140625
2025-03-28,7.263299942016602,35.84000015258789,110.6500015258789,90.13999938964844,78.80000305175781
2025-03-30,7.262800216674805,35.84000015258789,110.6500015258789,90.13999938964844,78.80000305175781
2025-03-31,7.256700038909912,35.84000015258789,111.08999633789062,91.02999877929688,78.88999938964844
2025-04-01,7.269700050354004,35.7599983215332,110.44999694824219,91.48999786376953,78.69000244140625
2025-04-02,7.267499923706055,35.540000915527344,110.27999877929688,91.43000030517578,78.8499984741211
2025-04-03,7.267499923706055,35.220001220703125,110.97000122070312,91.8499984741211,77.87000274658203
2025-04-04,7.267499923706055,32.7400016784668,110.5999984741211,92.8499984741211,76.76000213623047
2025-04-06,7.281300067901611,32.7400016784668,110.5999984741211,92.8499984741211,76.76000213623047
2025-04-07,7.30810022354126,30.0,109.2699966430664,90.05000305175781,76.0999984741211
2025-04-08,7.338799953460693,29.59000015258789,109.0,88.3499984741211,75.75
2025-04-09,7.349999904632568,31.68000030517578,109.2300033569336,88.87000274658203,77.77999877929688
2025-04-10,7.314000129699707,31.559999465942383,107.93000030517578,86.41999816894531,76.51000213623047
2025-04-11,7.314000129699707,32.939998626708984,107.97000122070312,86.88999938964844,76.73999786376953
2025-04-13,7.291600227355957,32.939998626708984,107.97000122070312,86.88999938964844,76.73999786376953
2025-04-14,7.3119001388549805,33.369998931884766,108.48999786376953,87.51000213623047,77.12000274658203
2025-04-15,7.3119001388549805,33.18000030517578,108.4800033569336,87.81999969482422,77.33000183105469
2025-04-16,7.3119001388549805,32.41999816894531,108.77999877929688,88.30999755859375,77.31999969482422
2025-04-17,7.3119001388549805,32.400001525878906,109.02999877929688,87.52999877929688,77.7699966430664
2025-04-21,7.298999786376953,32.43000030517578,108.47000122070312,86.0,77.30999755859375
2025-04-22,7.311800003051758,33.459999084472656,108.87000274658203,86.4800033569336,77.61000061035156
2025-04-23,7.285999774932861,33.83000183105469,109.19000244140625,87.31999969482422,78.0
2025-04-24,7.285999774932861,34.11000061035156,109.7699966430664,88.23999786376953,78.69999694824219
2025-04-25,7.285999774932861,33.97999954223633,109.81999969482422,88.88999938964844,78.7699966430664
2025-04-27,7.286399841308594,33.97999954223633,109.81999969482422,88.88999938964844,78.7699966430664
2025-04-28,7.294000148773193,34.0,110.19999694824219,89.44999694824219,78.80999755859375
2025-04-29,7.269000053405762,33.79999923706055,110.38999938964844,90.19999694824219,79.0199966430664
2025-04-30,7.270599842071533,33.86000061035156,110.5199966430664,89.47000122070312,78.5999984741211
2025-05-01,7.270599842071533,33.790000915527344,109.61000061035156,88.69000244140625,78.30000305175781
2025-05-02,7.270599842071533,34.90999984741211,109.04000091552734,87.7300033569336,78.54000091552734
2025-05-04,7.270599842071533,34.90999984741211,109.04000091552734,87.7300033569336,78.54000091552734
2025-05-05,7.269999980926514,34.869998931884766,108.93000030517578,87.23999786376953,78.51000213623047
2025-05-06,7.216300010681152,35.27000045776367,109.26000213623047,87.52999877929688,78.44999694824219
2025-05-07,7.225200176239014,34.470001220703125,109.37000274658203,87.9000015258789,78.5199966430664
2025-05-08,7.225200176239014,35.0,108.9800033569336,86.91999816894531,78.5
2025-05-09,7.225200176239014,34.83000183105469,109.08000183105469,87.05000305175781,78.55000305175781
2025-05-11,7.236299991607666,34.83000183105469,109.08000183105469,87.05000305175781,78.55000305175781
2025-05-12,7.2017998695373535,36.040000915527344,108.2300033569336,86.23999786376953,79.33000183105469
2025-05-13,7.205699920654297,35.7400016784668,108.48999786376953,85.88999938964844,79.47000122070312
2025-05-14,7.205699920654297,36.310001373291016,108.37999725341797,85.31999969482422,79.18000030517578
2025-05-15,7.206500053405762,35.75,108.69000244140625,86.06999969482422,79.33000183105469
2025-05-16,7.206500053405762,35.63999938964844,108.87999725341797,86.30000305175781,79.41999816894531
2025-05-18,7.209000110626221,35.63999938964844,108.87999725341797,86.30000305175781,79.41999816894531
2025-05-19,7.209000110626221,35.86000061035156,108.88999938964844,86.05000305175781,79.37999725341797
2025-05-20,7.219399929046631,36.2599983215332,108.7300033569336,85.43000030517578,79.33999633789062
2025-05-21,7.201900005340576,36.09000015258789,108.13999938964844,83.97000122070312,78.80999755859375
2025-05-22,7.203700065612793,35.90999984741211,108.45999908447266,84.41000366210938,78.97000122070312
2025-05-23,7.203700065612793,35.970001220703125,108.55999755859375,84.55000305175781,78.94999694824219
2025-05-25,7.203700065612793,35.970001220703125,108.55999755859375,84.55000305175781,78.94999694824219
2025-05-26,7.203700065612793,35.970001220703125,108.55999755859375,84.55000305175781,78.94999694824219
2025-05-27,7.203700065612793,35.599998474121094,108.87000274658203,85.7300033569336,79.43000030517578
2025-05-28,7.203700065612793,35.2400016784668,108.62000274658203,85.36000061035156,79.37999725341797
2025-05-29,7.203700065612793,35.619998931884766,108.93000030517578,86.1500015258789,79.5
2025-05-30,7.203700065612793,35.0,109.29000091552734,86.27999877929688,79.56999969482422
2025-06-01,7.203700065612793,35.0,109.29000091552734,86.27999877929688,79.56999969482422
2025-06-02,7.203700065612793,35.349998474121094,108.6500015258789,85.16000366210938,79.18000030517578
2025-06-03,7.203700065612793,35.70000076293945,108.55000305175781,85.01000213623047,79.33000183105469
2025-06-04,7.203700065612793,36.369998931884766,108.97000122070312,86.38999938964844,79.4800033569336
2025-06-05,7.175000190734863,36.630001068115234,108.6500015258789,86.44999694824219,79.30999755859375
2025-06-06,7.175000190734863,36.59000015258789,108.06999969482422,85.3499984741211,79.30000305175781
2025-06-08,7.188600063323975,36.59000015258789,108.06999969482422,85.3499984741211,79.30000305175781
2025-06-09,7.180200099945068,37.060001373291016,108.22000122070312,85.44000244140625,79.33999633789062
2025-06-10,7.180200099945068,37.220001220703125,108.2699966430664,85.87999725341797,79.52999877929688
2025-06-11,7.192800045013428,37.40999984741211,108.44999694824219,86.13999938964844,79.51000213623047
2025-06-12,7.192800045013428,37.2599983215332,108.76000213623047,87.16999816894531,79.5999984741211
2025-06-13,7.192800045013428,36.58000183105469,108.5999984741211,86.33000183105469,79.36000061035156
2025-06-15,7.181000232696533,36.58000183105469,108.5999984741211,86.33000183105469,79.36000061035156
2025-06-16,7.178999900817871,36.66999816894531,108.44999694824219,85.45999908447266,79.5199966430664
2025-06-17,7.184500217437744,36.2400016784668,109.0199966430664,86.5,79.43000030517578
2025-06-18,7.188799858093262,35.75,109.0999984741211,86.6500015258789,79.55000305175781
2025-06-19,7.188000202178955,35.75,109.0999984741211,86.6500015258789,79.55000305175781
2025-06-20,7.188000202178955,35.52000045776367,109.29000091552734,86.48999786376953,79.80000305175781
2025-06-22,7.188000202178955,35.52000045776367,109.29000091552734,86.48999786376953,79.80000305175781
2025-06-23,7.178999900817871,36.08000183105469,109.37999725341797,86.7699966430664,79.94999694824219
2025-06-24,7.171299934387207,37.099998474121094,109.5199966430664,87.4000015258789,80.16999816894531
2025-06-25,7.176400184631348,37.060001373291016,109.58000183105469,87.51000213623047,80.1500015258789
2025-06-26,7.167500019073486,37.15999984741211,109.9000015258789,87.94999694824219,80.37999725341797
2025-06-27,7.167500019073486,36.810001373291016,109.76000213623047,87.38999938964844,80.33999633789062
2025-06-29,7.172100067138672,36.810001373291016,109.76000213623047,87.38999938964844,80.33999633789062
2025-06-30,7.163599967956543,36.7599983215332,110.04000091552734,88.25,80.6500015258789
2025-07-01,7.1645002365112305,36.83000183105469,109.5999984741211,88.13999938964844,80.16999816894531
2025-07-02,7.164899826049805,36.689998626708984,109.55000305175781,87.58000183105469,80.31999969482422
2025-07-03,7.164899826049805,36.27000045776367,109.36000061035156,86.97000122070312,80.37000274658203
2025-07-06,7.164899826049805,36.27000045776367,109.36000061035156,86.97000122070312,80.37000274658203
2025-07-07,7.1743998527526855,36.310001373291016,109.22000122070312,86.13999938964844,80.0999984741211
2025-07-08,7.173799991607666,36.689998626708984,109.12999725341797,86.02999877929688,79.98999786376953
2025-07-09,7.179999828338623,36.18000030517578,109.54000091552734,86.93000030517578,80.20999908447266
2025-07-10,7.174799919128418,36.52000045776367,109.51000213623047,86.98999786376953,80.12999725341797
2025-07-11,7.174799919128418,36.47999954223633,109.33000183105469,85.79000091552734,80.02999877929688
2025-07-13,7.168099880218506,36.47999954223633,109.33000183105469,85.79000091552734,80.02999877929688
2025-07-14,7.166999816894531,36.90999984741211,109.4000015258789,85.61000061035156,80.08999633789062
2025-07-15,7.172900199890137,37.63999938964844,109.11000061035156,85.01000213623047,79.8499984741211
2025-07-16,7.178500175476074,37.470001220703125,109.4800033569336,85.12999725341797,80.05999755859375
2025-07-17,7.183199882507324,37.59000015258789,109.58000183105469,85.11000061035156,80.13999938964844
2025-07-18,7.183199882507324,38.060001373291016,109.69999694824219,85.23999786376953,80.25
2025-07-20,7.177700042724609,38.060001373291016,109.69999694824219,85.23999786376953,80.25
2025-07-21,7.17549991607666,38.209999084472656,109.9800033569336,86.0,80.36000061035156
2025-07-22,7.174300193786621,38.7400016784668,110.08000183105469,86.5199966430664,80.5
2025-07-23,7.1595001220703125,39.08000183105469,109.6500015258789,86.04000091552734,80.54000091552734
2025-07-24,7.153500080108643,38.900001525878906,109.7300033569336,85.88999938964844,80.44000244140625
2025-07-25,7.153500080108643,38.650001525878906,109.83000183105469,86.43000030517578,80.48999786376953
2025-07-27,7.153500080108643,38.650001525878906,109.83000183105469,86.43000030517578,80.48999786376953
2025-07-28,7.177800178527832,38.47999954223633,109.69000244140625,85.87000274658203,80.44999694824219
2025-07-29,7.176400184631348,38.220001220703125,110.27999877929688,87.31999969482422,80.5
2025-07-30,7.176400184631348,37.779998779296875,109.8499984741211,86.87000274658203,80.33000183105469
2025-07-31,7.200200080871582,37.439998626708984,109.66999816894531,86.91999816894531,80.37999725341797
2025-08-01,7.200200080871582,36.83000183105469,110.16999816894531,87.81999969482422,79.9800033569336
2025-08-03,7.211599826812744,36.83000183105469,110.16999816894531,87.81999969482422,79.9800033569336
2025-08-04,7.177999973297119,37.470001220703125,110.48999786376953,88.05999755859375,80.25
2025-08-05,7.1834001541137695,37.63999938964844,110.38999938964844,88.33000183105469,80.20999908447266
2025-08-06,7.182799816131592,37.790000915527344,110.30000305175781,87.81999969482422,80.29000091552734
2025-08-07,7.181000232696533,37.7400016784668,110.41999816894531,87.66999816894531,80.20999908447266
2025-08-08,7.181000232696533,37.66999816894531,110.3499984741211,87.29000091552734,80.22000122070312
2025-08-10,7.181000232696533,37.66999816894531,110.3499984741211,87.29000091552734,80.22000122070312
2025-08-11,7.187699794769287,37.33000183105469,110.3499984741211,87.38999938964844,80.22000122070312
2025-08-12,7.178500175476074,37.939998626708984,110.16000366210938,86.94999694824219,80.4000015258789
2025-08-13,7.174300193786621,39.09000015258789,110.58000183105469,87.66999816894531,80.61000061035156
2025-08-14,7.179500102996826,38.34000015258789,110.25,87.0199966430664,80.4000015258789
2025-08-15,7.179500102996826,38.34000015258789,110.04000091552734,86.4000015258789,80.45999908447266
2025-08-17,7.181700229644775,38.34000015258789,110.04000091552734,86.4000015258789,80.45999908447266
2025-08-18,7.184599876403809,38.58000183105469,109.91999816894531,86.1500015258789,80.4000015258789
2025-08-19,7.1819000244140625,38.220001220703125,110.02999877929688,86.6500015258789,80.37999725341797
2025-08-20,7.1757001876831055,38.43000030517578,110.1500015258789,86.83999633789062,80.3499984741211
2025-08-21,7.179900169372559,38.369998931884766,110.16999816894531,86.41000366210938,80.19999694824219
2025-08-22,7.179900169372559,39.2400016784668,110.91999816894531,87.05000305175781,80.8499984741211
2025-08-24,7.167500019073486,39.2400016784668,110.91999816894531,87.05000305175781,80.8499984741211
2025-08-25,7.151000022888184,39.13999938964844,110.70999908447266,86.80000305175781,80.69000244140625
2025-08-26,7.1519999504089355,39.220001220703125,110.97000122070312,86.75,80.87000274658203
2025-08-27,7.1529998779296875,38.220001220703125,111.22000122070312,86.6500015258789,80.97000122070312
2025-08-28,7.1529998779296875,38.560001373291016,111.29000091552734,87.22000122070312,81.01000213623047
2025-08-29,7.1529998779296875,38.90999984741211,111.16999816894531,86.5999984741211,80.86000061035156
2025-08-31,7.13040018081665,38.90999984741211,111.16999816894531,86.5999984741211,80.86000061035156
2025-09-01,7.13040018081665,38.90999984741211,111.16999816894531,86.5999984741211,80.86000061035156
2025-09-02,7.138999938964844,39.2599983215332,110.55000305175781,85.62999725341797,80.38999938964844
2025-09-03,7.14139986038208,38.90999984741211,110.80000305175781,86.56999969482422,80.61000061035156
2025-09-04,7.14139986038208,38.33000183105469,110.97000122070312,87.2300033569336,80.83000183105469
2025-09-05,7.14139986038208,38.900001525878906,111.45999908447266,88.55999755859375,80.87000274658203
2025-09-07,7.132500171661377,38.900001525878906,111.45999908447266,88.55999755859375,80.87000274658203
2025-09-08,7.129300117492676,39.439998626708984,111.69000244140625,89.73999786376953,80.87000274658203
2025-09-09,7.1209001541137695,39.970001220703125,111.47000122070312,89.2300033569336,80.77999877929688
2025-09-10,7.120699882507324,39.720001220703125,111.63999938964844,89.73999786376953,80.83999633789062
2025-09-11,7.1184000968933105,40.7400016784668,111.81999969482422,90.33999633789062,81.04000091552734
2025-09-12,7.1184000968933105,40.4900016784668,111.66999816894531,89.94999694824219,80.95999908447266
2025-09-14,7.124199867248535,40.4900016784668,111.66999816894531,89.94999694824219,80.95999908447266
2025-09-15,7.118500232696533,40.779998779296875,111.77999877929688,90.16000366210938,81.19000244140625
2025-09-16,7.114200115203857,41.04999923706055,111.87999725341797,90.3499984741211,81.12999725341797
2025-09-17,7.103300094604492,41.619998931884766,111.80999755859375,90.12000274658203,81.05000305175781
2025-09-18,7.1128997802734375,41.08000183105469,111.5,89.19000244140625,81.2300033569336
2025-09-19,7.1128997802734375,40.93000030517578,111.44000244140625,89.0199966430664,81.26000213623047
2025-09-21,7.1128997802734375,40.93000030517578,111.44000244140625,89.0199966430664,81.26000213623047
2025-09-22,7.113999843597412,40.650001525878906,111.16999816894531,88.69999694824219,81.31999969482422
2025-09-23,7.111599922180176,40.099998474121094,111.47000122070312,89.31999969482422,81.26000213623047
2025-09-24,7.131499767303467,40.56999969482422,111.2699966430664,88.9800033569336,81.1500015258789
2025-09-25,7.133800029754639,40.66999816894531,111.08999633789062,88.9800033569336,80.91999816894531
2025-09-26,7.133800029754639,40.33000183105469,111.11000061035156,88.9000015258789,81.08000183105469
2025-09-28,7.132800102233887,40.33000183105469,111.11000061035156,88.9000015258789,81.08000183105469
2025-09-29,7.1194000244140625,40.97999954223633,111.25,89.62999725341797,81.22000122070312
2025-09-30,7.11899995803833,41.13999938964844,111.22000122070312,89.37000274658203,81.19000244140625
2025-10-01,7.11899995803833,41.380001068115234,111.22000122070312,89.29000091552734,80.95999908447266
2025-10-02,7.11899995803833,41.75,111.16999816894531,89.55000305175781,80.93000030517578
2025-10-03,7.11899995803833,41.41999816894531,111.05000305175781,89.37999725341797,80.83999633789062
2025-10-05,7.11899995803833,41.41999816894531,111.05000305175781,89.37999725341797,80.83999633789062
2025-10-06,7.11899995803833,41.400001525878906,110.86000061035156,88.66999816894531,80.86000061035156
2025-10-07,7.11899995803833,40.93000030517578,111.16999816894531,89.18000030517578,80.7699966430664
2025-10-08,7.118500232696533,41.04999923706055,111.25,89.25,80.6500015258789
2025-10-09,7.127500057220459,40.5099983215332,111.12000274658203,89.18000030517578,80.41999816894531
2025-10-10,7.127500057220459,38.33000183105469,111.51000213623047,90.62000274658203,79.94999694824219
2025-10-12,7.099999904632568,38.33000183105469,111.51000213623047,90.62000274658203,79.94999694824219
2025-10-13,7.099999904632568,39.529998779296875,111.79000091552734,90.56999969482422,80.44999694824219
2025-10-14,7.138400077819824,39.400001525878906,111.66999816894531,90.86000061035156,80.54000091552734
2025-10-15,7.126200199127197,39.79999923706055,111.63999938964844,90.66000366210938,80.80000305175781
2025-10-16,7.123000144958496,39.9900016784668,111.9000015258789,91.33999633789062,80.51000213623047
2025-10-17,7.123000144958496,40.0,111.68000030517578,91.19999694824219,80.72000122070312
2025-10-19,7.126399993896484,40.0,111.68000030517578,91.19999694824219,80.72000122070312
2025-10-20,7.119500160217285,40.4900016784668,111.77999877929688,91.55000305175781,80.87999725341797
2025-10-21,7.121799945831299,39.939998626708984,112.0199966430664,92.0,80.76000213623047
2025-10-22,7.125699996948242,39.7400016784668,112.19999694824219,92.05999755859375,80.68000030517578
2025-10-23,7.125699996948242,40.40999984741211,111.9800033569336,91.43000030517578,80.86000061035156
2025-10-24,7.125699996948242,40.54999923706055,111.97000122070312,91.47000122070312,81.08000183105469
2025-10-27,7.121099948883057,41.08000183105469,111.94000244140625,91.77999877929688,81.27999877929688
2025-10-28,7.110199928283691,40.86000061035156,112.02999877929688,92.0199966430664,81.19999694824219
2025-10-29,7.098800182342529,40.970001220703125,111.44000244140625,91.08999633789062,80.94999694824219
2025-10-30,7.098999977111816,40.150001525878906,111.19999694824219,90.55999755859375,80.80000305175781
2025-10-31,7.109799861907959,39.709999084472656,111.37999725341797,90.29000091552734,80.80000305175781
2025-11-03,7.1168999671936035,39.83000183105469,110.94000244140625,89.73999786376953,80.13999938964844
2025-11-04,7.171800136566162,39.369998931884766,110.98999786376953,89.94000244140625,80.1500015258789
2025-11-05,7.129499912261963,39.77000045776367,110.58000183105469,88.95999908447266,80.2300033569336
2025-11-06,7.125999927520752,40.13999938964844,110.87999725341797,89.76000213623047,80.26000213623047
2025-11-07,7.118599891662598,39.939998626708984,110.9000015258789,89.56999969482422,80.33000183105469
2025-11-10,7.118599891662598,40.7599983215332,110.91999816894531,89.55000305175781,80.5999984741211
2025-11-11,7.11929988861084,40.7599983215332,111.37000274658203,89.95999908447266,80.69000244140625
2025-11-12,7.11929988861084,40.90999984741211,111.12999725341797,90.12000274658203,80.52999877929688
2025-11-13,7.11929988861084,40.650001525878906,110.87999725341797,89.37999725341797,80.19999694824219
2025-11-14,7.111999988555908,40.119998931884766,110.75,88.87000274658203,80.22000122070312
2025-11-17,7.0991997718811035,39.66999816894531,110.7699966430664,89.08999633789062,80.08999633789062
2025-11-18,7.107500076293945,39.5099983215332,110.8499984741211,89.05999755859375,80.11000061035156
2025-11-19,7.107500076293945,39.11000061035156,110.70999908447266,88.87999725341797,80.1500015258789
2025-11-20,7.107500076293945,38.58000183105469,110.76000213623047,89.2300033569336,80.0999984741211
2025-11-21,7.107500076293945,38.720001220703125,111.0199966430664,89.5,80.37000274658203
2025-11-24,7.106599807739258,39.349998474121094,111.06999969482422,90.01000213623047,80.58999633789062
2025-11-25,7.102200031280518,39.599998474121094,111.2699966430664,90.23999786376953,80.87000274658203
2025-11-26,7.084499835968018,39.369998931884766,111.51000213623047,90.63999938964844,80.94999694824219
2025-11-27,7.075799942016602,39.369998931884766,111.51000213623047,90.63999938964844,80.94999694824219
2025-11-28,7.075799942016602,39.529998779296875,111.26000213623047,90.20999908447266,80.98999786376953
2025-12-01,7.075099945068359,39.63999938964844,110.5,88.7699966430664,80.47000122070312
2025-12-02,7.071700096130371,39.4900016784668,110.52999877929688,88.80999755859375,80.62000274658203
2025-12-03,7.070000171661377,39.209999084472656,110.77999877929688,89.05999755859375,80.69000244140625
2025-12-04,7.063600063323975,39.310001373291016,110.62999725341797,88.58000183105469,80.75
2025-12-05,7.071400165557861,39.88999938964844,110.44999694824219,88.16999816894531,80.75
2025-12-08,7.0696001052856445,39.470001220703125,110.2300033569336,87.87999725341797,80.55000305175781
2025-12-09,7.071000099182129,38.81999969482422,110.08999633789062,87.97000122070312,80.45999908447266
2025-12-10,7.063300132751465,39.09000015258789,110.44999694824219,88.30999755859375,80.7300033569336
2025-12-11,7.064000129699707,39.189998626708984,110.4000015258789,88.19000244140625,80.72000122070312
2025-12-12,7.0578999519348145,39.08000183105469,110.2300033569336,87.33999633789062,80.56999969482422
2025-12-15,7.053999900817871,38.7400016784668,110.1500015258789,87.4000015258789,80.61000061035156
2025-12-16,7.046999931335449,37.959999084472656,110.16999816894531,87.87999725341797,80.66000366210938
2025-12-17,7.0416998863220215,37.849998474121094,110.29000091552734,87.80000305175781,80.55999755859375
2025-12-18,7.043000221252441,38.209999084472656,110.5,88.22000122070312,80.77999877929688
2025-12-19,7.040500164031982,38.599998474121094,109.94000244140625,87.55000305175781,80.36000061035156
2025-12-22,7.040900230407715,38.630001068115234,109.77999877929688,87.36000061035156,80.43000030517578
2025-12-23,7.040900230407715,38.529998779296875,109.83000183105469,87.5,80.48999786376953
2025-12-24,7.0279998779296875,38.54999923706055,110.05999755859375,88.02999877929688,80.63999938964844
2025-12-26,7.0279998779296875,38.93000030517578,110.05000305175781,87.73999786376953,80.5999984741211
2025-12-29,7.0279998779296875,38.470001220703125,110.1500015258789,88.06999969482422,80.62999725341797
2025-12-30,7.0055999755859375,38.66999816894531,110.12999725341797,87.86000061035156,80.70999908447266
2025-12-31,6.996099948883057,38.290000915527344,109.91000366210938,87.16000366210938,80.62999725341797
2026-01-02,6.996099948883057,39.81999969482422,109.86000061035156,87.02999877929688,80.66999816894531
2026-01-05,6.993100166320801,39.93000030517578,110.16000366210938,87.45999908447266,80.87999725341797
2026-01-06,6.98799991607666,39.90999984741211,110.08000183105469,87.27999877929688,80.9000015258789
2026-01-07,6.983399868011475,39.279998779296875,110.25,87.79000091552734,80.87999725341797
2026-01-08,6.996500015258789,39.400001525878906,110.02999877929688,87.3499984741211,80.94000244140625
2026-01-09,6.983500003814697,39.349998474121094,110.18000030517578,87.93000030517578,81.0
2026-01-12,6.977200031280518,40.63999938964844,110.18000030517578,87.66999816894531,81.04000091552734
2026-01-13,6.973100185394287,40.25,110.27999877929688,87.81999969482422,81.04000091552734
2026-01-14,6.977499961853027,40.040000915527344,110.4000015258789,88.33000183105469,81.04000091552734
2026-01-15,6.9730000495910645,40.0,110.2300033569336,88.30999755859375,81.04000091552734
2026-01-16,6.966000080108643,39.29999923706055,110.0199966430664,87.80000305175781,81.08999633789062
2026-01-19,6.968100070953369,39.29999923706055,110.0199966430664,87.80000305175781,81.08999633789062
2026-01-20,6.968100070953369,38.869998931884766,109.69000244140625,86.6500015258789,80.87999725341797
2026-01-21,6.95989990234375,39.34000015258789,110.12000274658203,87.30999755859375,81.12000274658203
2026-01-22,6.963699817657471,39.47999954223633,110.01000213623047,87.69000244140625,81.18000030517578
2026-01-23,6.972599983215332,39.439998626708984,110.2300033569336,87.93000030517578,81.13999938964844
2026-01-26,6.972599983215332,39.45000076293945,110.37999725341797,88.3499984741211,81.18000030517578
2026-01-27,6.95419979095459,39.939998626708984,110.38999938964844,87.80000305175781,81.16999816894531
2026-01-28,6.954500198364258,40.5,110.44000244140625,87.5999984741211,81.04000091552734
2026-01-29,6.954500198364258,40.779998779296875,110.5199966430664,87.62000274658203,81.02999877929688
2026-01-30,6.947999954223633,39.61000061035156,110.4800033569336,87.12999725341797,81.12000274658203
2026-02-02,6.951000213623047,39.16999816894531,110.19000244140625,86.55000305175781,80.7699966430664
2026-02-03,6.946300029754639,38.720001220703125,110.37000274658203,86.76000213623047,80.72000122070312
2026-02-04,6.937699794769287,38.27000045776367,110.25,86.54000091552734,80.62000274658203
2026-02-05,6.937699794769287,38.20000076293945,110.55999755859375,87.4800033569336,80.52999877929688
2026-02-06,6.93779993057251,39.220001220703125,110.66999816894531,87.54000091552734,80.80999755859375
2026-02-09,6.938799858093262,39.400001525878906,110.76000213623047,87.5199966430664,80.91999816894531
2026-02-10,6.921999931335449,39.529998779296875,110.98999786376953,88.52999877929688,80.83999633789062
2026-02-11,6.910600185394287,39.470001220703125,110.80999755859375,88.05999755859375,80.83000183105469
2026-02-12,6.912499904632568,38.65999984741211,111.25,89.2300033569336,80.79000091552734
2026-02-13,6.900100231170654,38.33000183105469,111.38999938964844,89.72000122070312,80.8499984741211
2026-02-16,6.9079999923706055,38.33000183105469,111.38999938964844,89.72000122070312,80.8499984741211
2026-02-17,6.9079999923706055,38.52000045776367,111.2300033569336,89.87000274658203,80.80999755859375
2026-02-18,6.9079999923706055,38.720001220703125,111.16000366210938,89.52999877929688,80.91000366210938
2026-02-19,6.9079999923706055,38.61000061035156,111.25,89.62000274658203,80.94000244140625
2026-02-20,6.908100128173828,38.810001373291016,111.19000244140625,89.41000366210938,81.0
2026-02-23,6.9079999923706055,38.68000030517578,111.29000091552734,89.73999786376953,80.87000274658203
2026-02-24,6.9079999923706055,38.369998931884766,111.30999755859375,89.9000015258789,80.80999755859375
2026-02-25,6.8831000328063965,38.41999816894531,111.41000366210938,89.91000366210938,80.91999816894531
2026-02-26,6.869200229644775,37.38999938964844,111.70999908447266,90.2699966430664,80.8499984741211
2026-02-27,6.84089994430542,37.279998779296875,111.87999725341797,90.81999969482422,80.72000122070312
2026-03-02,6.857900142669678,36.900001525878906,111.56999969482422,89.61000061035156,80.27999877929688
2026-03-03,6.881999969482422,36.060001373291016,111.5,89.43000030517578,80.12000274658203
2026-03-04,6.899700164794922,36.209999084472656,111.25,89.1500015258789,80.4000015258789
2026-03-05,6.896999835968018,35.58000183105469,111.22000122070312,88.79000091552734,80.08000183105469
2026-03-06,6.896999835968018,35.81999969482422,111.43000030517578,88.45999908447266,79.69000244140625
2026-03-09,6.896500110626221,36.47999954223633,111.61000061035156,89.2300033569336,80.16999816894531
2026-03-10,6.910999774932861,36.59000015258789,111.23999786376953,88.27999877929688,80.04000091552734
2026-03-11,6.876500129699707,36.400001525878906,111.06999969482422,87.13999938964844,79.86000061035156
2026-03-12,6.865499973297119,36.15999984741211,110.93000030517578,86.97000122070312,79.3499984741211
2026-03-13,6.868899822235107,36.2400016784668,110.70999908447266,86.54000091552734,79.19999694824219
2026-03-16,6.896100044250488,36.880001068115234,111.05999755859375,87.20999908447266,79.44999694824219
2026-03-17,6.95550012588501,36.88999938964844,111.44999694824219,87.44999694824219,79.80999755859375
2026-03-18,6.886300086975098,36.20000076293945,111.23999786376953,86.95999908447266,79.4000015258789
2026-03-19,6.872600078582764,36.189998626708984,111.11000061035156,87.48999786376953,79.66000366210938
2026-03-20,6.899799823760986,35.15999984741211,110.22000122070312,85.83000183105469,78.91999816894531
2026-03-23,6.885700225830078,35.380001068115234,110.19000244140625,86.38999938964844,79.44000244140625
2026-03-24,6.880000114440918,35.34000015258789,109.83000183105469,86.01000213623047,79.16999816894531
2026-03-25,6.8917999267578125,36.0,110.16000366210938,86.83999633789062,79.41999816894531
2026-03-26,6.901000022888184,34.93000030517578,109.76000213623047,86.11000061035156,78.91999816894531
2026-03-27,6.910699844360352,34.849998474121094,109.66999816894531,85.63999938964844,78.72000122070312
2026-03-29,6.911600112915039,34.849998474121094,109.66999816894531,85.63999938964844,78.72000122070312
2026-03-30,6.911600112915039,35.0,110.3499984741211,86.77999877929688,78.80999755859375
2026-03-31,6.894199848175049,35.900001525878906,110.36000061035156,86.69000244140625,79.55999755859375
2026-04-01,6.870500087738037,35.560001373291016,110.36000061035156,86.26000213623047,79.37000274658203
2026-04-02,6.8850998878479,35.560001373291016,110.80999755859375,86.79000091552734,79.55999755859375
2026-04-05,6.882400035858154,35.560001373291016,110.80999755859375,86.79000091552734,79.55999755859375
2026-04-06,6.882299900054932,35.54999923706055,110.76000213623047,86.6500015258789,79.69999694824219
2026-04-07,6.8566999435424805,35.47999954223633,110.88999938964844,86.63999938964844,79.72000122070312
2026-04-08,6.828700065612793,36.349998474121094,110.91000366210938,86.91999816894531,80.19000244140625
2026-04-09,6.831399917602539,36.290000915527344,110.95999908447266,86.69999694824219,80.27999877929688
2026-04-10,6.831399917602539,36.25,111.0199966430664,86.48999786376953,79.95999908447266
2026-04-12,6.8277997970581055,36.25,111.0199966430664,86.48999786376953,79.95999908447266
2026-04-13,6.8302998542785645,36.459999084472656,111.27999877929688,86.75,80.26000213623047
2026-04-14,6.815700054168701,36.88999938964844,111.52999877929688,87.20999908447266,80.5
2026-04-15,6.817999839782715,36.880001068115234,111.43000030517578,86.83000183105469,80.45999908447266
2026-04-16,6.821100234985352,37.22999954223633,111.19000244140625,86.27999877929688,80.3499984741211
2026-04-17,6.821100234985352,37.599998474121094,111.4800033569336,87.06999969482422,80.6500015258789
2026-04-19,6.816999912261963,37.599998474121094,111.4800033569336,87.06999969482422,80.6500015258789
2026-04-20,6.817399978637695,37.65999984741211,111.41000366210938,87.05000305175781,80.58000183105469
2026-04-21,6.820799827575684,37.11000061035156,111.22000122070312,86.56999969482422,80.37000274658203
2026-04-22,6.82420015335083,36.970001220703125,111.38999938964844,86.73999786376953,80.5
2026-04-23,6.826000213623047,36.4900016784668,111.56999969482422,86.55000305175781,80.37000274658203
2026-04-24,6.826000213623047,36.86000061035156,111.80000305175781,86.70999908447266,80.4800033569336
2026-04-26,6.835899829864502,36.86000061035156,111.80000305175781,86.70999908447266,80.4800033569336
2026-04-27,6.822800159454346,36.45000076293945,111.7699966430664,86.27999877929688,80.51000213623047
2026-04-28,6.837399959564209,36.25,111.7300033569336,86.37000274658203,80.4000015258789
2026-04-29,6.837500095367432,36.34000015258789,111.38999938964844,85.69999694824219,80.12999725341797
2026-04-30,6.827300071716309,36.790000915527344,111.55999755859375,85.62000274658203,80.37999725341797
2026-05-01,6.827300071716309,36.810001373291016,111.3499984741211,85.61000061035156,80.05999755859375
2026-05-03,6.827499866485596,36.810001373291016,111.3499984741211,85.61000061035156,80.05999755859375
2026-05-04,6.829999923706055,36.54999923706055,111.1500015258789,84.95999908447266,79.80000305175781
2026-05-05,6.830100059509277,36.4900016784668,111.06999969482422,85.43000030517578,79.91999816894531
2026-05-06,6.810999870300293,37.4900016784668,111.1500015258789,86.08000183105469,80.16000366210938
2026-05-07,6.801400184631348,37.189998626708984,111.02999877929688,85.6500015258789,79.86000061035156
2026-05-08,6.801400184631348,37.2400016784668,111.4000015258789,86.08000183105469,80.13999938964844
2026-05-10,6.80049991607666,37.2400016784668,111.4000015258789,86.08000183105469,80.13999938964844
2026-05-11,6.7947998046875,37.470001220703125,111.30999755859375,85.55999755859375,79.9800033569336
2026-05-12,6.791999816894531,37.33000183105469,111.12000274658203,84.98999786376953,79.87000274658203
2026-05-13,6.790800094604492,38.2599983215332,111.12000274658203,84.80000305175781,79.91000366210938
2026-05-14,6.785099983215332,37.2400016784668,111.01000213623047,84.91999816894531,79.8499984741211
2026-05-15,6.785099983215332,36.20000076293945,110.61000061035156,83.66000366210938,79.45999908447266
2026-05-17,6.809199810028076,36.20000076293945,110.61000061035156,83.66000366210938,79.45999908447266
2026-05-18,6.800000190734863,36.15999984741211,110.4800033569336,83.55999755859375,79.54000091552734
2026-05-19,6.814499855041504,36.279998779296875,110.11000061035156,83.0199966430664,79.3499984741211
2026-05-20,6.80049991607666,36.2400016784668,110.37000274658203,83.91000366210938,79.86000061035156
2026-05-21,6.802499771118164,35.88999938964844,110.37000274658203,84.22000122070312,79.9000015258789
2026-05-22,6.802499771118164,35.52000045776367,110.37999725341797,84.68000030517578,79.91000366210938
2026-05-24,6.79449987411499,35.52000045776367,110.37999725341797,84.68000030517578,79.91000366210938
2026-05-25,6.79449987411499,35.52000045776367,110.37999725341797,84.68000030517578,79.91000366210938
2026-05-26,6.785999774932861,35.75,110.81999969482422,85.0999984741211,80.18000030517578
2026-05-27,6.778800010681152,35.31999969482422,110.87999725341797,85.30000305175781,80.12999725341797
2026-05-28,6.7795000076293945,34.9900016784668,111.18000030517578,85.73999786376953,80.2300033569336
2026-05-29,6.7795000076293945,35.04999923706055,111.20999908447266,85.76000213623047,80.30999755859375
2026-05-31,6.766200065612793,35.04999923706055,111.20999908447266,85.76000213623047,80.30999755859375
2026-06-01,6.764999866485596,35.34000015258789,109.9800033569336,85.47000122070312,79.83999633789062
2026-06-02,6.762199878692627,36.36000061035156,109.97000122070312,85.6500015258789,79.9000015258789
2026-06-03,6.769199848175049,35.540000915527344,109.7699966430664,85.30999755859375,79.68000030517578
2026-06-04,6.773499965667725,35.470001220703125,109.77999877929688,85.5,79.83000183105469
2026-06-05,6.773499965667725,34.75,109.25,85.05999755859375,79.43000030517578
2026-06-07,6.765500068664551,34.75,109.25,85.05999755859375,79.43000030517578
2026-06-08,6.765500068664551,34.68000030517578,109.12999725341797,84.62000274658203,79.54000091552734
2026-06-09,6.772500038146973,34.689998626708984,109.31999969482422,85.12000274658203,79.62000274658203
2026-06-10,6.772500038146973,34.75,109.20999908447266,84.87999725341797,79.47000122070312
2026-06-11,6.7754998207092285,34.90999984741211,109.5999984741211,85.9800033569336,79.94000244140625
2026-06-12,6.7754998207092285,35.290000915527344,109.61000061035156,85.7699966430664,79.94000244140625
2026-06-14,6.765999794006348,35.290000915527344,109.61000061035156,85.7699966430664,79.94000244140625
2026-06-15,6.756999969482422,35.11000061035156,109.76000213623047,85.72000122070312,80.04000091552734
2026-06-16,6.757199764251709,34.560001373291016,109.76000213623047,86.19000244140625,80.02999877929688
2026-06-17,6.757199764251709,33.650001525878906,109.02999877929688,86.33000183105469,79.7300033569336
2026-06-18,6.768599987030029,33.29999923706055,109.38999938964844,86.75,80.01000213623047
2026-06-21,6.768599987030029,33.29999923706055,109.38999938964844,86.75,80.01000213623047
2026-06-22,6.774499893188477,33.43000030517578,108.94000244140625,86.08999633789062,79.94000244140625
2026-06-23,6.789999961853027,32.83000183105469,108.9000015258789,86.19999694824219,79.87000274658203
2026-06-24,6.789999961853027,32.36000061035156,109.31999969482422,87.37999725341797,79.8499984741211
2026-06-25,6.789999961853027,31.68000030517578,109.5,87.3499984741211,79.87999725341797
2026-06-26,6.789999961853027,31.59000015258789,109.69999694824219,87.36000061035156,79.83000183105469
2026-06-28,6.797999858856201,31.59000015258789,109.69999694824219,87.36000061035156,79.83000183105469
2026-06-29,6.793600082397461,31.709999084472656,109.9000015258789,87.44999694824219,80.01000213623047
2026-06-30,6.793600082397461,31.59000015258789,109.43000030517578,86.41999816894531,79.97000122070312
2026-07-01,6.7941999435424805,31.969999313354492,108.16999816894531,85.5199966430664,79.58999633789062
2026-07-02,6.788599967956543,31.90999984741211,108.33000183105469,85.51000213623047,79.70999908447266
2026-07-05,6.788599967956543,31.90999984741211,108.33000183105469,85.51000213623047,79.70999908447266
2026-07-06,6.79580020904541,32.4900016784668,108.48999786376953,85.44999694824219,79.87000274658203
2026-07-07,6.793399810791016,32.4900016784668,108.16999816894531,84.55000305175781,79.76000213623047
2026-07-08,6.802499771118164,33.439998626708984,108.05000305175781,84.36000061035156,79.66000366210938
2026-07-09,6.792099952697754,33.40999984741211,108.12000274658203,84.48999786376953,79.75
2026-07-10,6.792099952697754,33.47999954223633,108.12999725341797,84.47000122070312,79.70999908447266
2026-07-12,6.776599884033203,33.47999954223633,108.12999725341797,84.47000122070312,79.70999908447266
2026-07-13,6.7795000076293945,33.439998626708984,107.91000366210938,83.97000122070312,79.5199966430664
2026-07-14,6.769999980926514,33.77000045776367,108.01000213623047,84.08000183105469,79.68000030517578
2026-07-15,6.768199920654297,34.279998779296875,108.06999969482422,84.23999786376953,79.80999755859375
2026-07-16,6.772500038146973,34.529998779296875,107.97000122070312,84.20999908447266,79.80000305175781
2026-07-17,6.772500038146973,34.130001068115234,108.2699966430664,84.5199966430664,79.6500015258789
2026-07-19,6.772500038146973,34.130001068115234,108.2699966430664,84.5199966430664,79.6500015258789
2026-07-20,6.772500038146973,35.040000915527344,108.05000305175781,83.88999938964844,79.68000030517578
2026-07-21,6.765600204467773,34.630001068115234,107.87999725341797,83.66000366210938,79.6500015258789
2026-07-22,6.772500038146973,34.43000030517578,107.7699966430664,83.44000244140625,79.5199966430664
2026-07-23,6.772500038146973,34.459999084472656,107.48999786376953,83.16999816894531,79.2300033569336
2026-07-24,6.772500038146973,34.58000183105469,107.5,83.25,79.2300033569336
2026-07-26,6.7718000411987305,34.58000183105469,107.5,83.25,79.2300033569336
2026-07-27,6.765699863433838,35.279998779296875,107.38999938964844,83.75,79.2699966430664
2026-07-28,6.770999908447266,35.650001525878906,107.66000366210938,84.23999786376953,79.41999816894531
2026-07-29,6.76609992980957,36.119998931884766,107.7699966430664,82.8499984741211,79.23999786376953
2026-07-30,6.755000114440918,36.52000045776367,107.73999786376953,82.80000305175781,79.47000122070312
2026-07-31,6.755000114440918,36.5,107.62999725341797,82.25,79.4800033569336
2026-08-02,6.750899791717529,36.5,107.62999725341797,82.25,79.4800033569336
2026-08-03,6.752299785614014,36.459999084472656,106.86000061035156,82.19000244140625,79.30999755859375
2026-08-04,6.753200054168701,36.310001373291016,107.05000305175781,82.81999969482422,79.55000305175781
2026-08-05,6.74970006942749,36.08000183105469,107.0,83.0,79.5199966430664
2026-08-06,6.748799800872803,35.95000076293945,106.87000274658203,82.5199966430664,79.45999908447266
2026-08-07,6.748799800872803,36.16999816894531,107.08000183105469,82.76000213623047,79.61000061035156
2026-08-09,6.747399806976318,36.16999816894531,107.08000183105469,82.76000213623047,79.61000061035156
2026-08-10,6.747399806976318,36.4900016784668,106.86000061035156,82.05999755859375,79.4800033569336
2026-08-11,6.744999885559082,35.65999984741211,106.88999938964844,82.19000244140625,79.51000213623047
2026-08-12,6.743299961090088,35.22999954223633,106.91999816894531,82.11000061035156,79.61000061035156
2026-08-13,6.742800235748291,34.86000061035156,107.16000366210938,82.58999633789062,79.79000091552734
2026-08-14,6.742800235748291,34.88999938964844,106.98999786376953,82.04000091552734,79.70999908447266
2026-08-16,6.742800235748291,34.88999938964844,106.98999786376953,82.04000091552734,79.70999908447266
2026-08-17,6.7399001121521,35.099998474121094,106.7699966430664,81.3499984741211,79.61000061035156
2026-08-18,6.742599964141846,35.060001373291016,107.0199966430664,81.66000366210938,79.52999877929688
2026-08-19,6.729499816894531,35.68000030517578,107.51000213623047,83.0199966430664,79.70999908447266
2026-08-20,6.722499847412109,35.66999816894531,107.5199966430664,82.33999633789062,79.55999755859375
2026-08-21,6.722499847412109,35.86000061035156,107.12999725341797,82.05000305175781,79.61000061035156
2026-08-23,6.7210001945495605,35.86000061035156,107.12999725341797,82.05000305175781,79.61000061035156
2026-08-24,6.72189998626709,35.54999923706055,107.25,82.55999755859375,79.69999694824219
2026-08-25,6.720300197601318,35.560001373291016,107.63999938964844,83.47000122070312,79.91999816894531
2026-08-26,6.722499847412109,35.54999923706055,107.51000213623047,83.30000305175781,79.9000015258789
2026-08-27,6.722499847412109,35.2400016784668,107.44000244140625,83.12999725341797,79.87000274658203
2026-08-28,6.722499847412109,35.5099983215332,106.94000244140625,82.87999725341797,79.73999786376953
2026-08-30,6.72599983215332,35.5099983215332,106.94000244140625,82.87999725341797,79.73999786376953
2026-08-31,6.72599983215332,35.369998931884766,106.81999969482422,82.5199966430664,79.80999755859375
2026-09-01,6.720200061798096,35.34000015258789,106.80999755859375,81.87000274658203,79.0999984741211
2026-09-02,6.718999862670898,35.540000915527344,106.86000061035156,81.94999694824219,79.11000061035156
2026-09-03,6.718999862670898,35.34000015258789,107.0,82.06999969482422,79.20999908447266
2026-09-04,6.718999862670898,35.880001068115234,106.97000122070312,82.20999908447266,79.16000366210938
2026-09-06,6.7108001708984375,35.880001068115234,106.97000122070312,82.20999908447266,79.16000366210938
