open_time,open,high,low,close,volume,close_time,quote_asset_volume,number_of_trades,taker_buy_base_asset_volume,taker_buy_quote_asset_volume,ignore
2023-12-12,41253.41,42104.12,40680.0,41492.39,42722.69773,2023-12-12 23:59:59.999,1773961284.3375635,1526411,21394.91158000,888438328.89153460,0
2023-12-13,41492.38,43475.2,40555.0,42869.03,45865.99773,2023-12-13 23:59:59.999,1919703389.4848804,1724659,22354.97386000,935785466.02258570,0
2023-12-14,42869.03,43420.0,41400.0,43022.26,42047.05709,2023-12-14 23:59:59.999,1798740625.30166,1599536,20579.79343000,880356342.38151180,0
2023-12-15,43022.26,43080.81,41666.0,41940.3,33421.7932,2023-12-15 23:59:59.999,1416898938.509979,1323628,16321.13654000,691713304.74858880,0
2023-12-16,41940.29,42724.43,41605.0,42278.03,24118.85747,2023-12-16 23:59:59.999,1020469627.8857331,1180886,12193.50511000,515909440.91009290,0
2023-12-17,42278.02,42424.07,41252.0,41374.65,27722.11452,2023-12-17 23:59:59.999,1161963642.9627964,1227634,13245.86404000,555309260.12794100,0
2023-12-18,41374.64,42757.81,40542.93,42657.8,46734.0925,2023-12-18 23:59:59.999,1936003306.0825727,1741647,23255.79871000,963775419.57314980,0
2023-12-19,42657.8,43497.0,41811.1,42275.99,40927.86444,2023-12-19 23:59:59.999,1747830242.4615936,1609188,20163.65946000,861082883.31101580,0
2023-12-20,42275.99,44283.0,42206.0,43668.93,48710.2947,2023-12-20 23:59:59.999,2115813869.779619,1934588,23912.13682000,1038694005.77613990,0
2023-12-21,43668.92,44242.35,43286.72,43861.8,34624.29384,2023-12-21 23:59:59.999,1514529919.1877797,1500702,17058.89545000,746266380.76924040,0
2023-12-22,43861.79,44398.26,43412.54,43969.04,32783.19638,2023-12-22 23:59:59.999,1436074497.5128598,1404109,16049.22275000,703199211.03931960,0
2023-12-23,43969.04,43988.68,43291.1,43702.16,16557.1293,2023-12-23 23:59:59.999,722943825.3332176,849658,7765.30564000,339046509.16771960,0
2023-12-24,43702.15,43946.0,42500.0,42991.5,25144.33496,2023-12-24 23:59:59.999,1093460634.8894227,1137678,11841.26614000,514962029.17833470,0
2023-12-25,42991.5,43802.32,42720.43,43576.13,27021.23992,2023-12-25 23:59:59.999,1172053386.5109816,1168428,13691.23930000,593900885.80314620,0
2023-12-26,43576.12,43592.68,41637.6,42508.93,41010.04282,2023-12-26 23:59:59.999,1746333612.304945,1475816,21096.16634000,898267435.23798300,0
2023-12-27,42508.93,43677.0,42098.69,43428.85,36191.21136,2023-12-27 23:59:59.999,1554082990.052276,1439770,18982.83267000,815239612.61736400,0
2023-12-28,43428.86,43787.57,42241.79,42563.76,35150.52485,2023-12-28 23:59:59.999,1508408742.378081,1391826,17422.81910000,747631903.05539890,0
2023-12-29,42563.76,43111.0,41300.0,42066.95,42597.18912,2023-12-29 23:59:59.999,1803086285.2465775,1571137,21195.34128000,897324724.79689550,0
2023-12-30,42066.94,42612.32,41520.3,42140.28,22906.57818,2023-12-30 23:59:59.999,964875790.984935,936545,11727.69648000,494133887.90718110,0
2023-12-31,42140.29,42899.0,41965.84,42283.58,23585.91603,2023-12-31 23:59:59.999,1001519241.5559053,1016484,11997.14865000,509478742.74451080,0
2024-01-01,42283.58,44184.1,42180.77,44179.55,27174.29903,2024-01-01 23:59:59.999,1169995682.0280013,1114623,14331.73180000,617352094.56051940,0
2024-01-02,44179.55,45879.63,44148.34,44946.91,65146.40661,2024-01-02 23:59:59.999,2944331821.8230762,2247532,33817.14447000,1527964124.23758480,0
2024-01-03,44946.91,45500.0,40750.0,42845.23,81194.55173,2024-01-03 23:59:59.999,3507104563.744232,2658041,39103.99162000,1687665202.95131440,0
2024-01-04,42845.23,44729.58,42613.77,44151.1,48038.06334,2024-01-04 23:59:59.999,2095095359.4936347,1819944,23605.90059000,1030075267.83901300,0
2024-01-05,44151.1,44357.46,42450.0,44145.11,48075.25327,2024-01-05 23:59:59.999,2100953924.3687155,2064845,24015.06426000,1049655019.14000940,0
2024-01-06,44145.12,44214.42,43397.05,43968.32,17835.06144,2024-01-06 23:59:59.999,781212883.4916061,956642,9048.57073000,396341787.36387760,0
2024-01-07,43968.32,44480.59,43572.09,43929.02,23023.8508,2024-01-07 23:59:59.999,1014635096.1241482,1109259,11613.52347000,511871007.52582630,0
2024-01-08,43929.01,47248.99,43175.0,46951.04,72814.57589,2024-01-08 23:59:59.999,3298772150.6815076,2364464,38728.80530000,1755312207.66818340,0
2024-01-09,46951.04,47972.0,44748.67,46110.0,69927.66617,2024-01-09 23:59:59.999,3251442072.8083963,2637745,34825.45429000,1620151226.33626950,0
2024-01-10,46110.0,47695.93,44300.36,46653.99,89911.41203,2024-01-10 23:59:59.999,4123809481.712767,3133588,46910.79439000,2153126701.35216420,0
2024-01-11,46654.0,48969.48,45606.06,46339.16,87470.3296,2024-01-11 23:59:59.999,4105139605.028302,2998451,44076.16830000,2070467939.65999250,0
2024-01-12,46339.16,46515.53,41500.0,42782.73,86327.93707,2024-01-12 23:59:59.999,3827483735.576057,2809192,41707.58066000,1850840878.97782980,0
2024-01-13,42782.74,43257.0,42436.12,42847.99,36118.47464,2024-01-13 23:59:59.999,1547370611.5531662,1434243,17748.09824000,760432218.24545510,0
2024-01-14,42847.99,43079.0,41720.0,41732.35,28228.40894,2024-01-14 23:59:59.999,1202212782.257693,1235727,13690.30843000,583261659.73857610,0
2024-01-15,41732.35,43400.43,41718.05,42511.1,40269.89303,2024-01-15 23:59:59.999,1718982911.1081028,1657611,19924.76030000,849997411.08758290,0
2024-01-16,42511.1,43578.01,42050.0,43137.95,45045.74589,2024-01-16 23:59:59.999,1931947150.05907,1716580,24064.55667000,1031525441.93520850,0
2024-01-17,43137.94,43198.0,42200.69,42776.1,33266.21388,2024-01-17 23:59:59.999,1419888430.9228892,1438172,16648.20529000,710532768.04757790,0
2024-01-18,42776.09,42930.0,40683.28,41327.5,43907.51641,2024-01-18 23:59:59.999,1839426541.263579,1466087,21085.14336000,883292634.20636370,0
2024-01-19,41327.51,42196.86,40280.0,41659.03,48342.74559,2024-01-19 23:59:59.999,1993846466.5387518,1641428,24347.50020000,1004478721.37920550,0
2024-01-20,41659.03,41872.56,41456.3,41696.04,15923.99493,2024-01-20 23:59:59.999,662768008.1509343,807324,7557.36632000,314535141.99556360,0
2024-01-21,41696.05,41881.39,41500.98,41580.33,11730.16301,2024-01-21 23:59:59.999,489151571.0309043,657817,5576.56045000,232552207.16073290,0
2024-01-22,41580.32,41689.65,39431.58,39568.02,55426.19911,2024-01-22 23:59:59.999,2247452153.7954326,2147250,26788.13985000,1086650848.06705250,0
2024-01-23,39568.02,40176.74,38555.0,39897.6,57956.63351,2024-01-23 23:59:59.999,2275851990.6468267,2043925,30913.97177000,1214417243.69641180,0
2024-01-24,39897.59,40555.0,39484.19,40084.88,39293.82861,2024-01-24 23:59:59.999,1569704923.8307493,1675615,20673.05725000,825887009.47442260,0
2024-01-25,40084.89,40300.24,39550.0,39961.09,31022.11853,2024-01-25 23:59:59.999,1238813296.1526136,1291233,15685.24919000,626369240.37339640,0
2024-01-26,39961.09,42246.82,39822.52,41823.51,47384.96726,2024-01-26 23:59:59.999,1951700659.289807,1624861,24674.75551000,1016105199.71712130,0
2024-01-27,41823.51,42200.0,41394.34,42120.63,16224.41667,2024-01-27 23:59:59.999,678418702.3509445,751148,7485.64978000,312938659.24802430,0
2024-01-28,42120.63,42842.68,41620.81,42031.06,27294.99838,2024-01-28 23:59:59.999,1154365891.6682587,1032493,12971.18820000,548670338.63940100,0
2024-01-29,42031.05,43333.0,41804.88,43302.7,31542.74207,2024-01-29 23:59:59.999,1343462280.3618684,1197856,15996.88627000,681504721.35851260,0
2024-01-30,43302.71,43882.36,42683.99,42941.1,37619.24546,2024-01-30 23:59:59.999,1633251085.6713595,1316610,19317.29993000,838876408.45566850,0
2024-01-31,42941.1,43745.11,42276.84,42580.0,39871.13688,2024-01-31 23:59:59.999,1711665577.0530825,1499559,20289.94825000,871009715.17022070,0
2024-02-01,42580.0,43285.13,41884.28,43082.94,35231.04664,2024-02-01 23:59:59.999,1497121440.6440022,1392269,18134.84304000,770635549.48421270,0
2024-02-02,43082.95,43488.0,42546.79,43200.0,29672.14418,2024-02-02 23:59:59.999,1277919437.2905612,1086342,15645.57110000,673834785.74779100,0
2024-02-03,43199.99,43380.01,42880.0,43011.09,12033.40998,2024-02-03 23:59:59.999,518775350.0336009,609962,5691.78572000,245377398.51059570,0
2024-02-04,43011.1,43119.04,42222.0,42582.88,17066.89404,2024-02-04 23:59:59.999,730999557.7083682,931235,8427.12671000,360928641.05977220,0
2024-02-05,42582.88,43569.76,42258.1,42708.7,29467.75905,2024-02-05 23:59:59.999,1262620640.5407174,1317397,14984.06962000,642077579.58272680,0
2024-02-06,42708.7,43399.98,42574.0,43098.95,24675.85433,2024-02-06 23:59:59.999,1061049582.6002767,1120760,12810.98205000,550866463.74091940,0
2024-02-07,43098.96,44396.5,42788.0,44349.6,34392.59915,2024-02-07 23:59:59.999,1496013692.382922,1378809,17755.87738000,772721372.44438850,0
2024-02-08,44349.6,45614.3,44331.1,45288.65,45439.62231,2024-02-08 23:59:59.999,2042912128.1517665,1863650,22731.52397000,1021963499.80033510,0
2024-02-09,45288.66,48200.0,45242.12,47132.77,73503.481,2024-02-09 23:59:59.999,3453043306.4209757,2323884,37360.96419000,1754880225.38020990,0
2024-02-10,47132.78,48170.0,46800.0,47751.09,24802.35936,2024-02-10 23:59:59.999,1176079377.6922762,1323421,12740.69912000,604397015.51796000,0
2024-02-11,47751.08,48592.66,47557.16,48299.99,29958.80837,2024-02-11 23:59:59.999,1443314885.7714052,1407270,15741.38294000,758411879.95568900,0
2024-02-12,48300.0,50334.82,47710.01,49917.27,59009.96705,2024-02-12 23:59:59.999,2898220863.0181804,1939394,30797.43359000,1512688561.68886550,0
2024-02-13,49917.28,50368.61,48300.95,49699.59,55551.56706,2024-02-13 23:59:59.999,2745025370.067447,1741811,28409.79337000,1403783512.68099050,0
2024-02-14,49699.6,52043.71,49225.01,51795.17,57046.37401,2024-02-14 23:59:59.999,2919604456.723313,1859392,29664.51830000,1518339681.33460220,0
2024-02-15,51795.17,52816.62,51314.0,51880.0,53816.03055,2024-02-15 23:59:59.999,2802825737.9920154,1786569,26722.58656000,1391971339.71580590,0
2024-02-16,51880.01,52572.08,51566.0,52124.11,37772.25318,2024-02-16 23:59:59.999,1965003863.9713342,1583711,18309.89888000,952708587.73249880,0
2024-02-17,52124.1,52162.82,50625.0,51642.64,25674.00622,2024-02-17 23:59:59.999,1319908544.979089,1427773,12655.51593000,650426057.19761540,0
2024-02-18,51642.64,52377.0,51163.28,52137.67,21992.10363,2024-02-18 23:59:59.999,1139209588.4334626,1375422,11281.34692000,584447328.11427220,0
2024-02-19,52137.68,52488.77,51677.0,51774.73,29534.99432,2024-02-19 23:59:59.999,1539600521.6007729,1542990,15266.36204000,795825023.64422360,0
2024-02-20,51774.74,52985.0,50760.37,52258.82,49614.47318,2024-02-20 23:59:59.999,2574874999.3787174,1971912,24994.25062000,1297330385.00509330,0
2024-02-21,52258.82,52366.8,50625.0,51849.39,43079.40049,2024-02-21 23:59:59.999,2210278288.725095,1824860,22239.73293000,1140905416.95625220,0
2024-02-22,51849.38,52065.78,50940.78,51288.42,35309.44574,2024-02-22 23:59:59.999,1820949707.158534,1688184,17830.46730000,919599483.90786170,0
2024-02-23,51288.42,51548.54,50521.0,50744.15,30545.79544,2024-02-23 23:59:59.999,1559143576.8296163,1487039,14610.80906000,745820955.25604630,0
2024-02-24,50744.15,51698.0,50585.0,51568.22,16560.4211,2024-02-24 23:59:59.999,847793393.571868,855015,8462.15627000,433239599.42398870,0
2024-02-25,51568.21,51958.55,51279.8,51728.85,18721.63159,2024-02-25 23:59:59.999,966951114.4504629,923992,9544.17672000,492952522.68163890,0
2024-02-26,51728.85,54910.0,50901.44,54476.47,51256.72199,2024-02-26 23:59:59.999,2710403072.980595,1808909,27198.83551000,1438371804.11010130,0
2024-02-27,54476.48,57588.15,54450.13,57037.34,67194.98562,2024-02-27 23:59:59.999,3795949115.2249317,2414285,34970.25885000,1975472154.51157390,0
2024-02-28,57037.35,64000.0,56691.85,62432.1,118763.46984,2024-02-28 23:59:59.999,7162581994.48574,3895062,62066.63936000,3742433894.94507670,0
2024-02-29,62432.11,63676.35,60364.7,61130.98,78425.07603,2024-02-29 23:59:59.999,4872212871.27608,3169405,39463.06931000,2452515504.86865120,0
2024-03-01,61130.99,63114.23,60777.0,62387.9,47737.93473,2024-03-01 23:59:59.999,2956537377.9660296,1947444,24195.70252000,1498771144.09995600,0
2024-03-02,62387.9,62433.19,61561.12,61987.28,25534.73659,2024-03-02 23:59:59.999,1582566973.834093,1641808,12691.37721000,786583052.08627260,0
2024-03-03,61987.28,63231.88,61320.0,63113.97,28994.90903,2024-03-03 23:59:59.999,1804536272.9443457,1992011,14905.18600000,927868983.73084310,0
2024-03-04,63113.97,68499.0,62300.0,68245.71,84835.16005,2024-03-04 23:59:59.999,5568877537.081252,3887853,45319.08640000,2974396037.68572030,0
2024-03-05,68245.71,69000.0,59005.0,63724.01,132696.7813,2024-03-05 23:59:59.999,8674526591.287142,5310706,65991.84526000,4318205559.64365010,0
2024-03-06,63724.01,67641.1,62779.14,66074.04,78738.85491,2024-03-06 23:59:59.999,5197743036.597276,3302981,40344.32596000,2663883160.20696200,0
2024-03-07,66074.04,67980.0,65551.0,66823.17,53059.8869,2024-03-07 23:59:59.999,3548088039.2736087,2428227,27935.66302000,1867854683.98202980,0
2024-03-08,66823.18,69990.0,66082.66,68124.19,74261.932842,2024-03-08 23:59:59.999,5044395324.399055,2943927,37711.51458100,2563347797.52868009,0
2024-03-09,68124.2,68541.1,67861.1,68313.27,19872.89743,2024-03-09 23:59:59.999,1355964036.9092987,1345341,10005.59200000,682720256.00282270,0
2024-03-10,68313.28,69887.61,68094.75,68955.88,38404.66835,2024-03-10 23:59:59.999,2659307501.0945783,2139518,19188.79904000,1328747995.99402550,0
2024-03-11,68955.88,72800.0,67024.96,72078.1,75292.825726,2024-03-11 23:59:59.999,5352704377.618805,3043414,39435.85545900,2803359303.28697282,0
2024-03-12,72078.1,73000.0,68620.82,71452.01,68783.546691,2024-03-12 23:59:59.999,4909667978.559339,3047890,34517.21293300,2465202174.40722632,0
2024-03-13,71452.0,73650.25,71333.31,73072.41,52659.711647,2024-03-13 23:59:59.999,3829764501.253793,2501197,26787.08223700,1948382241.88946039,0
2024-03-14,73072.4,73777.0,68555.0,71388.94,71757.628746,2024-03-14 23:59:59.999,5132189849.096632,2994869,35676.74832600,2552190396.88900670,0
2024-03-15,71388.94,72419.71,65600.0,69499.85,103334.03546,2024-03-15 23:59:59.999,7065279917.872112,3904445,49844.66515000,3409385750.02117660,0
2024-03-16,69499.84,70043.0,64780.0,65300.63,55926.95336,2024-03-16 23:59:59.999,3788544202.8848557,2729019,27240.19894000,1846731512.27362330,0
2024-03-17,65300.64,68904.4,64533.0,68393.48,49742.21589,2024-03-17 23:59:59.999,3322963634.2425127,2449156,25328.29435000,1692079618.21131060,0
2024-03-18,68393.47,68956.0,66565.2,67609.99,55691.08088,2024-03-18 23:59:59.999,3768277912.418918,2464515,28529.67219000,1930726566.24924600,0
2024-03-19,67610.0,68124.11,61555.0,61937.4,101005.32487,2024-03-19 23:59:59.999,6484805948.535393,3593832,48205.28434000,3095258881.70227350,0
2024-03-20,61937.41,68100.0,60775.0,67840.51,90420.58592,2024-03-20 23:59:59.999,5769770052.062583,3549793,45523.84281000,2907222064.13129160,0
2024-03-21,67840.51,68240.47,64529.01,65501.27,53357.48002,2024-03-21 23:59:59.999,3551223142.964417,2388390,26650.09786000,1774833851.22152450,0
2024-03-22,65501.28,66649.62,62260.0,63796.64,51482.37821,2024-03-22 23:59:59.999,3310481978.1076455,2492881,24578.87957000,1580940164.12123740,0
2024-03-23,63796.64,65999.0,63000.0,63990.01,26410.11409,2024-03-23 23:59:59.999,1706152172.6316135,1753566,12749.00823000,823892846.71497700,0
2024-03-24,63990.02,67628.69,63772.29,67209.99,31395.78015,2024-03-24 23:59:59.999,2059312948.6486874,1880774,16689.65617000,1095820626.02919970,0
2024-03-25,67210.0,71150.0,66385.06,69880.01,53431.14486,2024-03-25 23:59:59.999,3679964073.8112125,2632220,27815.58769000,1915614174.23976360,0
2024-03-26,69880.0,71561.1,69280.0,69988.0,38934.38417,2024-03-26 23:59:59.999,2738537345.33588,2176807,19498.85666000,1371708206.53887210,0
2024-03-27,69987.99,71769.54,68359.18,69469.99,49119.35685,2024-03-27 23:59:59.999,3426458581.943343,2453366,24902.33470000,1737325915.83441790,0
2024-03-28,69469.99,71552.06,68903.62,70780.6,35439.03239,2024-03-28 23:59:59.999,2500571208.0026274,1799897,18007.26883000,1270852446.70774510,0
2024-03-29,70780.6,70916.16,69009.0,69850.54,25445.08353,2024-03-29 23:59:59.999,1779608477.3224537,1522607,11839.09290000,828039936.68545330,0
2024-03-30,69850.53,70321.1,69540.0,69582.18,13644.61142,2024-03-30 23:59:59.999,954555919.6855745,1110488,6423.89367000,449436189.73361900,0
2024-03-31,69582.17,71366.0,69562.99,71280.01,19396.34433,2024-03-31 23:59:59.999,1367523707.261245,1181926,10142.47988000,715151368.94630210,0
2024-04-01,71280.0,71288.23,68062.86,69649.8,41445.32039,2024-04-01 23:59:59.999,2876486469.465523,1893438,20211.15024000,1402849944.78228910,0
2024-04-02,69649.81,69674.23,64550.0,65463.99,71799.82793,2024-04-02 23:59:59.999,4750030717.922425,2662410,35520.17401000,2348263612.30347050,0
2024-04-03,65463.99,66903.63,64493.07,65963.28,39887.21778,2024-04-03 23:59:59.999,2630556596.1359286,2172096,20618.58747000,1360363531.16595170,0
2024-04-04,65963.27,69309.91,65064.52,68487.79,41510.48453,2024-04-04 23:59:59.999,2795469450.572386,2000945,21013.32173000,1415699952.03815850,0
2024-04-05,68487.8,68756.67,65952.56,67820.62,37915.23073,2024-04-05 23:59:59.999,2555458935.236009,1901980,18889.98453000,1273220222.76258870,0
2024-04-06,67820.63,69692.0,67447.83,68896.0,20134.28919,2024-04-06 23:59:59.999,1373131967.7648187,1171460,9973.86412000,680800856.20965050,0
2024-04-07,68896.0,70326.29,68824.0,69360.39,21534.74433,2024-04-07 23:59:59.999,1496213373.1855776,1269048,11149.90398000,774906774.52828120,0
2024-04-08,69360.38,72797.99,69043.24,71620.0,45723.87624,2024-04-08 23:59:59.999,3270853309.6629424,2037025,25309.90487000,1811209901.71635400,0
2024-04-09,71620.0,71758.19,68210.0,69146.0,39293.90242,2024-04-09 23:59:59.999,2749007421.6421075,1804157,18896.53756000,1321865585.23805220,0
2024-04-10,69146.0,71172.08,67518.0,70631.08,42006.02377,2024-04-10 23:59:59.999,2901564970.815804,1852170,20269.34809000,1401023003.73182270,0
2024-04-11,70631.08,71305.89,69567.21,70006.23,31917.25595,2024-04-11 23:59:59.999,2247473274.6162577,1658995,15908.49124000,1120249990.73575260,0
2024-04-12,70006.22,71227.46,65086.86,67116.52,56072.86229,2024-04-12 23:59:59.999,3843551585.3212748,2496617,25935.86464000,1777808491.17045420,0
2024-04-13,67116.52,67929.0,60660.57,63924.51,71395.22019,2024-04-13 23:59:59.999,4614468627.809045,3341340,33221.66950000,2144846149.68091790,0
2024-04-14,63924.52,65840.0,62134.0,65661.84,61599.17818,2024-04-14 23:59:59.999,3946124834.6970353,2657953,29732.29634000,1904847012.50930860,0
2024-04-15,65661.85,66867.07,62274.4,63419.99,52389.53069,2024-04-15 23:59:59.999,3398072231.5612235,2539048,25206.68008000,1634572976.93981270,0
2024-04-16,63419.99,64365.0,61600.0,63793.39,53435.29331,2024-04-16 23:59:59.999,3355338198.4469132,2604354,26041.26640000,1635683129.30765320,0
2024-04-17,63793.4,64499.0,59678.16,61277.37,50610.54509,2024-04-17 23:59:59.999,3128625247.4738536,2458327,24346.74671000,1506361259.70135830,0
2024-04-18,61277.38,64117.09,60803.35,63470.08,43601.60918,2024-04-18 23:59:59.999,2726741448.886802,2142511,20870.20705000,1305027167.93950820,0
2024-04-19,63470.09,65450.0,59600.01,63818.01,69774.30271,2024-04-19 23:59:59.999,4419893235.183288,2828284,34941.50216000,2214809735.24024150,0
2024-04-20,63818.01,65419.0,63090.07,64940.59,23137.42975,2024-04-20 23:59:59.999,1486949581.439479,1376712,11811.84440000,759077474.29729040,0
2024-04-21,64940.58,65695.56,64237.5,64941.15,19316.42152,2024-04-21 23:59:59.999,1254396628.1531765,1390153,9734.71767000,632257865.00824990,0
2024-04-22,64941.15,67232.35,64500.0,66819.32,31397.99371,2024-04-22 23:59:59.999,2071690434.976552,1816591,16466.05497000,1086399264.60922710,0
2024-04-23,66819.32,67183.01,65765.81,66414.0,22599.90004,2024-04-23 23:59:59.999,1502139968.7198818,1433915,10854.17402000,721404825.84704100,0
2024-04-24,66414.0,67070.43,63606.06,64289.59,33595.69637,2024-04-24 23:59:59.999,2195714861.6576557,1784897,16899.50969000,1104368114.10586980,0
2024-04-25,64289.58,65297.94,62794.0,64498.34,31341.46338,2024-04-25 23:59:59.999,2007704069.2622728,1375324,14808.62959000,948738136.26843800,0
2024-04-26,64498.33,64820.01,63297.48,63770.01,27085.19346,2024-04-26 23:59:59.999,1736631357.3537388,1025561,13570.23647000,870093757.51889900,0
2024-04-27,63770.0,63923.41,62391.24,63461.98,20933.06052,2024-04-27 23:59:59.999,1320337707.7871158,912422,9903.95325000,624733409.21128790,0
2024-04-28,63461.98,64370.0,62781.0,63118.62,16949.20005,2024-04-28 23:59:59.999,1078450016.4732296,790652,7941.33811000,505261267.56950520,0
2024-04-29,63118.62,64228.35,61765.53,63866.0,28150.22947,2024-04-29 23:59:59.999,1765038324.6837213,1152296,13986.59437000,877053322.30799690,0
2024-04-30,63866.0,64734.0,59191.6,60672.0,54947.65535,2024-04-30 23:59:59.999,3372142467.4322524,1985671,26385.41614000,1620421850.57869910,0
2024-05-01,60672.01,60841.63,56552.82,58364.97,81166.46823,2024-05-01 23:59:59.999,4705572361.7402,2401089,38203.57377000,2213404278.59001090,0
2024-05-02,58364.97,59625.0,56911.84,59060.61,47583.81961,2024-05-02 23:59:59.999,2778840305.0505786,1572898,23240.75370000,1356148775.88673650,0
2024-05-03,59060.6,63333.0,58811.32,62882.01,43628.40143,2024-05-03 23:59:59.999,2658193708.347904,1558661,22145.44334000,1349687455.59576090,0
2024-05-04,62882.01,64540.0,62541.03,63892.04,24368.69282,2024-05-04 23:59:59.999,1547468697.8765798,1113509,12671.20599000,804768764.30625010,0
2024-05-05,63892.03,64646.0,62822.17,64012.0,18526.75029,2024-05-05 23:59:59.999,1182572239.5306182,992921,8954.93439000,571783428.23947070,0
2024-05-06,64012.0,65500.0,62700.0,63165.19,34674.91949,2024-05-06 23:59:59.999,2218131198.4661326,1392557,17179.56031000,1099303474.28052170,0
2024-05-07,63165.18,64422.41,62261.0,62312.08,25598.79472,2024-05-07 23:59:59.999,1624531631.592377,1272898,12502.38281000,793575994.21410250,0
2024-05-08,62312.07,63020.22,60888.0,61193.03,26121.19004,2024-05-08 23:59:59.999,1623561041.1255188,1415152,12669.58179000,787749415.54808140,0
2024-05-09,61193.03,63429.03,60630.0,63074.01,30660.8061,2024-05-09 23:59:59.999,1895849912.7734754,1381957,15120.01471000,935341755.67823540,0
2024-05-10,63074.0,63469.13,60187.12,60799.99,36529.34025,2024-05-10 23:59:59.999,2255550468.413852,1500643,18066.83174000,1116494638.28048920,0
2024-05-11,60799.99,61515.0,60487.09,60825.99,13374.56936,2024-05-11 23:59:59.999,814928013.4573288,753281,6223.09555000,379263096.21513300,0
2024-05-12,60825.99,61888.0,60610.0,61483.99,12753.13236,2024-05-12 23:59:59.999,781041632.4623835,727113,6416.91108000,393132351.88839250,0
2024-05-13,61484.0,63450.0,60749.21,62940.08,32733.41839,2024-05-13 23:59:59.999,2041896626.6108148,1371433,16717.90863000,1043060982.35746010,0
2024-05-14,62940.09,63118.36,61142.77,61577.49,29088.72041,2024-05-14 23:59:59.999,1800171876.1676655,1127939,13815.81443000,855088066.21248800,0
2024-05-15,61577.49,66444.16,61319.47,66206.5,43559.74719,2024-05-15 23:59:59.999,2794259631.8910465,1729454,21797.84094000,1398781701.44138860,0
2024-05-16,66206.51,66752.01,64602.77,65235.21,31106.3671,2024-05-16 23:59:59.999,2045507646.8293848,1269793,15645.11263000,1028962305.10438390,0
2024-05-17,65235.21,67451.2,65106.38,67024.0,26292.23409,2024-05-17 23:59:59.999,1745971822.3447454,1117254,13301.09525000,883129353.16334290,0
2024-05-18,67024.0,67400.01,66600.0,66915.2,14441.25774,2024-05-18 23:59:59.999,967145944.6835316,734067,6911.13424000,462859253.58791080,0
2024-05-19,66915.2,67700.0,65857.25,66274.01,18025.30409,2024-05-19 23:59:59.999,1204989222.8768685,823729,8692.17507000,581378180.33745970,0
2024-05-20,66274.0,71515.56,66060.31,71446.62,50816.7011,2024-05-20 23:59:59.999,3485474763.752294,1930939,26792.52994000,1839346667.54078900,0
2024-05-21,71446.62,71979.0,69162.94,70148.34,49607.4336,2024-05-21 23:59:59.999,3509345769.233608,2137448,24686.27911000,1746693652.32872200,0
2024-05-22,70148.34,70666.0,68842.19,69166.62,27673.18026,2024-05-22 23:59:59.999,1931700812.3032143,1371973,13124.78731000,916344293.91047570,0
2024-05-23,69166.62,70096.12,66312.16,67969.65,40513.17374,2024-05-23 23:59:59.999,2766790260.7886024,1827855,19791.15119000,1351640092.58136590,0
2024-05-24,67969.66,69250.0,66600.12,68549.99,28095.83664,2024-05-24 23:59:59.999,1906438696.7156012,1165907,14344.29889000,973457354.69577570,0
2024-05-25,68549.99,69610.0,68500.0,69290.57,12130.39418,2024-05-25 23:59:59.999,837339788.9838961,703803,5851.95991000,403954862.66947920,0
2024-05-26,69290.56,69562.23,68128.01,68507.67,11872.11797,2024-05-26 23:59:59.999,818914878.9908898,722849,5934.62083000,409411078.54609240,0
2024-05-27,68507.67,70687.56,68250.0,69436.43,23136.92737,2024-05-27 23:59:59.999,1604722197.8374028,1219341,11709.62174000,812172288.25763730,0
2024-05-28,69436.43,69591.81,67277.91,68398.39,32622.97042,2024-05-28 23:59:59.999,2224860225.7992225,1459351,15543.09776000,1059920452.31461710,0
2024-05-29,68398.4,68935.68,67124.65,67652.42,23159.83149,2024-05-29 23:59:59.999,1573095221.6483984,1221044,11748.55954000,797928379.36691790,0
2024-05-30,67652.41,69500.0,67128.0,68352.17,28478.2184,2024-05-30 23:59:59.999,1945001081.5215867,1272851,14074.36655000,961595245.17878340,0
2024-05-31,68352.17,69044.1,66670.0,67540.01,26690.32184,2024-05-31 23:59:59.999,1812659052.2496767,1177860,13258.10182000,900414200.11617690,0
2024-06-01,67540.01,67900.0,67428.44,67766.85,8837.66133,2024-06-01 23:59:59.999,598305207.9932046,638484,4235.27045000,286752060.40289290,0
2024-06-02,67766.84,68460.0,67257.47,67765.63,15426.32529,2024-06-02 23:59:59.999,1046827665.3829314,812348,7760.23377000,526768921.12622220,0
2024-06-03,67765.62,70288.0,67612.48,68809.9,29633.374,2024-06-03 23:59:59.999,2047757076.2268357,1253789,15308.67275000,1058024704.35337320,0
2024-06-04,68809.89,71063.45,68567.32,70537.84,29619.78489,2024-06-04 23:59:59.999,2069902136.99324,1254515,14922.96734000,1043071241.62848080,0
2024-06-05,70537.83,71758.0,70383.66,71108.0,28703.18082,2024-06-05 23:59:59.999,2040073765.8676395,1055115,14210.23392000,1010053925.79108140,0
2024-06-06,71108.0,71700.0,70117.64,70799.06,21842.00449,2024-06-06 23:59:59.999,1551467659.1542966,900226,10287.39110000,730849194.23039900,0
2024-06-07,70799.06,71997.02,68420.0,69355.6,35598.45045,2024-06-07 23:59:59.999,2507250591.3329782,1516415,17318.78051000,1220810920.34443310,0
2024-06-08,69355.6,69582.2,69168.02,69310.46,9773.82967,2024-06-08 23:59:59.999,678267390.5310388,714103,4772.23036000,331182466.90034250,0
2024-06-09,69310.46,69857.14,69130.24,69648.14,9890.56709,2024-06-09 23:59:59.999,687344656.0725566,575583,4883.69296000,339405376.08154470,0
2024-06-10,69648.15,70195.94,69172.29,69540.0,17122.66941,2024-06-10 23:59:59.999,1192466549.9691226,936731,8412.00246000,585909223.77581300,0
2024-06-11,69540.0,69590.01,66051.0,67314.24,41436.01588,2024-06-11 23:59:59.999,2793799020.4691243,1782415,19839.82320000,1337254654.99899240,0
2024-06-12,67314.23,69999.0,66905.0,68263.99,37175.32356,2024-06-12 23:59:59.999,2550285139.184372,1670745,18975.89081000,1302069589.64168150,0
2024-06-13,68263.98,68449.3,66251.78,66773.01,29079.55571,2024-06-13 23:59:59.999,1958897960.9172916,1518202,13886.14007000,935614189.69868110,0
2024-06-14,66773.01,67370.24,65078.0,66043.99,28408.18797,2024-06-14 23:59:59.999,1884451554.428285,1736314,13619.40861000,903708200.78497490,0
2024-06-15,66043.99,66478.48,65857.1,66228.25,11451.80242,2024-06-15 23:59:59.999,758175888.0283372,700886,5495.02083000,363796116.45357520,0
2024-06-16,66228.25,66998.7,66034.5,66676.87,9392.52223,2024-06-16 23:59:59.999,624653672.6138575,703295,4750.05166000,315940653.99261210,0
2024-06-17,66676.86,67298.81,65130.0,66504.33,27386.16851,2024-06-17 23:59:59.999,1812061226.7565656,1542620,13716.89431000,907703353.53049530,0
2024-06-18,66504.33,66588.23,64060.0,65175.32,42350.10244,2024-06-18 23:59:59.999,2755141806.0310903,2151711,20076.41361000,1305946733.58928080,0
2024-06-19,65175.32,65727.54,64666.0,64974.37,20060.79576,2024-06-19 23:59:59.999,1307731953.9545317,1078458,10289.78180000,670875724.31372840,0
2024-06-20,64974.37,66482.94,64559.15,64869.99,24265.29031,2024-06-20 23:59:59.999,1584896152.1663702,1282687,11828.87934000,772646071.21699650,0
2024-06-21,64869.99,65066.66,63379.35,64143.56,25993.56442,2024-06-21 23:59:59.999,1665541539.708616,1362617,12543.25960000,803462610.69190860,0
2024-06-22,64143.56,64546.81,63943.82,64262.01,7308.95542,2024-06-22 23:59:59.999,470027247.3402083,562832,3756.29045000,241583895.45436180,0
2024-06-23,64262.01,64521.0,63178.32,63210.01,8224.45447,2024-06-23 23:59:59.999,526848525.0029452,592759,3974.67964000,254685735.53387730,0
2024-06-24,63210.01,63369.8,58402.0,60293.3,52161.35414,2024-06-24 23:59:59.999,3180853460.924751,2190787,24495.59428000,1493633137.52665430,0
2024-06-25,60293.3,62420.0,60257.06,61806.01,31189.24361,2024-06-25 23:59:59.999,1914901308.84587,1277481,15360.08458000,943071608.51094150,0
2024-06-26,61806.01,62487.81,60712.0,60864.99,22485.66463,2024-06-26 23:59:59.999,1381716993.3554919,1112152,11435.02653000,702676210.43654810,0
2024-06-27,60864.98,62389.22,60606.63,61706.47,18344.28631,2024-06-27 23:59:59.999,1126705164.782892,1062176,9298.26500000,570914131.05718340,0
2024-06-28,61706.46,62225.31,60063.0,60427.84,24821.19255,2024-06-28 23:59:59.999,1519872032.026636,1479626,12661.53908000,775499790.79123460,0
2024-06-29,60427.84,61224.0,60383.77,60986.68,11509.55904,2024-06-29 23:59:59.999,701345872.4881144,767669,5461.68911000,332791254.69089930,0
2024-06-30,60986.68,63058.76,60712.21,62772.01,17326.30136,2024-06-30 23:59:59.999,1070250012.5446604,1108912,8224.44601000,508208752.08569870,0
2024-07-01,62772.01,63861.76,62497.2,62899.99,24547.10538,2024-07-01 23:59:59.999,1550980813.6701345,1461508,12388.60654000,782785773.83555930,0
2024-07-02,62900.0,63288.83,61806.28,62135.47,18573.11875,2024-07-02 23:59:59.999,1160792332.6175597,1308816,9453.17931000,590763216.57998250,0
2024-07-03,62135.46,62285.94,59400.0,60208.58,32160.11127,2024-07-03 23:59:59.999,1945901232.9066572,1839372,15055.45492000,910631739.67384830,0
2024-07-04,60208.57,60498.19,56771.0,57050.01,54568.77276,2024-07-04 23:59:59.999,3168619756.2436485,2523236,24982.98822000,1450509608.68042170,0
2024-07-05,57050.02,57546.0,53485.93,56628.79,81348.24756,2024-07-05 23:59:59.999,4515040083.536515,3749255,37926.65162000,2104682004.51668210,0
2024-07-06,56628.79,58475.0,56018.0,58230.13,21651.31558,2024-07-06 23:59:59.999,1235398733.4357028,1411065,11083.50401000,632724011.54747280,0
2024-07-07,58230.13,58449.46,55724.37,55857.81,19118.93918,2024-07-07 23:59:59.999,1094135752.452869,1289229,9081.66872000,519830378.93556300,0
2024-07-08,55857.81,58236.73,54260.16,56714.62,48090.2049,2024-07-08 23:59:59.999,2699942701.375511,2554389,23963.90684000,1346497811.21179220,0
2024-07-09,56714.61,58296.0,56289.45,58050.0,27732.20788,2024-07-09 23:59:59.999,1592351321.655387,1757693,14143.25001000,812249336.74934340,0
2024-07-10,58050.0,59470.0,57157.79,57725.85,24951.73799,2024-07-10 23:59:59.999,1452293495.6501489,1766696,12423.53162000,723209557.64967550,0
2024-07-11,57725.85,59650.0,57050.0,57339.89,29761.05735,2024-07-11 23:59:59.999,1728929618.0583844,2157661,15019.30135000,872986677.11952730,0
2024-07-12,57339.89,58526.68,56542.47,57889.1,23652.4569,2024-07-12 23:59:59.999,1360201319.0761504,1749738,11488.82545000,661028735.66443120,0
2024-07-13,57889.09,59850.0,57756.63,59204.02,15357.74519,2024-07-13 23:59:59.999,900429281.1482327,1114391,7889.36244000,462600767.86107760,0
2024-07-14,59204.01,61420.69,59194.01,60797.91,21178.33907,2024-07-14 23:59:59.999,1273562988.611176,1456088,10479.46025000,630300143.25984630,0
2024-07-15,60797.91,64900.0,60632.3,64724.14,38690.9782,2024-07-15 23:59:59.999,2435540879.0289335,2600425,19076.54212000,1201411783.66660390,0
2024-07-16,64724.06,65388.97,62373.24,65043.99,42530.52915,2024-07-16 23:59:59.999,2725231969.2884507,2484783,21595.04799000,1384337933.33100270,0
2024-07-17,65044.0,66128.63,63854.0,64087.99,29567.52954,2024-07-17 23:59:59.999,1922412273.0882094,1868671,14616.17013000,950725865.58566080,0
2024-07-18,64087.99,65133.3,63238.48,63987.92,22568.7225,2024-07-18 23:59:59.999,1449872437.6497972,1696742,11288.35191000,725073622.70567400,0
2024-07-19,63987.92,67386.0,63300.67,66660.0,35634.72739,2024-07-19 23:59:59.999,2331517674.368659,2184889,17971.06949000,1176753281.03832610,0
2024-07-20,66660.01,67598.0,66222.46,67139.96,14386.92434,2024-07-20 23:59:59.999,961878801.8482211,995093,6868.63454000,459313955.25348910,0
2024-07-21,67139.97,68366.66,65777.0,68165.34,21819.11191,2024-07-21 23:59:59.999,1465757867.9747434,1322942,11412.05459000,766856991.84253770,0
2024-07-22,68165.35,68474.55,66559.97,67532.01,21451.04303,2024-07-22 23:59:59.999,1448418369.8467097,1558140,10263.95040000,693063991.11910680,0
2024-07-23,67532.0,67750.98,65441.08,65936.01,31406.15316,2024-07-23 23:59:59.999,2088544473.3235078,1772089,15168.84798000,1008794779.03899120,0
2024-07-24,65936.0,67102.01,65111.0,65376.0,23082.56277,2024-07-24 23:59:59.999,1526490826.4669967,1391053,10827.75551000,716084205.20164140,0
2024-07-25,65376.01,66175.49,63456.7,65799.95,35126.42934,2024-07-25 23:59:59.999,2266419771.224864,1830360,16579.45258000,1070150879.36395480,0
2024-07-26,65799.95,68200.0,65722.63,67907.99,24244.36023,2024-07-26 23:59:59.999,1630839588.6966548,1406982,12444.52129000,837159298.56635020,0
2024-07-27,67908.0,69399.99,66650.0,67896.5,31710.21921,2024-07-27 23:59:59.999,2162335067.0234175,1690591,15838.92820000,1080427116.19164440,0
2024-07-28,67896.49,68318.43,67066.66,68249.88,10868.69394,2024-07-28 23:59:59.999,736755676.1377451,821210,5403.48694000,366295409.63502700,0
2024-07-29,68249.88,70079.99,66428.0,66784.69,36467.29633,2024-07-29 23:59:59.999,2499265962.091455,1952812,18196.23316000,1248743452.55767880,0
2024-07-30,66784.68,67000.0,65302.67,66188.0,23132.25441,2024-07-30 23:59:59.999,1533270724.799421,1622083,11096.82554000,735708436.02368670,0
2024-07-31,66188.0,66849.24,64530.0,64628.0,22625.43905,2024-07-31 23:59:59.999,1489443332.5960116,1609976,10818.48504000,712275323.70693700,0
2024-08-01,64628.01,65659.78,62302.0,65354.02,35542.26854,2024-08-01 23:59:59.999,2270877792.65868,2397257,16886.93292000,1079221072.75802780,0
2024-08-02,65354.02,65596.14,61230.01,61498.33,38820.42937,2024-08-02 23:59:59.999,2469588785.6981573,2457735,18202.35794000,1158565579.09029100,0
2024-08-03,61498.34,62198.22,59850.0,60697.99,28034.71567,2024-08-03 23:59:59.999,1711555901.18011,1669555,12947.95791000,790701622.63757370,0
2024-08-04,60697.99,61117.63,57122.77,58161.0,31616.52003,2024-08-04 23:59:59.999,1874490041.5437353,1886195,14556.62470000,863334319.96789840,0
2024-08-05,58161.0,58305.59,49000.0,54018.81,162065.59186,2024-08-05 23:59:59.999,8580928177.429901,7568497,77363.26323000,4097736999.06792360,0
2024-08-06,54018.82,57040.99,53950.0,56022.01,55884.77676,2024-08-06 23:59:59.999,3119018848.329888,3433824,27934.19288000,1559417942.64908360,0
2024-08-07,56022.0,57736.05,54558.62,55134.16,44269.37684,2024-08-07 23:59:59.999,2490553853.602583,2397504,21897.14983000,1232415104.44728570,0
2024-08-08,55133.76,62745.14,54730.0,61685.99,48349.52949,2024-08-08 23:59:59.999,2836312292.431818,2603042,25676.29533000,1508140014.00051670,0
2024-08-09,61686.0,61744.37,59535.0,60837.99,30972.48017,2024-08-09 23:59:59.999,1878350555.5122633,1827809,15023.05073000,911225295.62634360,0
2024-08-10,60837.99,61470.58,60242.0,60923.51,9995.20621,2024-08-10 23:59:59.999,607372221.2460397,800499,4893.63854000,297435046.00250790,0
2024-08-11,60923.51,61858.0,58286.73,58712.59,19189.84512,2024-08-11 23:59:59.999,1152081498.1567774,1319469,9094.74521000,546165456.95507360,0
2024-08-12,58712.59,60711.09,57642.21,59346.64,37009.91743,2024-08-12 23:59:59.999,2186851067.316586,2293837,18279.26596000,1080368631.14278460,0
2024-08-13,59346.64,61578.1,58392.88,60587.15,27858.95851,2024-08-13 23:59:59.999,1668247896.8477187,1713485,13647.22341000,817397824.22938570,0
2024-08-14,60587.16,61800.0,58433.18,58683.39,28422.76326,2024-08-14 23:59:59.999,1705464263.505865,1729342,13263.89620000,796386901.36411660,0
2024-08-15,58683.39,59849.38,56078.54,57541.06,37686.17622,2024-08-15 23:59:59.999,2194915865.052229,2507858,17255.22311000,1005337423.72642390,0
2024-08-16,57541.05,59817.76,57098.62,58874.6,27610.84344,2024-08-16 23:59:59.999,1614654900.3332715,1999539,13963.51824000,816740633.54544620,0
2024-08-17,58874.59,59700.0,58785.05,59491.99,7721.72931,2024-08-17 23:59:59.999,457737705.7722839,807159,3871.65310000,229477473.80983910,0
2024-08-18,59491.99,60284.99,58408.92,58427.35,13634.85717,2024-08-18 23:59:59.999,813166580.7264851,1099730,6660.58254000,397459480.87198230,0
2024-08-19,58427.35,59617.63,57787.3,59438.5,22809.31251,2024-08-19 23:59:59.999,1336287900.197634,1636295,11350.30776000,665066212.75953550,0
2024-08-20,59438.5,61400.0,58548.23,59013.8,31477.44548,2024-08-20 23:59:59.999,1890620149.7910202,1904519,16041.22019000,964180516.15293990,0
2024-08-21,59013.8,61820.93,58783.47,61156.03,27983.6422,2024-08-21 23:59:59.999,1682529555.0960546,1981525,14156.90984000,851829721.39945480,0
2024-08-22,61156.03,61400.0,59724.87,60375.84,21241.20588,2024-08-22 23:59:59.999,1288544247.9560175,1718280,10269.33376000,623042041.07817350,0
2024-08-23,60375.83,64955.0,60342.14,64037.24,38118.07089,2024-08-23 23:59:59.999,2375916932.7935486,2555682,20372.88336000,1270318490.02577540,0
2024-08-24,64037.24,64494.5,63531.0,64157.01,15857.15616,2024-08-24 23:59:59.999,1015774255.1740764,1551856,7643.02686000,489673236.65980020,0
2024-08-25,64157.02,65000.0,63773.27,64220.0,12305.47977,2024-08-25 23:59:59.999,789935122.9930242,1263065,6315.72233000,405555580.86044380,0
2024-08-26,64219.99,64481.0,62800.0,62834.0,19470.05276,2024-08-26 23:59:59.999,1238341818.4320166,2152841,8995.67609000,572188217.62956750,0
2024-08-27,62834.0,63212.0,58034.01,59415.0,35135.94178,2024-08-27 23:59:59.999,2158144642.992993,2995281,15873.15360000,975361314.87765910,0
2024-08-28,59415.0,60234.98,57860.0,59034.9,36868.54275,2024-08-28 23:59:59.999,2183054412.974087,3664134,17135.91162000,1014904733.06851290,0
2024-08-29,59034.9,61166.99,58713.09,59359.01,27020.90743,2024-08-29 23:59:59.999,1617931684.258576,2743900,13152.38590000,787682410.35188690,0
2024-08-30,59359.0,59944.07,57701.1,59123.99,28519.32195,2024-08-30 23:59:59.999,1680918972.4658496,2845696,13783.34749000,812769089.28498120,0
2024-08-31,59123.99,59462.38,58744.0,58973.99,8798.409,2024-08-31 23:59:59.999,519849184.8690446,895944,4195.93079000,247955494.35915920,0
2024-09-01,58974.0,59076.59,57201.0,57301.86,20705.15741,2024-09-01 23:59:59.999,1202176847.3910584,2153180,9651.50531000,560452387.89854740,0
2024-09-02,57301.77,59425.69,57128.0,59132.13,22895.01461,2024-09-02 23:59:59.999,1333092369.4465685,1966119,11295.25452000,657496577.63048030,0
2024-09-03,59132.12,59809.65,57415.0,57487.73,22828.18447,2024-09-03 23:59:59.999,1335076815.8599248,2208758,10979.79204000,642252673.11321130,0
2024-09-04,57487.74,58519.0,55606.0,57970.9,35560.82146,2024-09-04 23:59:59.999,2027630870.1796753,3177549,16861.75483000,961923197.77825300,0
2024-09-05,57970.9,58327.07,55643.65,56180.0,27806.91413,2024-09-05 23:59:59.999,1577770853.1007974,3368058,12955.88970000,734996919.35909540,0
2024-09-06,56180.0,57008.0,52550.0,53962.97,54447.76826,2024-09-06 23:59:59.999,2988914918.924334,5287281,25325.18849000,1390546230.88109310,0
2024-09-07,53962.97,54850.0,53745.54,54160.86,16694.04774,2024-09-07 23:59:59.999,905693342.5898322,1920923,8023.90683000,435381439.00959560,0
2024-09-08,54160.86,55318.0,53629.01,54869.95,16274.14779,2024-09-08 23:59:59.999,885743172.9184759,1796092,8031.76084000,437221897.11041520,0
2024-09-09,54869.95,58088.0,54591.96,57042.0,32384.51737,2024-09-09 23:59:59.999,1809715390.0493293,3355912,16412.83148000,917669512.22202930,0
2024-09-10,57042.01,58044.36,56386.4,57635.99,23626.78126,2024-09-10 23:59:59.999,1349365460.0900571,2843148,11690.37506000,667774722.69939110,0
2024-09-11,57635.99,57981.71,55545.19,57338.0,33026.56757,2024-09-11 23:59:59.999,1875738697.3784153,4045103,15979.30786000,907634258.56498910,0
2024-09-12,57338.0,58588.0,57324.0,58132.32,31074.40631,2024-09-12 23:59:59.999,1802848638.0757017,3706764,14783.00418000,857572456.51008690,0
2024-09-13,58132.31,60625.0,57632.62,60498.0,29825.23333,2024-09-13 23:59:59.999,1760671733.5492997,3378012,15395.13731000,909141733.97476540,0
2024-09-14,60497.99,60610.45,59400.0,59993.03,12137.90901,2024-09-14 23:59:59.999,728527024.3416963,1288784,5570.22098000,334303099.74321360,0
2024-09-15,59993.02,60395.8,58691.05,59132.0,13757.92361,2024-09-15 23:59:59.999,822410872.3906956,1552950,6431.24697000,384460724.57039670,0
2024-09-16,59132.0,59210.7,57493.3,58213.99,26477.5642,2024-09-16 23:59:59.999,1543273198.7027452,3145152,12859.75840000,749563220.80605080,0
2024-09-17,58213.99,61320.0,57610.01,60313.99,33116.25878,2024-09-17 23:59:59.999,1983378424.775704,3918209,16390.65993000,981860543.27358150,0
2024-09-18,60313.99,61786.24,59174.8,61759.99,36087.02469,2024-09-18 23:59:59.999,2174000496.820776,5167671,18429.59712000,1110622778.75108520,0
2024-09-19,61759.98,63850.0,61555.0,62947.99,34332.52608,2024-09-19 23:59:59.999,2153175931.1738715,4438284,17609.62958000,1104427424.52469690,0
2024-09-20,62948.0,64133.32,62350.0,63201.05,25466.37794,2024-09-20 23:59:59.999,1611195963.9908044,3969296,12411.32227000,785440558.81257280,0
2024-09-21,63201.05,63559.9,62758.0,63348.96,8375.34608,2024-09-21 23:59:59.999,528657852.3183024,1283611,3877.73743000,244802615.78455930,0
2024-09-22,63348.97,64000.0,62357.93,63578.76,14242.19892,2024-09-22 23:59:59.999,897477338.3735127,2145736,6923.17369000,436456231.95378810,0
2024-09-23,63578.76,64745.88,62538.75,63339.99,24078.05287,2024-09-23 23:59:59.999,1531015038.3680267,3999187,12331.07643000,784350440.71456530,0
2024-09-24,63339.99,64688.0,62700.0,64262.7,23185.04759,2024-09-24 23:59:59.999,1472720338.8562915,3870157,11522.89363000,732118662.41710540,0
2024-09-25,64262.7,64817.99,62947.08,63152.01,17813.11168,2024-09-25 23:59:59.999,1135250828.2732148,3355531,8384.67983000,534590429.21054930,0
2024-09-26,63152.01,65839.0,62670.0,65173.99,28373.30593,2024-09-26 23:59:59.999,1831204595.9448967,4361333,15041.98860000,971176161.38708060,0
2024-09-27,65173.99,66498.0,64819.9,65769.95,22048.80487,2024-09-27 23:59:59.999,1448852210.3602211,3498529,11092.85716000,729156061.36792320,0
2024-09-28,65769.95,66260.0,65422.23,65858.0,9127.23316,2024-09-28 23:59:59.999,600118483.1222521,1341703,4501.22534000,296026669.83370660,0
2024-09-29,65858.0,66076.12,65432.0,65602.01,8337.74111,2024-09-29 23:59:59.999,547980013.7152303,1413449,4132.93780000,271622295.35352910,0
2024-09-30,65602.01,65618.8,62856.3,63327.59,30011.08752,2024-09-30 23:59:59.999,1920250261.7442162,3978584,14451.93044000,924324016.73584480,0
2024-10-01,63327.6,64130.63,60164.0,60805.78,43671.48108,2024-10-01 23:59:59.999,2723672081.8326254,5607069,20951.74486000,1308603194.33104010,0
2024-10-02,60804.92,62390.31,60000.0,60649.28,31534.70118,2024-10-02 23:59:59.999,1928377637.836784,5313210,15719.32519000,961468320.51547270,0
2024-10-03,60649.27,61477.19,59828.11,60752.71,26221.43472,2024-10-03 23:59:59.999,1590773866.8074434,5244004,12906.51464000,783073701.73311730,0
2024-10-04,60752.72,62484.85,60459.9,62086.0,21294.65994,2024-10-04 23:59:59.999,1311145630.5020497,3798631,10689.34488000,658151113.93518280,0
2024-10-05,62086.0,62370.56,61689.26,62058.0,7807.46141,2024-10-05 23:59:59.999,484588468.3419123,1183175,3690.55536000,229107774.75427000,0
2024-10-06,62058.01,62975.0,61798.97,62819.91,8906.86177,2024-10-06 23:59:59.999,555669634.4773514,1556553,4798.29924000,299426562.83034480,0
2024-10-07,62819.91,64478.19,62128.0,62224.0,25966.1852,2024-10-07 23:59:59.999,1646315506.5791945,4809342,12760.73415000,809108823.51261260,0
2024-10-08,62224.01,63200.0,61860.31,62160.49,19702.22371,2024-10-08 23:59:59.999,1230076253.818657,3798438,9614.36947000,600357593.78737790,0
2024-10-09,62160.5,62543.75,60301.0,60636.02,20011.15684,2024-10-09 23:59:59.999,1234778807.5932417,3668363,9454.70171000,583725546.03098850,0
2024-10-10,60636.01,61321.68,58946.0,60326.39,23967.92481,2024-10-10 23:59:59.999,1445604381.9363792,3872577,10827.77272000,653182369.94276710,0
2024-10-11,60326.4,63417.56,60087.64,62540.0,23641.35209,2024-10-11 23:59:59.999,1462219576.849865,3222180,12099.56755000,748431117.91657060,0
2024-10-12,62539.99,63480.0,62487.23,63206.22,10911.30116,2024-10-12 23:59:59.999,686978508.9887543,1770837,5196.91695000,327263147.47604010,0
2024-10-13,63206.23,63285.72,62050.0,62870.02,11909.21995,2024-10-13 23:59:59.999,746564374.2082387,2242529,5855.04617000,367046338.91942090,0
2024-10-14,62870.02,66500.0,62457.81,66083.99,37669.95222,2024-10-14 23:59:59.999,2450094472.813545,4977577,19941.11906000,1297062359.24748640,0
2024-10-15,66084.0,67950.0,64800.01,67074.14,43683.95423,2024-10-15 23:59:59.999,2894021862.319518,6245619,21820.68200000,1446378130.56598510,0
2024-10-16,67074.14,68424.0,66750.49,67620.01,29938.25544,2024-10-16 23:59:59.999,2024560410.1062675,5109685,15212.87402000,1029210667.47582840,0
2024-10-17,67620.0,67939.4,66666.0,67421.78,25328.22861,2024-10-17 23:59:59.999,1702164439.5654595,3981960,12153.94712000,816887407.40423790,0
2024-10-18,67421.78,69000.0,67192.36,68428.0,28725.635,2024-10-18 23:59:59.999,1959735899.8769643,4010969,14218.17850000,970440964.26681170,0
2024-10-19,68427.99,68693.26,68010.0,68378.0,8193.66737,2024-10-19 23:59:59.999,559628628.9613105,1152428,4071.19627000,278085065.51769250,0
2024-10-20,68377.99,69400.0,68100.0,69031.99,12442.47378,2024-10-20 23:59:59.999,854082429.8105861,1563795,6772.92574000,465001555.93098300,0
2024-10-21,69032.0,69519.52,66840.67,67377.5,31374.42184,2024-10-21 23:59:59.999,2130833593.5466976,3686777,13593.60828000,923860758.42088440,0
2024-10-22,67377.5,67836.01,66571.42,67426.0,24598.96268,2024-10-22 23:59:59.999,1654285791.6605556,3669291,12400.51857000,834160889.23987370,0
2024-10-23,67426.01,67472.83,65260.0,66668.65,25530.2407,2024-10-23 23:59:59.999,1695101430.9187467,3807365,11888.33995000,789384635.11068600,0
2024-10-24,66668.65,68850.0,66510.0,68198.28,22589.83877,2024-10-24 23:59:59.999,1526736320.912938,3797462,11502.58514000,777936396.52474600,0
2024-10-25,68198.27,68771.49,65596.29,66698.33,34479.71125,2024-10-25 23:59:59.999,2320667435.293254,5332593,16031.03200000,1079347459.15496360,0
2024-10-26,66698.32,67454.55,66439.9,67092.76,11842.9077,2024-10-26 23:59:59.999,792887047.147892,2373501,6069.18986000,406369780.15329440,0
2024-10-27,67092.76,68332.05,66913.73,68021.7,8653.19592,2024-10-27 23:59:59.999,585006148.4704809,1771989,4417.73620000,298699666.99843930,0
2024-10-28,68021.69,70270.0,67618.0,69962.21,29046.75459,2024-10-28 23:59:59.999,2005105729.8174448,4432446,15218.34976000,1051606096.42982590,0
2024-10-29,69962.21,73620.12,69760.0,72736.42,50128.60594,2024-10-29 23:59:59.999,3602465986.8917575,5645430,26898.46516000,1932608784.16303730,0
2024-10-30,72736.41,72961.0,71436.0,72344.74,26885.99056,2024-10-30 23:59:59.999,1941210537.2882867,4040734,13487.21433000,973898183.74672780,0
2024-10-31,72344.75,72700.0,69685.76,70292.01,29352.10297,2024-10-31 23:59:59.999,2091144977.4946847,4525542,14205.13879000,1012048241.84989380,0
2024-11-01,70292.01,71632.95,68820.14,69496.01,38301.86755,2024-11-01 23:59:59.999,2677358022.00497,4569271,18044.16220000,1261663986.75969040,0
2024-11-02,69496.0,69914.37,69000.14,69374.74,10521.67243,2024-11-02 23:59:59.999,731232427.6311548,1603561,5227.50713000,363370734.81580110,0
2024-11-03,69374.74,69391.0,67478.73,68775.99,24995.70243,2024-11-03 23:59:59.999,1709666206.4062023,3668029,12277.58177000,839939073.13895770,0
2024-11-04,68775.99,69500.0,66835.0,67850.01,29800.39187,2024-11-04 23:59:59.999,2033902307.0027761,5377048,14927.24077000,1019257547.52468490,0
2024-11-05,67850.01,70577.91,67476.63,69372.01,33355.06888,2024-11-05 23:59:59.999,2310418908.069922,4955644,17059.88663000,1181816730.92378330,0
2024-11-06,69372.01,76400.0,69298.0,75571.99,104126.994787,2024-11-06 23:59:59.999,7702283270.258009,8434184,53243.88442700,3938516657.23273316,0
2024-11-07,75571.99,76849.99,74416.0,75857.89,44869.422345,2024-11-07 23:59:59.999,3391796661.9719553,5207722,21805.46029500,1648278335.30073320,0
2024-11-08,75857.89,77199.99,75555.0,76509.78,36521.099583,2024-11-08 23:59:59.999,2784449097.5315185,4877489,17555.39363300,1339019332.19671258,0
2024-11-09,76509.78,76900.0,75714.66,76677.46,16942.07915,2024-11-09 23:59:59.999,1294709001.60289,2585264,8032.79327000,614028515.30017060,0
2024-11-10,76677.46,81500.0,76492.0,80370.01,61830.100435,2024-11-10 23:59:59.999,4905441473.900737,7128598,32751.01217700,2597409399.23496312,0
2024-11-11,80370.01,89530.54,80216.01,88647.99,82323.665776,2024-11-11 23:59:59.999,6944268709.942721,9348890,42837.29531400,3613896167.37191224,0
2024-11-12,88648.0,89940.0,85072.0,87952.01,97299.887911,2024-11-12 23:59:59.999,8540084566.279819,11499058,49589.33345100,4353451682.82940400,0
2024-11-13,87952.0,93265.64,86127.99,90375.2,86763.854127,2024-11-13 23:59:59.999,7790928962.043038,11962100,44342.32932700,3983689817.40144438,0
2024-11-14,90375.21,91790.0,86668.21,87325.59,56729.51086,2024-11-14 23:59:59.999,5073860815.928665,9828858,27940.85600000,2499212755.77314710,0
2024-11-15,87325.59,91850.0,87073.38,91032.07,47927.95068,2024-11-15 23:59:59.999,4276238971.1814294,8009111,24800.61087000,2213154236.50961540,0
2024-11-16,91032.08,91779.66,90056.17,90586.92,22717.87689,2024-11-16 23:59:59.999,2067958511.9048474,4239455,11496.31366000,1046686701.00294610,0
2024-11-17,90587.98,91449.99,88722.0,89855.99,23867.55609,2024-11-17 23:59:59.999,2153871724.810395,4930719,11852.78227000,1070094820.67389380,0
2024-11-18,89855.98,92594.0,89376.9,90464.08,46545.03448,2024-11-18 23:59:59.999,4239909950.661894,7161125,23628.87098000,2153158394.31631090,0
2024-11-19,90464.07,93905.51,90357.0,92310.79,43660.04682,2024-11-19 23:59:59.999,4025108502.849614,5647789,22127.85272400,2040301638.11617274,0
2024-11-20,92310.8,94831.97,91500.0,94286.56,42203.198712,2024-11-20 23:59:59.999,3950932314.646069,7365987,20425.30796200,1912348704.24726208,0
2024-11-21,94286.56,98988.0,94040.0,98317.12,69228.360477,2024-11-21 23:59:59.999,6722807908.325656,9048605,35424.06322700,3440467290.31852712,0
2024-11-22,98317.12,99588.01,97122.11,98892.0,46189.309243,2024-11-22 23:59:59.999,4555536773.363205,7271311,22709.66819300,2240635299.64648389,0
2024-11-23,98892.0,98908.85,97136.0,97672.4,24757.84367,2024-11-23 23:59:59.999,2431609866.3295145,3839138,11176.24870000,1097538914.94125850,0
2024-11-24,97672.4,98564.0,95734.77,97900.04,31200.97838,2024-11-24 23:59:59.999,3034172011.9517884,4964720,15124.12176000,1471313633.74677250,0
2024-11-25,97900.05,98871.8,92600.19,93010.01,50847.45096,2024-11-25 23:59:59.999,4883444806.322193,8289691,23486.92705000,2255516841.61021860,0
2024-11-26,93010.01,94973.37,90791.1,91965.16,57858.73138,2024-11-26 23:59:59.999,5370918648.818167,10225809,29120.26765000,2702543576.08910800,0
2024-11-27,91965.16,97208.21,91792.14,95863.11,41153.42734,2024-11-27 23:59:59.999,3894358511.617565,6648690,20316.58245000,1922620637.30761870,0
2024-11-28,95863.11,96564.0,94640.0,95643.98,28814.54357,2024-11-28 23:59:59.999,2749861591.2596097,4988161,14805.69321000,1412851841.07519470,0
2024-11-29,95643.99,98619.99,95364.99,97460.0,27701.78231,2024-11-29 23:59:59.999,2690451030.6342874,5094070,13840.21172000,1344148785.26364260,0
2024-11-30,97460.0,97463.95,96092.01,96407.99,14503.83306,2024-11-30 23:59:59.999,1402672950.6998208,3354759,7075.91503000,684284805.02344440,0
2024-12-01,96407.99,97836.0,95693.88,97185.18,16938.60452,2024-12-01 23:59:59.999,1641327626.6062205,3342200,8114.89569000,786489040.19363780,0
2024-12-02,97185.17,98130.0,94395.0,95840.62,37958.66981,2024-12-02 23:59:59.999,3646639621.737588,7560103,18821.93327000,1808458555.89058410,0
2024-12-03,95840.61,96305.52,93578.17,95849.69,35827.32283,2024-12-03 23:59:59.999,3413995542.0186563,5361712,17339.11167000,1652090703.17559560,0
2024-12-04,95849.69,99000.0,94587.83,98587.32,43850.53728,2024-12-04 23:59:59.999,4241994533.786106,6648724,22033.60112000,2132655972.04500000,0
2024-12-05,98587.32,104088.0,90500.0,96945.63,109921.729662,2024-12-05 23:59:59.999,11048002942.149931,12012364,56235.07835600,5657171374.76345580,0
2024-12-06,96945.63,101898.99,95981.72,99740.84,45049.5331,2024-12-06 23:59:59.999,4456641685.364444,6919102,21999.62416000,2175645718.55336060,0
2024-12-07,99740.84,100439.18,98844.0,99831.99,14931.9459,2024-12-07 23:59:59.999,1487953846.8385458,2634566,6776.55000000,675350661.29733480,0
2024-12-08,99831.99,101351.0,98657.7,101109.59,14612.99688,2024-12-08 23:59:59.999,1459576946.402151,2994709,7152.80173000,714745738.91883560,0
2024-12-09,101109.6,101215.93,94150.05,97276.47,53949.11595,2024-12-09 23:59:59.999,5283626995.705648,8445872,25472.08477000,2495722030.53709450,0
2024-12-10,97276.48,98270.0,94256.54,96593.0,51708.68933,2024-12-10 23:59:59.999,4988660195.092428,11556189,24523.09586000,2367164879.17077290,0
2024-12-11,96593.0,101888.0,95658.24,101125.0,37753.78291,2024-12-11 23:59:59.999,3745703763.01845,8250511,19112.84559000,1897146318.21117040,0
2024-12-12,101125.0,102540.0,99311.64,100004.29,29232.08745,2024-12-12 23:59:59.999,2949462583.8661704,8066322,14175.88661000,1430984456.67036050,0
2024-12-13,100004.29,101895.26,99205.0,101424.25,21904.03923,2024-12-13 23:59:59.999,2203903393.0741005,5481660,10669.09365000,1073720887.63545590,0
2024-12-14,101424.24,102650.0,100609.41,101420.0,14191.70326,2024-12-14 23:59:59.999,1441594367.0463192,3374538,6790.24676000,689981854.13948960,0
2024-12-15,101420.0,105250.0,101237.14,104463.99,22228.921775,2024-12-15 23:59:59.999,2290462903.835791,3638809,12668.89435500,1305611448.30009750,0
2024-12-16,104463.99,107793.07,103333.0,106058.66,41302.40274,2024-12-16 23:59:59.999,4364964400.634553,8048054,20349.09950000,2150550899.24752251,0
2024-12-17,106058.65,108353.0,105321.49,106133.74,29064.936466,2024-12-17 23:59:59.999,3103833327.775107,7212799,14187.32044600,1515158210.55198001,0
2024-12-18,106133.74,106524.98,100000.0,100204.01,50307.99755,2024-12-18 23:59:59.999,5194263316.259236,8762120,23308.37525000,2407213144.26949820,0
2024-12-19,100204.01,102800.11,95700.0,97461.86,55147.398,2024-12-19 23:59:59.999,5487546517.707752,7273941,26898.63715000,2677636003.90650610,0
2024-12-20,97461.86,98233.0,92232.54,97805.44,62884.1357,2024-12-20 23:59:59.999,6022845238.832326,7429007,29463.23021000,2822939306.66307790,0
2024-12-21,97805.44,99540.61,96398.39,97291.99,23483.54143,2024-12-21 23:59:59.999,2296232055.195926,3717638,11726.94119000,1146732451.42181330,0
2024-12-22,97292.0,97448.08,94250.35,95186.27,19353.83036,2024-12-22 23:59:59.999,1857819866.3603997,3633551,9293.39749000,892081877.76277080,0
2024-12-23,95186.28,96538.92,92520.0,94881.47,32810.76703,2024-12-23 23:59:59.999,3100007213.494563,5464919,16339.58355000,1544707289.74436910,0
2024-12-24,94881.47,99487.99,93569.02,98663.58,23674.22488,2024-12-24 23:59:59.999,2287214424.7064757,3421549,11969.25390000,1156798174.58232600,0
2024-12-25,98663.58,99569.15,97632.02,99429.6,14474.1651,2024-12-25 23:59:59.999,1426143976.0493636,3283028,7006.52650000,690465056.58718590,0
2024-12-26,99429.61,99963.7,95199.14,95791.6,21192.36727,2024-12-26 23:59:59.999,2049123567.3867724,5203490,10071.87249000,973940616.12924430,0
2024-12-27,95791.6,97544.58,93500.01,94299.03,26501.26429,2024-12-27 23:59:59.999,2528567849.7794614,5718866,12945.51657000,1235623739.05781850,0
2024-12-28,94299.03,95733.99,94135.66,95300.0,8385.8929,2024-12-28 23:59:59.999,794651624.8349555,2732061,4203.59876000,398416342.12816700,0
2024-12-29,95300.0,95340.0,93009.52,93738.2,13576.00578,2024-12-29 23:59:59.999,1278370863.9768472,2865838,5651.38589000,532195414.10274130,0
2024-12-30,93738.19,95024.5,91530.45,92792.05,27619.4225,2024-12-30 23:59:59.999,2573126059.769478,5560563,13092.19646000,1220209278.25232730,0
2024-12-31,92792.05,96250.0,92033.73,93576.0,19612.03389,2024-12-31 23:59:59.999,1845718801.922704,3347847,9687.96775000,911716321.60540200,0
2025-01-01,93576.0,95151.15,92888.0,94591.79,10373.32613,2025-01-01 23:59:59.999,975444194.1379983,1516556,5347.73648000,502914035.64059070,0
2025-01-02,94591.78,97839.5,94392.0,96984.79,21970.48948,2025-01-02 23:59:59.999,2118411852.6812794,3569079,10915.96986000,1052226710.33367170,0
2025-01-03,96984.79,98976.91,96100.01,98174.18,15253.82936,2025-01-03 23:59:59.999,1486610768.5907917,2851164,7468.60797000,727787246.89655880,0
2025-01-04,98174.17,98778.43,97514.79,98220.5,8990.05651,2025-01-04 23:59:59.999,881223751.6353602,1559982,4350.80221000,426524714.13055390,0
2025-01-05,98220.51,98836.85,97276.79,98363.61,8095.63723,2025-01-05 23:59:59.999,793931715.9546324,1685799,3877.90985000,380355340.46860360,0
2025-01-06,98363.61,102480.0,97920.0,102235.6,25263.43375,2025-01-06 23:59:59.999,2540561688.7771435,3853702,12539.59534000,1260943259.46625620,0
2025-01-07,102235.6,102724.38,96181.81,96954.61,32059.87537,2025-01-07 23:59:59.999,3170421659.717236,4480562,14815.11453000,1464336049.70553450,0
2025-01-08,96954.6,97268.65,92500.9,95060.61,33704.67894,2025-01-08 23:59:59.999,3205849081.112962,5171208,15803.85091000,1503791328.69930850,0
2025-01-09,95060.61,95382.32,91203.67,92552.49,34544.83685,2025-01-09 23:59:59.999,3217669887.245398,6027161,15323.62663000,1427812152.27276120,0
2025-01-10,92552.49,95836.0,92206.02,94726.11,31482.86424,2025-01-10 23:59:59.999,2962085343.283704,5531444,15617.43823000,1469711545.65712720,0
2025-01-11,94726.1,95050.94,93831.73,94599.99,7047.9043,2025-01-11 23:59:59.999,665685994.93301,1496191,3412.37671000,322346977.43545530,0
2025-01-12,94599.99,95450.1,93711.19,94545.06,8606.86622,2025-01-12 23:59:59.999,813278829.6583949,1658863,4028.33031000,380691769.91844270,0
2025-01-13,94545.07,95940.0,89256.69,94536.1,42619.56423,2025-01-13 23:59:59.999,3930666134.3474574,5740963,19473.88042000,1797888178.84960790,0
2025-01-14,94536.11,97371.0,94346.22,96560.86,27846.61753,2025-01-14 23:59:59.999,2676048470.3569503,4532923,14248.69616000,1369464111.69349600,0
2025-01-15,96560.85,100681.94,96500.0,100497.35,30509.99179,2025-01-15 23:59:59.999,3006242382.8867946,3487945,15494.17873000,1527728226.30833280,0
2025-01-16,100497.35,100866.66,97335.13,99987.3,27832.85317,2025-01-16 23:59:59.999,2765162040.639799,3762755,13513.53707000,1342462621.62732850,0
2025-01-17,99987.3,105865.22,99950.77,104077.48,39171.85292,2025-01-17 23:59:59.999,4040993985.4750466,3886907,20673.21300000,2131223293.20484620,0
2025-01-18,104077.47,104988.88,102277.55,104556.23,24307.82998,2025-01-18 23:59:59.999,2521522119.379525,3403162,11607.51274000,1204170928.37481190,0
2025-01-19,104556.23,106422.43,99651.6,101331.57,43397.28298,2025-01-19 23:59:59.999,4513423971.410253,5271920,21079.51082000,2193270771.00194450,0
2025-01-20,101331.57,109588.0,99550.0,102260.01,89529.231732,2025-01-20 23:59:59.999,9398787064.320715,11597937,44770.52949200,4704453254.51538250,0
2025-01-21,102260.0,107240.81,100119.04,106143.82,45941.02002,2025-01-21 23:59:59.999,4768512258.156502,6842980,23227.02741000,2411854258.51271880,0
2025-01-22,106143.82,106394.46,103339.12,103706.66,22248.69254,2025-01-22 23:59:59.999,2331144640.658579,4364035,10501.59306000,1100173331.98765840,0
2025-01-23,103706.66,106850.0,101262.28,103910.34,53953.12031,2025-01-23 23:59:59.999,5610760848.131639,6961383,27045.92646000,2813824950.57188350,0
2025-01-24,103910.35,107120.0,102750.0,104870.5,23609.24017,2025-01-24 23:59:59.999,2483818574.373748,4798886,11893.46050000,1251601023.34846860,0
2025-01-25,104870.51,105286.52,104106.09,104746.85,9068.32377,2025-01-25 23:59:59.999,949511531.3578017,1770765,4462.60438000,467284996.37609660,0
2025-01-26,104746.86,105500.0,102520.44,102620.0,9812.51238,2025-01-26 23:59:59.999,1024352365.4715523,1813011,4642.17247000,484871090.33614970,0
2025-01-27,102620.01,103260.0,97777.77,102082.83,50758.1341,2025-01-27 23:59:59.999,5092886322.829244,9368910,23529.22433000,2361569760.84189380,0
2025-01-28,102082.83,103800.0,100272.68,101335.52,22022.05765,2025-01-28 23:59:59.999,2253977324.036209,5428644,10756.64741000,1101357650.29198760,0
2025-01-29,101335.52,104782.68,101328.01,103733.24,23155.35802,2025-01-29 23:59:59.999,2380383694.772136,5189699,11675.17182000,1200636637.81436690,0
2025-01-30,103733.25,106457.44,103278.54,104722.94,19374.07472,2025-01-30 23:59:59.999,2038112603.5126412,3990075,10140.92834000,1066933244.99202070,0
2025-01-31,104722.94,106012.0,101560.0,102429.56,21983.18193,2025-01-31 23:59:59.999,2282174002.1952176,4331904,10697.39968000,1111485874.12928450,0
2025-02-01,102429.56,102783.71,100279.51,100635.65,12290.95747,2025-02-01 23:59:59.999,1250354228.2372296,2588786,5625.89331000,572540016.14901110,0
2025-02-02,100635.66,101456.6,96150.0,97700.59,34619.49939,2025-02-02 23:59:59.999,3412084312.5836277,7202339,15587.16669000,1536076091.30301330,0
2025-02-03,97700.59,102500.01,91231.0,101328.52,75164.7385,2025-02-03 23:59:59.999,7228589180.711621,10625262,36736.56946000,3537845694.48126590,0
2025-02-04,101328.51,101732.31,96150.0,97763.13,40267.98697,2025-02-04 23:59:59.999,3989698644.2649307,6618911,19091.58154000,1891457194.35983290,0
2025-02-05,97763.14,99149.0,96155.0,96612.43,26233.30444,2025-02-05 23:59:59.999,2562342153.829685,4471763,11032.55174000,1078316288.14255890,0
2025-02-06,96612.44,99120.0,95676.64,96554.35,23515.20405,2025-02-06 23:59:59.999,2289071921.2175603,4242807,11261.53049000,1096611639.37600890,0
2025-02-07,96554.35,100137.99,95620.34,96506.8,31794.22065,2025-02-07 23:59:59.999,3107592434.6738343,5012456,15249.35370000,1491114588.55985190,0
2025-02-08,96506.8,96880.0,95688.0,96444.74,10147.24294,2025-02-08 23:59:59.999,977040267.5158631,1757892,4450.52682000,428452764.90474110,0
2025-02-09,96444.75,97323.09,94713.0,96462.75,14120.91613,2025-02-09 23:59:59.999,1359495152.3107975,2293192,6663.72875000,641795598.17527620,0
2025-02-10,96462.75,98345.0,95256.0,97430.82,20572.87537,2025-02-10 23:59:59.999,1999112052.6687863,3475919,9607.62329000,933665618.50501910,0
2025-02-11,97430.82,98478.42,94876.88,95778.2,18647.76379,2025-02-11 23:59:59.999,1806534846.3863194,3716586,8594.50066000,832320054.87637160,0
2025-02-12,95778.21,98119.99,94088.23,97869.99,29151.16625,2025-02-12 23:59:59.999,2800142168.3943653,4992737,13820.70553000,1328044257.04013340,0
2025-02-13,97870.0,98083.91,95217.36,96608.14,19921.77616,2025-02-13 23:59:59.999,1916988246.3921187,3909456,8852.16215000,851823567.09393470,0
2025-02-14,96608.13,98826.0,96252.82,97500.48,18173.02646,2025-02-14 23:59:59.999,1768073218.8690155,3499564,9061.31682000,881925349.64442130,0
2025-02-15,97500.47,97972.26,97223.58,97569.66,7349.37683,2025-02-15 23:59:59.999,717245393.778092,1694327,3579.14202000,349322778.23397690,0
2025-02-16,97569.67,97704.47,96046.18,96118.12,8191.4249,2025-02-16 23:59:59.999,794694242.2949733,1596701,3719.73063000,360842416.66441670,0
2025-02-17,96118.12,97046.59,95205.0,95780.0,16492.0451,2025-02-17 23:59:59.999,1584593526.1754677,2831237,8010.41565000,769979077.13619730,0
2025-02-18,95780.01,96753.91,93388.09,95671.74,23368.19471,2025-02-18 23:59:59.999,2223994802.892005,4234248,11432.47367000,1088319233.52198970,0
2025-02-19,95671.74,96899.99,95029.99,96644.37,16438.50954,2025-02-19 23:59:59.999,1576817572.1032505,2784225,7173.61807000,688586919.97592590,0
2025-02-20,96644.37,98711.36,96415.09,98305.0,17057.39177,2025-02-20 23:59:59.999,1663386824.7315507,2386973,8356.42859000,815056614.17382700,0
2025-02-21,98305.01,99475.0,94871.95,96181.98,32249.2814,2025-02-21 23:59:59.999,3143975917.5734644,4528525,15313.58184000,1493403646.84830270,0
2025-02-22,96181.99,96980.0,95770.49,96551.01,11268.17708,2025-02-22 23:59:59.999,1087077133.8226364,1506418,5293.28051000,510722895.16754260,0
2025-02-23,96551.01,96650.0,95227.94,96258.0,10884.84913,2025-02-23 23:59:59.999,1044392011.7910241,1457368,4619.93267000,443381984.41102550,0
2025-02-24,96258.0,96500.0,91349.26,91552.88,31550.10299,2025-02-24 23:59:59.999,2981809595.445377,4972684,14438.63366000,1366473567.87477310,0
2025-02-25,91552.88,92540.69,86050.99,88680.4,78333.11111,2025-02-25 23:59:59.999,6962982500.904474,10289145,35822.15275000,3183981371.47505020,0
2025-02-26,88680.39,89414.15,82256.01,84250.09,56893.54409,2025-02-26 23:59:59.999,4898429925.6364765,8490006,28077.18450000,2417690848.81898720,0
2025-02-27,84250.09,87078.46,82716.49,84708.58,42505.45439,2025-02-27 23:59:59.999,3618738891.2221622,6357581,20355.71969000,1732725913.28176280,0
2025-02-28,84708.57,85120.0,78258.52,84349.94,83648.03969,2025-02-28 23:59:59.999,6806705236.690679,11344216,40224.85287000,3274291175.81039970,0
2025-03-01,84349.95,86558.0,83824.78,86064.53,25785.05464,2025-03-01 23:59:59.999,2194003507.852643,3700728,11748.10769000,1000093822.53835250,0
2025-03-02,86064.54,95000.0,85050.6,94270.0,54889.09045,2025-03-02 23:59:59.999,4972549515.788669,7403218,29273.81031000,2652973441.15453900,0
2025-03-03,94269.99,94416.46,85117.11,86220.61,59171.10218,2025-03-03 23:59:59.999,5321123743.471923,9797860,27915.43650000,2513464571.35691100,0
2025-03-04,86221.16,88967.52,81500.0,87281.98,55609.10706,2025-03-04 23:59:59.999,4704901219.590436,10326631,27584.71590000,2335087296.23928690,0
2025-03-05,87281.98,91000.0,86334.53,90606.01,38264.01163,2025-03-05 23:59:59.999,3400243670.3049755,8070266,19230.28436000,1709708737.46989350,0
2025-03-06,90606.0,92810.64,87836.0,89931.89,34342.44902,2025-03-06 23:59:59.999,3105145628.3993993,7643526,17283.99411000,1563426526.42899340,0
2025-03-07,89931.88,91283.02,84667.03,86801.75,57980.35713,2025-03-07 23:59:59.999,5097554826.613157,9510442,28394.41537000,2497922400.45044460,0
2025-03-08,86801.74,86897.25,85218.47,86222.45,12989.23054,2025-03-08 23:59:59.999,1119358968.6520054,2553974,6491.56581000,559581591.34707420,0
2025-03-09,86222.46,86500.0,80000.0,80734.37,26115.39345,2025-03-09 23:59:59.999,2173552660.454479,5189138,12093.87232000,1006299692.71041280,0
2025-03-10,80734.48,84123.46,77459.91,78595.86,47633.38405,2025-03-10 23:59:59.999,3834924947.758186,8701538,22898.57072000,1846606255.35214860,0
2025-03-11,78595.86,83617.4,76606.0,82932.99,48770.06853,2025-03-11 23:59:59.999,3927000827.1107917,6983310,24029.16770000,1935950413.20181940,0
2025-03-12,82932.99,84539.85,80607.65,83680.12,31933.986,2025-03-12 23:59:59.999,2638600996.825396,5253577,15749.41702000,1301890518.49940810,0
2025-03-13,83680.12,84336.33,79939.9,81115.78,27546.27412,2025-03-13 23:59:59.999,2260870111.2393894,4367093,13013.18135000,1067945431.12194690,0
2025-03-14,81115.78,85309.71,80818.84,83983.2,26858.52755,2025-03-14 23:59:59.999,2244729595.5411716,3290987,14082.88688000,1177807467.01818000,0
2025-03-15,83983.19,84676.28,83618.0,84338.44,11324.7332,2025-03-15 23:59:59.999,953445671.8337505,1329670,5195.29128000,437551330.25316600,0
2025-03-16,84338.44,85117.04,81981.12,82574.53,17596.12531,2025-03-16 23:59:59.999,1468056556.2967227,2767947,8505.95317000,710037465.07574800,0
2025-03-17,82574.52,84756.83,82456.0,84010.03,17214.74358,2025-03-17 23:59:59.999,1437716814.0468738,3014756,8387.89111000,700505421.78772940,0
2025-03-18,84010.02,84021.74,81134.66,82715.03,17610.89883,2025-03-18 23:59:59.999,1450813055.479726,3126371,8047.23418000,662808749.34278870,0
2025-03-19,82715.03,87000.0,82547.16,86845.94,28151.05374,2025-03-19 23:59:59.999,2375813941.9437623,3774761,13804.24847000,1166238970.28114650,0
2025-03-20,86845.93,87453.67,83655.23,84223.39,22090.30463,2025-03-20 23:59:59.999,1885241921.1556518,3252595,10163.59262000,867440339.29626070,0
2025-03-21,84223.38,84850.33,83175.25,84088.79,11956.97443,2025-03-21 23:59:59.999,1005135519.2560017,2360005,5466.41961000,459501348.08175830,0
2025-03-22,84088.79,84539.17,83625.1,83840.59,5420.22114,2025-03-22 23:59:59.999,456235443.8016522,864481,2284.19178000,192291026.78742480,0
2025-03-23,83840.59,86129.64,83809.75,86082.5,8461.97813,2025-03-23 23:59:59.999,718692319.1499038,1206533,4424.81013000,376007261.52135970,0
2025-03-24,86082.5,88765.43,85519.09,87498.16,30115.62111,2025-03-24 23:59:59.999,2636765917.9518433,2916713,14379.95578000,1258638667.11290410,0
2025-03-25,87498.16,88539.63,86310.0,87392.87,22643.25248,2025-03-25 23:59:59.999,1979571590.8982937,2802815,9440.56294000,825308072.63378140,0
2025-03-26,87392.88,88275.0,85860.0,86909.17,18408.78485,2025-03-26 23:59:59.999,1606406955.5864632,2380154,8590.97753000,749604853.29681350,0
2025-03-27,86909.17,87756.39,85800.0,87232.01,17098.03897,2025-03-27 23:59:59.999,1487968807.7079022,2376381,8185.05517000,712324893.28891680,0
2025-03-28,87232.01,87515.67,83585.0,84424.38,27182.73169,2025-03-28 23:59:59.999,2309946560.664114,3236085,11274.83736000,958523321.81127310,0
2025-03-29,84424.38,84624.73,81644.81,82648.54,11696.39864,2025-03-29 23:59:59.999,970199917.9868716,2172387,5621.60485000,466215575.48490690,0
2025-03-30,82648.53,83534.64,81565.0,82389.99,9864.49508,2025-03-30 23:59:59.999,816584795.5288126,1907663,4725.07105000,391214080.11011610,0
2025-03-31,82390.0,83943.08,81278.52,82550.01,20569.13885,2025-03-31 23:59:59.999,1696009191.0809648,3964358,9912.88184000,817875871.11074120,0
2025-04-01,82550.0,85579.46,82432.74,85158.34,20190.39697,2025-04-01 23:59:59.999,1698895702.5754683,3328693,10246.42648000,862302772.43308630,0
2025-04-02,85158.35,88500.0,82320.0,82516.29,39931.457,2025-04-02 23:59:59.999,3417279759.830764,5338238,20739.67809000,1777735583.84074790,0
2025-04-03,82516.28,83998.02,81211.24,83213.09,27337.84135,2025-04-03 23:59:59.999,2259299724.8643928,4117486,13951.52792000,1153439398.61980140,0
2025-04-04,83213.09,84720.0,81659.0,83889.87,32915.53976,2025-04-04 23:59:59.999,2739842666.426737,4992586,15896.18779000,1323832046.26468800,0
2025-04-05,83889.87,84266.0,82379.95,83537.99,9360.40468,2025-04-05 23:59:59.999,779626577.9013436,1575750,4029.64658000,335654613.72771840,0
2025-04-06,83537.99,83817.63,77153.83,78430.0,27942.71436,2025-04-06 23:59:59.999,2239085051.1529646,3948493,12493.84490000,1001459573.49446610,0
2025-04-07,78430.0,81243.58,74508.0,79163.24,78387.53089,2025-04-07 23:59:59.999,6084614024.150647,9736596,39075.84274000,3034375055.68439650,0
2025-04-08,79163.24,80867.99,76239.9,76322.42,35317.32063,2025-04-08 23:59:59.999,2775277777.102461,5512751,15704.73031000,1235370767.11535030,0
2025-04-09,76322.42,83588.0,74620.0,82615.22,75488.28772,2025-04-09 23:59:59.999,5980231256.222496,7741252,39491.62958000,3137004042.95926080,0
2025-04-10,82615.22,82753.21,78464.36,79607.3,33284.80718,2025-04-10 23:59:59.999,2690294353.8478427,4529545,16339.91910000,1321475356.02008490,0
2025-04-11,79607.3,84300.0,78969.58,83423.84,34435.43797,2025-04-11 23:59:59.999,2830363945.1787524,4423157,18019.58367000,1482515278.91770430,0
2025-04-12,83423.83,85905.0,82792.95,85276.9,18470.74437,2025-04-12 23:59:59.999,1557403252.9267516,2501196,9526.72644000,803747272.78346800,0
2025-04-13,85276.91,86100.0,83034.23,83760.0,24680.04181,2025-04-13 23:59:59.999,2086106375.4392555,3275879,11658.67909000,986303246.09318360,0
2025-04-14,83760.0,85799.99,83678.0,84591.58,28659.09348,2025-04-14 23:59:59.999,2429132805.0815287,3921522,15196.58929000,1288815999.14061730,0
2025-04-15,84591.58,86496.42,83600.0,83643.99,20910.99528,2025-04-15 23:59:59.999,1780972414.3956008,2910533,10439.36072000,889895753.16736510,0
2025-04-16,83643.99,85500.0,83111.64,84030.38,20867.24519,2025-04-16 23:59:59.999,1753910031.2009242,3264730,10456.76900000,878939829.48483680,0
2025-04-17,84030.38,85470.01,83736.26,84947.91,13728.84772,2025-04-17 23:59:59.999,1161659427.386263,2003405,6424.41565000,543726754.41870160,0
2025-04-18,84947.92,85132.08,84303.96,84474.69,6529.96315,2025-04-18 23:59:59.999,552648483.647487,840009,2911.78856000,246467088.26214660,0
2025-04-19,84474.7,85677.99,84364.45,85077.01,9666.58153,2025-04-19 23:59:59.999,823222752.2842493,875226,5416.30087000,461342923.99908200,0
2025-04-20,85077.0,85320.76,83949.52,85179.24,8091.67725,2025-04-20 23:59:59.999,685253644.8918362,944130,3843.48314000,325482835.73783290,0
2025-04-21,85179.24,88465.99,85144.76,87516.23,31773.37262,2025-04-21 23:59:59.999,2773299591.467066,3041395,17216.39877000,1502705225.13413500,0
2025-04-22,87516.22,93888.0,87076.03,93442.99,43872.74705,2025-04-22 23:59:59.999,3967785064.12817,3268475,22777.77047000,2062639579.20308550,0
2025-04-23,93442.99,94696.05,91935.41,93691.08,27404.16808,2025-04-23 23:59:59.999,2560279933.947952,3016536,13128.05774000,1226992558.57654620,0
2025-04-24,93691.07,94005.0,91660.01,93980.47,19497.06071,2025-04-24 23:59:59.999,1811120137.3146787,2797383,8565.18128000,795787487.36089810,0
2025-04-25,93980.47,95758.04,92855.96,94638.68,27500.66648,2025-04-25 23:59:59.999,2596877713.640173,3331828,13072.22136000,1234153095.72926820,0
2025-04-26,94638.68,95199.0,93870.69,94628.0,9415.06875,2025-04-26 23:59:59.999,889627361.8414447,1475983,4156.22463000,392757114.43835790,0
2025-04-27,94628.0,95369.0,93602.58,93749.3,11162.841,2025-04-27 23:59:59.999,1052334792.1866189,1918160,5250.08719000,495112239.10816970,0
2025-04-28,93749.29,95630.0,92800.01,95011.18,22157.53351,2025-04-28 23:59:59.999,2092532996.5551717,3424740,11626.77592000,1098667305.23999790,0
2025-04-29,95011.18,95461.53,93742.54,94256.82,16955.3402,2025-04-29 23:59:59.999,1607154803.4675477,3020875,7112.68469000,674688527.81306600,0
2025-04-30,94256.82,95228.45,92910.0,94172.0,17661.2751,2025-04-30 23:59:59.999,1664825670.9831252,3214149,8393.21620000,791272380.03124470,0
2025-05-01,94172.0,97424.02,94130.43,96489.91,21380.45343,2025-05-01 23:59:59.999,2053857614.2732673,2925716,10925.87308000,1049157198.85876350,0
2025-05-02,96489.9,97895.68,96350.0,96887.14,14905.74811,2025-05-02 23:59:59.999,1446387651.5840576,2698263,7440.33531000,722022817.22461990,0
2025-05-03,96887.13,96935.67,95753.01,95856.42,9723.34838,2025-05-03 23:59:59.999,935906144.9651498,1181239,3929.40490000,378271292.44431450,0
2025-05-04,95856.42,96304.48,94151.38,94277.62,11036.38342,2025-05-04 23:59:59.999,1053542403.8531588,1674726,4385.33486000,418573470.85696230,0
2025-05-05,94277.61,95199.0,93514.1,94733.68,17251.18189,2025-05-05 23:59:59.999,1626999380.1759968,2623300,8399.64855000,792299650.33952020,0
2025-05-06,94733.68,96920.65,93377.0,96834.02,16122.64513,2025-05-06 23:59:59.999,1526847764.5636683,2512960,7505.95734000,711372483.61171350,0
2025-05-07,96834.02,97732.0,95784.61,97030.5,16644.83854,2025-05-07 23:59:59.999,1611730124.5924542,2849139,8316.74471000,805430612.40553540,0
2025-05-08,97030.5,104145.76,96876.29,103261.6,34962.02847,2025-05-08 23:59:59.999,3508645830.5650144,4991147,18547.23009000,1861334478.36442700,0
2025-05-09,103261.61,104361.3,102315.14,102971.99,27617.39907,2025-05-09 23:59:59.999,2847518447.981513,4406929,14525.20381000,1497826622.32618800,0
2025-05-10,102971.99,104984.57,102818.76,104809.53,15324.78611,2025-05-10 23:59:59.999,1588386278.502415,2227845,8258.23478000,856095289.52166460,0
2025-05-11,104809.53,104972.0,103345.06,104118.0,17987.12197,2025-05-11 23:59:59.999,1873381777.2124255,3100176,9071.95578000,944903285.10730800,0
2025-05-12,104118.0,105819.45,100718.37,102791.32,31272.77792,2025-05-12 23:59:59.999,3242348937.383069,5298407,16455.99797000,1707457796.58813950,0
2025-05-13,102791.32,104976.25,101429.7,104103.72,21253.42409,2025-05-13 23:59:59.999,2197244118.152367,3703531,10705.97845000,1106609664.70779500,0
2025-05-14,104103.72,104356.95,102602.05,103507.82,16452.9081,2025-05-14 23:59:59.999,1704708279.3884108,3025221,8026.03333000,831783471.65436100,0
2025-05-15,103507.83,104192.7,101383.07,103763.71,17998.98604,2025-05-15 23:59:59.999,1850183474.5292037,4139477,8475.18036000,871244345.56413600,0
2025-05-16,103763.71,104550.33,103100.49,103463.9,15683.88024,2025-05-16 23:59:59.999,1628832372.3241482,3237442,7555.15801000,784850382.19427470,0
2025-05-17,103463.9,103709.86,102612.5,103126.65,11250.89622,2025-05-17 23:59:59.999,1160418362.950618,2568597,5335.11525000,550379728.73385010,0
2025-05-18,103126.65,106660.0,103105.09,106454.26,21599.98726,2025-05-18 23:59:59.999,2262214972.0749383,3193300,11664.89904000,1221914552.05520120,0
2025-05-19,106454.27,107108.62,102000.0,105573.74,30260.03524,2025-05-19 23:59:59.999,3150324504.5954514,4881371,14208.30900000,1480452895.08415620,0
2025-05-20,105573.73,107320.0,104184.72,106849.99,23705.48275,2025-05-20 23:59:59.999,2509102444.669598,3878351,12350.46275000,1307273652.38952320,0
2025-05-21,106850.0,110797.38,106100.01,109643.99,45531.040345,2025-05-21 23:59:59.999,4914709514.320026,6835279,23661.64939500,2555528481.09872580,0
2025-05-22,109643.99,111980.0,109177.37,111696.21,31630.77313,2025-05-22 23:59:59.999,3509432834.573417,5794216,16584.56293000,1840083098.58278590,0
2025-05-23,111696.22,111800.0,106800.0,107318.3,31737.72309,2025-05-23 23:59:59.999,3469704446.3904047,5251192,14309.31652000,1565622441.18751700,0
2025-05-24,107318.3,109506.03,106875.41,107761.91,16782.53129,2025-05-24 23:59:59.999,1819958819.7748587,2805418,8786.90747000,953683093.32165700,0
2025-05-25,107761.9,109299.99,106600.64,109004.19,17710.04695,2025-05-25 23:59:59.999,1904366455.425858,3151168,7867.16712000,846688135.00971360,0
2025-05-26,109004.2,110422.22,108670.58,109434.79,14649.11593,2025-05-26 23:59:59.999,1605578282.107903,2887863,7301.11288000,800269021.19227970,0
2025-05-27,109434.78,110718.0,107516.57,108938.17,21276.65635,2025-05-27 23:59:59.999,2327603851.119265,3735509,9969.89271000,1090553624.46159920,0
2025-05-28,108938.17,109284.7,106769.43,107781.78,15633.78829,2025-05-28 23:59:59.999,1689136748.5130312,2933262,6877.27341000,743282966.72071960,0
2025-05-29,107781.78,108891.91,105322.86,105589.75,19834.70116,2025-05-29 23:59:59.999,2128639017.5081618,3774926,9457.49356000,1015173771.54898980,0
2025-05-30,105589.75,106313.12,103621.0,103985.48,23706.49799,2025-05-30 23:59:59.999,2493078549.591861,4307572,11070.98746000,1164158558.64358540,0
2025-05-31,103985.47,104900.0,103068.55,104591.88,11289.35922,2025-05-31 23:59:59.999,1174000801.5070379,2343787,5278.95175000,548980630.84935780,0
2025-06-01,104591.88,105866.91,103752.49,105642.93,9709.70006,2025-06-01 23:59:59.999,1016188486.9505996,1939359,4640.35070000,485683466.93478430,0
2025-06-02,105642.93,105935.63,103659.88,105857.99,13453.98813,2025-06-02 23:59:59.999,1409004206.9863732,2997656,6494.65497000,680177826.61441720,0
2025-06-03,105858.0,106794.67,104872.5,105376.89,13259.52634,2025-06-03 23:59:59.999,1402493746.5993218,2470698,6260.22436000,662160926.82412260,0
2025-06-04,105376.9,106000.0,104179.0,104696.86,14034.89482,2025-06-04 23:59:59.999,1476928482.3688781,2274464,6979.94910000,734803757.41858380,0
2025-06-05,104696.86,105909.71,100372.26,101508.68,22321.50154,2025-06-05 23:59:59.999,2301567892.5305448,3963295,10005.36019000,1031668517.04271110,0
2025-06-06,101508.69,105333.0,101095.8,104288.44,15839.07385,2025-06-06 23:59:59.999,1642382404.9355752,2709327,7655.60679000,793575821.43579320,0
2025-06-07,104288.43,105900.0,103871.09,105552.15,8344.93206,2025-06-07 23:59:59.999,877915380.9548231,1402494,3970.01912000,417664199.19127120,0
2025-06-08,105552.15,106488.14,104964.14,105734.0,8048.06305,2025-06-08 23:59:59.999,850887129.4282976,1295154,4361.42266000,461098506.08832400,0
2025-06-09,105734.01,110530.17,105318.37,110263.02,19975.37451,2025-06-09 23:59:59.999,2154922022.221173,2839846,10623.88217000,1146790065.51356160,0
2025-06-10,110263.02,110400.0,108331.03,110274.39,17071.82839,2025-06-10 23:59:59.999,1867620550.192173,3003420,8009.29581000,876411274.39694880,0
2025-06-11,110274.39,110392.01,108064.0,108645.12,13115.91638,2025-06-11 23:59:59.999,1434884639.7506304,2667014,6030.96867000,659947218.00338690,0
2025-06-12,108645.13,108813.55,105671.72,105671.73,17778.67218,2025-06-12 23:59:59.999,1908309274.0868344,3517420,8291.22648000,890420511.47044150,0
2025-06-13,105671.74,106179.53,102664.31,106066.59,26180.81734,2025-06-13 23:59:59.999,2735461890.6929703,5452577,12793.70705000,1337300355.99521930,0
2025-06-14,106066.59,106252.0,104300.0,105414.64,8798.93969,2025-06-14 23:59:59.999,925568614.1784065,1521776,3848.55498000,405001275.92627160,0
2025-06-15,105414.63,106128.57,104494.53,105594.01,7164.20047,2025-06-15 23:59:59.999,754596887.8748004,1564768,3356.46912000,353608577.68537740,0
2025-06-16,105594.02,108952.38,104980.37,106794.53,14922.6654,2025-06-16 23:59:59.999,1599849840.7325244,2928998,7442.34921000,797865030.13661780,0
2025-06-17,106794.53,107771.34,103371.02,104551.17,17866.33025,2025-06-17 23:59:59.999,1883173484.8990998,3723010,8082.65290000,852365443.21135600,0
2025-06-18,104551.17,105550.27,103500.0,104886.78,13968.64167,2025-06-18 23:59:59.999,1461383024.3622093,3468170,6656.31474000,696386846.69042960,0
2025-06-19,104886.79,105226.17,103929.27,104658.59,7678.60737,2025-06-19 23:59:59.999,803402575.962045,1718045,3583.19736000,374871407.41073340,0
2025-06-20,104658.59,106524.65,102345.0,103297.99,16419.06283,2025-06-20 23:59:59.999,1714411911.0114017,3029404,7113.97039000,743649283.08002110,0
2025-06-21,103297.98,103982.64,100837.9,102120.01,11154.21332,2025-06-21 23:59:59.999,1144829784.7306418,2172578,4632.93703000,475270667.42267620,0
2025-06-22,102120.02,103399.62,98200.0,100963.87,28746.41072,2025-06-22 23:59:59.999,2892695407.8086877,5121309,13142.02965000,1322387353.31664010,0
2025-06-23,100963.87,106074.2,99613.33,105333.93,27666.50609,2025-06-23 23:59:59.999,2836166831.044449,4944207,13408.20163000,1375654853.25846600,0
2025-06-24,105333.94,106290.0,104622.02,106083.0,14651.69335,2025-06-24 23:59:59.999,1543451113.4563613,2973481,6848.32158000,721631005.28932640,0
2025-06-25,106083.0,108135.3,105808.03,107340.58,16701.15551,2025-06-25 23:59:59.999,1789545470.94629,2988892,8576.13709000,919352853.80641200,0
2025-06-26,107340.59,108272.45,106562.5,106947.06,10573.27279,2025-06-26 23:59:59.999,1136093974.6816013,2597742,4983.08998000,535471528.19449270,0
2025-06-27,106947.06,107735.34,106356.76,107047.59,12232.44042,2025-06-27 23:59:59.999,1308420348.9100094,2304499,4862.28010000,520251258.37876640,0
2025-06-28,107047.58,107577.75,106811.51,107296.79,3282.17352,2025-06-28 23:59:59.999,352025390.6031135,653305,1514.41959000,162441164.01323960,0
2025-06-29,107296.79,108528.5,107172.52,108356.93,6831.7364,2025-06-29 23:59:59.999,736708189.9495684,1223202,3771.10895000,406653127.09208040,0
2025-06-30,108356.93,108789.99,106733.33,107146.5,9754.12491,2025-06-30 23:59:59.999,1050407152.345058,1773485,4331.38130000,466474537.78821220,0
2025-07-01,107146.51,107540.0,105250.85,105681.14,10505.62437,2025-07-01 23:59:59.999,1117432945.8926365,2013289,4648.91727000,494549276.18377850,0
2025-07-02,105681.13,109730.0,105100.19,108849.6,17691.89592,2025-07-02 23:59:59.999,1915699005.8772898,2444708,9248.43029000,1002261738.20887520,0
2025-07-03,108849.59,110529.18,108530.4,109584.78,13047.08225,2025-07-03 23:59:59.999,1429459048.6383262,2568944,6961.89686000,763022147.91167700,0
2025-07-04,109584.77,109767.59,107245.0,107984.24,11793.86615,2025-07-04 23:59:59.999,1276215111.6683652,1975212,4787.79822000,518313226.96675600,0
2025-07-05,107984.25,108420.56,107756.31,108198.12,3736.9757,2025-07-05 23:59:59.999,403928702.1967476,710020,1803.68528000,194976807.36330110,0
2025-07-06,108198.12,109700.0,107800.01,109203.84,6447.607,2025-07-06 23:59:59.999,700733299.5112199,1256591,3209.35902000,348780644.23317400,0
2025-07-07,109203.85,109700.0,107513.2,108262.94,9405.37601,2025-07-07 23:59:59.999,1020848316.0537041,1961940,3920.92229000,425664101.80223870,0
2025-07-08,108262.94,109216.56,107429.57,108922.98,9216.0208,2025-07-08 23:59:59.999,1000112813.4398943,1723244,4371.98866000,474674358.99748990,0
2025-07-09,108922.99,111999.79,108324.53,111233.99,17282.2865,2025-07-09 23:59:59.999,1902054744.194924,2328484,8935.70327000,983405508.74821380,0
2025-07-10,111234.0,116868.0,110500.0,116010.0,24883.450665,2025-07-10 23:59:59.999,2826460280.4452233,3227017,12900.13546700,1465777460.94107554,0
2025-07-11,116010.01,118869.98,115222.22,117527.66,25873.521148,2025-07-11 23:59:59.999,3039521803.027247,3708194,12502.93116800,1468374333.95021235,0
2025-07-12,117527.66,118200.0,116900.05,117420.0,8446.60437,2025-07-12 23:59:59.999,993093353.4068904,1441851,3784.55219000,444996040.90597870,0
2025-07-13,117420.0,119488.0,117224.79,119086.64,9550.792947,2025-07-13 23:59:59.999,1132096857.0116916,1650283,4766.47430700,565024389.37239190,0
2025-07-14,119086.65,123218.0,118905.18,119841.18,27269.348877,2025-07-14 23:59:59.999,3299746181.0770736,4076133,14099.58074700,1705505292.66472420,0
2025-07-15,119841.17,119940.83,115736.92,117758.09,32018.46083,2025-07-15 23:59:59.999,3755258445.553272,3805374,15667.30508000,1837578524.92386480,0
2025-07-16,117758.08,120063.84,117017.29,118630.43,17039.90851,2025-07-16 23:59:59.999,2023850383.7234874,2429625,8355.96881000,992430971.36759030,0
2025-07-17,118630.44,120998.71,117453.57,119177.56,15728.57651,2025-07-17 23:59:59.999,1869114355.1231644,2347985,7696.17927000,914659207.57442780,0
2025-07-18,119177.56,120820.71,116812.76,117924.84,19924.66266,2025-07-18 23:59:59.999,2367355518.470308,2805236,8951.37863000,1063782057.47856260,0
2025-07-19,117924.84,118499.9,117277.34,117840.0,6635.80306,2025-07-19 23:59:59.999,783327898.4969696,1133382,2978.38320000,351626384.05029030,0
2025-07-20,117840.01,118856.8,116467.02,117265.12,12962.92889,2025-07-20 23:59:59.999,1528864683.816082,1615935,6581.33371000,776457462.98182540,0
2025-07-21,117265.11,119676.73,116515.0,117380.36,17107.33128,2025-07-21 23:59:59.999,2020783266.9633648,2509543,8426.31812000,995117241.66790940,0
2025-07-22,117380.36,120247.8,116128.0,119954.42,20959.12973,2025-07-22 23:59:59.999,2481252763.651911,2778733,10811.45507000,1280627214.62852240,0
2025-07-23,119954.43,120090.0,117301.0,118755.99,14558.75083,2025-07-23 23:59:59.999,1722126986.886661,2101404,7070.08701000,836266328.74468310,0
2025-07-24,118756.0,119450.0,117103.1,118340.99,15806.89043,2025-07-24 23:59:59.999,1873181653.2018075,2081435,7651.73992000,906619084.60359310,0
2025-07-25,118340.98,118451.57,114723.16,117614.31,38406.34873,2025-07-25 23:59:59.999,4456778786.620494,3282355,17042.77355000,1977873720.89647240,0
2025-07-26,117614.31,118297.35,117138.38,117919.99,6991.67206,2025-07-26 23:59:59.999,823629079.7493103,790372,3167.88355000,373290310.21643520,0
2025-07-27,117919.99,119766.65,117825.5,119415.55,9328.30919,2025-07-27 23:59:59.999,1107883542.1607983,1095080,5238.30358000,622261561.25072770,0
2025-07-28,119415.56,119800.0,117427.5,118062.32,13961.74754,2025-07-28 23:59:59.999,1655882235.896518,1824777,7224.91774000,857128354.22340880,0
2025-07-29,118062.32,119273.36,116950.75,117950.76,15137.93445,2025-07-29 23:59:59.999,1788682083.6856463,1956694,7988.93736000,944162800.07458740,0
2025-07-30,117950.75,118792.0,115796.23,117840.3,15586.73631,2025-07-30 23:59:59.999,1832696878.222986,1997369,7803.61434000,917632890.23365260,0
2025-07-31,117840.29,118922.45,115500.0,115764.08,17010.0073,2025-07-31 23:59:59.999,2002870016.7022426,1859532,8313.51616000,979519362.06854240,0
2025-08-01,115764.07,116052.0,112722.58,113297.93,24487.10206,2025-08-01 23:59:59.999,2810268577.15137,4160829,11487.22120000,1318593418.06125480,0
2025-08-02,113297.92,114063.49,112003.0,112546.35,11507.33428,2025-08-02 23:59:59.999,1301882737.326722,2165714,5060.00835000,572586383.07173130,0
2025-08-03,112546.35,114799.97,111920.0,114208.8,7397.76046,2025-08-03 23:59:59.999,841090034.1542541,1419281,3738.18331000,425246221.29553040,0
2025-08-04,114208.81,115720.0,114107.6,115055.03,9667.67916,2025-08-04 23:59:59.999,1109938874.0629709,1954230,4715.29351000,541443274.80937470,0
2025-08-05,115055.03,115127.81,112650.0,114129.75,12042.79078,2025-08-05 23:59:59.999,1371861747.1466167,2581052,5622.66754000,640570774.10106840,0
2025-08-06,114129.75,115716.0,113355.13,114992.27,9761.15318,2025-08-06 23:59:59.999,1118028732.8589184,2026500,4872.24748000,558193207.67707200,0
2025-08-07,114992.27,117621.0,114259.0,117472.01,13468.56263,2025-08-07 23:59:59.999,1564454297.836927,2314671,7008.73753000,814088870.44463200,0
2025-08-08,117472.02,117630.0,115878.71,116674.74,10045.31278,2025-08-08 23:59:59.999,1172199778.7242546,2095304,4584.90574000,534970598.46875020,0
2025-08-09,116674.74,117944.05,116299.13,116462.25,9514.13144,2025-08-09 23:59:59.999,1111837601.7023723,1390951,4869.85416000,569228301.11699460,0
2025-08-10,116462.25,119311.11,116460.63,119294.01,14322.77073,2025-08-10 23:59:59.999,1694198747.8718708,2317065,8023.43513000,949082473.72132200,0
2025-08-11,119294.27,122335.16,118050.11,118686.0,26494.33429,2025-08-11 23:59:59.999,3194611530.5410695,4021743,13243.42946000,1596640461.64307680,0
2025-08-12,118686.0,120324.43,118207.47,120134.08,16720.10893,2025-08-12 23:59:59.999,1992762473.5852578,2737841,9265.05962000,1104367998.19617160,0
2025-08-13,120134.09,123667.79,118920.92,123306.43,23210.07102,2025-08-13 23:59:59.999,2811581348.3874574,3712817,11931.26825000,1446045988.04831460,0
2025-08-14,123306.44,124474.0,117180.0,118295.09,27980.947586,2025-08-14 23:59:59.999,3359128391.108524,4350449,13402.07847600,1608719584.86973360,0
2025-08-15,118295.09,119216.82,116803.99,117342.05,13623.33874,2025-08-15 23:59:59.999,1607609329.685101,2895016,6141.41708000,724799635.81724670,0
2025-08-16,117342.04,117898.99,117143.98,117380.66,6393.68117,2025-08-16 23:59:59.999,751719391.7723638,1179842,2995.22865000,352158781.09645510,0
2025-08-17,117380.66,118575.0,117172.21,117405.01,5898.64192,2025-08-17 23:59:59.999,695629197.9038073,1177563,2804.73113000,330799448.09036540,0
2025-08-18,117405.01,117543.75,114640.14,116227.05,17745.93954,2025-08-18 23:59:59.999,2053814085.4717774,3346280,7647.70667000,885108979.48874850,0
2025-08-19,116227.05,116725.69,112732.58,112872.94,18065.47424,2025-08-19 23:59:59.999,2065010895.8584664,3291182,8609.41370000,984093545.59442210,0
2025-08-20,112872.95,114615.38,112380.0,114271.24,15636.34194,2025-08-20 23:59:59.999,1776149566.1247735,2998370,7209.58575000,819330970.21586190,0
2025-08-21,114271.23,114821.76,112015.67,112500.0,10839.69235,2025-08-21 23:59:59.999,1227373788.615563,2357380,5346.48007000,605400341.45449280,0
2025-08-22,112500.0,117429.05,111684.79,116935.99,23128.09037,2025-08-22 23:59:59.999,2656625122.2777867,3438518,11843.59711000,1359907711.87266930,0
2025-08-23,116936.0,117030.0,114560.0,115438.05,11329.36197,2025-08-23 23:59:59.999,1308825428.0143585,1559569,5083.35014000,587273893.13144330,0
2025-08-24,115438.06,115666.68,110680.0,113493.59,21175.98462,2025-08-24 23:59:59.999,2411284606.1891766,2573906,9325.06710000,1061855201.33431230,0
2025-08-25,113493.59,113667.28,109274.1,110111.98,25182.79379,2025-08-25 23:59:59.999,2805570653.631023,4695718,11387.58170000,1269662985.34417990,0
2025-08-26,110111.98,112371.0,108666.66,111763.22,18452.43877,2025-08-26 23:59:59.999,2033437347.4999392,4077474,9863.43157000,1087468493.59696390,0
2025-08-27,111763.22,112625.0,110345.42,111262.01,13392.60875,2025-08-27 23:59:59.999,1493774927.190832,3111496,6261.84550000,698586344.17747960,0
2025-08-28,111262.01,113485.9,110862.42,112566.9,11104.27744,2025-08-28 23:59:59.999,1250788481.9453218,2066780,5139.46509000,578866003.68381480,0
2025-08-29,112566.9,112638.64,107463.9,108377.4,22580.31045,2025-08-29 23:59:59.999,2475492492.57753,3606959,10616.35644000,1164321513.10445710,0
2025-08-30,108377.4,108926.15,107350.1,108816.33,10708.39159,2025-08-30 23:59:59.999,1160666772.7387524,1411040,5797.17783000,628457794.84340100,0
2025-08-31,108816.33,109480.02,108076.93,108246.35,9489.51596,2025-08-31 23:59:59.999,1031806894.3513318,1366633,4573.61058000,497406888.16918830,0
2025-09-01,108246.36,109912.4,107255.0,109237.42,16053.60219,2025-09-01 23:59:59.999,1742516638.781135,2729384,7532.99101000,817730948.98443340,0
2025-09-02,109237.43,111771.52,108393.39,111240.01,18510.28756,2025-09-02 23:59:59.999,2042681451.9016385,2596328,9088.71727000,1003032805.53679950,0
2025-09-03,111240.01,112575.27,110528.71,111705.71,11773.72084,2025-09-03 23:59:59.999,1313762617.3436644,2214249,5539.29462000,618293676.50751790,0
2025-09-04,111705.72,112180.0,109329.12,110730.87,12203.13536,2025-09-04 23:59:59.999,1349031325.5320847,2230255,6070.78151000,670681185.82571010,0
2025-09-05,110730.87,113384.62,110206.96,110659.99,21587.40888,2025-09-05 23:59:59.999,2413132200.623325,2970419,10787.81127000,1206066261.22720100,0
2025-09-06,110660.0,111307.7,109977.0,110187.97,5000.29897,2025-09-06 23:59:59.999,552785936.5434699,795201,2308.83297000,255237426.94601100,0
2025-09-07,110187.98,111600.0,110180.0,111137.34,5681.29944,2025-09-07 23:59:59.999,630447950.1588689,874961,2570.85199000,285303923.54046230,0
2025-09-08,111137.35,112924.37,110621.78,112065.23,11582.40211,2025-09-08 23:59:59.999,1295903862.4649603,1744598,5531.65969000,618773275.35763070,0
2025-09-09,112065.23,113293.29,110766.66,111546.39,15379.28248,2025-09-09 23:59:59.999,1721465997.906366,2143242,7597.38038000,849973176.17756840,0
2025-09-10,111546.38,114313.13,110917.45,113960.0,17517.41823,2025-09-10 23:59:59.999,1978834750.2223115,2182534,8274.63998000,934646697.48233240,0
2025-09-11,113960.0,115488.09,113430.0,115482.69,13676.73119,2025-09-11 23:59:59.999,1562241144.956541,2166359,6744.29993000,770595422.69052130,0
2025-09-12,115482.69,116665.63,114740.99,116029.42,15324.10719,2025-09-12 23:59:59.999,1772122269.5018635,2481491,7995.57276000,924775389.85693960,0
2025-09-13,116029.41,116298.78,115127.27,115918.29,8269.40394,2025-09-13 23:59:59.999,957724220.6497611,1223635,3590.09359000,415773029.43935270,0
2025-09-14,115918.29,116165.19,115135.0,115268.01,6707.60197,2025-09-14 23:59:59.999,775762364.9685991,1237218,3406.90777000,393977059.30354210,0
2025-09-15,115268.01,116757.99,114384.0,115349.71,13212.51149,2025-09-15 23:59:59.999,1522648235.2235153,2857989,6621.36360000,763138585.68502490,0
2025-09-16,115349.71,116964.27,114737.11,116788.96,10926.9094,2025-09-16 23:59:59.999,1265779287.5169268,2047058,5292.18365000,613182568.99191850,0
2025-09-17,116788.96,117286.73,114720.81,116447.59,16754.2454,2025-09-17 23:59:59.999,1946083704.6217456,3227418,7975.00190000,926282110.83307900,0
2025-09-18,116447.6,117900.0,116092.76,117073.53,11657.23365,2025-09-18 23:59:59.999,1367513347.4865093,2252654,5717.34538000,670700552.93472770,0
2025-09-19,117073.53,117459.99,115100.0,115632.38,8992.09065,2025-09-19 23:59:59.999,1045792401.4532388,1732471,4020.81483000,467345983.07867990,0
2025-09-20,115632.39,116121.81,115408.47,115685.63,4674.92752,2025-09-20 23:59:59.999,541264273.2416894,740451,2276.16483000,263511469.84325880,0
2025-09-21,115685.63,115819.06,115188.0,115232.29,4511.52219,2025-09-21 23:59:59.999,521299751.1504096,945965,2016.72489000,233031538.74699310,0
2025-09-22,115232.29,115379.25,111800.0,112650.99,20781.71356,2025-09-22 23:59:59.999,2348872511.698875,3045876,9312.35777000,1052684266.89818760,0
2025-09-23,112650.99,113290.5,111458.73,111998.8,12301.3203,2025-09-23 23:59:59.999,1383869800.273703,2455729,5543.36090000,623665658.72003280,0
2025-09-24,111998.8,113940.0,111042.66,113307.0,12369.25967,2025-09-24 23:59:59.999,1394470628.502582,2229837,6100.69487000,687826281.22047700,0
2025-09-25,113307.01,113510.23,108631.51,108994.49,21231.14957,2025-09-25 23:59:59.999,2356639689.925215,4409953,9511.07937000,1055527535.76844470,0
2025-09-26,108994.49,110300.0,108620.07,109643.46,14243.01591,2025-09-26 23:59:59.999,1557098915.9392595,3257155,6978.29033000,762955442.75240000,0
2025-09-27,109643.46,109743.91,109064.4,109635.85,5501.78643,2025-09-27 23:59:59.999,601947588.9970765,919594,2523.25886000,276080500.99419540,0
2025-09-28,109635.85,112350.0,109189.99,112163.95,7542.3316,2025-09-28 23:59:59.999,832254944.3203353,1484866,3781.87606000,417495757.16935000,0
2025-09-29,112163.96,114400.0,111560.65,114311.96,15541.12005,2025-09-29 23:59:59.999,1755247635.871136,2442653,7836.68768000,884934987.56875300,0
2025-09-30,114311.97,114792.0,112656.27,114048.93,15044.15633,2025-09-30 23:59:59.999,1710713267.1300955,3018331,7185.72154000,817044461.27018150,0
2025-10-01,114048.94,118649.1,113966.67,118594.99,20036.39516,2025-10-01 23:59:59.999,2332096981.2659335,3430343,10071.04092000,1172422657.40651740,0
2025-10-02,118594.99,121022.07,118279.31,120529.35,19670.83503,2025-10-02 23:59:59.999,2349861127.3445807,3472073,9753.07848000,1164986423.98980750,0
2025-10-03,120529.35,123894.99,119248.3,122232.0,23936.328,2025-10-03 23:59:59.999,2907381076.6813188,4246820,11288.62355000,1372792607.61362140,0
2025-10-04,122232.21,122800.0,121510.0,122391.0,8208.16678,2025-10-04 23:59:59.999,1002272903.3446472,1703590,3767.80335000,460154433.12366190,0
2025-10-05,122390.99,125708.42,122136.0,123482.31,22043.097553,2025-10-05 23:59:59.999,2730817470.939564,3690670,11780.67240300,1459478400.91099630,0
2025-10-06,123482.32,126199.63,123084.0,124658.54,19494.628793,2025-10-06 23:59:59.999,2428828952.2653184,4206167,9963.00815300,1241625129.71771830,0
2025-10-07,124658.54,125126.0,120574.94,121332.95,21633.99385,2025-10-07 23:59:59.999,2657405799.8705487,4390785,9699.35099000,1191947741.69890580,0
2025-10-08,121332.96,124197.25,121066.14,123306.0,17012.618,2025-10-08 23:59:59.999,2084842842.441617,4184997,9039.06222000,1107976264.69485960,0
2025-10-09,123306.01,123762.94,119651.47,121662.4,21559.36007,2025-10-09 23:59:59.999,2621438087.566733,4231167,10144.15364000,1233882833.56423890,0
2025-10-10,121662.41,122550.0,102000.0,112774.5,64171.93927,2025-10-10 23:59:59.999,7349750905.041158,11404522,30502.14297000,3493298452.84600770,0
2025-10-11,112774.49,113322.39,109561.59,110644.4,35448.51652,2025-10-11 23:59:59.999,3961069473.2311363,6661929,15375.94796000,1718429599.56695220,0
2025-10-12,110644.4,115770.0,109565.06,114958.8,32255.30272,2025-10-12 23:59:59.999,3638546528.7401557,6048575,16915.44533000,1907676479.17725090,0
2025-10-13,114958.81,115963.81,113616.5,115166.0,22557.24033,2025-10-13 23:59:59.999,2591831660.9857492,5739352,10710.89723000,1230950583.84246650,0
2025-10-14,115166.0,115409.96,109866.0,113028.14,31870.32974,2025-10-14 23:59:59.999,3578140778.808499,7425642,14944.19197000,1677011392.63438070,0
2025-10-15,113028.13,113612.35,110164.0,110763.28,22986.48811,2025-10-15 23:59:59.999,2569639641.3527684,5243141,10499.31831000,1173678794.92077390,0
2025-10-16,110763.28,111982.45,107427.0,108194.28,29857.17252,2025-10-16 23:59:59.999,3277596494.7619195,6127094,13126.95119000,1441416875.12637710,0
2025-10-17,108194.27,109240.0,103528.23,106431.68,37920.66838,2025-10-17 23:59:59.999,4022645635.221202,7570685,17996.99946000,1909654487.45622080,0
2025-10-18,106431.68,107499.0,106322.2,107185.01,11123.18766,2025-10-18 23:59:59.999,1189002999.143113,2105450,4845.85641000,518065716.66181290,0
2025-10-19,107185.0,109450.07,106103.36,108642.78,15480.66423,2025-10-19 23:59:59.999,1670074079.5802343,3205640,7100.31013000,766423535.81773780,0
2025-10-20,108642.77,111705.56,107402.52,110532.09,19193.4416,2025-10-20 23:59:59.999,2119912185.5934682,4283542,9280.50075000,1024925788.72169910,0
2025-10-21,110532.09,114000.0,107473.72,108297.67,37228.01659,2025-10-21 23:59:59.999,4114477849.932054,6004063,17034.07155000,1881327751.33461280,0
2025-10-22,108297.66,109163.88,106666.69,107567.44,28610.78451,2025-10-22 23:59:59.999,3090291706.4439816,5547903,13766.58861000,1487179903.59997880,0
2025-10-23,107567.45,111293.61,107500.0,110078.18,17573.09294,2025-10-23 23:59:59.999,1924582289.411394,3721614,8575.33716000,938905317.70341070,0
2025-10-24,110078.19,112104.98,109700.01,111004.89,15005.16913,2025-10-24 23:59:59.999,1662806764.9533324,3241022,7511.24340000,832390454.80762260,0
2025-10-25,111004.9,111943.19,110672.86,111646.27,6407.96864,2025-10-25 23:59:59.999,714201332.9751225,1238199,3087.08660000,344113931.79994520,0
2025-10-26,111646.27,115466.8,111260.45,114559.4,13454.47737,2025-10-26 23:59:59.999,1525108635.874829,2463951,6982.18154000,791462349.35160560,0
2025-10-27,114559.41,116400.0,113830.01,114107.65,21450.23241,2025-10-27 23:59:59.999,2470872744.5489683,3660488,10969.70182000,1263753536.99738980,0
2025-10-28,114107.65,116086.0,112211.0,112898.45,15523.42257,2025-10-28 23:59:59.999,1772753529.8642743,3829845,7765.31574000,887031686.01637250,0
2025-10-29,112898.44,113643.73,109200.0,110021.29,21079.71376,2025-10-29 23:59:59.999,2356715986.5335455,4481480,10407.07233000,1163985607.35690850,0
2025-10-30,110021.3,111592.0,106304.34,108322.88,25988.82838,2025-10-30 23:59:59.999,2827221287.4227977,6373451,12551.13144000,1365671836.74559240,0
2025-10-31,108322.87,111190.0,108275.28,109608.01,21518.20439,2025-10-31 23:59:59.999,2361590437.9414105,5256872,10798.53938000,1185034290.92377970,0
2025-11-01,109608.01,110564.49,109394.81,110098.1,7378.50431,2025-11-01 23:59:59.999,812389216.4346797,1994214,3406.68401000,375126956.08097220,0
2025-11-02,110098.1,111250.01,109471.34,110540.68,12107.00087,2025-11-02 23:59:59.999,1336870531.1415012,2652188,5921.86453000,654016950.25497770,0
2025-11-03,110540.69,110750.0,105306.56,106583.04,28681.18779,2025-11-03 23:59:59.999,3076006652.0015674,7074546,12847.08574000,1377869106.66817760,0
2025-11-04,106583.05,107299.0,98944.36,101497.22,50534.87376,2025-11-04 23:59:59.999,5197697635.212413,9099609,23388.99033000,2406186713.17052980,0
2025-11-05,101497.23,104534.74,98966.8,103885.16,33778.77571,2025-11-05 23:59:59.999,3454273922.700385,6500368,18126.84828000,1854232277.03301110,0
2025-11-06,103885.16,104200.0,100300.95,101346.04,25814.62139,2025-11-06 23:59:59.999,2641767846.305827,5755001,11972.54796000,1225474173.02042840,0
2025-11-07,101346.04,104096.36,99260.86,103339.08,32059.50942,2025-11-07 23:59:59.999,3251112979.305884,6335759,16056.80582000,1629564159.11657990,0
2025-11-08,103339.09,103406.22,101454.0,102312.94,12390.77985,2025-11-08 23:59:59.999,1267165565.3752701,2743819,5862.65977000,599611355.36714670,0
2025-11-09,102312.95,105495.62,101400.0,104722.96,16338.97096,2025-11-09 23:59:59.999,1687020822.3668208,3404204,8224.94939000,849620657.08690970,0
2025-11-10,104722.95,106670.11,104265.02,106011.13,22682.25673,2025-11-10 23:59:59.999,2400141664.389342,4710957,11595.81944000,1226965888.74676980,0
2025-11-11,106011.13,107500.0,102476.09,103058.99,24196.50718,2025-11-11 23:59:59.999,2532279071.0069213,5532149,10717.03395000,1121890584.19977650,0
2025-11-12,103059.0,105333.33,100813.59,101654.37,20457.63906,2025-11-12 23:59:59.999,2108514405.2608771,5314132,10155.72095000,1047214063.13828700,0
2025-11-13,101654.37,104085.01,98000.4,99692.02,36198.50771,2025-11-13 23:59:59.999,3654698026.5403805,8125404,17250.22426000,1742449117.57636070,0
2025-11-14,99692.03,99866.02,94012.45,94594.0,47288.14481,2025-11-14 23:59:59.999,4566085156.747207,9551025,21184.91518000,2045542286.86348350,0
2025-11-15,94594.0,96846.68,94558.49,95596.24,15110.89391,2025-11-15 23:59:59.999,1449074019.0674856,4263558,7115.78198000,682358960.75404210,0
2025-11-16,95596.23,96635.11,93005.55,94261.44,23889.4051,2025-11-16 23:59:59.999,2261295524.8173394,5141394,10828.62752000,1025540141.31118660,0
2025-11-17,94261.45,96043.0,91220.0,92215.14,39218.59806,2025-11-17 23:59:59.999,3674562070.238606,8134322,18690.19245000,1750979467.78626070,0
2025-11-18,92215.14,93836.01,89253.78,92960.83,39835.14769,2025-11-18 23:59:59.999,3641033186.3004584,8786593,20130.95957000,1841176605.14182350,0
2025-11-19,92960.83,92980.22,88608.0,91554.96,32286.6376,2025-11-19 23:59:59.999,2925773651.255958,6822174,15060.08451000,1365200809.17455710,0
2025-11-20,91554.96,93160.0,86100.0,86637.23,39733.19073,2025-11-20 23:59:59.999,3548950335.0984216,7841395,18283.84047000,1634256490.95743210,0
2025-11-21,86637.22,87498.94,80600.0,85129.43,72256.12679,2025-11-21 23:59:59.999,6061348756.341564,11826480,34071.85828000,2859133223.22405230,0
2025-11-22,85129.42,85620.0,83500.0,84739.74,14193.93263,2025-11-22 23:59:59.999,1197657354.9690385,4697593,6688.79428000,564562148.93739320,0
2025-11-23,84739.75,88127.64,84667.57,86830.0,19734.46418,2025-11-23 23:59:59.999,1708685030.2798696,5063493,10406.51703000,901210513.52044730,0
2025-11-24,86830.0,89228.0,85272.0,88300.01,24663.12795,2025-11-24 23:59:59.999,2150393686.920318,6189156,12438.87518000,1085485389.02341670,0
2025-11-25,88300.01,88519.99,86116.0,87369.96,19567.0411,2025-11-25 23:59:59.999,1708989000.038937,4838747,9423.17985000,823123525.14025590,0
2025-11-26,87369.97,90656.08,86306.77,90484.02,21675.82239,2025-11-26 23:59:59.999,1916851896.6699688,4668280,10883.61063000,962765375.81638320,0
2025-11-27,90484.01,91950.0,90089.91,91333.95,16833.50932,2025-11-27 23:59:59.999,1535778106.5787077,3920172,8898.35835000,812005498.75948750,0
2025-11-28,91333.94,93092.0,90180.63,90890.7,18830.86012,2025-11-28 23:59:59.999,1721418035.0795596,4229754,8961.64712000,820315728.91869100,0
2025-11-29,90890.71,91165.65,90155.47,90802.44,7429.88291,2025-11-29 23:59:59.999,673725652.9787655,1677860,3359.04932000,304614219.14525830,0
2025-11-30,90802.44,92000.01,90336.9,90360.0,9687.74175,2025-11-30 23:59:59.999,884051773.1655338,2154030,5002.96698000,456606490.12032460,0
2025-12-01,90360.01,90417.0,83822.76,86286.01,34509.01227,2025-12-01 23:59:59.999,2977024047.2231607,7709685,15524.33346000,1338718794.00131230,0
2025-12-02,86286.01,92307.65,86184.39,91277.88,28210.22732,2025-12-02 23:59:59.999,2519515177.662365,6397299,13512.33949000,1206199898.29415110,0
2025-12-03,91277.88,94150.0,90990.23,93429.95,25712.52585,2025-12-03 23:59:59.999,2386223626.86139,6733182,12993.19312000,1206219500.45773430,0
2025-12-04,93429.95,94080.0,90889.0,92078.06,19803.94059,2025-12-04 23:59:59.999,1836645629.33462,5856049,8312.69539000,770992235.20799200,0
2025-12-05,92078.06,92692.36,88056.0,89330.04,19792.97218,2025-12-05 23:59:59.999,1788436983.8106546,5520352,8722.13995000,787809723.72132390,0
2025-12-06,89330.04,90289.97,88908.01,89236.79,8409.50016,2025-12-06 23:59:59.999,753420679.8063259,2482221,4041.72834000,362232786.26957140,0
2025-12-07,89236.8,91760.0,87719.28,90395.31,13021.11185,2025-12-07 23:59:59.999,1167866486.8455212,3953071,6370.56683000,571547237.85676710,0
2025-12-08,90395.32,92287.15,89612.0,90634.34,15793.63887,2025-12-08 23:59:59.999,1436920018.8936133,5458731,7296.74328000,663654575.45218350,0
2025-12-09,90634.35,94588.99,89500.0,92678.8,21240.43014,2025-12-09 23:59:59.999,1956261065.6071732,5940223,10517.75959000,969426006.12226280,0
2025-12-10,92678.81,94476.0,91563.15,92015.37,18998.68083,2025-12-10 23:59:59.999,1758773276.2478049,6025707,9197.33116000,852012295.39671150,0
2025-12-11,92015.38,93555.0,89260.63,92513.38,19972.58758,2025-12-11 23:59:59.999,1814322119.0658488,6250438,9150.89797000,831529923.80888190,0
2025-12-12,92513.38,92754.0,89480.0,90268.42,16679.19169,2025-12-12 23:59:59.999,1521683425.5648005,4956719,7986.68273000,728724357.38865630,0
2025-12-13,90268.43,90634.55,89766.39,90240.01,5895.70788,2025-12-13 23:59:59.999,532250544.5904015,1363754,2237.98470000,202065519.49614060,0
2025-12-14,90240.0,90472.4,87577.36,88172.17,9416.94004,2025-12-14 23:59:59.999,839079130.8378651,3115749,4005.70835000,356905157.32666930,0
2025-12-15,88172.16,90052.64,85146.64,86432.08,19778.6919,2025-12-15 23:59:59.999,1732823429.5017288,6747167,9592.41076000,840349649.32506230,0
2025-12-16,86432.08,88175.98,85266.0,87863.42,18456.05017,2025-12-16 23:59:59.999,1604673428.6527836,6099692,9065.97746000,788731082.46646000,0
2025-12-17,87863.43,90365.85,85314.0,86243.22,19834.11729,2025-12-17 23:59:59.999,1733348496.6703594,6058638,9277.27838000,810618013.25664380,0
2025-12-18,86243.23,89477.61,84450.01,85516.41,25405.41763,2025-12-18 23:59:59.999,2204223872.6696463,6946947,12668.53838000,1098646854.97003660,0
2025-12-19,85516.41,89399.97,85110.24,88136.94,21256.65004,2025-12-19 23:59:59.999,1863236625.932864,6482253,10880.14451000,953886285.36474160,0
2025-12-20,88136.95,88573.07,87795.76,88360.9,5123.13194,2025-12-20 23:59:59.999,451919022.7277595,1174426,2456.37063000,216687645.32920050,0
2025-12-21,88360.91,89081.77,87600.04,88658.86,7132.87258,2025-12-21 23:59:59.999,629720971.7866651,2030666,3450.39397000,304712061.79802450,0
2025-12-22,88658.87,90588.23,87900.0,88620.79,14673.2197,2025-12-22 23:59:59.999,1310235631.747926,4847747,7269.61435000,649186791.77154220,0
2025-12-23,88620.79,88940.0,86601.9,87486.0,13910.32904,2025-12-23 23:59:59.999,1219899607.2677548,4465080,6381.76747000,559905195.88713040,0
2025-12-24,87486.0,88049.89,86420.0,87669.45,9140.8432,2025-12-24 23:59:59.999,797460526.4738462,2877239,4543.27331000,396385690.40460260,0
2025-12-25,87669.44,88592.74,86934.72,87225.27,7096.58235,2025-12-25 23:59:59.999,622970453.6497647,1992172,3390.95708000,297591128.72330410,0
2025-12-26,87225.27,89567.75,86655.08,87369.56,18344.61505,2025-12-26 23:59:59.999,1616722115.636646,4509482,8846.80613000,780464877.72490640,0
2025-12-27,87369.56,87984.0,87253.05,87877.01,4469.55156,2025-12-27 23:59:59.999,391274205.274436,957536,2065.72405000,180860481.23924240,0
2025-12-28,87877.0,88088.75,87435.0,87952.71,4446.29285,2025-12-28 23:59:59.999,390327299.1502763,1241426,2230.75216000,195842128.18741430,0
2025-12-29,87952.71,90406.08,86806.5,87237.13,19894.98575,2025-12-29 23:59:59.999,1762011993.0377953,4793589,10079.10102000,892298235.37550200,0
2025-12-30,87237.13,89400.0,86845.66,88485.49,13105.91001,2025-12-30 23:59:59.999,1155016404.4786754,3542176,6561.56089000,578303387.40254340,0
2025-12-31,88485.5,89200.0,87250.0,87648.22,11558.62047,2025-12-31 23:59:59.999,1019746835.2795268,2897396,5432.03408000,479104976.96454890,0
2026-01-01,87648.21,88919.45,87550.43,88839.04,6279.57133,2026-01-01 23:59:59.999,552991635.2911001,1449281,3123.64536000,275090077.28838170,0
2026-01-02,88839.05,90961.81,88379.88,89995.13,17396.97301,2026-01-02 23:59:59.999,1558958860.8870876,5010211,8929.35447000,800380273.96401860,0
2026-01-03,89995.14,90741.16,89314.01,90628.01,7057.46716,2026-01-03 23:59:59.999,635514773.6093655,1684214,3791.72083000,341479553.30158280,0
2026-01-04,90628.01,91810.0,90628.0,91529.73,10426.5297,2026-01-04 23:59:59.999,952160980.5212084,2207037,5320.99389000,485918671.59201990,0
2026-01-05,91529.74,94789.08,91514.81,93859.71,20673.59584,2026-01-05 23:59:59.999,1927455243.548076,5485489,10892.96950000,1015858751.93170280,0
2026-01-06,93859.71,94444.44,91262.94,93747.97,18546.41829,2026-01-06 23:59:59.999,1728045542.298375,5018686,8108.82157000,755998193.39696320,0
2026-01-07,93747.97,93747.97,90675.52,91364.16,14276.49025,2026-01-07 23:59:59.999,1311906952.9749737,4340252,6714.86954000,616889466.14819760,0
2026-01-08,91364.16,91687.99,89311.0,91099.99,16132.79117,2026-01-08 23:59:59.999,1460622501.2073882,4923472,8192.07574000,741768676.97519140,0
2026-01-09,91100.0,92082.55,89694.66,90641.28,15590.27939,2026-01-09 23:59:59.999,1416907180.1870482,4155703,8512.43270000,773999739.23753360,0
2026-01-10,90641.27,90832.0,90404.0,90504.7,3104.11722,2026-01-10 23:59:59.999,281321375.4802981,766357,1551.97383000,140664759.40958690,0
2026-01-11,90504.7,91283.89,90236.0,91013.65,5477.13594,2026-01-11 23:59:59.999,497245863.9319499,1282029,2868.36168000,260447706.80887160,0
2026-01-12,91013.66,92519.95,90128.44,91296.2,16188.08268,2026-01-12 23:59:59.999,1479964862.2693064,4099509,8092.54280000,740004800.18072220,0
2026-01-13,91296.2,96495.0,91042.66,95414.0,23021.51482,2026-01-13 23:59:59.999,2149770801.117704,5025071,12405.23056000,1159067162.24898290,0
2026-01-14,95413.99,97924.49,94559.28,96951.78,22851.89428,2026-01-14 23:59:59.999,2201535821.648615,5346212,11974.98829000,1154415462.59730280,0
2026-01-15,96951.78,97193.34,95134.48,95604.8,21725.81369,2026-01-15 23:59:59.999,2093008182.8437335,4493095,10841.32767000,1045103063.11148480,0
2026-01-16,95604.81,95871.47,94293.46,95550.94,11167.7146,2026-01-16 23:59:59.999,1064019408.0772514,2971559,5055.06952000,481723178.08146790,0
2026-01-17,95550.94,95639.45,95021.67,95147.77,4280.80137,2026-01-17 23:59:59.999,408161941.6719079,1020527,2059.85283000,196399075.97097010,0
2026-01-18,95147.77,95531.12,93615.4,93673.14,6895.17819,2026-01-18 23:59:59.999,654773743.2677118,1488785,3107.35604000,295217762.82127930,0
2026-01-19,93673.14,93673.14,91910.2,92631.0,14295.52747,2026-01-19 23:59:59.999,1326770336.049047,3359066,6906.84245000,640981004.89581220,0
2026-01-20,92630.99,92870.0,87895.98,88427.66,22007.3261,2026-01-20 23:59:59.999,1989676668.5941782,6064031,9629.19624000,870936424.13909420,0
2026-01-21,88427.66,90574.0,87263.53,89454.73,20617.50372,2026-01-21 23:59:59.999,1837708115.3597033,6419053,10265.21302000,915531751.08220060,0
2026-01-22,89454.73,90359.99,88515.37,89559.67,10825.50492,2026-01-22 23:59:59.999,969910623.3559886,3743412,5529.54766000,495598490.52278970,0
2026-01-23,89559.68,91224.99,88578.36,89600.26,13918.48919,2026-01-23 23:59:59.999,1248772265.678843,4619907,6911.17668000,620204414.13235400,0
2026-01-24,89600.26,89957.39,89162.08,89225.34,4226.56737,2026-01-24 23:59:59.999,378464146.0918812,959854,1835.96939000,164401193.43969370,0
2026-01-25,89225.34,89319.13,86074.72,86670.36,14426.22019,2026-01-25 23:59:59.999,1264233689.841581,3720178,6269.27657000,549304584.56739540,0
2026-01-26,86670.36,88860.0,86509.63,88347.08,17766.51453,2026-01-26 23:59:59.999,1560135758.989215,4798083,9428.94206000,827914390.69498980,0
2026-01-27,88347.08,89523.16,87304.33,89250.0,13125.40425,2026-01-27 23:59:59.999,1160026853.5895033,3787336,6722.86937000,594388596.05727970,0
2026-01-28,89249.99,90600.0,88833.65,89299.99,14332.18502,2026-01-28 23:59:59.999,1283919840.851472,4385791,7015.44336000,628761031.31513640,0
2026-01-29,89300.0,89348.0,83383.33,84650.16,30431.38201,2026-01-29 23:59:59.999,2610381587.9100037,5598749,12385.58906000,1062920384.07601880,0
2026-01-30,84650.16,84735.75,81118.0,84260.49,35195.84793,2026-01-30 23:59:59.999,2918624066.481832,8998829,16749.59784000,1389486785.10668100,0
2026-01-31,84260.5,84270.02,75719.9,78741.09,39491.89133,2026-01-31 23:59:59.999,3155264093.623044,7384976,17959.61358000,1435120245.98269650,0
2026-02-01,78741.1,79424.0,75700.0,76968.21,25395.48168,2026-02-01 23:59:59.999,1974920557.0473866,8001906,12031.74392000,936095742.74021720,0
2026-02-02,76968.22,79360.0,74604.0,78738.61,42273.59016,2026-02-02 23:59:59.999,3260752444.4613295,10085578,21480.45115000,1658977441.22344040,0
2026-02-03,78738.6,79186.81,72945.5,75770.21,39120.10889,2026-02-03 23:59:59.999,2986903008.574792,9199445,17304.88253000,1324119396.43603960,0
2026-02-04,75770.21,76971.52,71888.0,73165.83,38375.36,2026-02-04 23:59:59.999,2852834631.5391464,10724002,17274.35569000,1284664768.82907250,0
2026-02-05,73165.84,73341.18,62345.0,62909.86,106298.82899,2026-02-05 23:59:59.999,7198745594.280694,15364010,49042.65006000,3325749503.03323960,0
2026-02-06,62909.87,71751.33,60000.0,70580.26,92539.21531,2026-02-06 23:59:59.999,6134056670.6115055,13228528,49477.51198000,3288426149.28068820,0
2026-02-07,70580.26,71690.07,67300.0,69289.38,44255.48036,2026-02-07 23:59:59.999,3058983879.0691524,7167427,18766.22233000,1298989823.42944090,0
2026-02-08,69289.37,72271.41,68888.0,70330.38,21420.53168,2026-02-08 23:59:59.999,1510003758.652842,4870449,11435.75238000,805898867.28181970,0
2026-02-09,70330.38,71453.53,68308.0,70138.0,29152.72842,2026-02-09 23:59:59.999,2038959539.4209776,6644769,13854.63486000,969001616.68297280,0
2026-02-10,70138.0,70527.59,67800.0,68841.29,20373.77072,2026-02-10 23:59:59.999,1408623623.3599253,4558658,9237.21056000,638739950.25352550,0
2026-02-11,68841.28,69292.88,65756.0,67082.52,28718.24602,2026-02-11 23:59:59.999,1930513947.5441146,6956577,14335.50997000,963903748.26948730,0
2026-02-12,67082.52,68410.52,65118.0,66272.17,24271.74283,2026-02-12 23:59:59.999,1622162145.3342066,6778280,12101.72511000,809418852.07336170,0
2026-02-13,66272.17,69482.97,65872.46,68853.96,20244.54955,2026-02-13 23:59:59.999,1371286022.3300548,6450842,10425.24887000,706766540.61685410,0
2026-02-14,68853.97,70560.01,68730.13,69822.95,18114.78393,2026-02-14 23:59:59.999,1260259314.3600264,3803163,7857.93423000,546756073.26494120,0
2026-02-15,69822.94,70983.0,68000.0,68832.58,22290.05208,2026-02-15 23:59:59.999,1545094572.1368146,4598633,8861.59262000,615733099.12089960,0
2026-02-16,68832.59,70126.67,67294.11,68892.43,15515.76534,2026-02-16 23:59:59.999,1062797918.2535971,5233849,8153.43140000,558909191.76749180,0
2026-02-17,68892.43,69241.5,66621.06,67503.52,16489.06921,2026-02-17 23:59:59.999,1117987651.294812,5994853,7538.45107000,511426190.89324030,0
2026-02-18,67503.52,68476.22,65870.0,66461.0,15492.43839,2026-02-18 23:59:59.999,1040493524.6521236,4548997,7895.05707000,530458178.13856490,0
2026-02-19,66461.0,67320.0,65631.83,67003.73,14542.26988,2026-02-19 23:59:59.999,968863572.7821527,4679351,7106.70741000,473456223.07210710,0
2026-02-20,67003.73,68318.39,66280.2,68020.01,35351.87091,2026-02-20 23:59:59.999,2378079150.5678473,5044912,15001.46034000,1010970043.14524130,0
2026-02-21,68020.0,68698.7,67534.69,67975.93,8032.84131,2026-02-21 23:59:59.999,547592078.8471988,1593539,4003.46206000,272919692.67728000,0
2026-02-22,67975.93,68245.0,67190.0,67643.4,8175.13484,2026-02-22 23:59:59.999,553613335.5774136,2160900,3974.29287000,269081093.61093830,0
2026-02-23,67643.39,67684.86,63888.79,64656.02,33075.90923,2026-02-23 23:59:59.999,2158158656.1215167,8268695,16388.63858000,1069328860.05896250,0
2026-02-24,64656.01,65026.75,62510.28,64058.15,23102.83622,2026-02-24 23:59:59.999,1469512159.7199352,7553629,11150.61026000,709235431.91769840,0
2026-02-25,64058.15,69988.83,63913.27,67988.04,30749.99259,2026-02-25 23:59:59.999,2064089702.844435,7096715,16382.91985000,1098904977.00827200,0
2026-02-26,67988.04,68860.0,66500.0,67485.18,20737.77792,2026-02-26 23:59:59.999,1404774665.564561,5426137,10172.50047000,689304052.45306700,0
2026-02-27,67485.19,68216.8,64914.46,65872.1,21228.58424,2026-02-27 23:59:59.999,1412033823.5619729,3856064,10107.20917000,671986242.52466200,0
2026-02-28,65872.09,67760.0,63030.0,66973.26,22548.71649,2026-02-28 23:59:59.999,1462864408.2615664,5268514,11531.10802000,748190390.43238220,0
2026-03-01,66973.26,68199.99,65056.0,65776.47,23201.85859,2026-03-01 23:59:59.999,1545783742.9062002,5312013,11209.77201000,747161922.84846160,0
2026-03-02,65776.48,70096.0,65259.21,68830.06,32010.38431,2026-03-02 23:59:59.999,2164578841.845917,8397526,15335.91369000,1037871544.54815050,0
2026-03-03,68830.06,69258.08,66158.0,68338.0,24972.2418,2026-03-03 23:59:59.999,1691848669.9430182,7648119,12331.62200000,835461016.09469440,0
2026-03-04,68338.01,74050.0,67400.0,72666.77,44919.0761,2026-03-04 23:59:59.999,3202864447.6324606,8618302,23641.35243000,1685099057.93017800,0
2026-03-05,72666.77,73558.15,70645.47,70890.72,26590.51253,2026-03-05 23:59:59.999,1917514690.387834,6709160,12299.51467000,886773462.47277710,0
2026-03-06,70891.02,71419.98,67744.78,68114.02,22629.88722,2026-03-06 23:59:59.999,1574601198.874888,5302899,10464.09351000,728091757.78221270,0
2026-03-07,68114.02,68551.04,66915.26,67262.91,12719.54315,2026-03-07 23:59:59.999,861729861.8530488,2067476,5910.76849000,400477518.35669130,0
2026-03-08,67262.91,68200.0,65618.49,65971.2,21593.63901,2026-03-08 23:59:59.999,1447522160.3154545,3028392,11268.64926000,755732359.16967190,0
2026-03-09,65971.2,69516.65,65821.97,68432.16,28896.7213,2026-03-09 23:59:59.999,1967622051.44968,5093667,14101.45378000,960195772.91590640,0
2026-03-10,68432.16,71777.0,68391.41,69948.63,32602.57726,2026-03-10 23:59:59.999,2292525621.4405203,5176064,16453.82839000,1157238967.10044540,0
2026-03-11,69948.64,71321.0,68977.91,70191.86,27249.27542,2026-03-11 23:59:59.999,1911300596.2341678,4759855,14015.31615000,982971805.59972250,0
2026-03-12,70191.86,70800.0,69205.91,70541.34,21997.1605,2026-03-12 23:59:59.999,1540745224.510106,4344059,10545.03396000,738758111.89891770,0
2026-03-13,70541.34,73913.74,70386.01,70930.0,35996.61678,2026-03-13 23:59:59.999,2591768526.296147,5312490,18310.34260000,1319530652.95863130,0
2026-03-14,70930.01,71307.92,70317.0,71211.95,13017.24737,2026-03-14 23:59:59.999,921308630.9462769,1661739,6242.10104000,441895405.35856250,0
2026-03-15,71211.95,73199.0,70858.82,72815.24,14037.30704,2026-03-15 23:59:59.999,1007334955.2436514,2509013,7307.01776000,524440519.76277650,0
2026-03-16,72815.25,74909.08,72270.41,74884.67,28409.53019,2026-03-16 23:59:59.999,2095859511.5648637,5396482,15204.22255000,1122045159.19947890,0
2026-03-17,74884.67,76000.0,73399.19,73909.36,24521.26636,2026-03-17 23:59:59.999,1825976731.3326733,4863187,11791.25230000,878396858.78088600,0
2026-03-18,73909.37,74672.34,70500.0,71246.54,23392.88093,2026-03-18 23:59:59.999,1692949838.9777424,4733897,11709.17057000,847905482.69725620,0
2026-03-19,71246.55,71613.79,68793.35,69930.0,22364.81819,2026-03-19 23:59:59.999,1566573949.8604124,4972526,10489.13676000,734634623.28738830,0
2026-03-20,69930.01,71367.0,69388.0,70510.73,18121.16745,2026-03-20 23:59:59.999,1273812840.6886704,4369971,8801.41211000,618781938.22681490,0
2026-03-21,70510.73,71100.94,68571.42,68918.12,13397.1675,2026-03-21 23:59:59.999,942693882.026424,1640086,6379.69313000,449156360.93415470,0
2026-03-22,68918.12,69588.79,67360.66,67859.0,14843.78682,2026-03-22 23:59:59.999,1018926475.3196974,3269152,7292.32333000,500700088.25183490,0
2026-03-23,67859.0,71817.09,67445.18,70906.45,28335.09119,2026-03-23 23:59:59.999,1980755169.231694,6509730,14640.97230000,1022970775.45578170,0
2026-03-24,70906.45,71400.0,68923.07,70556.74,20702.42244,2026-03-24 23:59:59.999,1455361229.2099645,4191328,9731.85043000,684254039.29491270,0
2026-03-25,70556.74,72026.09,70408.0,71336.53,17719.50066,2026-03-25 23:59:59.999,1261017988.5394323,3298902,8819.77787000,627874982.89216630,0
2026-03-26,71336.53,71436.82,68153.0,68820.31,20820.45768,2026-03-26 23:59:59.999,1447699734.339839,3597702,10116.39467000,703650001.59011960,0
2026-03-27,68820.31,69179.05,65548.25,66407.28,28603.69557,2026-03-27 23:59:59.999,1917318222.709913,4159306,14568.62853000,976680026.26568100,0
2026-03-28,66407.28,67288.94,65932.09,66377.03,11462.39847,2026-03-28 23:59:59.999,762676255.4470605,1687368,5753.04124000,382921412.22384880,0
2026-03-29,66377.04,67130.5,65000.0,66010.93,10052.85584,2026-03-29 23:59:59.999,667003517.605987,2146177,4769.42832000,316674097.35018690,0
2026-03-30,66010.93,68169.65,65800.59,66797.37,18353.38975,2026-03-30 23:59:59.999,1234617690.8920753,3902849,9155.91893000,615747978.85138090,0
2026-03-31,66797.38,68589.49,65998.05,68284.48,22105.40662,2026-03-31 23:59:59.999,1490168487.4548745,4846820,10726.18262000,723378692.76676190,0
2026-04-01,68284.49,69310.0,67578.75,68113.92,19020.1899,2026-04-01 23:59:59.999,1301708227.0745244,3741910,9702.49844000,664126033.92691320,0
2026-04-02,68113.92,68653.38,65712.12,66901.99,20203.47916,2026-04-02 23:59:59.999,1349223461.5270572,4189133,10090.65620000,673815463.87575050,0
2026-04-03,66901.99,67370.42,66282.0,66964.3,11429.13131,2026-04-03 23:59:59.999,763535606.9777881,2023104,5535.26988000,369859409.32271770,0
2026-04-04,66964.29,67562.93,66775.91,67300.42,7373.51613,2026-04-04 23:59:59.999,494932017.4232442,1356179,3701.32932000,248489879.99590240,0
2026-04-05,67300.42,69136.2,66611.66,69034.18,11733.46752,2026-04-05 23:59:59.999,791661977.3234503,2106257,5791.55692000,391091472.13861220,0
2026-04-06,69034.18,70351.46,68300.0,68853.66,20281.61044,2026-04-06 23:59:59.999,1408020173.0961628,4695523,10149.79257000,704797801.63839920,0
2026-04-07,68853.66,72761.0,67732.01,71924.22,23750.49661,2026-04-07 23:59:59.999,1649637855.842697,4871706,12465.18271000,866730089.23104340,0
2026-04-08,71924.22,72857.0,70707.23,71069.93,19802.68627,2026-04-08 23:59:59.999,1418484188.0521238,3843988,9570.20189000,685666276.83883080,0
2026-04-09,71069.93,73145.0,70466.0,71787.97,18158.42159,2026-04-09 23:59:59.999,1300323816.009336,3773025,9604.31771000,687990251.04316700,0
2026-04-10,71787.98,73434.0,71426.15,72962.7,17372.63288,2026-04-10 23:59:59.999,1259195636.055663,3176308,8819.74841000,639705902.50139630,0
2026-04-11,72962.71,73790.0,72513.09,73043.16,9070.94374,2026-04-11 23:59:59.999,662437113.7096702,1472041,4673.47605000,341269009.99304180,0
2026-04-12,73043.16,73137.24,70505.88,70740.98,13472.46801,2026-04-12 23:59:59.999,962825891.8165911,2068779,6326.31289000,451853887.81102090,0
2026-04-13,70741.56,74900.0,70566.99,74417.99,24230.21625,2026-04-13 23:59:59.999,1753370318.184166,3673539,12639.79905000,914783773.85117860,0
2026-04-14,74418.0,76038.0,73795.47,74131.55,26532.94456,2026-04-14 23:59:59.999,1982728989.60722,4033448,13313.88956000,995694440.99898930,0
2026-04-15,74131.55,75425.0,73514.0,74809.99,14425.04167,2026-04-15 23:59:59.999,1071448612.5370219,3187792,7014.01981000,521112265.17116580,0
2026-04-16,74809.99,75534.76,73309.85,75154.29,17088.68777,2026-04-16 23:59:59.999,1274894123.7496114,3581890,8601.69794000,641950287.24821900,0
2026-04-17,75154.28,78333.0,74529.4,77072.0,25941.36694,2026-04-17 23:59:59.999,1987343208.84067,4931167,14435.47730000,1106587361.00453950,0
2026-04-18,77072.01,77420.08,75445.16,75691.76,9141.84456,2026-04-18 23:59:59.999,698008567.9340073,1941112,4333.78362000,330918112.55196630,0
2026-04-19,75691.76,76240.66,73762.9,73801.79,11369.82232,2026-04-19 23:59:59.999,854915370.4407915,2739751,5458.61875000,410654487.05263240,0
2026-04-20,73801.8,76558.62,73724.31,75840.97,16993.41034,2026-04-20 23:59:59.999,1280503914.3710752,3563591,8812.70109000,664069175.96571890,0
2026-04-21,75840.97,76927.57,74821.57,76336.15,14912.57132,2026-04-21 23:59:59.999,1132118272.558311,3616213,7672.96288000,582659654.91385480,0
2026-04-22,76336.14,79472.82,76132.95,78178.23,19737.51225,2026-04-22 23:59:59.999,1543732085.5463338,3757077,10376.12434000,811313167.07036700,0
2026-04-23,78178.22,78662.5,76960.0,78257.48,16970.79501,2026-04-23 23:59:59.999,1321349698.3542461,3571796,7760.75572000,604322134.30780950,0
2026-04-24,78257.48,78581.93,77264.08,77437.13,12675.14315,2026-04-24 23:59:59.999,986932564.6001965,2581973,6148.06393000,478778657.35331100,0
2026-04-25,77437.13,77885.35,77140.23,77625.0,5685.1142,2026-04-25 23:59:59.999,440684004.3451535,806542,2999.85355000,232567740.81986930,0
2026-04-26,77625.0,78961.0,77326.51,78657.55,7963.56162,2026-04-26 23:59:59.999,621991973.4848,1476971,3981.86566000,311149594.60716610,0
2026-04-27,78657.55,79485.66,76459.64,77371.32,16046.92418,2026-04-27 23:59:59.999,1247833550.0841923,2982889,7712.53219000,600122422.59277340,0
2026-04-28,77371.32,77478.0,75666.6,76342.77,13210.72383,2026-04-28 23:59:59.999,1010412673.5550212,2352446,6518.95469000,498681416.19895180,0
2026-04-29,76342.78,77904.93,74937.52,75780.0,18279.93022,2026-04-29 23:59:59.999,1399735858.3455281,3032890,9680.02112000,741279741.51876170,0
2026-04-30,75780.0,76669.14,75323.65,76346.57,10381.81607,2026-04-30 23:59:59.999,790584591.689154,2569480,5585.19124000,425311383.20183240,0
2026-05-01,76346.58,78914.12,76320.42,78231.13,17315.46502,2026-05-01 23:59:59.999,1347837835.9195642,2388458,8322.98012000,647849577.80834750,0
2026-05-02,78231.13,79199.48,78040.0,78686.85,6150.87642,2026-05-02 23:59:59.999,482238389.4494098,936143,3297.03958000,258534491.67396600,0
2026-05-03,78686.84,79447.0,78084.08,78568.57,7425.7929,2026-05-03 23:59:59.999,584294330.4516286,1352474,3464.91412000,272683292.16937500,0
2026-05-04,78568.58,80776.99,78202.0,79861.01,26042.96135,2026-05-04 23:59:59.999,2074174850.511439,3734604,13351.64548000,1063054861.87825520,0
2026-05-05,79861.01,81791.48,79808.72,80905.52,16947.17995,2026-05-05 23:59:59.999,1374319029.230936,2490930,8628.14977000,699849788.90645420,0
2026-05-06,80905.53,82850.0,80731.14,81447.01,18798.77396,2026-05-06 23:59:59.999,1535650624.7612484,2794707,9976.68805000,815009074.23021350,0
2026-05-07,81447.01,81708.32,79500.0,80006.0,16154.80338,2026-05-07 23:59:59.999,1300766382.1023338,2540329,7625.14879000,614218758.74733080,0
2026-05-08,80006.0,80500.0,79181.48,80193.17,16001.31009,2026-05-08 23:59:59.999,1278566045.4172618,2265372,8328.38654000,665600036.19246400,0
2026-05-09,80193.18,81080.0,80129.85,80678.4,7548.42177,2026-05-09 23:59:59.999,607596225.9864202,1002373,4032.72566000,324554540.32550520,0
2026-05-10,80678.41,82479.32,80279.77,82210.07,12034.31882,2026-05-10 23:59:59.999,977223714.2634745,1801608,6395.89660000,519505191.51513650,0
2026-05-11,82210.07,82380.0,80462.97,81745.65,12951.76056,2026-05-11 23:59:59.999,1053193670.8757555,2576396,6132.37349000,498860919.49640370,0
2026-05-12,81745.66,81788.0,79843.59,80504.47,12386.25676,2026-05-12 23:59:59.999,1000180167.440677,2345137,5716.20385000,461739840.08680080,0
2026-05-13,80504.47,81324.64,78754.65,79313.61,14810.05643,2026-05-13 23:59:59.999,1184929842.8688235,2350570,7161.64182000,573129996.83419500,0
2026-05-14,79313.61,82048.13,78922.0,81089.99,19727.86807,2026-05-14 23:59:59.999,1590656475.018797,3101046,10750.20775000,867205459.83469430,0
2026-05-15,81090.0,81664.45,78659.0,79113.21,17351.27079,2026-05-15 23:59:59.999,1387152674.368868,3184114,8333.17845000,666666033.91599590,0
2026-05-16,79113.2,79227.77,77640.0,78148.05,12132.86192,2026-05-16 23:59:59.999,949890656.658851,1597661,5776.31138000,452258189.43534810,0
2026-05-17,78148.05,78599.99,76735.16,77457.67,8442.7022,2026-05-17 23:59:59.999,658061481.644852,1570433,3897.86770000,303858886.90872100,0
2026-05-18,77457.67,77800.0,76051.0,77001.87,18745.51678,2026-05-18 23:59:59.999,1439862031.891971,3529328,8916.45791000,684998988.32531620,0
2026-05-19,77001.88,77414.62,76144.71,76834.36,11024.85978,2026-05-19 23:59:59.999,846904378.3078035,2315121,5680.77448000,436435106.06206760,0
2026-05-20,76834.36,77853.04,76516.74,77552.23,11296.26307,2026-05-20 23:59:59.999,873091271.4716351,2437754,5606.16242000,433402000.23130960,0
2026-05-21,77552.24,78200.0,76719.47,77615.52,11318.25841,2026-05-21 23:59:59.999,878168697.2277492,2473146,5765.00854000,447290745.14125320,0
2026-05-22,77615.52,77900.0,75359.18,75539.5,11272.36134,2026-05-22 23:59:59.999,866200460.9104595,2370783,5204.99076000,400374654.60944890,0
2026-05-23,75539.5,77404.18,74289.6,76752.01,15086.88814,2026-05-23 23:59:59.999,1138996605.773816,2103536,7738.58719000,584406871.69029830,0
2026-05-24,76752.0,77543.15,76108.0,77064.96,8398.00156,2026-05-24 23:59:59.999,644925517.611316,1612969,4513.13276000,346628082.28819410,0
2026-05-25,77064.96,77905.52,76914.25,77322.01,7672.32197,2026-05-25 23:59:59.999,593868004.9975973,1778509,3644.38154000,282126295.70740950,0
2026-05-26,77322.01,78080.0,75677.97,75930.01,16953.47629,2026-05-26 23:59:59.999,1299609317.6975918,3360745,7867.04050000,603376144.87671510,0
2026-05-27,75930.01,76174.15,74243.99,74449.3,16877.77483,2026-05-27 23:59:59.999,1270680262.9088242,3367068,7990.81792000,601880855.35209910,0
2026-05-28,74449.31,74590.77,72582.82,73617.51,21274.02026,2026-05-28 23:59:59.999,1560808525.5072746,3799713,11285.37807000,828070542.05123320,0
2026-05-29,73617.52,74514.1,72512.49,73460.78,18686.74141,2026-05-29 23:59:59.999,1376106492.906427,2897318,10668.37212000,786121889.89003700,0
2026-05-30,73460.78,74143.76,73216.0,73884.38,7515.40909,2026-05-30 23:59:59.999,553989386.1115206,1124406,4118.11087000,303592073.26730630,0
2026-05-31,73884.38,74275.66,73400.0,73674.39,6986.45707,2026-05-31 23:59:59.999,515907532.5891972,1363437,3407.47243000,251629752.08650940,0
2026-06-01,73674.39,74092.0,70686.68,71408.9,23921.09184,2026-06-01 23:59:59.999,1723958338.6828775,4237773,11600.30396000,835109172.11680740,0
2026-06-02,71408.9,71408.9,66193.0,66760.83,32858.19586,2026-06-02 23:59:59.999,2253348577.983128,6250677,15675.49150000,1074442481.84573250,0
2026-06-03,66760.84,67516.0,64092.49,64142.75,30138.3065,2026-06-03 23:59:59.999,1998349981.8929439,6676358,14567.29572000,967367597.54736620,0
2026-06-04,64142.75,64764.32,61383.56,63885.99,43577.17571,2026-06-04 23:59:59.999,2759349733.489383,9057976,20172.82504000,1278141865.02682960,0
2026-06-05,63885.99,63978.0,59130.91,61056.47,55027.28807,2026-06-05 23:59:59.999,3379021750.503328,11658856,24879.51775000,1529682071.47000020,0
2026-06-06,61056.47,61530.05,59500.0,60884.62,19795.58877,2026-06-06 23:59:59.999,1202325958.4682336,5000874,9473.55921000,575481185.89109590,0
2026-06-07,60884.62,64234.68,60746.0,63332.01,26612.10443,2026-06-07 23:59:59.999,1656650772.813708,4752461,14156.31067000,882490717.57647540,0
2026-06-08,63332.01,64200.0,62408.0,63085.99,23053.38624,2026-06-08 23:59:59.999,1462563286.7512202,4887564,11227.99606000,712684502.06538240,0
2026-06-09,63086.0,63526.01,60780.0,61730.0,21636.21959,2026-06-09 23:59:59.999,1347322049.1623404,4347332,10357.23644000,645037339.54562680,0
2026-06-10,61730.0,62857.99,60755.0,61510.99,15998.71652,2026-06-10 23:59:59.999,986710883.5893747,4655686,7714.59491000,475908655.44227750,0
2026-06-11,61510.99,63933.02,61510.99,63625.99,17380.94642,2026-06-11 23:59:59.999,1093211866.433885,3446803,8975.49366000,564559048.55862310,0
2026-06-12,63626.0,64394.44,62829.81,63580.01,16397.0524,2026-06-12 23:59:59.999,1042661512.6796039,3154052,8373.87233000,532498396.62715990,0
2026-06-13,63580.0,64762.77,63418.66,64458.01,9960.74163,2026-06-13 23:59:59.999,637302050.4867933,1489009,5326.34918000,340833402.14969990,0
2026-06-14,64458.01,65800.0,63678.83,65746.45,13203.03375,2026-06-14 23:59:59.999,853654539.2638302,2060901,6966.04602000,450843680.32074270,0
2026-06-15,65746.45,67292.15,65354.0,66328.74,18559.80102,2026-06-15 23:59:59.999,1230675240.537974,3140494,8827.32403000,585352821.94932690,0
2026-06-16,66328.74,66992.0,65360.92,65675.01,14302.05801,2026-06-16 23:59:59.999,945125184.2518406,2964629,6709.60119000,443519254.49336060,0
2026-06-17,65675.02,66445.93,63915.77,64509.4,19048.65409,2026-06-17 23:59:59.999,1242898548.0822353,3933123,9344.30808000,609795592.73651740,0
2026-06-18,64509.4,64806.0,62272.07,62958.01,16935.59661,2026-06-18 23:59:59.999,1076015381.1924088,3573931,8148.66252000,517693581.06281080,0
2026-06-19,62958.01,63666.0,62316.44,63543.91,14247.424,2026-06-19 23:59:59.999,896102952.7753174,2671918,6709.20964000,421981528.27389670,0
2026-06-20,63543.9,64388.0,63184.21,64298.01,9522.10324,2026-06-20 23:59:59.999,607077211.7557423,1970081,4669.85879000,297796699.61223290,0
2026-06-21,64298.01,64588.0,63270.0,63311.99,8034.66333,2026-06-21 23:59:59.999,514862175.7362123,1768294,3833.13382000,245702909.42023560,0
2026-06-22,63312.0,65622.83,63312.0,64020.01,15423.10851,2026-06-22 23:59:59.999,995034557.1563458,3521337,7677.53285000,495354694.74254000,0
2026-06-23,64020.01,64275.38,61938.0,62734.57,20222.99292,2026-06-23 23:59:59.999,1268093221.2502334,3626190,9113.26740000,571633628.75893690,0
2026-06-24,62734.57,63239.06,59102.7,61077.99,30678.28543,2026-06-24 23:59:59.999,1871885814.3078947,5367531,14451.45440000,882414090.56238450,0
2026-06-25,61078.0,61962.4,58115.01,59794.0,30386.00694,2026-06-25 23:59:59.999,1822854100.0700867,5683275,14406.15352000,865169997.77465570,0
2026-06-26,59794.64,60759.99,58337.0,60097.27,27403.55723,2026-06-26 23:59:59.999,1636102058.3778124,6019134,13907.49037000,831252961.00078270,0
2026-06-27,60097.27,60941.17,59855.16,60029.0,9587.22916,2026-06-27 23:59:59.999,578765263.0698456,1763416,5067.92650000,305951190.25869870,0
2026-06-28,60029.01,60545.01,58905.0,59577.01,8907.13796,2026-06-28 23:59:59.999,533333220.8111167,2299232,4290.64588000,257041890.36057810,0
2026-06-29,59577.01,60780.57,58900.01,60260.21,20203.14178,2026-06-29 23:59:59.999,1210648237.7440155,4884336,10334.16227000,619595248.52552690,0
2026-06-30,60260.2,60276.54,58201.0,58624.71,19639.82787,2026-06-30 23:59:59.999,1157911191.4893565,3804809,8879.55126000,523471695.13157440,0
2026-07-01,58624.71,61334.0,57800.19,60024.0,25093.44662,2026-07-01 23:59:59.999,1491051306.8189511,4166849,12936.11295000,769788015.53048130,0
2026-07-02,60024.0,62200.0,59588.0,61560.0,21382.14163,2026-07-02 23:59:59.999,1308156569.7200918,3883096,11394.85517000,697154441.64965100,0
2026-07-03,61560.0,62979.86,61248.86,62583.26,14048.98627,2026-07-03 23:59:59.999,870359931.5832849,2571531,7249.98683000,449356592.07945980,0
2026-07-04,62583.26,63461.99,62328.24,63144.01,9139.8274,2026-07-04 23:59:59.999,574233846.0826051,1643288,4753.53597000,298756917.62605280,0
2026-07-05,63144.01,63999.0,62436.59,63650.0,9172.07758,2026-07-05 23:59:59.999,577866444.607444,1790183,4565.93641000,287772291.72139260,0
2026-07-06,63650.01,64700.0,61306.84,64042.02,21435.28437,2026-07-06 23:59:59.999,1347956046.4032269,3777895,11556.55192000,725800060.88856190,0
2026-07-07,64042.93,64314.0,62671.39,63363.99,16834.20823,2026-07-07 23:59:59.999,1069267686.8886092,3282102,8128.20476000,516256287.15832790,0
2026-07-08,63364.0,63761.99,61544.56,62290.0,18620.09796,2026-07-08 23:59:59.999,1160087170.620036,3598487,8338.57026000,519456686.00951760,0
2026-07-09,62290.01,63500.0,61705.29,63230.0,16742.80672,2026-07-09 23:59:59.999,1050849813.269484,3176050,7922.48357000,497503064.96286540,0
2026-07-10,63230.01,64692.83,62926.01,64161.72,17589.00122,2026-07-10 23:59:59.999,1126097961.002051,2927425,8727.50290000,558839184.58507300,0
2026-07-11,64161.72,64504.11,63819.0,63819.0,9151.97432,2026-07-11 23:59:59.999,587469874.5668087,1406178,3908.28562000,250875418.84110930,0
2026-07-12,63819.01,64290.11,63640.83,63780.0,13914.83703,2026-07-12 23:59:59.999,889938572.3679433,1919605,6757.00737000,432156662.98307140,0
2026-07-13,63780.0,64425.0,61824.97,62334.52,21682.50204,2026-07-13 23:59:59.999,1361096729.9510434,3349712,9861.43724000,618891429.73544790,0
2026-07-14,62334.52,65100.0,62272.2,65043.98,20552.41384,2026-07-14 23:59:59.999,1310854500.6805303,3080945,10847.48978000,692544328.07133690,0
2026-07-15,65043.99,65600.0,64485.0,64756.28,18401.89741,2026-07-15 23:59:59.999,1195648323.7685184,2668919,9009.48362000,585447811.84487810,0
2026-07-16,64756.28,64997.52,63748.74,63830.2,18764.52679,2026-07-16 23:59:59.999,1206498386.3771937,2813481,9007.30607000,579112000.22671970,0
2026-07-17,63830.2,64387.99,62537.56,63931.67,18189.89389,2026-07-17 23:59:59.999,1152546029.3402514,3239296,8618.43801000,545926712.67857150,0
2026-07-18,63931.67,64865.0,63886.65,64834.22,8031.18012,2026-07-18 23:59:59.999,515954648.6863699,1088701,4100.21428000,263412780.44647870,0
2026-07-19,64834.21,64967.25,64280.0,64722.54,8379.91474,2026-07-19 23:59:59.999,541559101.9129946,1464337,4281.97001000,276728781.26507170,0
2026-07-20,64722.55,65799.0,63100.0,65255.51,21323.48702,2026-07-20 23:59:59.999,1379182710.2630444,3606847,10104.82668000,654547128.90542850,0
2026-07-21,65255.51,66956.15,65148.75,66556.16,18618.28087,2026-07-21 23:59:59.999,1232802690.07422,3005241,9545.80868000,632017323.47323100,0
2026-07-22,66556.15,66739.89,65553.67,66114.49,18074.86602,2026-07-22 23:59:59.999,1193958918.306832,3381825,8854.46937000,585011981.67154300,0
2026-07-23,66114.5,66313.14,64650.0,65098.97,14698.22673,2026-07-23 23:59:59.999,959991207.460394,2557299,7036.32429000,459602971.04271410,0
2026-07-24,65098.98,65808.59,63739.75,64139.99,16821.2718,2026-07-24 23:59:59.999,1086879409.1640515,2467691,8133.22286000,525535644.02044620,0
2026-07-25,64140.0,64475.28,63810.0,64375.0,8863.0503,2026-07-25 23:59:59.999,568282056.0835841,1005338,4621.49495000,296311657.92594380,0
2026-07-26,64375.01,65577.0,64293.81,65399.99,7933.06089,2026-07-26 23:59:59.999,513834097.4623594,1138023,4091.47971000,265047345.63367550,0
2026-07-27,65400.0,65744.6,63605.56,63755.86,14791.90543,2026-07-27 23:59:59.999,961311197.9853868,2921636,6694.82928000,435156822.31787570,0
2026-07-28,63755.86,64100.0,62742.47,63915.0,13889.82996,2026-07-28 23:59:59.999,881901504.4936239,2679943,7070.02830000,449032421.85857520,0
2026-07-29,63915.0,64744.81,63267.34,63984.28,16780.11912,2026-07-29 23:59:59.999,1075624907.649938,3615294,8931.61763000,572491996.78194980,0
2026-07-30,63984.29,65176.6,63603.92,64780.02,17131.58486,2026-07-30 23:59:59.999,1104856756.9244137,3246691,8996.19220000,580226535.02641050,0
2026-07-31,64780.03,65409.56,62466.0,62887.88,20475.60686,2026-07-31 23:59:59.999,1302023180.8966825,2740238,9659.56143000,614195527.41951000,0
2026-08-01,62887.88,63150.0,62275.0,62823.64,7563.08904,2026-08-01 23:59:59.999,475812069.762356,831983,3772.23898000,237336841.66406610,0
2026-08-02,62823.65,63796.33,62806.58,63570.0,8387.01154,2026-08-02 23:59:59.999,531238376.4212737,1286064,4566.33112000,289282425.13673770,0
2026-08-03,63570.01,64080.0,62300.0,63520.0,15543.29743,2026-08-03 23:59:59.999,983698515.9557792,2494364,7987.90387000,505558159.39526640,0
2026-08-04,63520.0,64549.16,63322.01,64106.56,13690.47909,2026-08-04 23:59:59.999,875057683.2964723,2388039,7360.46366000,470519870.70858920,0
2026-08-05,64106.55,65025.22,63880.0,64665.23,12742.85528,2026-08-05 23:59:59.999,820929974.2552497,2402227,6522.48250000,420180741.60884970,0
2026-08-06,64665.24,64999.0,64172.0,64323.61,9864.43284,2026-08-06 23:59:59.999,637366646.7167077,2087951,4666.15261000,301530716.38684180,0
2026-08-07,64323.61,65390.99,64166.0,64923.19,11807.40403,2026-08-07 23:59:59.999,765604113.5355588,2283383,5639.26621000,365759790.12034750,0
2026-08-08,64923.2,65192.54,64784.19,64962.6,5760.14298,2026-08-08 23:59:59.999,374451358.8306199,540447,2810.00611000,182668411.39869090,0
2026-08-09,64962.6,65474.46,64730.08,64901.59,7031.23606,2026-08-09 23:59:59.999,457366207.4042235,803981,3207.32922000,208616902.93426420,0
2026-08-10,64901.59,65391.14,63806.27,63970.01,13638.40877,2026-08-10 23:59:59.999,880502559.6531125,2054347,6946.62767000,448395344.72269970,0
2026-08-11,63970.01,64515.43,63238.0,63600.0,12891.63248,2026-08-11 23:59:59.999,823992195.6659181,1660517,6363.01318000,406580591.52596730,0
2026-08-12,63600.01,64500.0,63310.34,63479.99,13627.06822,2026-08-12 23:59:59.999,868963134.2285606,1990499,6993.82626000,445813941.04264210,0
2026-08-13,63479.99,64010.0,62802.27,63490.86,10793.85853,2026-08-13 23:59:59.999,685844694.2494848,2078777,5588.30192000,355148234.43938670,0
2026-08-14,63490.86,63617.45,62535.24,63043.56,12340.82899,2026-08-14 23:59:59.999,777408844.7057977,2184530,6678.27723000,420633226.24807670,0
2026-08-15,63043.56,63187.98,62920.0,63086.01,5405.16038,2026-08-15 23:59:59.999,340890632.3578836,540313,3110.52011000,196180469.50074570,0
2026-08-16,63086.01,63390.0,62716.0,62900.0,4737.23135,2026-08-16 23:59:59.999,298698048.5551315,640294,2498.03555000,157497828.26996570,0
2026-08-17,62900.0,64610.01,62751.1,64532.1,14255.64713,2026-08-17 23:59:59.999,909366051.0685227,2111256,7186.91098000,458508023.19464200,0
2026-08-18,64532.11,65058.81,64027.85,64725.42,11789.91312,2026-08-18 23:59:59.999,759405329.8294215,1608019,5759.24912000,370988128.63305250,0
2026-08-19,64725.42,70000.0,64166.0,69334.79,29054.29976,2026-08-19 23:59:59.999,1954769139.093191,4160596,15646.86527000,1052899268.55794110,0
2026-08-20,69334.78,73400.0,68902.22,73025.15,35904.79287,2026-08-20 23:59:59.999,2562053707.6099834,6249114,18144.94133000,1294796740.99114590,0
2026-08-21,73027.02,79500.0,73027.02,78338.03,44339.56568,2026-08-21 23:59:59.999,3401672760.033361,8928944,23033.87661000,1766188726.33158330,0
2026-08-22,78338.03,78828.15,76500.0,77074.93,18524.50847,2026-08-22 23:59:59.999,1433768388.597238,3950045,9413.19226000,728650560.29909650,0
2026-08-23,77074.94,78052.85,75545.67,77734.0,15367.23185,2026-08-23 23:59:59.999,1182628276.059433,3627829,8207.35031000,631901958.23575150,0
2026-08-24,77734.0,80000.0,76670.01,78992.75,30179.29391,2026-08-24 23:59:59.999,2367960844.302849,6334409,15033.99548000,1180076077.88272360,0
2026-08-25,78992.76,81272.62,77851.0,78539.14,24772.51394,2026-08-25 23:59:59.999,1972170530.2745976,6360202,12633.43254000,1006294174.85469470,0
2026-08-26,78539.13,79251.6,77632.58,79023.75,14613.75887,2026-08-26 23:59:59.999,1148236055.8792386,4284527,7299.27224000,573666484.09954990,0
2026-08-27,79023.75,80848.74,78546.13,80249.58,16265.53695,2026-08-27 23:59:59.999,1297370375.4734786,4932285,7358.50047000,587134078.76529430,0
2026-08-28,80249.59,81478.87,76888.0,77845.87,19756.43646,2026-08-28 23:59:59.999,1560927602.2789407,4822157,9300.40971000,735228439.30105630,0
2026-08-29,77845.88,78330.0,77382.37,78230.0,7016.30257,2026-08-29 23:59:59.999,545867984.8485777,1519886,3594.89663000,279676173.87169260,0
2026-08-30,78230.0,79400.0,77000.0,77682.0,9085.42405,2026-08-30 23:59:59.999,712506539.5644648,2404922,4314.34369000,338432867.34651110,0
2026-08-31,77682.0,79250.0,77392.0,78581.29,15303.90602,2026-08-31 23:59:59.999,1198158182.2374198,4354737,8150.63510000,638244851.35762190,0
2026-09-01,78581.3,79220.61,76420.0,77439.0,14130.63949,2026-09-01 23:59:59.999,1101387276.6513293,3662805,7128.14511000,555981558.22935560,0
2026-09-02,77439.01,77792.0,76264.0,77340.01,13070.9782,2026-09-02 23:59:59.999,1008333112.5875233,3312492,6647.38296000,512773293.69380870,0
2026-09-03,77340.01,82300.0,76968.0,81270.37,19806.42247,2026-09-03 23:59:59.999,1579639079.8471653,4460645,10841.35467000,864605005.48359890,0
2026-09-04,81270.37,81427.75,78660.0,79660.77,19198.62549,2026-09-04 23:59:59.999,1538393292.4845457,3417900,9282.35949000,744028777.52453620,0
2026-09-05,79660.77,80200.0,79442.0,79831.75,9117.2402,2026-09-05 23:59:59.999,727162100.1671113,1276050,4255.28225000,339348475.70742010,0
2026-09-06,79831.75,80107.99,79577.0,80003.92,4083.189,2026-09-06 23:59:59.999,326204106.9017197,642063,1703.58575000,136113227.38461900,0
