open_time,open,high,low,close,volume,close_time,quote_asset_volume,number_of_trades,taker_buy_base_asset_volume,taker_buy_quote_asset_volume,ignore
2026-08-27 01:15:00,78667.63,78961.48,78546.13,78936.04,213.62255,2026-08-27 01:29:59.999,16803486.3959809,50510,57.61649000,4535596.82870980,0
2026-08-27 01:30:00,78936.04,78979.76,78717.97,78717.98,86.5153,2026-08-27 01:44:59.999,6821345.3430794,45698,34.12813000,2690695.91334590,0
2026-08-27 01:45:00,78717.97,79017.99,78708.01,78898.67,101.56415,2026-08-27 01:59:59.999,8016012.4442987,35169,44.96627000,3547758.82623520,0
2026-08-27 02:00:00,78898.68,78978.0,78852.0,78884.26,67.70235,2026-08-27 02:14:59.999,5342955.7459794,30506,31.50680000,2486210.83406730,0
2026-08-27 02:15:00,78884.27,78884.27,78727.42,78757.21,51.00218,2026-08-27 02:29:59.999,4019251.4505204,29119,19.01985000,1498697.78656330,0
2026-08-27 02:30:00,78757.22,78800.0,78712.0,78736.64,39.65932,2026-08-27 02:44:59.999,3123491.590686,19896,18.14128000,1428818.81390320,0
2026-08-27 02:45:00,78736.64,78791.99,78704.62,78717.76,270.65796,2026-08-27 02:59:59.999,21307228.6349696,33453,35.12257000,2765142.58327590,0
2026-08-27 03:00:00,78717.76,78778.0,78670.0,78677.34,130.96583,2026-08-27 03:14:59.999,10308330.1135569,22143,23.01886000,1812097.51293470,0
2026-08-27 03:15:00,78677.34,78990.0,78643.23,78896.01,88.50233,2026-08-27 03:29:59.999,6976215.1150899,41257,51.66511000,4072196.64685790,0
2026-08-27 03:30:00,78896.0,78926.0,78834.51,78876.5,79.02797,2026-08-27 03:44:59.999,6233323.1298033,28286,39.67607000,3129507.65817540,0
2026-08-27 03:45:00,78876.51,78919.97,78775.44,78830.68,58.79466,2026-08-27 03:59:59.999,4635373.5737788,26127,23.70766000,1869112.37749990,0
2026-08-27 04:00:00,78830.68,78888.69,78800.0,78862.47,39.57399,2026-08-27 04:14:59.999,3120305.2836084,26356,17.30203000,1364212.01670480,0
2026-08-27 04:15:00,78862.46,78900.0,78785.05,78785.06,43.06633,2026-08-27 04:29:59.999,3396064.830922,25890,14.87833000,1173234.89968250,0
2026-08-27 04:30:00,78785.06,78814.0,78684.18,78813.99,51.91525,2026-08-27 04:44:59.999,4087447.803816,21436,24.04891000,1893397.85612260,0
2026-08-27 04:45:00,78814.0,78820.0,78708.95,78783.99,47.05835,2026-08-27 04:59:59.999,3706036.2676665,18049,21.75318000,1713049.86411990,0
2026-08-27 05:00:00,78783.99,78784.0,78650.0,78650.01,56.4523,2026-08-27 05:14:59.999,4442939.0199691,19391,19.69848000,1550060.09426190,0
2026-08-27 05:15:00,78650.01,78804.0,78629.75,78662.52,64.54783,2026-08-27 05:29:59.999,5079026.8840997,20101,18.67473000,1469889.83904310,0
2026-08-27 05:30:00,78662.52,78800.0,78600.0,78715.87,89.74831,2026-08-27 05:44:59.999,7061034.4180592,26528,29.92601000,2354684.37935190,0
2026-08-27 05:45:00,78715.88,78928.0,78707.95,78912.55,86.5801,2026-08-27 05:59:59.999,6826213.1438731,26386,41.54568000,3275504.09104680,0
2026-08-27 06:00:00,78912.54,78912.55,78651.73,78677.77,88.66748,2026-08-27 06:14:59.999,6983506.475365,23462,48.80029000,3842733.36243330,0
2026-08-27 06:15:00,78677.77,78796.0,78604.78,78651.85,163.51639,2026-08-27 06:29:59.999,12863735.5581326,36836,73.77501000,5803516.89184050,0
2026-08-27 06:30:00,78651.85,78794.0,78651.84,78750.0,95.68951,2026-08-27 06:44:59.999,7533901.6319304,28320,37.96252000,2988522.05043560,0
2026-08-27 06:45:00,78749.99,78842.38,78749.99,78817.49,51.27665,2026-08-27 06:59:59.999,4040684.8905271,21278,20.37767000,1605696.22670180,0
2026-08-27 07:00:00,78817.5,78861.46,78768.87,78832.42,34.37709,2026-08-27 07:14:59.999,2708747.7574698,16746,13.09680000,1031955.18691660,0
2026-08-27 07:15:00,78832.41,78841.33,78754.0,78795.45,65.52024,2026-08-27 07:29:59.999,5163231.742672,16032,28.89486000,2276724.96073820,0
2026-08-27 07:30:00,78795.45,78877.93,78795.44,78838.0,93.58335,2026-08-27 07:44:59.999,7379439.104132,29252,37.51797000,2958174.60435440,0
2026-08-27 07:45:00,78838.0,79095.99,78838.0,79082.17,152.46048,2026-08-27 07:59:59.999,12039780.465223,28877,78.08895000,6166810.28450040,0
2026-08-27 08:00:00,79082.18,79875.0,79048.0,79635.93,804.26616,2026-08-27 08:14:59.999,63996811.2720906,113658,413.27233000,32863687.07152650,0
2026-08-27 08:15:00,79635.94,79749.99,79442.55,79749.99,286.91577,2026-08-27 08:29:59.999,22831255.441851,81923,133.48763000,10623223.17941620,0
2026-08-27 08:30:00,79749.99,79995.85,79718.0,79917.32,280.68426,2026-08-27 08:44:59.999,22408196.5013577,86871,124.94256000,9975863.92079680,0
2026-08-27 08:45:00,79917.32,80022.0,79700.0,79755.99,333.75598,2026-08-27 08:59:59.999,26659963.9116476,75894,212.54566000,16980493.23273400,0
2026-08-27 09:00:00,79756.0,79884.54,79683.09,79877.28,178.95995,2026-08-27 09:14:59.999,14280257.1986775,72764,77.16150000,6156696.64284640,0
2026-08-27 09:15:00,79877.27,80497.76,79787.58,80493.86,472.7806,2026-08-27 09:29:59.999,37906048.717761,116486,263.28113000,21111084.76393430,0
2026-08-27 09:30:00,80493.87,80520.0,80199.53,80253.57,215.94019,2026-08-27 09:44:59.999,17344427.1400911,68116,113.38386000,9108426.80224820,0
2026-08-27 09:45:00,80253.57,80277.0,79919.6,79986.0,264.1991,2026-08-27 09:59:59.999,21162342.5599182,51738,52.02985000,4167678.71015530,0
2026-08-27 10:00:00,79986.0,80158.15,79806.17,79932.76,167.98483,2026-08-27 10:14:59.999,13441264.3841298,60356,68.09194000,5448709.11850340,0
2026-08-27 10:15:00,79932.76,80020.0,79342.0,79664.56,247.54901,2026-08-27 10:29:59.999,19732084.0996142,88585,101.74483000,8109714.72963200,0
2026-08-27 10:30:00,79664.56,79676.0,79368.5,79609.1,158.28847,2026-08-27 10:44:59.999,12591521.766036,70301,60.20287000,4788714.28152680,0
2026-08-27 10:45:00,79609.11,79626.0,79496.0,79626.0,110.84944,2026-08-27 10:59:59.999,8820084.4994995,38368,48.46741000,3856521.93641090,0
2026-08-27 11:00:00,79625.99,79754.0,79553.23,79754.0,105.76368,2026-08-27 11:14:59.999,8424899.4800135,52408,48.85132000,3891761.02726740,0
2026-08-27 11:15:00,79753.99,79766.3,79496.0,79523.99,105.17836,2026-08-27 11:29:59.999,8380922.956578,42053,57.99774000,4622093.47292570,0
2026-08-27 11:30:00,79524.0,79562.38,79390.0,79438.51,192.92789,2026-08-27 11:44:59.999,15326037.0465371,50086,76.63915000,6088255.45587390,0
2026-08-27 11:45:00,79438.5,79500.0,79172.65,79477.67,217.24453,2026-08-27 11:59:59.999,17243279.0356448,54667,99.06259000,7864132.52115830,0
2026-08-27 12:00:00,79477.66,79555.98,79378.0,79498.01,175.07201,2026-08-27 12:14:59.999,13911636.0753692,59712,82.77752000,6577744.09025540,0
2026-08-27 12:15:00,79498.01,79596.0,79394.0,79551.0,84.48899,2026-08-27 12:29:59.999,6717095.612075,46919,34.54264000,2746436.38393050,0
2026-08-27 12:30:00,79551.0,79551.0,79268.77,79273.63,140.42746,2026-08-27 12:44:59.999,11147482.1484319,63252,54.42419000,4320304.38524490,0
2026-08-27 12:45:00,79273.62,79355.92,79266.0,79282.31,105.97672,2026-08-27 12:59:59.999,8403514.3696688,38069,55.63514000,4411563.97779720,0
2026-08-27 13:00:00,79282.31,79377.99,79269.52,79362.46,151.22443,2026-08-27 13:14:59.999,11995186.0878968,59200,46.82549000,3714168.16620590,0
2026-08-27 13:15:00,79362.5,79486.0,79300.14,79352.62,188.61732,2026-08-27 13:29:59.999,14974498.4698531,62204,76.50194000,6074057.81599540,0
2026-08-27 13:30:00,79352.63,79364.0,79090.27,79236.23,395.42962,2026-08-27 13:44:59.999,31325015.88217,156847,172.26961000,13647639.72247920,0
2026-08-27 13:45:00,79236.24,79568.0,78920.0,79533.15,408.05051,2026-08-27 13:59:59.999,32327149.524797,139152,185.51131000,14699292.19980070,0
2026-08-27 14:00:00,79533.16,79799.99,79354.47,79457.22,364.40059,2026-08-27 14:14:59.999,28990452.7801359,141967,180.16295000,14334058.59025450,0
2026-08-27 14:15:00,79457.23,79911.45,79395.29,79911.45,283.21208,2026-08-27 14:29:59.999,22588144.6040405,117385,151.71321000,12099800.92493210,0
2026-08-27 14:30:00,79911.45,80388.0,79804.0,80365.08,460.86581,2026-08-27 14:44:59.999,36907761.2688809,143237,219.39726000,17574611.19068050,0
2026-08-27 14:45:00,80365.09,80365.09,80004.47,80204.05,355.71332,2026-08-27 14:59:59.999,28510873.1829445,103633,150.99945000,12103201.84792850,0
2026-08-27 15:00:00,80204.06,80799.91,80094.0,80677.08,534.18882,2026-08-27 15:14:59.999,42973950.8020585,141914,293.93463000,23645161.84318890,0
2026-08-27 15:15:00,80677.09,80729.99,80397.23,80600.0,364.98004,2026-08-27 15:29:59.999,29406392.296506,137123,189.97895000,15305167.33047280,0
2026-08-27 15:30:00,80600.0,80608.0,80342.1,80491.78,306.54607,2026-08-27 15:44:59.999,24666935.6493203,113995,133.54657000,10746283.38437160,0
2026-08-27 15:45:00,80491.78,80508.09,80299.14,80302.32,209.63471,2026-08-27 15:59:59.999,16848324.4963417,72104,66.94645000,5380383.94716420,0
2026-08-27 16:00:00,80302.32,80536.0,80189.39,80408.0,269.17024,2026-08-27 16:14:59.999,21628665.6588325,81359,109.35363000,8787421.13129150,0
2026-08-27 16:15:00,80408.0,80533.99,80392.0,80412.0,236.29069,2026-08-27 16:29:59.999,19016131.3993108,78262,86.40100000,6953504.55762710,0
2026-08-27 16:30:00,80412.0,80624.0,80268.0,80572.0,254.58644,2026-08-27 16:44:59.999,20478454.8741214,71040,119.04916000,9577071.58927020,0
2026-08-27 16:45:00,80572.01,80603.36,80350.0,80374.0,197.93321,2026-08-27 16:59:59.999,15923361.2578794,70164,81.28768000,6538751.56864290,0
2026-08-27 17:00:00,80374.0,80662.0,80230.0,80623.72,227.3681,2026-08-27 17:14:59.999,18288966.6445675,86589,97.51054000,7844980.18122470,0
2026-08-27 17:15:00,80623.71,80848.74,80593.58,80713.59,310.03487,2026-08-27 17:29:59.999,25032509.5942937,91415,164.80348000,13305737.89840770,0
2026-08-27 17:30:00,80713.59,80806.76,80462.0,80484.0,335.66602,2026-08-27 17:44:59.999,27088457.1205182,54730,126.18505000,10181235.19778640,0
2026-08-27 17:45:00,80484.0,80566.39,80432.0,80442.46,100.69176,2026-08-27 17:59:59.999,8104212.2551041,33721,40.28943000,3242519.05395020,0
2026-08-27 18:00:00,80442.47,80442.47,79982.38,80076.76,222.03517,2026-08-27 18:14:59.999,17816005.2860568,58878,82.29468000,6602243.08034350,0
2026-08-27 18:15:00,80076.76,80194.0,79749.7,79912.0,234.9064,2026-08-27 18:29:59.999,18778625.2732926,74493,102.21972000,8172623.10224170,0
2026-08-27 18:30:00,79911.99,80014.81,79826.9,79964.07,112.45163,2026-08-27 18:44:59.999,8988584.1686541,31064,49.81537000,3981692.38099010,0
2026-08-27 18:45:00,79964.06,80159.11,79910.0,80150.69,93.43224,2026-08-27 18:59:59.999,7476968.9753377,25878,60.62085000,4851727.21064470,0
2026-08-27 19:00:00,80150.69,80294.11,80115.45,80163.26,95.67814,2026-08-27 19:14:59.999,7673832.7934035,31907,52.06615000,4176180.01263020,0
2026-08-27 19:15:00,80163.26,80232.0,80042.41,80177.03,103.86491,2026-08-27 19:29:59.999,8322270.7977459,29587,38.49353000,3084227.20814970,0
2026-08-27 19:30:00,80177.04,80226.0,79980.0,80007.6,149.80518,2026-08-27 19:44:59.999,11998265.3974493,27675,64.69744000,5181754.42847740,0
2026-08-27 19:45:00,80007.61,80051.4,79886.0,79910.19,165.26029,2026-08-27 19:59:59.999,13217562.8261655,27802,82.38610000,6589690.43019630,0
2026-08-27 20:00:00,79910.19,80051.68,79882.86,79957.2,99.89692,2026-08-27 20:14:59.999,7987705.8718378,33456,44.79674000,3581926.95122830,0
2026-08-27 20:15:00,79957.21,80120.0,79952.01,79988.02,75.3055,2026-08-27 20:29:59.999,6026506.1861291,25345,35.34607000,2828523.23217720,0
2026-08-27 20:30:00,79988.03,80051.75,79978.0,80020.02,34.06216,2026-08-27 20:44:59.999,2725157.1260711,13577,19.14535000,1531693.20742340,0
2026-08-27 20:45:00,80020.01,80096.0,79966.05,80096.0,73.60795,2026-08-27 20:59:59.999,5890166.0540742,25811,42.61939000,3410005.68379080,0
2026-08-27 21:00:00,80096.0,80155.99,80018.0,80097.55,105.73539,2026-08-27 21:14:59.999,8468268.9952076,22845,35.19351000,2818489.28813140,0
2026-08-27 21:15:00,80097.55,80129.9,79992.0,80034.19,59.10351,2026-08-27 21:29:59.999,4730864.0757903,19322,26.00194000,2081388.10919540,0
2026-08-27 21:30:00,80034.19,80126.0,79975.74,80023.99,62.91133,2026-08-27 21:44:59.999,5036674.7592571,23386,21.68446000,1735679.45854500,0
2026-08-27 21:45:00,80024.0,80184.0,80008.01,80184.0,50.66519,2026-08-27 21:59:59.999,4058065.0731872,20436,29.26473000,2344107.38685220,0
2026-08-27 22:00:00,80184.0,80321.04,80183.99,80250.1,75.18532,2026-08-27 22:14:59.999,6034316.4430371,29524,44.78526000,3594201.44042230,0
2026-08-27 22:15:00,80250.11,80432.36,80204.33,80238.71,272.16209,2026-08-27 22:29:59.999,21851546.2641572,37627,114.70361000,9210214.26463490,0
2026-08-27 22:30:00,80238.71,80289.61,80150.0,80284.04,102.40625,2026-08-27 22:44:59.999,8214713.2009989,31576,68.98403000,5533293.63534670,0
2026-08-27 22:45:00,80284.03,80303.22,80218.0,80303.21,84.48707,2026-08-27 22:59:59.999,6781657.2596454,14935,55.14591000,4426548.57356810,0
2026-08-27 23:00:00,80303.21,80312.86,80150.0,80167.03,125.28221,2026-08-27 23:14:59.999,10055843.8751408,23548,79.21010000,6358705.76762050,0
2026-08-27 23:15:00,80167.02,80393.6,80134.0,80321.96,69.12175,2026-08-27 23:29:59.999,5550551.8632616,35782,40.14716000,3223632.18635840,0
2026-08-27 23:30:00,80321.95,80327.04,80248.0,80262.06,55.94696,2026-08-27 23:44:59.999,4491617.8883006,19179,25.91625000,2080563.91354930,0
2026-08-27 23:45:00,80262.06,80315.25,80192.08,80249.58,79.47439,2026-08-27 23:59:59.999,6378505.9211576,24086,31.49764000,2527859.82818550,0
2026-08-28 00:00:00,80249.59,80270.0,80153.99,80216.59,117.43507,2026-08-28 00:14:59.999,9420423.387253,27768,63.21334000,5070387.21364610,0
2026-08-28 00:15:00,80216.59,80460.52,80216.58,80421.58,152.25704,2026-08-28 00:29:59.999,12237413.2268422,44996,96.36750000,7744358.50270220,0
2026-08-28 00:30:00,80421.58,80500.0,80358.61,80418.23,98.84376,2026-08-28 00:44:59.999,7949583.5538771,38993,48.42399000,3894844.43806180,0
2026-08-28 00:45:00,80418.22,80705.37,80349.1,80576.0,148.06109,2026-08-28 00:59:59.999,11921703.8749451,47198,84.39784000,6796623.77531820,0
2026-08-28 01:00:00,80575.99,80876.04,80575.99,80754.45,188.50654,2026-08-28 01:14:59.999,15224418.475993,68030,118.38391000,9561094.02300350,0
2026-08-28 01:15:00,80754.45,81175.94,80692.0,81130.98,479.54479,2026-08-28 01:29:59.999,38848481.6421056,85125,329.15619000,26667043.64691910,0
2026-08-28 01:30:00,81130.97,81478.87,80810.81,80844.03,576.32979,2026-08-28 01:44:59.999,46765579.1805957,110636,274.34916000,22267774.02510060,0
2026-08-28 01:45:00,80844.03,80884.0,80434.15,80500.38,218.66977,2026-08-28 01:59:59.999,17633737.6968594,73102,100.87145000,8133393.84661880,0
2026-08-28 02:00:00,80500.38,80500.38,80229.04,80235.83,241.17041,2026-08-28 02:14:59.999,19383840.2049365,66650,94.57269000,7601287.05676070,0
2026-08-28 02:15:00,80235.83,80293.92,79917.88,79917.89,466.25028,2026-08-28 02:29:59.999,37325355.1458968,92725,195.80335000,15668774.08302850,0
2026-08-28 02:30:00,79917.88,80153.48,79822.4,80037.99,253.15353,2026-08-28 02:44:59.999,20252236.5274864,60795,135.45352000,10836492.45732100,0
2026-08-28 02:45:00,80038.0,80038.0,79723.02,79926.11,229.63087,2026-08-28 02:59:59.999,18340217.8950482,62937,85.85089000,6856937.83186690,0
2026-08-28 03:00:00,79926.11,79974.0,79775.61,79876.0,116.47994,2026-08-28 03:14:59.999,9303564.8042461,46996,65.37987000,5221997.50242270,0
2026-08-28 03:15:00,79876.0,80060.01,79874.0,79910.0,172.91101,2026-08-28 03:29:59.999,13833833.1333932,31929,70.35650000,5627263.91619480,0
2026-08-28 03:30:00,79910.01,79991.32,79812.0,79814.57,130.49142,2026-08-28 03:44:59.999,10424424.4548161,32639,57.59854000,4601703.80025430,0
2026-08-28 03:45:00,79814.56,79863.04,79778.66,79810.49,110.81216,2026-08-28 03:59:59.999,8844601.7666559,23600,58.83491000,4695810.70782160,0
2026-08-28 04:00:00,79810.48,79844.69,79603.81,79844.69,224.54992,2026-08-28 04:14:59.999,17907029.2267469,45549,114.88282000,9161674.42080060,0
2026-08-28 04:15:00,79844.68,79970.5,79816.0,79816.01,172.79041,2026-08-28 04:29:59.999,13803135.033485,32923,124.97602000,9982712.06622780,0
2026-08-28 04:30:00,79816.0,79840.0,79630.05,79705.26,75.84724,2026-08-28 04:44:59.999,6045631.8601197,29160,30.88568000,2462130.29786290,0
2026-08-28 04:45:00,79705.26,79744.75,79617.74,79643.81,89.68035,2026-08-28 04:59:59.999,7144764.8969103,23336,45.75471000,3645710.76893830,0
2026-08-28 05:00:00,79643.8,79720.87,79558.11,79634.0,126.85578,2026-08-28 05:14:59.999,10099500.9649539,38624,49.60649000,3949576.47604320,0
2026-08-28 05:15:00,79634.0,79731.5,79574.38,79731.5,61.28888,2026-08-28 05:29:59.999,4881641.5003002,23696,35.91952000,2861162.81992860,0
2026-08-28 05:30:00,79731.49,79861.46,79703.83,79806.23,54.97257,2026-08-28 05:44:59.999,4386305.5389629,19779,35.58937000,2839787.54645770,0
2026-08-28 05:45:00,79806.23,79872.6,79647.64,79686.0,83.46381,2026-08-28 05:59:59.999,6657642.220023,27220,35.80268000,2856149.14429790,0
2026-08-28 06:00:00,79686.0,79903.26,79685.99,79903.26,110.93048,2026-08-28 06:14:59.999,8858101.8506329,34965,65.71494000,5247195.01530460,0
2026-08-28 06:15:00,79903.26,79903.26,79800.45,79827.15,79.87914,2026-08-28 06:29:59.999,6378580.7425603,33523,33.46030000,2671870.79375110,0
2026-08-28 06:30:00,79827.14,79874.0,79800.0,79861.98,66.2916,2026-08-28 06:44:59.999,5292602.4586367,35695,28.45339000,2271683.81891470,0
2026-08-28 06:45:00,79861.99,79999.0,79861.98,79904.21,102.03108,2026-08-28 06:59:59.999,8157281.7713918,32918,59.97134000,4794525.24021520,0
2026-08-28 07:00:00,79904.21,79904.21,79662.13,79687.62,109.62977,2026-08-28 07:14:59.999,8748279.9080468,28886,21.81353000,1740248.40489840,0
2026-08-28 07:15:00,79687.62,79813.74,79678.0,79805.27,67.43658,2026-08-28 07:29:59.999,5377198.0419755,18618,37.64566000,3001956.21447370,0
2026-08-28 07:30:00,79805.27,79805.28,79573.36,79578.15,397.07246,2026-08-28 07:44:59.999,31642419.4186185,44224,57.71064000,4597464.19635420,0
2026-08-28 07:45:00,79578.15,79675.61,79575.27,79660.0,443.96761,2026-08-28 07:59:59.999,35358318.5851176,51287,124.08463000,9881969.09746030,0
2026-08-28 08:00:00,79660.0,79840.0,79659.99,79738.52,113.65215,2026-08-28 08:14:59.999,9063005.0842166,27278,41.33219000,3296272.37006900,0
2026-08-28 08:15:00,79738.51,79835.81,79738.51,79788.72,74.5468,2026-08-28 08:29:59.999,5948963.6619283,16394,48.74735000,3889944.58322920,0
2026-08-28 08:30:00,79788.73,79819.45,79716.48,79716.48,176.15679,2026-08-28 08:44:59.999,14054161.1678943,32572,104.84966000,8365472.32800080,0
2026-08-28 08:45:00,79716.48,79724.53,79480.0,79516.78,161.85222,2026-08-28 08:59:59.999,12877207.3228014,43519,40.79190000,3245215.19184980,0
2026-08-28 09:00:00,79516.77,79516.78,79259.43,79382.86,219.2346,2026-08-28 09:14:59.999,17401610.1160455,54767,88.44108000,7020002.60066290,0
2026-08-28 09:15:00,79382.86,79460.41,79377.33,79377.34,95.82538,2026-08-28 09:29:59.999,7610090.8536393,17719,78.28176000,6216917.93683050,0
2026-08-28 09:30:00,79377.34,79445.0,79276.0,79277.82,133.24376,2026-08-28 09:44:59.999,10574295.6967174,29247,71.89824000,5706873.05802270,0
2026-08-28 09:45:00,79277.81,79350.0,79273.78,79285.19,93.44069,2026-08-28 09:59:59.999,7410343.322656,22549,44.62010000,3538576.19937620,0
2026-08-28 10:00:00,79285.19,79308.01,79001.01,79220.48,280.12601,2026-08-28 10:14:59.999,22169684.5784175,54556,118.91951000,9411614.36512290,0
2026-08-28 10:15:00,79220.49,79308.39,79152.0,79303.65,96.77274,2026-08-28 10:29:59.999,7665788.7555354,22359,53.27763000,4220686.09738850,0
2026-08-28 10:30:00,79303.65,79373.39,79294.57,79328.76,64.56269,2026-08-28 10:44:59.999,5122086.8049547,20497,35.05319000,2780875.90872300,0
2026-08-28 10:45:00,79328.75,79571.99,79316.17,79565.89,107.31007,2026-08-28 10:59:59.999,8525085.0442716,32198,70.79222000,5624006.82032380,0
2026-08-28 11:00:00,79565.9,79720.36,79555.22,79694.0,111.16337,2026-08-28 11:14:59.999,8854496.1949116,35910,58.31852000,4644968.79851600,0
2026-08-28 11:15:00,79694.0,79770.29,79650.0,79668.83,120.37439,2026-08-28 11:29:59.999,9595008.5013801,24655,48.31235000,3850938.59444980,0
2026-08-28 11:30:00,79668.83,79745.2,79582.9,79626.03,108.32128,2026-08-28 11:44:59.999,8626726.0006923,22406,34.83443000,2774392.66537770,0
2026-08-28 11:45:00,79626.03,79644.88,79560.12,79604.13,54.22033,2026-08-28 11:59:59.999,4315484.4320991,13866,21.65927000,1723811.76871390,0
2026-08-28 12:00:00,79604.12,79672.77,79512.34,79535.73,77.32838,2026-08-28 12:14:59.999,6153897.567513,25360,35.16269000,2798412.33603780,0
2026-08-28 12:15:00,79535.73,79727.36,79526.0,79526.0,99.12629,2026-08-28 12:29:59.999,7891726.0512728,35744,44.97127000,3580315.05716100,0
2026-08-28 12:30:00,79526.0,79532.52,79306.11,79416.88,144.62704,2026-08-28 12:44:59.999,11485302.3931898,34974,57.40943000,4559523.03952260,0
2026-08-28 12:45:00,79416.88,79440.0,79356.07,79421.05,78.97146,2026-08-28 12:59:59.999,6270453.6663755,17764,34.77489000,2761034.60486050,0
2026-08-28 13:00:00,79421.04,79477.67,79288.0,79371.28,82.21118,2026-08-28 13:14:59.999,6526652.6870437,29697,44.27998000,3515628.38265130,0
2026-08-28 13:15:00,79371.28,79375.24,79070.0,79199.22,143.97492,2026-08-28 13:29:59.999,11404042.4754278,30263,56.21441000,4453038.87803280,0
2026-08-28 13:30:00,79199.21,79356.08,79034.56,79088.0,199.38694,2026-08-28 13:44:59.999,15789161.945872,82379,102.70787000,8133909.69648250,0
2026-08-28 13:45:00,79087.99,79635.01,79072.56,79330.75,417.65166,2026-08-28 13:59:59.999,33157925.8972929,74834,257.97590000,20481598.03049760,0
2026-08-28 14:00:00,79330.34,79706.64,78423.03,78626.0,1379.32754,2026-08-28 14:14:59.999,108796232.9507986,250947,519.20627000,40989594.16890760,0
2026-08-28 14:15:00,78626.0,79030.9,78512.0,78946.08,461.39121,2026-08-28 14:29:59.999,36351745.4438479,143591,254.42298000,20043889.43324620,0
2026-08-28 14:30:00,78946.07,79703.11,78848.0,79416.87,750.76635,2026-08-28 14:44:59.999,59607064.6652041,153936,427.83322000,33963514.35407590,0
2026-08-28 14:45:00,79416.88,79599.26,79100.0,79542.44,338.64492,2026-08-28 14:59:59.999,26877465.5285988,82199,190.72560000,15141066.17249420,0
2026-08-28 15:00:00,79542.44,79838.73,79290.0,79306.13,289.66389,2026-08-28 15:14:59.999,23049386.776155,77580,159.79629000,12718327.47530640,0
2026-08-28 15:15:00,79306.13,79512.0,79236.92,79334.0,143.85819,2026-08-28 15:29:59.999,11422217.6001128,69124,90.06598000,7152534.73551390,0
2026-08-28 15:30:00,79334.0,79346.0,78774.42,78789.09,427.38201,2026-08-28 15:44:59.999,33766394.5085684,72779,188.89134000,14919866.51378770,0
2026-08-28 15:45:00,78789.09,78908.97,78312.64,78331.13,394.11185,2026-08-28 15:59:59.999,30958389.3109998,87720,161.28579000,12672747.50326610,0
2026-08-28 16:00:00,78331.13,78404.0,77816.57,77825.73,801.7568,2026-08-28 16:14:59.999,62594453.5496387,173698,288.70879000,22546408.11455820,0
2026-08-28 16:15:00,77825.73,77856.0,76888.0,77530.5,1376.26539,2026-08-28 16:29:59.999,106510657.1850142,253233,615.19661000,47625783.49535870,0
2026-08-28 16:30:00,77530.5,77965.6,77512.0,77800.03,498.52056,2026-08-28 16:44:59.999,38775038.1130749,135474,317.03247000,24658536.15080770,0
2026-08-28 16:45:00,77800.03,77993.15,77778.0,77788.46,279.07363,2026-08-28 16:59:59.999,21737000.3470312,98902,114.56072000,8923689.86079030,0
2026-08-28 17:00:00,77788.45,78000.0,77642.78,78000.0,299.95225,2026-08-28 17:14:59.999,23333185.375236,89864,134.32103000,10449906.42609090,0
2026-08-28 17:15:00,78000.0,78131.86,77832.0,77940.01,160.43253,2026-08-28 17:29:59.999,12511300.8299916,64240,80.55242000,6282087.95067580,0
2026-08-28 17:30:00,77940.01,77997.4,77698.0,77783.58,120.88003,2026-08-28 17:44:59.999,9405300.348493,51372,60.03390000,4670298.01431720,0
2026-08-28 17:45:00,77783.58,77986.0,77783.57,77904.0,141.49533,2026-08-28 17:59:59.999,11024041.1799643,49468,77.56252000,6042606.38190610,0
2026-08-28 18:00:00,77904.0,77935.5,77742.0,77744.0,89.12873,2026-08-28 18:14:59.999,6937510.0305443,36505,36.18486000,2816446.21055820,0
2026-08-28 18:15:00,77744.0,77793.27,77500.01,77592.0,149.92578,2026-08-28 18:29:59.999,11636941.4305203,41672,51.57575000,4003017.37997590,0
2026-08-28 18:30:00,77592.01,77621.61,77332.21,77408.13,206.02184,2026-08-28 18:44:59.999,15959199.930862,56924,87.92440000,6811720.42731400,0
2026-08-28 18:45:00,77408.14,77554.0,77270.0,77554.0,130.28724,2026-08-28 18:59:59.999,10083669.3271535,51319,63.08220000,4882613.92027700,0
2026-08-28 19:00:00,77554.0,77742.0,77522.0,77678.18,139.48161,2026-08-28 19:14:59.999,10828481.8292421,43380,71.83776000,5577394.13770830,0
2026-08-28 19:15:00,77678.17,77797.35,77633.28,77705.07,116.24536,2026-08-28 19:29:59.999,9035227.1598495,30621,71.41760000,5550943.50459760,0
2026-08-28 19:30:00,77705.07,77708.48,77536.79,77536.79,91.80598,2026-08-28 19:44:59.999,7127294.4918307,40222,32.46841000,2520849.51653420,0
2026-08-28 19:45:00,77536.79,77595.6,77376.0,77580.03,153.51905,2026-08-28 19:59:59.999,11897064.3824765,53673,64.87361000,5027865.12629610,0
2026-08-28 20:00:00,77580.03,77609.83,77480.0,77562.7,107.12877,2026-08-28 20:14:59.999,8307394.01715,37410,46.23309000,3585217.63284870,0
2026-08-28 20:15:00,77562.71,77562.71,77406.41,77510.72,51.93373,2026-08-28 20:29:59.999,4023990.7505187,23492,22.33716000,1730833.27136430,0
2026-08-28 20:30:00,77510.71,77510.71,77310.24,77402.01,59.6204,2026-08-28 20:44:59.999,4613995.8398881,32316,25.91201000,2005224.52122010,0
2026-08-28 20:45:00,77402.01,77470.0,77346.0,77407.34,45.42436,2026-08-28 20:59:59.999,3516339.7485064,26393,24.11380000,1866725.73449440,0
2026-08-28 21:00:00,77407.34,77437.74,77328.44,77405.15,47.0622,2026-08-28 21:14:59.999,3641504.1460215,21779,19.74382000,1527699.39387580,0
2026-08-28 21:15:00,77405.15,77432.0,77325.37,77412.9,192.53376,2026-08-28 21:29:59.999,14901557.5339448,22098,95.10633000,7360573.48004550,0
2026-08-28 21:30:00,77412.9,77537.33,77412.86,77476.0,53.91312,2026-08-28 21:44:59.999,4177626.305729,22842,27.24754000,2111239.54842600,0
2026-08-28 21:45:00,77476.0,77476.0,77255.69,77364.0,98.87807,2026-08-28 21:59:59.999,7651161.8524251,31781,27.72775000,2145515.41014040,0
2026-08-28 22:00:00,77364.0,77454.5,77342.0,77448.8,58.87244,2026-08-28 22:14:59.999,4557168.174171,25796,27.22907000,2107597.11652520,0
2026-08-28 22:15:00,77448.8,77594.48,77403.33,77573.0,66.0696,2026-08-28 22:29:59.999,5120075.5711082,21969,38.53422000,2986218.44173030,0
2026-08-28 22:30:00,77572.99,77746.0,77565.24,77738.72,83.61638,2026-08-28 22:44:59.999,6493504.6306941,27490,47.90634000,3720388.96529560,0
2026-08-28 22:45:00,77738.73,77773.2,77686.0,77758.69,130.5841,2026-08-28 22:59:59.999,10151829.1620308,21156,99.66828000,7748219.74447680,0
2026-08-28 23:00:00,77758.69,77807.18,77678.76,77774.76,324.25087,2026-08-28 23:14:59.999,25211679.545691,22482,169.01314000,13140156.05661880,0
2026-08-28 23:15:00,77774.76,77774.78,77666.45,77684.41,119.75423,2026-08-28 23:29:59.999,9306018.0472725,14307,33.24104000,2582710.17106080,0
2026-08-28 23:30:00,77684.41,77720.07,77666.02,77696.07,88.15459,2026-08-28 23:44:59.999,6849242.2791153,10011,26.16232000,2032747.97358190,0
2026-08-28 23:45:00,77696.07,77846.72,77640.74,77845.87,67.38548,2026-08-28 23:59:59.999,5238203.167885,16363,35.76207000,2780032.40411470,0
2026-08-29 00:00:00,77845.88,77895.94,77776.0,77818.24,76.24269,2026-08-29 00:14:59.999,5933778.6103191,21588,32.29787000,2514049.70816120,0
2026-08-29 00:15:00,77818.24,77963.92,77818.24,77903.85,89.2265,2026-08-29 00:29:59.999,6950662.14622,21965,57.67148000,4492680.18863880,0
2026-08-29 00:30:00,77903.86,77903.86,77772.07,77788.72,62.00949,2026-08-29 00:44:59.999,4824799.7334341,18296,28.02355000,2180162.08534700,0
2026-08-29 00:45:00,77788.72,77818.12,77722.0,77733.63,94.33111,2026-08-29 00:59:59.999,7335314.831214,21948,46.86524000,3644070.72151220,0
2026-08-29 01:00:00,77733.63,77733.63,77631.28,77637.65,81.7842,2026-08-29 01:14:59.999,6353273.5263693,17814,16.72559000,1299309.63611550,0
2026-08-29 01:15:00,77637.65,77789.5,77637.65,77789.49,38.83826,2026-08-29 01:29:59.999,3018494.9538285,15860,26.48019000,2058098.87696750,0
2026-08-29 01:30:00,77789.49,77832.67,77758.1,77828.38,45.41771,2026-08-29 01:44:59.999,3533517.1821594,15446,24.64651000,1917510.17882170,0
2026-08-29 01:45:00,77828.39,77849.29,77759.14,77794.11,69.02951,2026-08-29 01:59:59.999,5370524.3319823,21704,42.94103000,3340872.95176430,0
2026-08-29 02:00:00,77794.11,77829.72,77748.0,77748.01,43.99965,2026-08-29 02:14:59.999,3422874.0155246,19209,21.37035000,1662384.32023310,0
2026-08-29 02:15:00,77748.01,77748.01,77584.53,77629.44,68.78965,2026-08-29 02:29:59.999,5341207.0437485,22494,19.54983000,1517808.23999540,0
2026-08-29 02:30:00,77629.43,77677.78,77596.0,77618.04,178.1561,2026-08-29 02:44:59.999,13830374.9700242,21589,83.35591000,6470327.52154220,0
2026-08-29 02:45:00,77618.04,77717.78,77618.04,77671.18,76.67539,2026-08-29 02:59:59.999,5954899.9688846,19476,44.81449000,3480314.56821660,0
2026-08-29 03:00:00,77671.18,77731.43,77671.18,77680.96,50.68851,2026-08-29 03:14:59.999,3938490.9430636,21723,27.89824000,2167614.36385500,0
2026-08-29 03:15:00,77680.97,77715.56,77634.81,77684.45,64.01002,2026-08-29 03:29:59.999,4971801.3239558,26427,27.13947000,2107962.99055120,0
2026-08-29 03:30:00,77684.45,77707.09,77580.01,77622.73,64.82605,2026-08-29 03:44:59.999,5033044.7398424,22313,32.33135000,2510046.42103650,0
2026-08-29 03:45:00,77622.72,77622.72,77507.16,77507.17,59.36729,2026-08-29 03:59:59.999,4604992.0428528,21857,16.18860000,1255659.24630050,0
2026-08-29 04:00:00,77507.17,77597.2,77507.17,77583.76,45.766,2026-08-29 04:14:59.999,3549757.7809573,18158,24.47951000,1898562.23641530,0
2026-08-29 04:15:00,77583.76,77615.13,77583.75,77602.46,37.92012,2026-08-29 04:29:59.999,2942797.2833474,13882,17.90117000,1389180.83207090,0
2026-08-29 04:30:00,77602.46,77646.6,77590.27,77620.49,52.52952,2026-08-29 04:44:59.999,4077159.2162376,19679,24.83819000,1927892.69396280,0
2026-08-29 04:45:00,77620.49,77678.67,77613.9,77648.91,93.69034,2026-08-29 04:59:59.999,7274354.9964084,19421,37.53634000,2914401.41129870,0
2026-08-29 05:00:00,77648.91,77716.12,77624.81,77701.35,65.1655,2026-08-29 05:14:59.999,5062106.0839751,16401,39.56550000,3073657.48834750,0
2026-08-29 05:15:00,77701.36,77702.6,77634.47,77660.01,38.74636,2026-08-29 05:29:59.999,3009509.7423829,12027,20.08663000,1560119.36427070,0
2026-08-29 05:30:00,77660.01,77714.0,77634.71,77688.35,54.47363,2026-08-29 05:44:59.999,4231115.8012601,14423,28.36762000,2203498.31408370,0
2026-08-29 05:45:00,77688.35,77694.0,77604.06,77632.53,36.93704,2026-08-29 05:59:59.999,2867944.7065644,12721,19.47297000,1511920.31853320,0
2026-08-29 06:00:00,77632.52,77632.53,77478.61,77478.62,59.38446,2026-08-29 06:14:59.999,4605578.993547,14186,20.58422000,1596558.57390260,0
2026-08-29 06:15:00,77478.61,77516.78,77382.37,77409.86,97.87323,2026-08-29 06:29:59.999,7578743.2043276,14794,42.38733000,3281993.18349340,0
2026-08-29 06:30:00,77409.86,77491.16,77409.86,77446.12,79.83301,2026-08-29 06:44:59.999,6183021.6677047,15178,40.02771000,3100204.08770360,0
2026-08-29 06:45:00,77446.13,77475.84,77427.24,77466.82,67.93852,2026-08-29 06:59:59.999,5262022.3026095,14221,34.15474000,2645366.69715120,0
2026-08-29 07:00:00,77466.83,77536.68,77438.01,77466.65,75.74597,2026-08-29 07:14:59.999,5869704.4698655,14631,43.07392000,3337827.33330990,0
2026-08-29 07:15:00,77466.65,77530.6,77450.34,77524.73,88.38904,2026-08-29 07:29:59.999,6850945.7361926,15651,48.86474000,3787327.75372190,0
2026-08-29 07:30:00,77524.73,77660.04,77514.41,77655.14,304.97792,2026-08-29 07:44:59.999,23664697.922363,32464,157.44300000,12216678.68427740,0
2026-08-29 07:45:00,77655.15,77672.0,77625.63,77626.01,464.78559,2026-08-29 07:59:59.999,36090014.5567881,32970,228.38659000,17733946.22965750,0
2026-08-29 08:00:00,77626.01,77626.01,77487.73,77525.99,115.00495,2026-08-29 08:14:59.999,8917626.3521025,18256,56.94670000,4414562.02352110,0
2026-08-29 08:15:00,77525.99,77593.06,77516.58,77589.75,54.35824,2026-08-29 08:29:59.999,4215459.8126615,10858,34.01397000,2637776.69995670,0
2026-08-29 08:30:00,77589.76,77590.03,77514.04,77580.0,53.21745,2026-08-29 08:44:59.999,4127598.8373576,11266,32.21037000,2498327.41153820,0
2026-08-29 08:45:00,77580.0,77634.0,77538.0,77633.99,59.09785,2026-08-29 08:59:59.999,4585240.0943892,16105,35.97369000,2790978.45782880,0
2026-08-29 09:00:00,77634.0,77679.58,77566.01,77644.0,80.85817,2026-08-29 09:14:59.999,6277101.231135,13907,25.92009000,2012054.63210160,0
2026-08-29 09:15:00,77644.0,77664.28,77612.07,77626.5,34.98559,2026-08-29 09:29:59.999,2716240.4729165,9442,16.95016000,1315960.94902590,0
2026-08-29 09:30:00,77626.49,77754.23,77626.49,77661.84,54.0561,2026-08-29 09:44:59.999,4199686.0488401,13697,30.45474000,2365955.38418110,0
2026-08-29 09:45:00,77661.85,77674.0,77650.02,77650.03,42.62805,2026-08-29 09:59:59.999,3310742.6545208,7990,21.69992000,1685331.58242120,0
2026-08-29 10:00:00,77650.02,77650.03,77526.0,77581.67,66.55137,2026-08-29 10:14:59.999,5162264.2308511,13200,36.02524000,2793897.60016640,0
2026-08-29 10:15:00,77581.67,77720.0,77581.66,77671.51,61.42052,2026-08-29 10:29:59.999,4771229.7916951,16675,27.93078000,2169437.89095820,0
2026-08-29 10:30:00,77671.5,77724.55,77671.47,77688.47,54.22283,2026-08-29 10:44:59.999,4212117.4045105,7200,39.09558000,3036945.09453720,0
2026-08-29 10:45:00,77688.48,77732.0,77635.16,77635.17,45.96734,2026-08-29 10:59:59.999,3572274.410617,10965,22.99708000,1787285.73856800,0
2026-08-29 11:00:00,77635.17,77720.0,77627.03,77720.0,39.40644,2026-08-29 11:14:59.999,3060186.853997,12004,19.77999000,1536219.00217520,0
2026-08-29 11:15:00,77720.0,77724.99,77679.53,77700.01,45.9548,2026-08-29 11:29:59.999,3570635.1623534,7531,24.90583000,1935089.93464710,0
2026-08-29 11:30:00,77700.0,77702.0,77643.0,77643.01,32.67134,2026-08-29 11:44:59.999,2537723.3980126,10124,11.40879000,886147.97295020,0
2026-08-29 11:45:00,77643.0,77668.0,77573.32,77584.67,151.57256,2026-08-29 11:59:59.999,11762035.3678361,12967,97.52386000,7567045.05546210,0
2026-08-29 12:00:00,77584.66,77612.0,77567.49,77596.58,124.53415,2026-08-29 12:14:59.999,9662767.7755886,11045,99.99820000,7758919.70801770,0
2026-08-29 12:15:00,77596.59,77657.99,77538.0,77584.0,71.61946,2026-08-29 12:29:59.999,5557420.3607643,13525,39.32253000,3051731.83354650,0
2026-08-29 12:30:00,77583.99,77600.0,77506.63,77575.05,44.39541,2026-08-29 12:44:59.999,3443659.8047196,11754,33.14644000,2571208.35748880,0
2026-08-29 12:45:00,77575.05,77596.0,77554.0,77583.74,75.82731,2026-08-29 12:59:59.999,5882403.4940146,10485,43.18320000,3349937.53280060,0
2026-08-29 13:00:00,77583.74,77668.0,77559.45,77658.54,46.84398,2026-08-29 13:14:59.999,3635215.587018,10984,24.04469000,1866010.48583140,0
2026-08-29 13:15:00,77658.54,77722.0,77642.34,77659.14,63.73244,2026-08-29 13:29:59.999,4950524.6950061,13241,19.87570000,1543993.72285250,0
2026-08-29 13:30:00,77659.14,77714.0,77640.0,77662.0,43.21944,2026-08-29 13:44:59.999,3356681.0311621,9475,12.21322000,948595.05977380,0
2026-08-29 13:45:00,77662.01,77720.96,77658.0,77704.32,41.78913,2026-08-29 13:59:59.999,3246768.4474214,12394,17.29976000,1344039.37834210,0
2026-08-29 14:00:00,77704.32,77722.0,77663.83,77686.7,57.61062,2026-08-29 14:14:59.999,4476050.5840288,13552,25.99819000,2019937.37560580,0
2026-08-29 14:15:00,77686.7,77756.4,77671.87,77694.52,59.23666,2026-08-29 14:29:59.999,4603352.6087972,14783,23.41150000,1819399.22755430,0
2026-08-29 14:30:00,77694.52,78034.4,77687.38,77926.01,193.2252,2026-08-29 14:44:59.999,15045541.9851888,33269,142.86390000,11123668.94256930,0
2026-08-29 14:45:00,77926.0,78150.0,77926.0,78014.37,146.34916,2026-08-29 14:59:59.999,11421074.3871391,39431,95.49203000,7452382.53850160,0
2026-08-29 15:00:00,78014.37,78014.37,77857.93,77935.92,85.46461,2026-08-29 15:14:59.999,6659983.7401297,24341,47.72746000,3718931.24235240,0
2026-08-29 15:15:00,77935.92,77989.8,77864.0,77903.95,115.58952,2026-08-29 15:29:59.999,9008770.8476577,23147,54.00025000,4208720.74396220,0
2026-08-29 15:30:00,77903.84,77903.84,77811.04,77834.73,53.99614,2026-08-29 15:44:59.999,4203975.9282483,16998,30.08997000,2342666.93244950,0
2026-08-29 15:45:00,77834.74,77936.85,77806.9,77865.36,59.82517,2026-08-29 15:59:59.999,4659134.7117077,18111,37.21894000,2898365.26074820,0
2026-08-29 16:00:00,77865.36,77988.0,77858.29,77987.99,80.6378,2026-08-29 16:14:59.999,6283702.0665165,20849,40.54801000,3159609.99824020,0
2026-08-29 16:15:00,77988.0,78130.43,77914.0,77946.0,98.15526,2026-08-29 16:29:59.999,7658082.0642763,31872,45.02315000,3512941.13413190,0
2026-08-29 16:30:00,77946.0,78027.02,77894.01,78018.0,70.47238,2026-08-29 16:44:59.999,5495334.6605727,21164,31.11118000,2425839.23941670,0
2026-08-29 16:45:00,78018.0,78099.99,78000.0,78027.17,81.21802,2026-08-29 16:59:59.999,6338577.7201395,16725,42.92819000,3350266.23665870,0
2026-08-29 17:00:00,78027.17,78086.81,78019.65,78048.43,72.16354,2026-08-29 17:14:59.999,5631992.7953443,15218,47.31715000,3692880.73256010,0
2026-08-29 17:15:00,78048.43,78100.0,77989.52,77990.77,30.09468,2026-08-29 17:29:59.999,2348360.3457674,15612,12.43831000,970602.49747070,0
2026-08-29 17:30:00,77990.78,78029.66,77896.0,78020.0,46.94221,2026-08-29 17:44:59.999,3660130.0193408,21587,19.95944000,1556184.33786540,0
2026-08-29 17:45:00,78020.0,78100.0,77990.05,78100.0,60.90583,2026-08-29 17:59:59.999,4752738.1703252,11747,28.77412000,2245651.97706080,0
2026-08-29 18:00:00,78099.99,78158.0,78069.31,78072.89,52.30475,2026-08-29 18:14:59.999,4085574.0118082,14192,27.77251000,2169413.15115870,0
2026-08-29 18:15:00,78072.89,78099.4,78028.08,78053.27,45.2407,2026-08-29 18:29:59.999,3532030.4110229,11522,21.51393000,1679569.04876170,0
2026-08-29 18:30:00,78053.27,78212.81,78018.02,78145.99,108.29144,2026-08-29 18:44:59.999,8461697.5781996,24141,69.67627000,5443903.70931970,0
2026-08-29 18:45:00,78145.99,78250.0,78145.99,78158.01,47.09857,2026-08-29 18:59:59.999,3683501.415631,13447,23.23271000,1816955.30301210,0
2026-08-29 19:00:00,78158.01,78309.16,78158.0,78309.16,68.43371,2026-08-29 19:14:59.999,5354823.0987525,14782,44.51522000,3483266.20739180,0
2026-08-29 19:15:00,78309.15,78330.0,78240.87,78240.9,57.19474,2026-08-29 19:29:59.999,4476959.9579048,16447,23.75913000,1859725.42299580,0
2026-08-29 19:30:00,78240.9,78260.44,78193.59,78252.29,53.47439,2026-08-29 19:44:59.999,4182865.0883818,15634,21.98631000,1719736.42996620,0
2026-08-29 19:45:00,78252.3,78260.0,78138.87,78182.0,52.24282,2026-08-29 19:59:59.999,4086663.4203082,14656,25.52862000,1997082.93274440,0
2026-08-29 20:00:00,78181.99,78298.0,78170.72,78227.99,43.575,2026-08-29 20:14:59.999,3409173.0883832,13741,24.98004000,1954307.24484450,0
2026-08-29 20:15:00,78227.99,78263.51,78182.0,78182.01,28.75615,2026-08-29 20:29:59.999,2249688.5466879,9618,12.60539000,986177.75868660,0
2026-08-29 20:30:00,78182.0,78182.0,78117.95,78137.64,39.94149,2026-08-29 20:44:59.999,3120988.9167972,13991,18.16624000,1419428.56682060,0
2026-08-29 20:45:00,78137.63,78153.22,78117.95,78129.92,20.02024,2026-08-29 20:59:59.999,1564394.5049849,6072,7.85072000,613471.14554780,0
2026-08-29 21:00:00,78129.92,78188.65,78062.0,78154.91,64.66462,2026-08-29 21:14:59.999,5051422.2482319,17631,40.62000000,3173260.68013510,0
2026-08-29 21:15:00,78154.92,78175.01,78102.0,78107.61,24.16801,2026-08-29 21:29:59.999,1888554.5477644,8379,4.64229000,362784.52472710,0
2026-08-29 21:30:00,78107.61,78119.53,78070.0,78098.96,20.87599,2026-08-29 21:44:59.999,1630294.9744762,10100,8.00681000,625279.85216010,0
2026-08-29 21:45:00,78098.97,78198.0,78098.54,78161.63,22.32889,2026-08-29 21:59:59.999,1745012.91764,10949,12.73390000,995100.22618620,0
2026-08-29 22:00:00,78161.62,78220.0,78110.0,78137.37,143.42131,2026-08-29 22:14:59.999,11212406.6252387,13455,25.44325000,1989225.21303080,0
2026-08-29 22:15:00,78137.38,78158.0,78086.0,78146.78,57.7543,2026-08-29 22:29:59.999,4511953.5651724,8739,42.18751000,3295895.88518490,0
2026-08-29 22:30:00,78146.79,78184.92,78134.99,78180.0,78.16912,2026-08-29 22:44:59.999,6109558.9689157,6479,37.39705000,2923076.42434420,0
2026-08-29 22:45:00,78180.0,78239.4,78179.99,78228.34,18.88343,2026-08-29 22:59:59.999,1476804.6865042,4578,14.42528000,1128150.15825300,0
2026-08-29 23:00:00,78228.33,78250.0,78200.58,78241.68,27.05302,2026-08-29 23:14:59.999,2116304.0817569,9507,15.28106000,1195416.07418300,0
2026-08-29 23:15:00,78241.67,78265.27,78190.0,78261.43,68.11325,2026-08-29 23:29:59.999,5328465.3061609,9294,49.70069000,3888307.45372530,0
2026-08-29 23:30:00,78261.44,78283.7,78218.48,78218.49,137.70698,2026-08-29 23:44:59.999,10776727.267108,10169,52.78483000,4131313.44363300,0
2026-08-29 23:45:00,78218.49,78282.53,78218.49,78230.0,93.21955,2026-08-29 23:59:59.999,7294188.8381211,8351,46.79467000,3661819.86778080,0
2026-08-30 00:00:00,78230.0,78238.22,78147.17,78177.5,53.68268,2026-08-30 00:14:59.999,4196974.8857153,13467,19.33001000,1511356.79403640,0
2026-08-30 00:15:00,78177.5,78330.0,78177.49,78216.52,58.36094,2026-08-30 00:29:59.999,4566299.0213336,16787,38.17843000,2987009.29941320,0
2026-08-30 00:30:00,78216.52,78299.79,78194.24,78209.3,42.56271,2026-08-30 00:44:59.999,3329970.828758,15575,19.52517000,1527575.37736100,0
2026-08-30 00:45:00,78209.29,78251.93,78179.85,78179.86,30.59591,2026-08-30 00:59:59.999,2393284.9794583,9798,12.15287000,950608.97144890,0
2026-08-30 01:00:00,78179.86,78190.0,78070.0,78072.01,56.19425,2026-08-30 01:14:59.999,4390246.8512758,10924,21.70293000,1695686.53211110,0
2026-08-30 01:15:00,78072.01,78072.01,77995.81,78016.17,102.84265,2026-08-30 01:29:59.999,8025494.2089654,18643,50.03854000,3904651.25146960,0
2026-08-30 01:30:00,78016.17,78069.97,77994.02,78061.66,48.65624,2026-08-30 01:44:59.999,3796760.2415002,14804,19.32742000,1508105.51112710,0
2026-08-30 01:45:00,78061.65,78131.99,78044.9,78081.5,49.35957,2026-08-30 01:59:59.999,3854183.4888303,14671,25.23343000,1970174.47135640,0
2026-08-30 02:00:00,78081.49,78129.98,78066.64,78086.33,32.46553,2026-08-30 02:14:59.999,2535564.9165264,13073,14.86471000,1160916.43093720,0
2026-08-30 02:15:00,78086.32,78087.92,78018.06,78042.5,24.26685,2026-08-30 02:29:59.999,1894155.4146842,9762,10.15698000,792762.53578780,0
2026-08-30 02:30:00,78042.49,78121.9,78014.74,78102.45,26.1111,2026-08-30 02:44:59.999,2038494.060628,9324,15.39171000,1201551.78980070,0
2026-08-30 02:45:00,78102.45,78178.02,78090.57,78106.01,36.80118,2026-08-30 02:59:59.999,2875179.0247387,13639,17.98609000,1405147.35392200,0
2026-08-30 03:00:00,78106.0,78127.85,78066.46,78084.93,40.91716,2026-08-30 03:14:59.999,3195178.2310928,10268,25.01670000,1953505.80657040,0
2026-08-30 03:15:00,78084.93,78168.0,78065.99,78168.0,71.25263,2026-08-30 03:29:59.999,5564236.6513161,13363,45.59410000,3560654.81959010,0
2026-08-30 03:30:00,78168.0,78233.7,78146.22,78190.43,65.57603,2026-08-30 03:44:59.999,5127524.2109503,17145,49.00344000,3831698.93872020,0
2026-08-30 03:45:00,78190.44,78191.37,78144.68,78144.68,76.65871,2026-08-30 03:59:59.999,5991598.1548987,8258,45.50329000,3556472.76786640,0
2026-08-30 04:00:00,78144.68,78220.0,78144.68,78157.21,45.15818,2026-08-30 04:14:59.999,3529927.3187893,9937,26.03645000,2035172.93116110,0
2026-08-30 04:15:00,78157.22,78173.04,78093.01,78122.04,44.72811,2026-08-30 04:29:59.999,3494586.8342895,10345,25.64839000,2003846.25237480,0
2026-08-30 04:30:00,78122.03,78122.04,78020.06,78021.62,83.58421,2026-08-30 04:44:59.999,6525140.5271597,12025,23.80567000,1858366.52901150,0
2026-08-30 04:45:00,78021.63,78109.75,77990.0,78109.75,42.06376,2026-08-30 04:59:59.999,3282673.8737756,9693,28.63045000,2234603.57314100,0
2026-08-30 05:00:00,78109.74,78214.0,78109.74,78146.01,74.89223,2026-08-30 05:14:59.999,5854548.2079683,11055,42.03005000,3285415.95573480,0
2026-08-30 05:15:00,78146.0,78146.01,78136.78,78140.0,17.6756,2026-08-30 05:29:59.999,1381170.8278108,3591,9.82133000,767430.77519070,0
2026-08-30 05:30:00,78140.0,78140.0,78122.0,78126.23,32.68598,2026-08-30 05:44:59.999,2553803.9767685,5554,12.95880000,1012449.77663060,0
2026-08-30 05:45:00,78126.23,78135.28,78121.81,78127.71,36.03932,2026-08-30 05:59:59.999,2815643.6536458,4596,16.49690000,1288821.98416970,0
2026-08-30 06:00:00,78127.72,78146.0,78106.07,78123.32,32.5835,2026-08-30 06:14:59.999,2545437.063315,6105,18.35179000,1433648.01554380,0
2026-08-30 06:15:00,78123.33,78194.0,78123.32,78177.41,40.69926,2026-08-30 06:29:59.999,3180578.9387193,6660,26.54254000,2074143.90578810,0
2026-08-30 06:30:00,78177.41,78298.59,78177.41,78245.91,69.21992,2026-08-30 06:44:59.999,5415559.6166377,16721,45.52305000,3561398.79318140,0
2026-08-30 06:45:00,78245.91,78310.71,78233.67,78280.34,66.17754,2026-08-30 06:59:59.999,5179671.4551606,11960,50.05392000,3917618.18172160,0
2026-08-30 07:00:00,78280.34,78291.27,78256.0,78256.01,22.05437,2026-08-30 07:14:59.999,1726107.9254902,5230,9.02604000,706438.68514980,0
2026-08-30 07:15:00,78256.01,78256.01,78230.0,78230.0,15.70499,2026-08-30 07:29:59.999,1228732.1561151,3692,6.38616000,499634.96568880,0
2026-08-30 07:30:00,78230.01,78230.01,78146.0,78146.01,46.62663,2026-08-30 07:44:59.999,3645575.7168821,9243,21.71237000,1697542.05621390,0
2026-08-30 07:45:00,78146.01,78162.0,78118.0,78118.0,53.11951,2026-08-30 07:59:59.999,4150616.3601633,6474,24.32665000,1900787.83490960,0
2026-08-30 08:00:00,78118.0,78195.57,78118.0,78148.07,53.19358,2026-08-30 08:14:59.999,4157155.0275822,9574,33.77225000,2639238.95746440,0
2026-08-30 08:15:00,78148.06,78207.22,78148.06,78154.09,33.87079,2026-08-30 08:29:59.999,2647866.2702565,10702,10.79991000,844246.65870860,0
2026-08-30 08:30:00,78154.09,78154.1,78040.0,78062.0,32.28082,2026-08-30 08:44:59.999,2520516.0660689,9971,11.10671000,867009.52867340,0
2026-08-30 08:45:00,78061.99,78086.0,78034.0,78074.01,24.33075,2026-08-30 08:59:59.999,1899257.9439074,11014,10.96052000,855557.71479390,0
2026-08-30 09:00:00,78074.01,78100.0,78074.01,78100.0,14.66228,2026-08-30 09:14:59.999,1144909.4713462,4805,8.62098000,673180.57725280,0
2026-08-30 09:15:00,78099.99,78118.87,77986.0,77991.65,65.39114,2026-08-30 09:29:59.999,5103816.7394841,16866,21.08143000,1645677.60950560,0
2026-08-30 09:30:00,77991.65,78052.76,77989.03,78035.03,53.33151,2026-08-30 09:44:59.999,4160685.9172226,12146,21.61039000,1685892.88964910,0
2026-08-30 09:45:00,78035.02,78060.0,78000.0,78000.01,31.88302,2026-08-30 09:59:59.999,2487732.3954123,9898,11.12236000,867812.00858300,0
2026-08-30 10:00:00,78000.01,78072.01,77962.49,78017.51,51.50675,2026-08-30 10:14:59.999,4018654.5254241,12750,23.52130000,1835214.36460860,0
2026-08-30 10:15:00,78017.51,78122.44,77998.0,78050.0,71.1085,2026-08-30 10:29:59.999,5550091.391037,15058,36.11349000,2818396.94043940,0
2026-08-30 10:30:00,78050.01,78122.12,78050.0,78112.5,28.06701,2026-08-30 10:44:59.999,2191807.1065611,7517,18.58861000,1451618.37622780,0
2026-08-30 10:45:00,78112.51,78145.29,78112.5,78145.29,17.62288,2026-08-30 10:59:59.999,1377085.4710482,5183,9.38883000,733636.62194360,0
2026-08-30 11:00:00,78145.29,78198.26,78144.18,78167.75,27.46661,2026-08-30 11:14:59.999,2147089.0268784,9938,16.57339000,1295487.40233960,0
2026-08-30 11:15:00,78167.76,78220.0,78153.18,78220.0,21.42599,2026-08-30 11:29:59.999,1675150.6120241,8798,11.68094000,913253.73355980,0
2026-08-30 11:30:00,78219.99,78242.0,78153.18,78190.9,56.63165,2026-08-30 11:44:59.999,4428416.7989814,16555,25.37894000,1984479.53393300,0
2026-08-30 11:45:00,78190.9,78190.9,78117.11,78166.0,66.51669,2026-08-30 11:59:59.999,5198386.5343872,10148,27.71424000,2165819.52712410,0
2026-08-30 12:00:00,78165.99,78725.98,78165.99,78660.0,303.95076,2026-08-30 12:14:59.999,23853006.1444273,63753,185.96138000,14594077.81731090,0
2026-08-30 12:15:00,78660.0,78660.0,78496.69,78627.99,173.04102,2026-08-30 12:29:59.999,13594435.6171206,29249,70.17344000,5512867.31199210,0
2026-08-30 12:30:00,78627.99,78850.81,78550.0,78658.01,205.99026,2026-08-30 12:44:59.999,16204235.5635236,50785,117.39294000,9234411.78637250,0
2026-08-30 12:45:00,78658.01,78785.54,78590.04,78785.06,131.12778,2026-08-30 12:59:59.999,10317159.4209759,24594,70.62423000,5556804.40030470,0
2026-08-30 13:00:00,78785.06,78826.0,78625.54,78633.85,143.06821,2026-08-30 13:14:59.999,11263160.1509547,29438,59.74733000,4704239.12054800,0
2026-08-30 13:15:00,78633.86,78729.9,78590.14,78729.9,74.20527,2026-08-30 13:29:59.999,5838482.4011779,17480,38.11263000,2998806.95284090,0
2026-08-30 13:30:00,78729.89,78821.59,78680.0,78790.92,82.2608,2026-08-30 13:44:59.999,6476312.196708,26947,38.90938000,3063654.65932100,0
2026-08-30 13:45:00,78790.93,78966.76,78790.92,78860.0,189.28592,2026-08-30 13:59:59.999,14935003.8073701,48352,91.39876000,7211308.77862050,0
2026-08-30 14:00:00,78860.01,78945.94,78778.0,78929.01,169.19501,2026-08-30 14:14:59.999,13344537.267,34932,81.65881000,6440317.11349140,0
2026-08-30 14:15:00,78929.02,78939.2,78800.0,78868.74,111.30926,2026-08-30 14:29:59.999,8778699.9924572,15639,49.04575000,3867326.64518340,0
2026-08-30 14:30:00,78868.75,78935.71,78722.0,78761.96,88.16714,2026-08-30 14:44:59.999,6949318.2119789,23391,32.88309000,2591824.18551080,0
2026-08-30 14:45:00,78761.96,78825.6,78724.0,78783.71,70.65836,2026-08-30 14:59:59.999,5566527.2366259,16994,33.13973000,2610665.77124420,0
2026-08-30 15:00:00,78783.7,78876.11,78646.88,78665.63,215.69277,2026-08-30 15:14:59.999,16988603.5260407,40142,114.97857000,9056723.64650020,0
2026-08-30 15:15:00,78665.64,78841.58,78626.0,78791.68,193.37325,2026-08-30 15:29:59.999,15226188.5292629,38876,77.46761000,6099706.46468830,0
2026-08-30 15:30:00,78791.67,78860.0,78787.3,78859.99,67.3181,2026-08-30 15:44:59.999,5305595.0951641,19499,32.82760000,2587221.29186690,0
2026-08-30 15:45:00,78860.0,78912.94,78790.79,78823.63,77.43696,2026-08-30 15:59:59.999,6104843.1636359,25179,27.42432000,2162070.85007300,0
2026-08-30 16:00:00,78823.62,79187.5,78750.0,79124.0,218.18932,2026-08-30 16:14:59.999,17232265.160645,70585,143.46758000,11332097.93316090,0
2026-08-30 16:15:00,79124.0,79250.0,79012.0,79043.77,190.6572,2026-08-30 16:29:59.999,15081951.8579299,64624,86.59051000,6851061.96568190,0
2026-08-30 16:30:00,79043.78,79266.85,79014.92,79204.0,114.53335,2026-08-30 16:44:59.999,9065950.6922708,49419,60.10346000,4757457.78960440,0
2026-08-30 16:45:00,79204.0,79400.0,79144.0,79337.93,144.18401,2026-08-30 16:59:59.999,11426858.5866752,43295,74.37506000,5894929.14935660,0
2026-08-30 17:00:00,79337.93,79337.93,79137.35,79178.49,108.46875,2026-08-30 17:14:59.999,8590948.4549822,37169,42.75832000,3386281.76911600,0
2026-08-30 17:15:00,79178.49,79178.49,78774.85,78940.62,217.958,2026-08-30 17:29:59.999,17208879.1378438,68546,75.05203000,5924955.05742590,0
2026-08-30 17:30:00,78940.61,79060.0,78882.0,79044.82,71.38907,2026-08-30 17:44:59.999,5638423.771889,27763,43.00565000,3396755.71220900,0
2026-08-30 17:45:00,79044.81,79080.01,78962.83,79021.02,62.91103,2026-08-30 17:59:59.999,4971075.5029378,23161,31.18566000,2463911.26876090,0
2026-08-30 18:00:00,79021.02,79074.0,78776.0,78839.29,133.67586,2026-08-30 18:14:59.999,10543921.2260887,30658,59.46861000,4689355.30176690,0
2026-08-30 18:15:00,78839.3,79009.61,78839.29,79009.61,42.20752,2026-08-30 18:29:59.999,3330201.453245,23718,27.92061000,2203214.90282490,0
2026-08-30 18:30:00,79009.61,79181.99,79009.61,79088.56,79.09085,2026-08-30 18:44:59.999,6257527.7022161,33290,44.56560000,3525799.38583820,0
2026-08-30 18:45:00,79088.55,79088.56,79020.0,79036.69,38.80447,2026-08-30 18:59:59.999,3067384.0696615,15232,16.67375000,1317883.87204330,0
2026-08-30 19:00:00,79036.68,79041.96,78942.0,79035.59,63.23976,2026-08-30 19:14:59.999,4996113.3899125,15606,30.82228000,2435004.61309520,0
2026-08-30 19:15:00,79035.58,79038.09,78912.3,78917.24,53.96651,2026-08-30 19:29:59.999,4261165.2565062,16980,12.48326000,985588.25710330,0
2026-08-30 19:30:00,78917.24,78944.0,78778.0,78794.0,62.99281,2026-08-30 19:44:59.999,4967893.1589604,21156,27.61759000,2178109.76277330,0
2026-08-30 19:45:00,78794.0,78871.46,78721.98,78856.39,51.9921,2026-08-30 19:59:59.999,4097842.9469681,19932,22.96081000,1809951.68588330,0
2026-08-30 20:00:00,78856.39,78918.01,78838.02,78864.01,44.20898,2026-08-30 20:14:59.999,3487179.3553199,17229,24.03574000,1895835.18475770,0
2026-08-30 20:15:00,78864.02,78931.49,78842.0,78842.0,34.77519,2026-08-30 20:29:59.999,2743217.5766684,16335,17.45733000,1377059.12626320,0
2026-08-30 20:30:00,78842.0,78887.02,78438.23,78475.99,132.85143,2026-08-30 20:44:59.999,10452516.4280469,44413,53.50558000,4212324.26927450,0
2026-08-30 20:45:00,78476.0,78742.31,78476.0,78597.33,82.3778,2026-08-30 20:59:59.999,6476788.5091785,26671,33.52291000,2635091.71452830,0
2026-08-30 21:00:00,78597.32,78597.33,78229.82,78503.59,288.70229,2026-08-30 21:14:59.999,22641061.8090675,63789,111.89684000,8777066.87152940,0
2026-08-30 21:15:00,78503.59,78667.87,78476.0,78644.0,62.94196,2026-08-30 21:29:59.999,4945927.3833229,26675,33.42961000,2626834.70738550,0
2026-08-30 21:30:00,78644.0,78733.77,78602.0,78635.87,64.53251,2026-08-30 21:44:59.999,5076385.5969286,27069,35.22042000,2770644.73270190,0
2026-08-30 21:45:00,78635.87,78690.0,78550.47,78653.0,45.23412,2026-08-30 21:59:59.999,3555770.067296,26195,24.79395000,1948834.32010600,0
2026-08-30 22:00:00,78653.0,78804.0,78530.0,78571.28,98.42671,2026-08-30 22:14:59.999,7743965.0228375,57600,53.19550000,4185457.22339340,0
2026-08-30 22:15:00,78571.28,78571.28,78304.47,78382.11,116.00897,2026-08-30 22:29:59.999,9099657.0353807,47754,53.64846000,4208146.49146530,0
2026-08-30 22:30:00,78382.11,78540.0,78280.0,78460.01,72.3353,2026-08-30 22:44:59.999,5671816.5274895,43549,34.56169000,2710074.23697300,0
2026-08-30 22:45:00,78460.0,78508.0,78380.0,78422.01,103.65269,2026-08-30 22:59:59.999,8132415.5120324,32026,30.34871000,2380649.03072190,0
2026-08-30 23:00:00,78422.01,78454.0,78311.6,78366.16,285.21214,2026-08-30 23:14:59.999,22348629.6513099,41996,178.18002000,13961357.92510850,0
2026-08-30 23:15:00,78366.16,78404.0,77646.28,77678.09,484.47443,2026-08-30 23:29:59.999,37819431.4301247,97423,139.58093000,10895448.43363350,0
2026-08-30 23:30:00,77678.1,77882.16,77350.0,77476.77,463.05852,2026-08-30 23:44:59.999,35923088.341473,123441,223.76391000,17360190.73330190,0
2026-08-30 23:45:00,77476.78,77734.61,77000.0,77682.0,567.68231,2026-08-30 23:59:59.999,43910637.7038479,133068,232.01507000,17971745.81091790,0
2026-08-31 00:00:00,77682.0,77827.99,77436.4,77754.7,315.10082,2026-08-31 00:14:59.999,24460211.9530069,97059,148.42528000,11523963.66054000,0
2026-08-31 00:15:00,77754.71,77971.47,77720.88,77901.33,148.64341,2026-08-31 00:29:59.999,11578220.0948552,51151,74.59521000,5809885.75588900,0
2026-08-31 00:30:00,77901.34,78185.89,77892.0,78032.01,156.06934,2026-08-31 00:44:59.999,12177789.4645721,51511,89.05599000,6948993.80229430,0
2026-08-31 00:45:00,78032.02,78034.01,77922.0,77937.04,91.62022,2026-08-31 00:59:59.999,7144734.8276413,31694,52.68598000,4108587.14791610,0
2026-08-31 01:00:00,77937.03,77993.03,77565.08,77660.16,235.00852,2026-08-31 01:14:59.999,18268244.2280501,63551,104.68193000,8136924.78391950,0
2026-08-31 01:15:00,77660.17,77851.41,77578.0,77775.26,103.48453,2026-08-31 01:29:59.999,8043125.3602782,58922,50.49069000,3925241.64104720,0
2026-08-31 01:30:00,77775.27,77953.99,77654.0,77750.0,140.96556,2026-08-31 01:44:59.999,10963531.6525502,65933,66.68832000,5187272.88037400,0
2026-08-31 01:45:00,77749.99,77854.0,77622.0,77640.94,87.80197,2026-08-31 01:59:59.999,6825081.1237816,50646,33.15144000,2576793.26147220,0
2026-08-31 02:00:00,77640.93,78000.0,77526.01,77952.8,150.07212,2026-08-31 02:14:59.999,11659899.2963633,65661,104.01969000,8081544.80463850,0
2026-08-31 02:15:00,77952.81,77954.0,77824.0,77875.05,193.19567,2026-08-31 02:29:59.999,15043241.5960409,36512,136.20294000,10604301.34298250,0
2026-08-31 02:30:00,77875.05,77931.78,77716.41,77716.42,91.46011,2026-08-31 02:44:59.999,7118247.4099763,27423,52.20319000,4064040.51533360,0
2026-08-31 02:45:00,77716.42,77764.0,77392.0,77473.99,138.67144,2026-08-31 02:59:59.999,10750563.6332812,43547,52.98974000,4107195.66448580,0
2026-08-31 03:00:00,77474.0,77691.56,77394.0,77658.01,104.73812,2026-08-31 03:14:59.999,8123858.0043607,42686,61.37220000,4760784.95594260,0
2026-08-31 03:15:00,77658.0,77756.5,77590.01,77731.11,60.11133,2026-08-31 03:29:59.999,4670119.3393382,28547,33.51561000,2603867.51518350,0
2026-08-31 03:30:00,77731.1,77838.0,77676.0,77818.31,50.32444,2026-08-31 03:44:59.999,3913513.6156157,25515,27.80913000,2162498.23845870,0
2026-08-31 03:45:00,77818.31,77872.0,77752.0,77756.71,63.75147,2026-08-31 03:59:59.999,4960630.2135535,22000,30.23541000,2352888.33608600,0
2026-08-31 04:00:00,77756.7,77769.11,77572.25,77590.42,116.93962,2026-08-31 04:14:59.999,9078520.1837471,33591,43.67238000,3390092.00087450,0
2026-08-31 04:15:00,77590.42,77604.28,77492.03,77514.01,149.62476,2026-08-31 04:29:59.999,11600815.8449847,26495,82.73575000,6414514.53357760,0
2026-08-31 04:30:00,77514.0,77583.01,77458.83,77568.0,174.16676,2026-08-31 04:44:59.999,13500261.7301184,27792,116.45915000,9027139.55206440,0
2026-08-31 04:45:00,77568.0,77651.86,77471.99,77622.28,109.29659,2026-08-31 04:59:59.999,8478025.356487,33729,67.77192000,5256789.23812740,0
2026-08-31 05:00:00,77622.29,77800.0,77514.0,77762.0,105.49547,2026-08-31 05:14:59.999,8190957.3762575,44619,62.94376000,4887451.06902790,0
2026-08-31 05:15:00,77762.0,78156.78,77758.01,77998.84,190.45981,2026-08-31 05:29:59.999,14851752.4848817,70513,118.07776000,9206800.82490200,0
2026-08-31 05:30:00,77998.83,78061.99,77872.66,77974.02,118.9279,2026-08-31 05:44:59.999,9274244.4058287,40023,71.76519000,5596454.55971330,0
2026-08-31 05:45:00,77974.01,78062.88,77949.01,78016.0,97.03773,2026-08-31 05:59:59.999,7569559.8684628,34690,52.01109000,4057276.98881610,0
2026-08-31 06:00:00,78016.01,78079.18,77864.16,78023.13,161.5845,2026-08-31 06:14:59.999,12599274.1959232,40021,73.49012000,5729736.13883580,0
2026-08-31 06:15:00,78023.13,78122.0,77972.0,78007.99,256.74174,2026-08-31 06:29:59.999,20035253.8189089,41080,88.78648000,6928178.13931300,0
2026-08-31 06:30:00,78007.99,78156.77,77924.0,78084.0,128.82149,2026-08-31 06:44:59.999,10050330.2921946,38174,67.96194000,5302520.82119820,0
2026-08-31 06:45:00,78084.01,78123.8,78011.74,78093.87,420.87437,2026-08-31 06:59:59.999,32868156.0395014,42692,228.77801000,17865685.18135110,0
2026-08-31 07:00:00,78093.88,78170.0,78034.01,78127.9,313.70595,2026-08-31 07:14:59.999,24503134.1738518,44417,121.29549000,9472624.21222240,0
2026-08-31 07:15:00,78127.91,78322.56,78127.9,78213.01,139.13129,2026-08-31 07:29:59.999,10883430.1914903,43114,86.10530000,6735280.65878780,0
2026-08-31 07:30:00,78213.0,78290.0,78128.0,78270.72,160.80892,2026-08-31 07:44:59.999,12576006.9585761,47206,75.11386000,5874094.02367500,0
2026-08-31 07:45:00,78270.72,78289.86,78194.0,78196.01,102.38762,2026-08-31 07:59:59.999,8009500.692069,25021,46.71746000,3654453.10072780,0
2026-08-31 08:00:00,78196.01,78348.88,78048.0,78157.6,124.583,2026-08-31 08:14:59.999,9740283.7442549,46972,55.03750000,4303347.47399580,0
2026-08-31 08:15:00,78157.59,78157.6,77982.0,78094.0,130.51146,2026-08-31 08:29:59.999,10186124.486396,41553,56.49678000,4409049.24264060,0
2026-08-31 08:30:00,78094.0,78464.0,78077.44,78324.0,234.71026,2026-08-31 08:44:59.999,18362153.6788563,57472,155.70813000,12180784.18221180,0
2026-08-31 08:45:00,78323.99,78521.89,78320.0,78480.8,292.94074,2026-08-31 08:59:59.999,22981716.0928918,52169,224.88252000,17643114.22169160,0
2026-08-31 09:00:00,78480.79,78802.0,78396.35,78652.0,263.976,2026-08-31 09:14:59.999,20741578.0613384,70116,140.07064000,11005313.03077190,0
2026-08-31 09:15:00,78652.01,78799.78,78596.01,78652.06,158.97332,2026-08-31 09:29:59.999,12511948.1358573,50323,74.06176000,5828627.33200260,0
2026-08-31 09:30:00,78652.07,78715.96,78597.21,78699.26,105.73606,2026-08-31 09:44:59.999,8316548.5586041,38791,46.52976000,3659613.41802620,0
2026-08-31 09:45:00,78699.25,78800.0,78511.02,78511.03,96.08148,2026-08-31 09:59:59.999,7556039.0625347,27813,46.71225000,3673726.99492690,0
2026-08-31 10:00:00,78511.03,78525.39,78316.91,78519.99,151.26074,2026-08-31 10:14:59.999,11862537.878178,37889,77.57482000,6083990.70184120,0
2026-08-31 10:15:00,78519.99,78520.0,78402.0,78438.16,67.84825,2026-08-31 10:29:59.999,5322115.3031536,25574,28.06535000,2201278.39707790,0
2026-08-31 10:30:00,78438.16,78547.38,78376.0,78534.1,185.44502,2026-08-31 10:44:59.999,14554018.4458248,39769,142.20174000,11160712.93935060,0
2026-08-31 10:45:00,78534.1,78732.0,78510.01,78710.01,172.16433,2026-08-31 10:59:59.999,13536404.1790304,37331,108.86598000,8558550.15116440,0
2026-08-31 11:00:00,78710.02,78710.02,78567.1,78623.71,136.51081,2026-08-31 11:14:59.999,10734084.2257045,33531,65.24482000,5130406.37615420,0
2026-08-31 11:15:00,78623.71,78640.01,78472.0,78480.08,109.79825,2026-08-31 11:29:59.999,8626724.5716996,28910,36.87693000,2897164.74163530,0
2026-08-31 11:30:00,78480.09,78482.97,78356.43,78387.85,147.56948,2026-08-31 11:44:59.999,11572457.7408744,31994,49.21034000,3859124.51178010,0
2026-08-31 11:45:00,78387.86,78419.86,78302.0,78315.43,88.47718,2026-08-31 11:59:59.999,6931937.6031829,23209,41.55209000,3255411.93591180,0
2026-08-31 12:00:00,78315.43,78543.86,78276.0,78410.01,169.35561,2026-08-31 12:14:59.999,13282608.9906472,54148,75.31968000,5907093.16122440,0
2026-08-31 12:15:00,78410.0,78482.0,78060.0,78092.01,219.404,2026-08-31 12:29:59.999,17168390.0425241,69570,77.13327000,6035481.58415970,0
2026-08-31 12:30:00,78092.0,78158.2,77675.04,77885.56,268.8835,2026-08-31 12:44:59.999,20961157.7175892,87066,96.00151000,7483714.00864490,0
2026-08-31 12:45:00,77885.55,77930.4,77776.48,77930.39,158.96947,2026-08-31 12:59:59.999,12375732.9828967,55906,71.96890000,5602966.41045040,0
2026-08-31 13:00:00,77930.4,78200.0,77930.4,78086.55,183.2141,2026-08-31 13:14:59.999,14300977.9278973,60923,104.28630000,8139506.98156420,0
2026-08-31 13:15:00,78086.55,78086.56,77892.52,78055.64,148.43832,2026-08-31 13:29:59.999,11578649.1587721,54568,62.33418000,4862025.13660750,0
2026-08-31 13:30:00,78055.65,78282.0,77838.0,78000.0,368.76546,2026-08-31 13:44:59.999,28785566.6315743,159973,184.60486000,14411658.84547110,0
2026-08-31 13:45:00,78000.01,78060.0,77716.75,77867.39,382.85372,2026-08-31 13:59:59.999,29816573.4704869,126412,171.60971000,13364557.46018340,0
2026-08-31 14:00:00,77867.39,78072.65,77806.0,77902.01,251.702,2026-08-31 14:14:59.999,19614735.3382403,85464,136.01522000,10599853.13938180,0
2026-08-31 14:15:00,77902.01,78080.0,77746.6,78030.08,237.26194,2026-08-31 14:29:59.999,18487012.6202187,81062,115.96806000,9036384.56919500,0
2026-08-31 14:30:00,78030.08,78686.94,77970.0,78517.19,406.49581,2026-08-31 14:44:59.999,31835489.1027955,122213,256.33079000,20080535.99394950,0
2026-08-31 14:45:00,78517.18,78657.51,78378.0,78600.14,473.20299,2026-08-31 14:59:59.999,37152082.3768624,89456,298.25787000,23415231.59122950,0
2026-08-31 15:00:00,78601.93,78695.4,78317.46,78325.59,436.4835,2026-08-31 15:14:59.999,34264219.4714523,83373,252.27695000,19803735.61563320,0
2026-08-31 15:15:00,78325.59,78543.56,78212.3,78462.94,251.28445,2026-08-31 15:29:59.999,19691275.6842516,67999,150.93531000,11827703.02443490,0
2026-08-31 15:30:00,78462.94,78777.9,78408.0,78718.0,270.08015,2026-08-31 15:44:59.999,21227759.7808246,70720,156.07022000,12267685.96260440,0
2026-08-31 15:45:00,78718.01,78770.51,78542.0,78580.42,161.80841,2026-08-31 15:59:59.999,12723884.5831989,47716,71.46435000,5619542.46873660,0
2026-08-31 16:00:00,78580.43,78794.94,78530.45,78675.99,170.32251,2026-08-31 16:14:59.999,13395550.3568519,56765,85.06342000,6691306.97115800,0
2026-08-31 16:15:00,78675.98,78752.0,78524.0,78647.2,146.22853,2026-08-31 16:29:59.999,11496981.408997,43337,80.41349000,6322206.45899640,0
2026-08-31 16:30:00,78647.2,78766.0,78581.45,78726.0,106.29431,2026-08-31 16:44:59.999,8360653.2188439,42570,51.13832000,4022293.34159330,0
2026-08-31 16:45:00,78726.0,78884.48,78638.0,78639.57,153.41917,2026-08-31 16:59:59.999,12082938.1503869,44739,79.38793000,6253654.04791440,0
2026-08-31 17:00:00,78639.57,78808.0,78616.0,78737.22,124.59099,2026-08-31 17:14:59.999,9807070.7209651,43016,75.56719000,5948036.21432460,0
2026-08-31 17:15:00,78737.23,78743.52,78494.0,78534.26,116.89011,2026-08-31 17:29:59.999,9185242.6761565,45643,52.72444000,4142512.98768800,0
2026-08-31 17:30:00,78534.25,79019.86,78534.25,78911.33,219.74356,2026-08-31 17:44:59.999,17320191.2265347,57992,161.92963000,12763860.26597440,0
2026-08-31 17:45:00,78911.34,78960.0,78840.68,78897.36,143.47386,2026-08-31 17:59:59.999,11320363.6574234,33856,74.93856000,5912608.07198310,0
2026-08-31 18:00:00,78897.35,78956.93,78779.24,78956.93,65.24546,2026-08-31 18:14:59.999,5144910.380703,27600,37.46255000,2954446.99496460,0
2026-08-31 18:15:00,78956.92,79087.38,78844.03,78908.0,128.92084,2026-08-31 18:29:59.999,10181225.9525293,44452,74.54220000,5886563.04284670,0
2026-08-31 18:30:00,78908.0,79212.0,78885.59,79188.07,146.41553,2026-08-31 18:44:59.999,11575583.7250368,43838,100.31506000,7931098.15842030,0
2026-08-31 18:45:00,79188.08,79188.08,78992.49,79016.0,132.93408,2026-08-31 18:59:59.999,10510281.3767418,39269,51.26833000,4053020.80012120,0
2026-08-31 19:00:00,79016.01,79250.0,79016.0,79188.08,129.58231,2026-08-31 19:14:59.999,10259109.5613996,36886,66.57378000,5269910.95447100,0
2026-08-31 19:15:00,79188.08,79188.08,79025.0,79090.01,88.35554,2026-08-31 19:29:59.999,6988059.7649688,32824,43.68314000,3454745.48109110,0
2026-08-31 19:30:00,79090.01,79140.0,78930.0,78981.99,101.05777,2026-08-31 19:44:59.999,7988381.738583,42894,50.29456000,3975615.74351710,0
2026-08-31 19:45:00,78981.99,79100.0,78851.93,78898.06,104.46773,2026-08-31 19:59:59.999,8248313.8741878,38689,49.12269000,3878627.25361880,0
2026-08-31 20:00:00,78898.06,78966.0,78864.0,78960.51,71.423,2026-08-31 20:14:59.999,5636583.5847512,24209,40.15054000,3168568.75961160,0
2026-08-31 20:15:00,78960.51,79172.0,78923.07,78923.08,104.8067,2026-08-31 20:29:59.999,8284166.9500053,27979,43.56650000,3444169.31293000,0
2026-08-31 20:30:00,78923.07,78950.0,78784.32,78883.68,85.91991,2026-08-31 20:44:59.999,6775179.0944575,25355,42.42785000,3345236.24507430,0
2026-08-31 20:45:00,78883.69,78920.21,78832.0,78864.72,104.5338,2026-08-31 20:59:59.999,8245466.1406627,17220,68.29689000,5387176.15030910,0
2026-08-31 21:00:00,78864.73,78890.87,78732.22,78838.0,126.84674,2026-08-31 21:14:59.999,9998064.6803939,27545,66.71865000,5258533.93982060,0
2026-08-31 21:15:00,78838.0,78964.0,78817.01,78960.38,99.61326,2026-08-31 21:29:59.999,7856952.0984682,16030,74.61128000,5885204.28686550,0
2026-08-31 21:30:00,78960.39,79066.32,78960.39,79054.0,90.19622,2026-08-31 21:44:59.999,7127867.8265331,24318,52.27552000,4131064.82004560,0
2026-08-31 21:45:00,79054.0,79071.12,78958.0,78964.32,88.05491,2026-08-31 21:59:59.999,6956736.3374491,15117,45.50653000,3595338.49078050,0
2026-08-31 22:00:00,78964.33,79015.83,78894.0,78894.0,88.89042,2026-08-31 22:14:59.999,7017968.5835844,25786,51.91452000,4098599.59917700,0
2026-08-31 22:15:00,78894.01,78894.01,78746.56,78761.92,77.32197,2026-08-31 22:29:59.999,6093584.2546335,13499,45.25353000,3566204.90573500,0
2026-08-31 22:30:00,78761.91,78769.0,78654.72,78665.36,90.74129,2026-08-31 22:44:59.999,7141577.9650504,22890,52.57872000,4138050.11612000,0
2026-08-31 22:45:00,78665.37,78665.37,78579.3,78593.15,89.25945,2026-08-31 22:59:59.999,7016504.5000564,15503,55.26009000,4343716.21632910,0
2026-08-31 23:00:00,78593.15,78593.16,78405.01,78457.56,122.65077,2026-08-31 23:14:59.999,9625364.9869544,22866,66.96237000,5254467.20724890,0
2026-08-31 23:15:00,78457.57,78593.61,78457.56,78580.57,74.03735,2026-08-31 23:29:59.999,5815212.3096207,17122,52.68129000,4137717.14581270,0
2026-08-31 23:30:00,78580.57,78586.0,78504.6,78559.41,100.29967,2026-08-31 23:44:59.999,7878915.9288139,18725,52.93641000,4158154.03169590,0
2026-08-31 23:45:00,78559.42,78582.0,78550.3,78581.29,79.55486,2026-08-31 23:59:59.999,6250156.1305132,10683,53.59212000,4210376.38695190,0
2026-09-01 00:00:00,78581.3,78796.51,78562.0,78754.74,140.45653,2026-09-01 00:14:59.999,11052673.4760252,26261,103.33932000,8131759.18094310,0
2026-09-01 00:15:00,78754.73,78900.01,78742.42,78872.73,104.91977,2026-09-01 00:29:59.999,8271447.4643772,21268,70.95727000,5593739.98440750,0
2026-09-01 00:30:00,78872.73,78891.93,78678.0,78707.98,148.33588,2026-09-01 00:44:59.999,11684472.1040604,22264,86.57503000,6818763.93314250,0
2026-09-01 00:45:00,78707.97,78808.0,78584.0,78652.0,128.99695,2026-09-01 00:59:59.999,10151659.2564344,20767,75.36058000,5930210.05882910,0
2026-09-01 01:00:00,78652.0,78797.99,78530.0,78545.83,132.92059,2026-09-01 01:14:59.999,10459120.9390142,24423,75.08754000,5908344.05220790,0
2026-09-01 01:15:00,78545.83,78643.46,78412.7,78421.38,132.05394,2026-09-01 01:29:59.999,10370792.6210153,24237,68.58992000,5387560.40209700,0
2026-09-01 01:30:00,78421.38,78585.01,78375.83,78575.99,95.39319,2026-09-01 01:44:59.999,7484466.722216,27249,51.40034000,4033191.45955020,0
2026-09-01 01:45:00,78575.99,78576.0,78388.0,78410.62,80.57658,2026-09-01 01:59:59.999,6321976.4226377,17643,42.63484000,3344491.71649610,0
2026-09-01 02:00:00,78410.62,78410.62,78189.93,78293.99,151.81638,2026-09-01 02:14:59.999,11884714.9802955,31609,82.38404000,6448508.67648490,0
2026-09-01 02:15:00,78293.99,78329.62,78200.01,78215.99,146.97069,2026-09-01 02:29:59.999,11502667.943536,30281,77.88518000,6095956.08294780,0
2026-09-01 02:30:00,78215.99,78407.28,78215.99,78362.0,124.45478,2026-09-01 02:44:59.999,9750936.5340353,25284,77.54800000,6075643.76613070,0
2026-09-01 02:45:00,78362.0,78457.55,78340.91,78449.99,101.65308,2026-09-01 02:59:59.999,7971273.0570483,18478,53.56064000,4200047.60654200,0
2026-09-01 03:00:00,78449.99,78500.0,78406.29,78430.86,72.28172,2026-09-01 03:14:59.999,5670214.6996691,15522,36.40778000,2856062.97724240,0
2026-09-01 03:15:00,78430.86,78506.01,78400.18,78477.87,47.37197,2026-09-01 03:29:59.999,3716470.2428867,17137,26.14995000,2051580.15156100,0
2026-09-01 03:30:00,78477.87,78874.0,78477.87,78792.91,238.94404,2026-09-01 03:44:59.999,18825072.0776439,54892,92.52892000,7285885.75965010,0
2026-09-01 03:45:00,78792.9,78794.0,78670.95,78679.01,183.60867,2026-09-01 03:59:59.999,14453860.9186872,26180,46.71541000,3676979.84232760,0
2026-09-01 04:00:00,78679.01,78800.0,78653.96,78672.6,151.42147,2026-09-01 04:14:59.999,11915460.0102585,23353,95.39712000,7506310.15774720,0
2026-09-01 04:15:00,78672.6,78915.09,78672.59,78829.54,88.33907,2026-09-01 04:29:59.999,6962785.0452595,22258,50.96609000,4017079.71074230,0
2026-09-01 04:30:00,78829.53,78853.45,78708.07,78720.01,56.12955,2026-09-01 04:44:59.999,4420741.7132447,16071,24.19099000,1905557.98647100,0
2026-09-01 04:45:00,78720.01,78778.0,78683.88,78727.11,148.23639,2026-09-01 04:59:59.999,11669854.8419036,19843,81.66663000,6428778.06762860,0
2026-09-01 05:00:00,78727.11,78970.82,78727.11,78858.76,113.88273,2026-09-01 05:14:59.999,8982509.311511,30404,72.05079000,5682216.96334890,0
2026-09-01 05:15:00,78858.76,79000.0,78792.0,78993.19,119.34966,2026-09-01 05:29:59.999,9412859.2155216,29558,95.62305000,7541662.57187650,0
2026-09-01 05:30:00,78993.19,79177.18,78968.78,79167.51,179.65824,2026-09-01 05:44:59.999,14207457.6554179,45852,130.35231000,10307927.41456320,0
2026-09-01 05:45:00,79167.5,79220.61,79091.96,79179.99,134.07258,2026-09-01 05:59:59.999,10612700.6072841,33749,69.67165000,5514908.34044160,0
2026-09-01 06:00:00,79179.99,79179.99,78974.0,79030.64,124.99459,2026-09-01 06:14:59.999,9881800.0518832,26246,72.05488000,5696132.79718630,0
2026-09-01 06:15:00,79030.64,79030.64,78821.67,78897.64,128.55557,2026-09-01 06:29:59.999,10143154.4766615,25426,68.48668000,5402493.90483740,0
2026-09-01 06:30:00,78897.64,78950.34,78865.44,78878.0,107.14134,2026-09-01 06:44:59.999,8453869.5569428,29170,76.20783000,6012853.07461950,0
2026-09-01 06:45:00,78878.0,78886.45,78745.38,78745.39,104.01386,2026-09-01 06:59:59.999,8198526.2998974,26339,63.65045000,5017334.59279190,0
2026-09-01 07:00:00,78745.39,78806.0,78718.6,78724.46,75.05025,2026-09-01 07:14:59.999,5910951.9211756,25885,37.31687000,2939060.94548970,0
2026-09-01 07:15:00,78724.46,78797.53,78707.42,78781.5,63.61578,2026-09-01 07:29:59.999,5010208.8541519,25186,38.79816000,3055653.26225400,0
2026-09-01 07:30:00,78781.5,78796.0,78500.0,78622.71,198.08687,2026-09-01 07:44:59.999,15572053.2277432,40034,53.45104000,4202305.54882470,0
2026-09-01 07:45:00,78622.71,78686.0,78594.0,78632.37,68.9601,2026-09-01 07:59:59.999,5423229.865999,22328,34.35488000,2701564.35719240,0
2026-09-01 08:00:00,78632.37,78658.01,78272.72,78309.99,171.25754,2026-09-01 08:14:59.999,13430997.8510068,51399,86.11612000,6753351.55703740,0
2026-09-01 08:15:00,78309.99,78338.5,77870.5,77888.0,324.17691,2026-09-01 08:29:59.999,25311340.4308615,85748,132.67689000,10360953.22182800,0
2026-09-01 08:30:00,77887.99,78052.64,77835.77,77979.87,269.13662,2026-09-01 08:44:59.999,20974607.3077081,90825,143.75617000,11203636.93171900,0
2026-09-01 08:45:00,77979.87,78040.0,77820.0,77883.28,174.53958,2026-09-01 08:59:59.999,13601977.8978632,57129,104.74405000,8162635.04904060,0
2026-09-01 09:00:00,77883.28,77928.22,77786.18,77827.28,183.15273,2026-09-01 09:14:59.999,14258086.3618798,57527,86.09748000,6702238.27086020,0
2026-09-01 09:15:00,77827.27,77977.61,77804.07,77931.29,318.15478,2026-09-01 09:29:59.999,24787892.8049669,42376,251.76609000,19615123.54971200,0
2026-09-01 09:30:00,77931.3,78062.24,77852.04,78062.24,280.24266,2026-09-01 09:44:59.999,21845501.9432274,34419,208.14430000,16225886.69301000,0
2026-09-01 09:45:00,78062.23,78062.24,77910.0,77915.0,169.79228,2026-09-01 09:59:59.999,13239924.1738607,30326,112.19723000,8749143.03711910,0
2026-09-01 10:00:00,77915.0,77999.16,77806.0,77881.88,112.17362,2026-09-01 10:14:59.999,8738725.2191994,38810,54.53647000,4248509.48567580,0
2026-09-01 10:15:00,77881.88,78048.0,77758.69,78005.85,123.20551,2026-09-01 10:29:59.999,9598122.4833595,38796,58.47229000,4555641.68793210,0
2026-09-01 10:30:00,78005.85,78196.0,78005.84,78136.01,117.29529,2026-09-01 10:44:59.999,9163997.4974852,42303,64.80849000,5062985.26214930,0
2026-09-01 10:45:00,78136.01,78174.29,77987.49,78029.67,71.26713,2026-09-01 10:59:59.999,5563860.6298374,26444,34.66805000,2706688.92653250,0
2026-09-01 11:00:00,78029.67,78054.0,77922.79,77989.14,82.89195,2026-09-01 11:14:59.999,6464264.8355936,32058,37.06748000,2890763.80139460,0
2026-09-01 11:15:00,77989.14,78023.86,77890.0,78009.12,76.49378,2026-09-01 11:29:59.999,5963599.6464693,27666,38.78135000,3023470.21452970,0
2026-09-01 11:30:00,78009.12,78202.52,77958.0,78106.55,100.76482,2026-09-01 11:44:59.999,7869854.472906,37187,59.80488000,4670520.64231150,0
2026-09-01 11:45:00,78106.54,78198.65,78056.72,78098.97,77.29677,2026-09-01 11:59:59.999,6038818.2269357,26304,42.28730000,3303625.02513630,0
2026-09-01 12:00:00,78098.96,78156.0,77954.0,78031.99,98.38269,2026-09-01 12:14:59.999,7679002.1327537,33958,51.67196000,4032911.06709900,0
2026-09-01 12:15:00,78032.0,78100.96,77913.86,77994.01,95.84924,2026-09-01 12:29:59.999,7475984.5517777,31557,38.39329000,2995052.35857480,0
2026-09-01 12:30:00,77994.0,77994.01,77742.01,77970.53,164.38534,2026-09-01 12:44:59.999,12797574.348452,47234,79.44994000,6185507.63285900,0
2026-09-01 12:45:00,77970.52,78074.68,77928.48,78004.0,115.83899,2026-09-01 12:59:59.999,9037409.2776482,31748,42.82034000,3340417.97689380,0
2026-09-01 13:00:00,78004.01,78016.01,77515.07,77818.91,334.39022,2026-09-01 13:14:59.999,25997091.4476065,85656,139.79441000,10869071.31109690,0
2026-09-01 13:15:00,77818.9,77897.69,77732.0,77888.39,140.97532,2026-09-01 13:29:59.999,10969784.0387241,41293,81.41304000,6334828.71018540,0
2026-09-01 13:30:00,77888.39,78038.8,77510.0,77924.0,511.48744,2026-09-01 13:44:59.999,39768332.9643161,115446,266.31203000,20703063.37785640,0
2026-09-01 13:45:00,77924.01,78202.0,77858.43,78071.99,298.35956,2026-09-01 13:59:59.999,23284423.740625,86131,153.36431000,11966507.12186600,0
2026-09-01 14:00:00,78072.0,78420.0,78052.0,78269.11,268.81167,2026-09-01 14:14:59.999,21035393.7279361,77312,133.94281000,10482150.36726070,0
2026-09-01 14:15:00,78269.1,78411.8,78147.16,78262.15,239.63457,2026-09-01 14:29:59.999,18755702.6883933,58036,153.26635000,11995580.90956600,0
2026-09-01 14:30:00,78262.14,78405.0,78232.36,78399.99,135.37944,2026-09-01 14:44:59.999,10603421.7683481,45620,58.28463000,4564991.04056910,0
2026-09-01 14:45:00,78400.0,78424.0,78144.0,78167.99,156.73015,2026-09-01 14:59:59.999,12269392.9775167,50752,59.78177000,4679666.82123490,0
2026-09-01 15:00:00,78168.0,78169.69,77727.61,77826.25,259.32068,2026-09-01 15:14:59.999,20196567.5651555,68491,90.84441000,7073061.92397380,0
2026-09-01 15:15:00,77826.24,77886.0,77762.11,77869.21,103.55405,2026-09-01 15:29:59.999,8059445.2967481,35728,55.97411000,4356466.91972240,0
2026-09-01 15:30:00,77869.22,78023.12,77811.73,78018.45,114.22075,2026-09-01 15:44:59.999,8898868.2286739,33372,69.99466000,5453246.87810200,0
2026-09-01 15:45:00,78018.44,78104.0,77918.96,77919.06,83.0106,2026-09-01 15:59:59.999,6476860.1761592,27797,39.36141000,3071511.39151740,0
2026-09-01 16:00:00,77919.07,77976.0,77647.45,77668.9,120.8652,2026-09-01 16:14:59.999,9404666.0014455,40834,45.93599000,3574784.77017160,0
2026-09-01 16:15:00,77668.89,77746.61,77468.0,77623.13,228.95048,2026-09-01 16:29:59.999,17759126.909965,58362,97.11936000,7533742.92659310,0
2026-09-01 16:30:00,77623.12,77623.13,77318.0,77443.01,256.86125,2026-09-01 16:44:59.999,19902327.174057,63512,96.53627000,7480897.27046350,0
2026-09-01 16:45:00,77443.01,77652.0,77430.57,77596.01,85.5614,2026-09-01 16:59:59.999,6637380.800054,32652,50.27108000,3899011.95056950,0
2026-09-01 17:00:00,77596.01,77652.0,77504.73,77523.04,80.70164,2026-09-01 17:14:59.999,6260276.9475274,28155,38.71199000,3003250.89796880,0
2026-09-01 17:15:00,77523.04,77620.0,77416.83,77513.92,129.20444,2026-09-01 17:29:59.999,10016345.3317654,38192,49.15886000,3811468.47870680,0
2026-09-01 17:30:00,77513.93,77721.26,77508.33,77520.0,99.63392,2026-09-01 17:44:59.999,7733091.6427165,29739,63.16624000,4902669.46424350,0
2026-09-01 17:45:00,77520.0,77520.01,77241.12,77265.79,175.22204,2026-09-01 17:59:59.999,13559794.9499502,37753,55.24538000,4275035.13602100,0
2026-09-01 18:00:00,77265.79,77319.64,77141.09,77224.15,163.19856,2026-09-01 18:14:59.999,12602326.2556954,51491,61.04591000,4714137.62970740,0
2026-09-01 18:15:00,77224.16,77248.0,76737.0,77057.21,530.27758,2026-09-01 18:29:59.999,40821062.612412,79098,169.77050000,13068869.49766450,0
2026-09-01 18:30:00,77057.21,77122.0,76577.0,76577.01,438.69675,2026-09-01 18:44:59.999,33692955.3815895,86361,161.95237000,12440991.16224260,0
2026-09-01 18:45:00,76577.0,77157.52,76420.0,77153.9,353.72546,2026-09-01 18:59:59.999,27134598.1176531,91675,170.99384000,13124760.32541700,0
2026-09-01 19:00:00,77153.89,77306.22,77112.0,77204.16,152.46941,2026-09-01 19:14:59.999,11771176.4296979,51243,83.71228000,6463481.17050350,0
2026-09-01 19:15:00,77204.16,77466.55,77138.0,77362.45,121.34963,2026-09-01 19:29:59.999,9383739.5584808,44958,74.06635000,5727695.17178650,0
2026-09-01 19:30:00,77362.45,77385.53,77298.0,77309.79,95.00819,2026-09-01 19:44:59.999,7348010.533924,25555,55.21661000,4270620.45507110,0
2026-09-01 19:45:00,77309.79,77332.0,77200.0,77312.0,76.21545,2026-09-01 19:59:59.999,5889204.1034018,32089,29.69775000,2294744.84683760,0
2026-09-01 20:00:00,77312.0,77425.99,77236.48,77425.99,85.66131,2026-09-01 20:14:59.999,6624434.3565322,36091,55.42424000,4286550.40563660,0
2026-09-01 20:15:00,77425.99,77469.87,77325.12,77400.0,74.84068,2026-09-01 20:29:59.999,5791697.9416196,27696,30.32676000,2346886.69633450,0
2026-09-01 20:30:00,77400.0,77471.9,77340.36,77386.72,57.86059,2026-09-01 20:44:59.999,4478830.7350392,23323,22.53890000,1744727.77417480,0
2026-09-01 20:45:00,77386.72,77469.01,77349.66,77448.45,48.01369,2026-09-01 20:59:59.999,3716060.0756196,17492,29.79622000,2306081.15062860,0
2026-09-01 21:00:00,77448.46,77516.3,77068.24,77114.44,139.41036,2026-09-01 21:14:59.999,10773704.6234336,40030,46.00925000,3556087.90987520,0
2026-09-01 21:15:00,77114.43,77268.0,76920.36,77188.68,142.77815,2026-09-01 21:29:59.999,11001299.4080019,43394,77.29555000,5954444.70599780,0
2026-09-01 21:30:00,77188.69,77225.73,77035.12,77146.1,90.12781,2026-09-01 21:44:59.999,6949892.1631614,33849,39.56759000,3051343.63479010,0
2026-09-01 21:45:00,77146.1,77272.72,77135.0,77211.32,42.67078,2026-09-01 21:59:59.999,3294543.3485508,27693,23.16146000,1788144.93618500,0
2026-09-01 22:00:00,77211.32,77312.0,77188.0,77295.35,58.30387,2026-09-01 22:14:59.999,4504318.7702776,24552,27.87759000,2153905.14239020,0
2026-09-01 22:15:00,77295.35,77295.35,77072.0,77072.0,88.3188,2026-09-01 22:29:59.999,6814464.2415953,24168,31.17746000,2405469.26360160,0
2026-09-01 22:30:00,77072.01,77189.23,77030.0,77151.43,95.55764,2026-09-01 22:44:59.999,7365848.0966409,24877,39.26402000,3026852.98818480,0
2026-09-01 22:45:00,77151.44,77364.01,77151.43,77274.02,93.11813,2026-09-01 22:59:59.999,7197592.0619093,22173,52.68304000,4071547.59755890,0
2026-09-01 23:00:00,77274.02,77320.0,77218.0,77262.01,53.46458,2026-09-01 23:14:59.999,4131147.4208454,18812,26.78095000,2069388.74629650,0
2026-09-01 23:15:00,77262.0,77396.84,77262.0,77396.84,59.97528,2026-09-01 23:29:59.999,4637003.0994651,19298,37.85305000,2926941.13573120,0
2026-09-01 23:30:00,77396.83,77591.82,77383.99,77537.5,94.49212,2026-09-01 23:44:59.999,7322694.8372407,29053,61.27834000,4748566.85166890,0
2026-09-01 23:45:00,77537.5,77638.18,77418.0,77439.0,133.66881,2026-09-01 23:59:59.999,10360853.8926286,23990,62.55162000,4848683.62539210,0
2026-09-02 00:00:00,77439.01,77512.0,77358.0,77397.03,124.66593,2026-09-02 00:14:59.999,9652070.6070571,24110,48.61709000,3764223.88826980,0
2026-09-02 00:15:00,77397.02,77462.0,77255.86,77262.9,72.75931,2026-09-02 00:29:59.999,5630096.0281202,22436,36.92244000,2857208.02219820,0
2026-09-02 00:30:00,77262.91,77338.22,77132.0,77229.31,98.56312,2026-09-02 00:44:59.999,7611488.4491962,33435,52.04607000,4019437.45416310,0
2026-09-02 00:45:00,77229.31,77273.41,77182.79,77213.25,56.52883,2026-09-02 00:59:59.999,4365577.3580924,22623,30.50849000,2356039.23536790,0
2026-09-02 01:00:00,77213.24,77372.0,77154.37,77351.46,130.59503,2026-09-02 01:14:59.999,10088891.0083,36638,88.62278000,6846830.80853980,0
2026-09-02 01:15:00,77351.46,77351.46,77150.0,77150.0,148.7651,2026-09-02 01:29:59.999,11496147.4729599,21790,46.84341000,3620214.38114270,0
2026-09-02 01:30:00,77150.01,77188.0,76848.0,76886.93,156.90703,2026-09-02 01:44:59.999,12087778.7121537,40546,57.55614000,4434625.76207140,0
2026-09-02 01:45:00,76886.93,77044.0,76718.48,77020.68,225.32995,2026-09-02 01:59:59.999,17320252.4166732,60163,110.25920000,8477099.59755380,0
2026-09-02 02:00:00,77020.67,77210.0,76948.97,77088.4,145.95603,2026-09-02 02:14:59.999,11247730.3810585,56548,84.28068000,6494781.83456540,0
2026-09-02 02:15:00,77088.39,77343.74,77080.73,77325.48,130.0862,2026-09-02 02:29:59.999,10045646.0575564,37889,88.96018000,6869855.42324260,0
2026-09-02 02:30:00,77325.47,77325.47,77171.51,77226.0,86.81678,2026-09-02 02:44:59.999,6705216.6231517,26446,46.94611000,3625724.28602350,0
2026-09-02 02:45:00,77225.99,77329.2,77204.0,77329.2,74.32044,2026-09-02 02:59:59.999,5742558.9570946,27512,50.41945000,3895921.04476960,0
2026-09-02 03:00:00,77329.2,77600.0,77314.51,77512.0,169.5729,2026-09-02 03:14:59.999,13135732.6384692,61964,106.18561000,8225028.19405900,0
2026-09-02 03:15:00,77512.0,77792.0,77494.0,77660.56,215.24278,2026-09-02 03:29:59.999,16710949.0002639,58908,126.36910000,9812450.17638980,0
2026-09-02 03:30:00,77660.56,77660.56,77514.0,77552.0,99.14923,2026-09-02 03:44:59.999,7690430.1513956,30842,56.23497000,4361597.35041630,0
2026-09-02 03:45:00,77552.0,77640.0,77508.02,77563.5,134.40962,2026-09-02 03:59:59.999,10427980.5120554,27815,68.72754000,5332209.21350330,0
2026-09-02 04:00:00,77563.5,77563.5,77359.99,77376.39,105.3585,2026-09-02 04:14:59.999,8159847.5683621,29603,51.60661000,3996304.93508050,0
2026-09-02 04:15:00,77376.38,77446.64,77294.56,77431.27,85.94115,2026-09-02 04:29:59.999,6651627.0865706,28210,50.59005000,3915714.25680410,0
2026-09-02 04:30:00,77431.27,77591.82,77431.27,77589.32,71.92097,2026-09-02 04:44:59.999,5575191.1433022,20444,47.25490000,3663353.32770340,0
2026-09-02 04:45:00,77589.31,77612.84,77537.31,77561.82,36.70648,2026-09-02 04:59:59.999,2847577.3455125,14798,17.72959000,1375456.47327300,0
2026-09-02 05:00:00,77561.82,77600.02,77438.0,77600.02,67.27657,2026-09-02 05:14:59.999,5214717.7602017,25926,35.56011000,2756223.57468610,0
2026-09-02 05:15:00,77600.02,77761.93,77600.02,77744.78,97.90236,2026-09-02 05:29:59.999,7606110.9163036,37237,50.69870000,3938709.12215530,0
2026-09-02 05:30:00,77744.78,77749.24,77672.1,77704.68,60.07931,2026-09-02 05:44:59.999,4668319.0770669,25156,29.64432000,2303397.55294640,0
2026-09-02 05:45:00,77704.68,77756.51,77567.8,77651.07,116.57026,2026-09-02 05:59:59.999,9051755.6661596,26431,56.36561000,4376352.80113180,0
2026-09-02 06:00:00,77651.08,77724.0,77576.51,77581.73,106.23978,2026-09-02 06:14:59.999,8252257.3350096,27467,52.93117000,4111493.05103770,0
2026-09-02 06:15:00,77581.73,77666.9,77545.93,77545.93,72.6544,2026-09-02 06:29:59.999,5638946.8134412,26517,38.52909000,2990328.75820940,0
2026-09-02 06:30:00,77545.94,77683.47,77462.0,77614.0,146.70899,2026-09-02 06:44:59.999,11379577.4667078,31513,71.70134000,5561229.54758400,0
2026-09-02 06:45:00,77614.01,77620.01,77500.0,77611.54,71.4482,2026-09-02 06:59:59.999,5542767.9484515,20604,31.68591000,2457899.53172090,0
2026-09-02 07:00:00,77611.53,77765.99,77594.0,77671.0,99.12515,2026-09-02 07:14:59.999,7698170.7225377,26232,45.63495000,3543933.70954270,0
2026-09-02 07:15:00,77670.99,77696.81,77594.0,77598.0,82.3819,2026-09-02 07:29:59.999,6395990.0894646,22385,32.01964000,2485893.73156050,0
2026-09-02 07:30:00,77598.01,77631.58,77560.0,77560.01,130.81168,2026-09-02 07:44:59.999,10151319.6481717,21520,67.27108000,5220457.37538410,0
2026-09-02 07:45:00,77560.0,77599.76,77473.84,77473.85,203.58837,2026-09-02 07:59:59.999,15783754.6120312,34967,96.86252000,7509720.92209250,0
2026-09-02 08:00:00,77473.86,77546.0,77381.65,77417.57,166.53775,2026-09-02 08:14:59.999,12900877.8311277,30866,57.45969000,4451143.72166330,0
2026-09-02 08:15:00,77417.58,77475.14,77248.01,77248.01,110.70583,2026-09-02 08:29:59.999,8562130.5697915,28133,63.14330000,4882921.05959660,0
2026-09-02 08:30:00,77248.02,77248.02,76945.35,76970.87,188.14746,2026-09-02 08:44:59.999,14505062.3665717,39543,111.84218000,8623153.46617430,0
2026-09-02 08:45:00,76970.88,77046.93,76746.81,76854.11,239.72355,2026-09-02 08:59:59.999,18425182.3998135,58738,120.88549000,9292241.93740060,0
2026-09-02 09:00:00,76854.11,77049.4,76852.88,76945.13,147.14558,2026-09-02 09:14:59.999,11329140.5989118,40884,95.56634000,7357492.91223590,0
2026-09-02 09:15:00,76945.13,76968.0,76600.0,76891.96,254.27031,2026-09-02 09:29:59.999,19526884.7208505,56314,129.17742000,9920410.58911260,0
2026-09-02 09:30:00,76891.96,76897.98,76517.24,76563.51,276.92836,2026-09-02 09:44:59.999,21228448.027564,55686,118.11999000,9051516.24579640,0
2026-09-02 09:45:00,76563.52,76760.0,76484.64,76752.26,357.70807,2026-09-02 09:59:59.999,27405602.8608465,45617,221.47282000,16969781.48576790,0
2026-09-02 10:00:00,76752.26,76753.83,76569.56,76640.01,155.08546,2026-09-02 10:14:59.999,11882939.2591342,31007,70.12238000,5372579.99110200,0
2026-09-02 10:15:00,76640.0,76703.12,76571.8,76571.8,124.98758,2026-09-02 10:29:59.999,9579395.8617713,25549,72.65238000,5568033.71042030,0
2026-09-02 10:30:00,76571.8,76610.0,76478.0,76605.99,139.91154,2026-09-02 10:44:59.999,10708852.7711693,36554,67.12869000,5138021.00866170,0
2026-09-02 10:45:00,76605.98,76695.4,76264.0,76680.88,504.90969,2026-09-02 10:59:59.999,38606468.2758035,72029,226.36973000,17313260.04912040,0
2026-09-02 11:00:00,76680.88,76727.47,76519.99,76727.46,202.78241,2026-09-02 11:14:59.999,15538994.6410709,48714,126.99858000,9731743.09408670,0
2026-09-02 11:15:00,76727.47,76758.0,76356.0,76502.0,133.06851,2026-09-02 11:29:59.999,10181583.0394038,48861,59.46523000,4549340.99939290,0
2026-09-02 11:30:00,76502.0,76738.98,76488.0,76646.1,148.65309,2026-09-02 11:44:59.999,11391340.7830186,42314,77.97882000,5974955.21396360,0
2026-09-02 11:45:00,76646.1,76848.73,76600.0,76828.76,157.25514,2026-09-02 11:59:59.999,12063377.6558531,29332,109.15738000,8373827.12359580,0
2026-09-02 12:00:00,76828.75,76841.9,76677.76,76827.99,175.54655,2026-09-02 12:14:59.999,13476977.0223118,38509,100.20732000,7693024.35646420,0
2026-09-02 12:15:00,76827.99,77049.4,76772.0,76988.5,142.30573,2026-09-02 12:29:59.999,10949967.2461235,51131,93.08623000,7163200.05691850,0
2026-09-02 12:30:00,76988.49,76991.83,76800.0,76822.56,111.15413,2026-09-02 12:44:59.999,8544378.7506163,23110,59.05578000,4540000.30773030,0
2026-09-02 12:45:00,76822.55,76825.18,76611.67,76613.88,152.90808,2026-09-02 12:59:59.999,11734076.4429397,21094,57.75666000,4432611.92651690,0
2026-09-02 13:00:00,76613.87,76881.23,76613.87,76744.02,124.76383,2026-09-02 13:14:59.999,9579415.4317639,35262,65.18688000,5004517.55457880,0
2026-09-02 13:15:00,76744.01,76960.02,76712.0,76881.11,133.32489,2026-09-02 13:29:59.999,10244218.1950558,32817,66.13625000,5080193.23096410,0
2026-09-02 13:30:00,76881.12,77400.56,76625.0,77381.65,310.83286,2026-09-02 13:44:59.999,23928205.8170342,97376,208.80306000,16078655.14731420,0
2026-09-02 13:45:00,77381.66,77443.61,76996.0,77146.0,243.91069,2026-09-02 13:59:59.999,18830904.8522295,90965,115.90855000,8949887.75356900,0
2026-09-02 14:00:00,77146.0,77346.84,77010.24,77346.83,186.45619,2026-09-02 14:14:59.999,14395259.0911804,70386,119.49932000,9227464.55097870,0
2026-09-02 14:15:00,77346.83,77490.0,77232.28,77336.51,149.975,2026-09-02 14:29:59.999,11597874.2134018,42867,80.13486000,6198028.59260120,0
2026-09-02 14:30:00,77336.52,77396.97,77110.0,77324.96,120.66932,2026-09-02 14:44:59.999,9316828.0068429,47491,53.78218000,4152607.05919530,0
2026-09-02 14:45:00,77324.97,77334.2,77066.42,77066.42,98.30028,2026-09-02 14:59:59.999,7586697.3666825,41045,34.91278000,2694743.92268760,0
2026-09-02 15:00:00,77066.42,77182.0,76748.01,76819.99,327.00015,2026-09-02 15:14:59.999,25161269.5029977,62767,101.85076000,7833279.03205590,0
2026-09-02 15:15:00,76819.99,77147.7,76816.87,77039.92,145.66993,2026-09-02 15:29:59.999,11218312.3162746,49137,74.47099000,5733516.21423240,0
2026-09-02 15:30:00,77039.91,77386.0,76994.01,77369.78,197.84436,2026-09-02 15:44:59.999,15281817.4168928,66823,101.64100000,7850474.45619970,0
2026-09-02 15:45:00,77369.78,77372.0,77140.0,77288.98,154.42369,2026-09-02 15:59:59.999,11928370.3084773,41971,74.11533000,5724684.01390670,0
2026-09-02 16:00:00,77288.97,77396.0,77210.0,77356.01,216.1706,2026-09-02 16:14:59.999,16717530.0638678,35936,124.31070000,9613229.69039410,0
2026-09-02 16:15:00,77356.01,77582.0,77332.66,77464.02,605.58493,2026-09-02 16:29:59.999,46932457.3487158,52236,301.53973000,23366123.20746400,0
2026-09-02 16:30:00,77464.03,77567.42,77264.28,77264.28,262.83694,2026-09-02 16:44:59.999,20362188.710574,48302,103.99539000,8055492.96332190,0
2026-09-02 16:45:00,77264.29,77330.0,77171.5,77171.5,95.33157,2026-09-02 16:59:59.999,7364673.9384326,29086,42.27958000,3266303.18124120,0
2026-09-02 17:00:00,77171.51,77246.0,77066.42,77128.83,151.60676,2026-09-02 17:14:59.999,11695550.0834603,36990,86.53020000,6675509.59894470,0
2026-09-02 17:15:00,77128.83,77162.12,76950.56,77100.0,107.81276,2026-09-02 17:29:59.999,8307479.8988073,36342,55.77366000,4297659.92572000,0
2026-09-02 17:30:00,77099.99,77308.91,77083.76,77308.9,109.94672,2026-09-02 17:44:59.999,8484666.9797399,31411,72.12104000,5565636.57249610,0
2026-09-02 17:45:00,77308.91,77406.0,77308.91,77381.66,95.65535,2026-09-02 17:59:59.999,7400622.9422805,24368,40.41717000,3126766.59200770,0
2026-09-02 18:00:00,77381.65,77442.85,77326.05,77411.84,78.09635,2026-09-02 18:14:59.999,6043065.479651,27745,44.53432000,3446043.09111650,0
2026-09-02 18:15:00,77411.85,77524.0,77382.0,77447.28,133.99367,2026-09-02 18:29:59.999,10378184.2928106,31980,61.84257000,4789698.60171040,0
2026-09-02 18:30:00,77447.28,77454.78,77298.0,77314.0,119.6648,2026-09-02 18:44:59.999,9263030.1821963,18885,28.32359000,2191295.79042300,0
2026-09-02 18:45:00,77314.01,77413.8,77296.52,77377.76,43.24031,2026-09-02 18:59:59.999,3344719.9322569,18270,21.55952000,1667620.95948810,0
2026-09-02 19:00:00,77377.76,77401.88,77328.0,77391.78,82.12494,2026-09-02 19:14:59.999,6353935.7457415,20809,41.54109000,3214065.78263060,0
2026-09-02 19:15:00,77391.77,77416.0,77168.66,77168.66,61.90845,2026-09-02 19:29:59.999,4783495.4268206,19535,16.10859000,1244688.87222580,0
2026-09-02 19:30:00,77168.66,77249.55,77124.0,77230.12,72.30999,2026-09-02 19:44:59.999,5580447.1571476,21170,41.42892000,3197075.41569640,0
2026-09-02 19:45:00,77230.12,77354.08,77152.0,77341.47,73.07042,2026-09-02 19:59:59.999,5644242.7901555,25745,35.04841000,2707572.94985960,0
2026-09-02 20:00:00,77341.48,77520.0,77287.02,77364.33,92.58268,2026-09-02 20:14:59.999,7166711.4394941,27006,39.49839000,3057514.12185860,0
2026-09-02 20:15:00,77364.34,77464.18,77207.47,77382.36,96.46958,2026-09-02 20:29:59.999,7462986.6295563,24497,62.21139000,4812741.02405170,0
2026-09-02 20:30:00,77382.35,77481.41,77320.0,77369.99,97.47431,2026-09-02 20:44:59.999,7546115.7328742,21265,61.85904000,4789115.60236410,0
2026-09-02 20:45:00,77369.99,77474.62,77300.0,77406.01,95.60869,2026-09-02 20:59:59.999,7400335.4807924,22916,62.94029000,4871469.32472460,0
2026-09-02 21:00:00,77406.0,77406.01,77316.0,77328.0,85.39221,2026-09-02 21:14:59.999,6604406.5726814,17992,47.66340000,3686201.58549070,0
2026-09-02 21:15:00,77328.01,77332.76,77243.0,77283.48,33.60952,2026-09-02 21:29:59.999,2597638.5918646,11820,15.77847000,1219509.20113350,0
2026-09-02 21:30:00,77283.49,77431.78,77242.0,77426.69,60.07534,2026-09-02 21:44:59.999,4646679.8879197,21716,26.76884000,2070233.45724030,0
2026-09-02 21:45:00,77426.68,77426.69,77268.4,77284.0,111.98744,2026-09-02 21:59:59.999,8659798.1077261,39326,26.70808000,2064765.13473510,0
2026-09-02 22:00:00,77284.01,77284.01,77076.0,77158.8,66.49248,2026-09-02 22:14:59.999,5130911.1356719,27025,35.81300000,2763028.09731630,0
2026-09-02 22:15:00,77158.8,77171.51,77023.11,77024.53,43.68101,2026-09-02 22:29:59.999,3366673.4163221,18418,21.85322000,1684177.01464460,0
2026-09-02 22:30:00,77024.52,77157.58,77024.52,77124.28,36.40816,2026-09-02 22:44:59.999,2806828.3197553,20457,18.98095000,1463330.67445960,0
2026-09-02 22:45:00,77124.29,77124.29,77032.76,77034.03,41.61863,2026-09-02 22:59:59.999,3207359.9200348,11020,13.74893000,1059485.03631650,0
2026-09-02 23:00:00,77034.03,77221.82,77007.36,77221.82,81.95771,2026-09-02 23:14:59.999,6323962.9519642,16437,30.09125000,2321078.46959730,0
2026-09-02 23:15:00,77221.82,77221.82,77142.0,77195.08,36.09957,2026-09-02 23:29:59.999,2786189.4754205,11408,10.77254000,831376.12375980,0
2026-09-02 23:30:00,77195.09,77258.0,77112.28,77145.99,34.39378,2026-09-02 23:44:59.999,2654091.1603467,14862,15.91125000,1227783.84291270,0
2026-09-02 23:45:00,77145.99,77372.62,77145.99,77340.01,40.48417,2026-09-02 23:59:59.999,3128801.5760218,15950,29.75622000,2299675.66127010,0
2026-09-03 00:00:00,77340.01,77394.0,77171.5,77171.51,78.6084,2026-09-03 00:14:59.999,6075990.27704,25406,45.78821000,3539763.83181760,0
2026-09-03 00:15:00,77171.5,77171.51,77035.87,77035.87,109.10576,2026-09-03 00:29:59.999,8411354.3673557,21291,41.00583000,3161195.37728130,0
2026-09-03 00:30:00,77035.88,77134.37,76980.01,77109.48,85.39067,2026-09-03 00:44:59.999,6578915.6675109,24110,51.25891000,3949062.28813550,0
2026-09-03 00:45:00,77109.48,77138.0,77032.83,77068.01,54.22044,2026-09-03 00:59:59.999,4180127.9813983,21398,26.89495000,2073452.24703960,0
2026-09-03 01:00:00,77068.0,77428.0,76968.0,77417.64,154.98037,2026-09-03 01:14:59.999,11971223.8869674,42526,114.61888000,8854311.27538340,0
2026-09-03 01:15:00,77417.63,77442.86,77288.41,77438.0,137.82744,2026-09-03 01:29:59.999,10664762.4555814,31242,65.88518000,5098574.23857660,0
2026-09-03 01:30:00,77438.0,77546.8,77324.0,77350.47,170.25765,2026-09-03 01:44:59.999,13183949.3650165,41066,83.38916000,6456661.13002530,0
2026-09-03 01:45:00,77350.47,77468.0,77295.05,77356.7,70.22099,2026-09-03 01:59:59.999,5432371.7977293,24000,42.82302000,3312694.02687160,0
2026-09-03 02:00:00,77356.69,77488.0,77238.89,77488.0,125.8229,2026-09-03 02:14:59.999,9726843.8936411,29067,67.59032000,5225632.55178330,0
2026-09-03 02:15:00,77487.99,77617.64,77432.09,77598.67,116.27266,2026-09-03 02:29:59.999,9014558.3573815,28295,74.92867000,5809480.07833700,0
2026-09-03 02:30:00,77598.66,77900.0,77558.0,77772.25,200.17179,2026-09-03 02:44:59.999,15567394.7466968,54266,125.55663000,9763931.04114770,0
2026-09-03 02:45:00,77772.25,77873.08,77734.85,77816.01,121.25269,2026-09-03 02:59:59.999,9435160.9227012,28495,70.25745000,5466691.49905480,0
2026-09-03 03:00:00,77816.02,77860.0,77704.88,77834.0,126.29267,2026-09-03 03:14:59.999,9820944.3641827,21349,56.94254000,4428203.53280500,0
2026-09-03 03:15:00,77834.01,77880.0,77718.91,77750.0,122.15047,2026-09-03 03:29:59.999,9504620.9227169,25846,58.77171000,4572798.45714090,0
2026-09-03 03:30:00,77750.01,77776.0,77647.93,77670.53,90.10437,2026-09-03 03:44:59.999,7001268.8832705,14473,43.26661000,3361490.72795100,0
2026-09-03 03:45:00,77670.54,77741.99,77642.09,77708.0,47.38584,2026-09-03 03:59:59.999,3681823.5298575,10548,20.01046000,1554686.68766340,0
2026-09-03 04:00:00,77708.01,77833.1,77618.5,77644.27,152.18361,2026-09-03 04:14:59.999,11831364.3345646,19884,63.25066000,4917602.13025100,0
2026-09-03 04:15:00,77644.26,77658.0,77550.0,77576.15,70.09224,2026-09-03 04:29:59.999,5439013.2806937,18414,36.05838000,2797891.37442610,0
2026-09-03 04:30:00,77576.15,77623.66,77547.16,77557.55,38.3319,2026-09-03 04:44:59.999,2974219.6321672,10936,18.54708000,1439023.32732290,0
2026-09-03 04:45:00,77557.56,77792.24,77557.55,77776.0,75.54751,2026-09-03 04:59:59.999,5869713.5732074,21401,42.27924000,3284898.13224920,0
2026-09-03 05:00:00,77775.99,77824.0,77608.0,77636.35,126.58751,2026-09-03 05:14:59.999,9840422.6282088,23246,68.57014000,5331611.05732890,0
2026-09-03 05:15:00,77636.34,77648.0,77101.01,77200.01,202.38997,2026-09-03 05:29:59.999,15650911.9825984,56383,83.92901000,6487822.52752530,0
2026-09-03 05:30:00,77200.01,77514.0,77172.11,77486.74,109.72937,2026-09-03 05:44:59.999,8489720.2463334,35414,65.86216000,5095174.91606230,0
2026-09-03 05:45:00,77486.73,77829.8,77407.43,77809.91,178.82301,2026-09-03 05:59:59.999,13886413.7142422,45496,109.41815000,8496689.97261770,0
2026-09-03 06:00:00,77809.91,77856.16,77698.75,77709.85,122.53183,2026-09-03 06:14:59.999,9526800.4144347,25277,67.20861000,5225809.33595780,0
2026-09-03 06:15:00,77709.85,77790.0,77706.27,77748.46,113.09375,2026-09-03 06:29:59.999,8793338.6478602,15385,61.39450000,4773435.80591190,0
2026-09-03 06:30:00,77748.46,77828.67,77724.0,77828.67,93.84891,2026-09-03 06:44:59.999,7298432.3096932,18044,51.68940000,4019979.79385810,0
2026-09-03 06:45:00,77828.66,77852.0,77770.4,77835.19,78.65682,2026-09-03 06:59:59.999,6120606.385112,21874,52.06736000,4051498.27102920,0
2026-09-03 07:00:00,77835.2,78183.91,77812.0,78061.84,307.65177,2026-09-03 07:14:59.999,24004508.3699489,62235,195.35665000,15239313.68875810,0
2026-09-03 07:15:00,78061.83,78061.84,77887.13,77954.01,112.53316,2026-09-03 07:29:59.999,8774140.2501579,29954,60.17460000,4691407.84570150,0
2026-09-03 07:30:00,77954.02,78070.0,77862.05,77900.0,142.45354,2026-09-03 07:44:59.999,11107266.8822702,36045,73.69404000,5745560.30249080,0
2026-09-03 07:45:00,77900.01,77938.9,77600.0,77663.15,133.58119,2026-09-03 07:59:59.999,10380635.3433342,36936,63.70283000,4949086.13972910,0
2026-09-03 08:00:00,77663.14,78066.0,77663.14,77928.0,150.09341,2026-09-03 08:14:59.999,11694539.6373172,45076,84.65045000,6594808.98033070,0
2026-09-03 08:15:00,77928.0,77979.14,77826.18,77979.13,60.9534,2026-09-03 08:29:59.999,4748142.5811919,30941,33.26248000,2591032.97917400,0
2026-09-03 08:30:00,77979.14,77993.46,77872.33,77882.78,71.61608,2026-09-03 08:44:59.999,5582232.665969,25915,30.86483000,2405751.60176130,0
2026-09-03 08:45:00,77882.77,77910.93,77766.0,77843.34,80.56623,2026-09-03 08:59:59.999,6270600.1188978,24563,33.39811000,2599525.12335810,0
2026-09-03 09:00:00,77843.34,77975.46,77807.99,77874.35,85.08718,2026-09-03 09:14:59.999,6626292.1031344,27561,54.52548000,4245981.96130270,0
2026-09-03 09:15:00,77874.36,77913.76,77742.66,77742.67,60.78108,2026-09-03 09:29:59.999,4731279.3786556,24629,32.55448000,2534131.55607470,0
2026-09-03 09:30:00,77742.66,77779.89,77660.63,77724.36,95.68322,2026-09-03 09:44:59.999,7437294.9140258,35490,44.96371000,3494918.83075250,0
2026-09-03 09:45:00,77724.36,77783.57,77608.0,77615.24,99.45709,2026-09-03 09:59:59.999,7723677.8523566,33967,51.20383000,3976426.12325080,0
2026-09-03 10:00:00,77615.25,77680.8,77540.0,77562.89,125.48206,2026-09-03 10:14:59.999,9739904.6541594,34900,62.69015000,4866312.21066910,0
2026-09-03 10:15:00,77562.9,77708.0,77528.73,77630.96,73.51753,2026-09-03 10:29:59.999,5706936.4185585,26948,37.82515000,2936215.69368030,0
2026-09-03 10:30:00,77630.97,77650.59,77478.0,77508.66,113.02175,2026-09-03 10:44:59.999,8762728.3549686,32926,64.62942000,5010785.98349330,0
2026-09-03 10:45:00,77508.65,77773.26,77502.33,77735.88,94.37126,2026-09-03 10:59:59.999,7328233.6091337,32979,55.35929000,4297979.90136860,0
2026-09-03 11:00:00,77735.88,77822.89,77709.52,77822.89,79.69078,2026-09-03 11:14:59.999,6197794.2204774,31439,42.56831000,3310637.66254420,0
2026-09-03 11:15:00,77822.89,77959.03,77822.88,77927.21,97.50011,2026-09-03 11:29:59.999,7594967.4806606,35603,63.18057000,4921645.47035120,0
2026-09-03 11:30:00,77927.21,77982.0,77838.01,77929.91,119.82536,2026-09-03 11:44:59.999,9336578.8353199,38407,56.77780000,4423811.08877060,0
2026-09-03 11:45:00,77929.91,78004.94,77884.0,77948.39,99.75275,2026-09-03 11:59:59.999,7775216.1208697,33488,53.87324000,4199124.77114260,0
2026-09-03 12:00:00,77948.39,78100.0,77896.07,78085.0,139.64774,2026-09-03 12:14:59.999,10890382.9442492,41721,88.48116000,6900727.20629920,0
2026-09-03 12:15:00,78085.01,78142.01,77948.96,77970.09,92.56135,2026-09-03 12:29:59.999,7221063.0485919,34314,43.96194000,3429746.15799040,0
2026-09-03 12:30:00,77970.09,78446.54,77970.09,78308.0,358.78982,2026-09-03 12:44:59.999,28081878.9482487,90627,206.65499000,16173304.08784110,0
2026-09-03 12:45:00,78307.99,78782.75,78239.77,78652.38,388.94331,2026-09-03 12:59:59.999,30548613.6511634,70591,251.72694000,19769536.10097600,0
2026-09-03 13:00:00,78652.37,78712.0,78516.0,78548.6,219.56971,2026-09-03 13:14:59.999,17256660.316165,46425,96.57655000,7590800.89929860,0
2026-09-03 13:15:00,78548.61,78600.0,78450.25,78494.83,131.69314,2026-09-03 13:29:59.999,10340459.130667,43200,37.04886000,2909122.34181250,0
2026-09-03 13:30:00,78494.84,78926.0,78458.36,78896.01,397.7253,2026-09-03 13:44:59.999,31317207.8234776,109514,232.68740000,18320814.64974610,0
2026-09-03 13:45:00,78896.01,79000.0,78729.78,78840.52,303.75562,2026-09-03 13:59:59.999,23961541.1783369,64728,144.97842000,11437040.90917710,0
2026-09-03 14:00:00,78840.52,79000.0,78704.0,78990.0,268.65329,2026-09-03 14:14:59.999,21190956.7972833,69514,159.06051000,12546301.72642580,0
2026-09-03 14:15:00,78990.0,79678.77,78988.66,79664.01,699.59169,2026-09-03 14:29:59.999,55471805.0806991,117400,465.17616000,36874795.83702470,0
2026-09-03 14:30:00,79664.0,79875.0,79599.99,79764.72,552.13692,2026-09-03 14:44:59.999,44031386.7802806,121277,287.03802000,22891268.78055170,0
2026-09-03 14:45:00,79764.71,80561.0,79760.45,80549.97,993.1263,2026-09-03 14:59:59.999,79678110.8354872,180868,649.17761000,52078379.80528010,0
2026-09-03 15:00:00,80549.97,80966.63,80354.65,80557.84,1512.26035,2026-09-03 15:14:59.999,121987124.3933077,184579,886.94424000,71550438.75976130,0
2026-09-03 15:15:00,80557.83,80782.53,80465.54,80743.75,474.13173,2026-09-03 15:29:59.999,38233919.7626428,93998,288.20230000,23245586.59515040,0
2026-09-03 15:30:00,80743.76,81000.0,80690.0,80861.2,423.23456,2026-09-03 15:44:59.999,34232817.7540324,79955,189.35409000,15314948.91857640,0
2026-09-03 15:45:00,80861.2,81370.33,80731.18,81348.0,646.5587,2026-09-03 15:59:59.999,52442518.2152312,112196,377.19763000,30593323.98818570,0
2026-09-03 16:00:00,81348.0,81360.0,80782.69,80944.5,505.22632,2026-09-03 16:14:59.999,40927693.2964039,107981,215.17581000,17428686.12044250,0
2026-09-03 16:15:00,80944.5,80952.49,80613.52,80765.96,302.00656,2026-09-03 16:29:59.999,24387721.9224332,72742,129.60457000,10465429.08267860,0
2026-09-03 16:30:00,80765.96,80942.4,80765.61,80801.01,214.70723,2026-09-03 16:44:59.999,17357654.239365,56006,120.66527000,9753506.12432820,0
2026-09-03 16:45:00,80801.01,81035.99,80777.03,80969.37,217.84564,2026-09-03 16:59:59.999,17636936.2981285,49423,127.21679000,10298661.05578810,0
2026-09-03 17:00:00,80969.37,81112.06,80886.0,81109.5,262.72341,2026-09-03 17:14:59.999,21280633.2821014,51069,160.30959000,12987037.75638290,0
2026-09-03 17:15:00,81109.5,81145.88,80932.0,80997.23,297.32804,2026-09-03 17:29:59.999,24101247.9815796,57026,164.09720000,13303396.32091050,0
2026-09-03 17:30:00,80997.24,81165.0,80997.23,81078.58,158.248,2026-09-03 17:44:59.999,12833931.373152,30158,73.78287000,5983664.93639380,0
2026-09-03 17:45:00,81078.58,81188.17,81006.0,81042.0,157.19589,2026-09-03 17:59:59.999,12748126.0437867,37004,46.63325000,3781545.68752480,0
2026-09-03 18:00:00,81042.0,81333.33,81019.57,81259.55,223.8755,2026-09-03 18:14:59.999,18183221.7316043,43752,98.01393000,7960422.80499560,0
2026-09-03 18:15:00,81259.55,81281.07,80948.0,80948.0,125.73756,2026-09-03 18:29:59.999,10195092.6990635,35682,42.99392000,3485703.61982810,0
2026-09-03 18:30:00,80948.01,81046.0,80904.0,80979.49,127.20484,2026-09-03 18:44:59.999,10300223.952807,34365,54.91049000,4446189.43664050,0
2026-09-03 18:45:00,80979.5,81263.63,80963.24,81254.32,118.80592,2026-09-03 18:59:59.999,9636647.7450812,26852,53.42933000,4334797.78291620,0
2026-09-03 19:00:00,81254.31,81640.0,81171.98,81199.99,352.5209,2026-09-03 19:14:59.999,28691011.9607355,69405,216.85103000,17656478.59723920,0
2026-09-03 19:15:00,81200.0,81606.96,81177.69,81546.71,164.74721,2026-09-03 19:29:59.999,13417206.9278179,45950,85.88283000,6994913.11318090,0
2026-09-03 19:30:00,81546.71,81613.57,81377.69,81540.0,185.04886,2026-09-03 19:44:59.999,15080601.6413836,37884,78.18133000,6371103.33248080,0
2026-09-03 19:45:00,81540.0,81790.0,81460.92,81755.41,400.64926,2026-09-03 19:59:59.999,32715357.2761287,59121,188.17852000,15366571.98385020,0
2026-09-03 20:00:00,81755.41,81780.0,81401.99,81412.3,191.53548,2026-09-03 20:14:59.999,15621601.6525448,64794,98.35990000,8022598.55946410,0
2026-09-03 20:15:00,81412.3,81595.95,81392.74,81535.58,121.31776,2026-09-03 20:29:59.999,9883831.6138503,35254,67.84611000,5527534.54489870,0
2026-09-03 20:30:00,81535.57,81632.0,81407.81,81470.01,99.69282,2026-09-03 20:44:59.999,8125889.4697184,37651,46.30973000,3774467.72459710,0
2026-09-03 20:45:00,81470.01,81576.02,81416.01,81473.0,188.98966,2026-09-03 20:59:59.999,15398747.6048139,32382,80.10664000,6526604.04553720,0
2026-09-03 21:00:00,81473.0,81620.67,81288.0,81598.01,186.23308,2026-09-03 21:14:59.999,15172767.9052428,46744,117.33642000,9561825.91678420,0
2026-09-03 21:15:00,81598.01,81777.75,81506.55,81762.0,176.13143,2026-09-03 21:29:59.999,14374898.7581571,42409,106.40985000,8685749.34399180,0
2026-09-03 21:30:00,81762.0,82300.0,81522.54,81522.54,770.55841,2026-09-03 21:44:59.999,63142715.1621503,125986,540.96643000,44341111.12973130,0
2026-09-03 21:45:00,81522.54,81748.0,81416.0,81590.0,159.64829,2026-09-03 21:59:59.999,13023248.640249,56121,83.09520000,6779993.82217230,0
2026-09-03 22:00:00,81590.0,81604.65,81260.99,81378.35,184.95508,2026-09-03 22:14:59.999,15059231.6314891,50608,74.58473000,6072531.75086030,0
2026-09-03 22:15:00,81378.35,81399.39,81124.51,81131.82,158.78476,2026-09-03 22:29:59.999,12907750.8020238,43483,84.58747000,6877466.13722480,0
2026-09-03 22:30:00,81131.81,81239.6,80905.05,81194.93,249.77409,2026-09-03 22:44:59.999,20255650.2229509,56485,119.19921000,9668505.18943340,0
2026-09-03 22:45:00,81194.94,81272.0,81064.04,81140.0,119.05812,2026-09-03 22:59:59.999,9662542.9706432,37573,57.82125000,4692806.42669930,0
2026-09-03 23:00:00,81140.0,81213.01,81078.0,81172.02,114.45743,2026-09-03 23:14:59.999,9288602.8906991,33713,46.05297000,3737188.54391780,0
2026-09-03 23:15:00,81172.01,81282.0,81160.0,81281.99,109.13886,2026-09-03 23:29:59.999,8863659.8985473,26843,62.97250000,5114156.58025170,0
2026-09-03 23:30:00,81281.99,81338.0,81126.0,81234.0,99.69722,2026-09-03 23:44:59.999,8099720.7801616,33345,49.53706000,4024624.12871610,0
2026-09-03 23:45:00,81234.01,81328.76,81181.95,81270.37,84.69882,2026-09-03 23:59:59.999,6883226.452917,26793,41.45701000,3369073.56938220,0
2026-09-04 00:00:00,81270.37,81270.38,81084.0,81244.0,140.48996,2026-09-04 00:14:59.999,11404725.6354472,36888,76.64407000,6221864.07932160,0
2026-09-04 00:15:00,81244.0,81349.1,81148.01,81148.01,134.5267,2026-09-04 00:29:59.999,10929680.9368514,34356,55.84613000,4537804.53760830,0
2026-09-04 00:30:00,81148.0,81427.75,81126.0,81224.0,181.4931,2026-09-04 00:44:59.999,14753099.2486614,32516,82.04228000,6666555.67078540,0
2026-09-04 00:45:00,81224.0,81240.0,80960.0,80972.12,186.69156,2026-09-04 00:59:59.999,15135678.2627929,38359,83.62527000,6779814.91964780,0
2026-09-04 01:00:00,80972.11,81097.92,80906.43,80944.19,135.74465,2026-09-04 01:14:59.999,10997092.6980031,40149,81.98880000,6642745.51781840,0
2026-09-04 01:15:00,80944.19,81022.0,80786.44,80827.07,155.73813,2026-09-04 01:29:59.999,12598590.2165983,38649,66.10913000,5347117.50500300,0
2026-09-04 01:30:00,80827.08,80931.4,80759.52,80785.0,136.3888,2026-09-04 01:44:59.999,11025985.6503506,31554,57.20170000,4624960.71007480,0
2026-09-04 01:45:00,80785.01,81031.63,80774.39,80968.01,77.69437,2026-09-04 01:59:59.999,6286302.2066536,21241,42.13869000,3409640.63566170,0
2026-09-04 02:00:00,80968.01,80968.01,80777.98,80799.5,97.91507,2026-09-04 02:14:59.999,7915255.0515821,21637,43.78788000,3539688.80804450,0
2026-09-04 02:15:00,80799.51,80871.16,80685.0,80716.65,164.38603,2026-09-04 02:29:59.999,13277032.5354347,24108,34.71751000,2803802.58585960,0
2026-09-04 02:30:00,80716.64,80846.25,80686.0,80744.01,86.01612,2026-09-04 02:44:59.999,6948385.1000384,17911,43.78569000,3536947.57758320,0
2026-09-04 02:45:00,80744.01,80831.99,80669.45,80831.99,85.45782,2026-09-04 02:59:59.999,6898547.8234105,17192,32.96280000,2661341.78151260,0
2026-09-04 03:00:00,80832.0,81021.8,80831.99,80931.78,157.79567,2026-09-04 03:14:59.999,12771723.1687887,29199,111.41459000,9017563.39949580,0
2026-09-04 03:15:00,80931.78,80947.99,80842.0,80842.01,131.58971,2026-09-04 03:29:59.999,10645962.8715986,16142,95.76577000,7747871.33506620,0
2026-09-04 03:30:00,80842.0,80887.18,80806.0,80873.69,119.14946,2026-09-04 03:44:59.999,9633014.8896046,18925,71.38317000,5770805.83217740,0
2026-09-04 03:45:00,80873.7,80969.84,80850.0,80850.0,115.2822,2026-09-04 03:59:59.999,9327766.9306619,15047,73.01654000,5907523.14470750,0
2026-09-04 04:00:00,80850.01,80973.99,80820.0,80973.99,100.21683,2026-09-04 04:14:59.999,8104989.653405,14392,74.26920000,6006721.78793790,0
2026-09-04 04:15:00,80973.99,81288.0,80962.12,81267.64,187.86935,2026-09-04 04:29:59.999,15245846.9171146,37869,120.93652000,9813049.67121320,0
2026-09-04 04:30:00,81267.65,81275.58,81019.0,81039.29,194.44022,2026-09-04 04:44:59.999,15780077.7651212,27432,88.64336000,7194552.05799450,0
2026-09-04 04:45:00,81039.3,81142.0,81028.31,81070.54,119.93841,2026-09-04 04:59:59.999,9724272.6192232,19710,77.28563000,6266173.19322280,0
2026-09-04 05:00:00,81070.54,81079.69,80974.45,80980.01,141.90194,2026-09-04 05:14:59.999,11496624.932295,18310,88.10021000,7137504.45332010,0
2026-09-04 05:15:00,80980.01,81143.3,80951.0,81024.32,162.59794,2026-09-04 05:29:59.999,13180233.4432129,25743,89.86179000,7283833.47206870,0
2026-09-04 05:30:00,81024.16,81024.16,80905.05,80985.99,147.37249,2026-09-04 05:44:59.999,11931619.9270574,23513,82.97077000,6717201.27604490,0
2026-09-04 05:45:00,80986.0,81060.0,80863.03,80996.15,141.86007,2026-09-04 05:59:59.999,11484406.1080555,20921,84.10621000,6808528.70601470,0
2026-09-04 06:00:00,80996.15,81090.0,80910.0,81018.28,102.15406,2026-09-04 06:14:59.999,8272941.030426,23805,56.30932000,4559854.95330460,0
2026-09-04 06:15:00,81018.27,81036.0,80700.0,80725.38,106.36217,2026-09-04 06:29:59.999,8604973.8938285,20251,52.61049000,4257833.50173110,0
2026-09-04 06:30:00,80725.37,80856.36,80573.21,80847.84,139.34656,2026-09-04 06:44:59.999,11245566.6197284,31112,64.78800000,5230546.64728260,0
2026-09-04 06:45:00,80847.84,80859.05,80700.02,80797.39,87.75246,2026-09-04 06:59:59.999,7087331.5385561,15669,31.05153000,2507888.51505210,0
2026-09-04 07:00:00,80797.4,80966.75,80789.61,80938.02,130.82517,2026-09-04 07:14:59.999,10583456.6742631,26792,66.30512000,5364570.77481060,0
2026-09-04 07:15:00,80938.01,80964.76,80846.0,80862.05,84.53322,2026-09-04 07:29:59.999,6837891.0346754,24670,55.51160000,4490248.57398750,0
2026-09-04 07:30:00,80862.05,80905.06,80744.0,80769.91,228.11488,2026-09-04 07:44:59.999,18433901.8652488,43234,66.86111000,5402038.91582950,0
2026-09-04 07:45:00,80769.92,80785.36,80641.65,80656.87,262.36155,2026-09-04 07:59:59.999,21175899.2649824,28146,58.09750000,4689498.48567340,0
2026-09-04 08:00:00,80656.86,80773.97,80502.87,80773.96,169.61377,2026-09-04 08:14:59.999,13682971.4680165,32577,80.57943000,6500568.00787700,0
2026-09-04 08:15:00,80773.96,80997.36,80773.96,80982.57,95.72139,2026-09-04 08:29:59.999,7743227.2144583,27210,61.83119000,5001705.13427720,0
2026-09-04 08:30:00,80982.57,81154.4,80974.0,81048.29,246.75687,2026-09-04 08:44:59.999,20007772.2537449,45615,151.69943000,12299993.73814990,0
2026-09-04 08:45:00,81048.29,81237.0,81000.0,81147.16,241.95351,2026-09-04 08:59:59.999,19630321.4486939,51165,106.66606000,8653608.39036750,0
2026-09-04 09:00:00,81147.16,81230.0,81081.94,81091.16,171.59307,2026-09-04 09:14:59.999,13925849.5150836,36728,79.89621000,6483768.61533640,0
2026-09-04 09:15:00,81091.16,81310.0,80934.24,81037.65,287.61586,2026-09-04 09:29:59.999,23326524.9085895,47990,158.75293000,12876370.19660130,0
2026-09-04 09:30:00,81037.66,81224.76,80984.0,81169.09,190.19661,2026-09-04 09:44:59.999,15429698.1512364,41743,90.75648000,7361586.22602470,0
2026-09-04 09:45:00,81169.09,81223.97,81031.96,81056.63,319.46791,2026-09-04 09:59:59.999,25918360.6198155,38802,209.03799000,16959413.11103540,0
2026-09-04 10:00:00,81056.63,81124.0,80887.28,80963.99,142.85985,2026-09-04 10:14:59.999,11569938.4912078,37755,52.26509000,4233027.99774120,0
2026-09-04 10:15:00,80964.0,80976.0,80831.14,80961.18,101.80404,2026-09-04 10:29:59.999,8233991.8976362,28976,57.84074000,4678199.49830450,0
2026-09-04 10:30:00,80961.18,81116.9,80906.26,81069.83,148.81933,2026-09-04 10:44:59.999,12058549.8706867,29977,90.54046000,7336700.97422260,0
2026-09-04 10:45:00,81069.84,81194.0,81028.0,81179.63,89.91317,2026-09-04 10:59:59.999,7292013.033298,15825,41.35666000,3354060.78618180,0
2026-09-04 11:00:00,81179.64,81229.3,81080.01,81187.15,120.34852,2026-09-04 11:14:59.999,9765905.746814,27833,65.54097000,5318376.90729510,0
2026-09-04 11:15:00,81187.14,81423.03,81134.0,81336.21,147.58523,2026-09-04 11:29:59.999,11993579.6214735,34411,92.12287000,7486369.81632980,0
2026-09-04 11:30:00,81336.2,81336.2,81200.0,81247.99,100.0237,2026-09-04 11:44:59.999,8128810.1600514,27186,43.06862000,3500131.48527480,0
2026-09-04 11:45:00,81247.99,81351.56,81208.0,81224.86,144.48991,2026-09-04 11:59:59.999,11742542.6133695,25472,69.64828000,5660021.11365460,0
2026-09-04 12:00:00,81224.86,81273.99,81138.0,81250.38,194.1859,2026-09-04 12:14:59.999,15767417.5322858,31465,82.14495000,6669718.63693730,0
2026-09-04 12:15:00,81250.38,81350.0,81130.0,81340.0,128.87629,2026-09-04 12:29:59.999,10467060.7893442,35499,69.87572000,5675470.83345640,0
2026-09-04 12:30:00,81340.0,81340.0,79414.0,79686.0,2502.7825,2026-09-04 12:44:59.999,200306137.2429525,266841,989.56755000,79188014.51825990,0
2026-09-04 12:45:00,79686.0,79690.78,79177.77,79453.96,865.352,2026-09-04 12:59:59.999,68741839.3052165,163376,355.56721000,28248054.38949730,0
2026-09-04 13:00:00,79453.95,79583.97,79189.0,79233.99,499.70924,2026-09-04 13:14:59.999,39660399.435469,106758,206.62974000,16399016.58819120,0
2026-09-04 13:15:00,79233.99,79492.84,79205.9,79312.0,353.28753,2026-09-04 13:29:59.999,28036939.8407601,71577,165.36430000,13121830.85905390,0
2026-09-04 13:30:00,79312.0,79545.15,79000.0,79401.99,672.55793,2026-09-04 13:44:59.999,53316330.7100768,138439,330.77153000,26224377.30997140,0
2026-09-04 13:45:00,79401.99,79704.0,79237.54,79378.67,402.28714,2026-09-04 13:59:59.999,31977068.3977661,103982,187.78457000,14927684.50804140,0
2026-09-04 14:00:00,79378.66,79572.0,79250.0,79414.01,382.27736,2026-09-04 14:14:59.999,30356720.6845525,97600,148.49634000,11791120.54422020,0
2026-09-04 14:15:00,79414.0,79508.95,79080.55,79378.58,387.15259,2026-09-04 14:29:59.999,30696693.2594999,81861,195.87952000,15531215.48759950,0
2026-09-04 14:30:00,79378.59,79470.0,78868.58,79036.05,406.71165,2026-09-04 14:44:59.999,32210545.5598249,87540,194.34068000,15394413.87618930,0
2026-09-04 14:45:00,79036.05,79144.0,78660.0,78915.71,640.59189,2026-09-04 14:59:59.999,50523915.9792579,101176,284.96359000,22479127.47020200,0
2026-09-04 15:00:00,78915.71,79199.0,78800.0,79198.84,298.51266,2026-09-04 15:14:59.999,23594689.3253828,56400,183.15529000,14476457.79910780,0
2026-09-04 15:15:00,79198.84,79436.3,79172.0,79413.03,248.60582,2026-09-04 15:29:59.999,19714028.3154895,39358,156.91622000,12442776.36659720,0
2026-09-04 15:30:00,79413.03,79543.47,79361.18,79520.97,219.02449,2026-09-04 15:44:59.999,17404869.1723119,30960,127.40194000,10124173.15422840,0
2026-09-04 15:45:00,79520.96,79555.32,79388.97,79429.33,176.63684,2026-09-04 15:59:59.999,14035977.2713098,26518,73.12154000,5810235.07309060,0
2026-09-04 16:00:00,79429.33,79530.43,79378.19,79454.0,161.1807,2026-09-04 16:14:59.999,12806596.5898001,28405,91.75856000,7290720.63571540,0
2026-09-04 16:15:00,79454.0,79586.09,79440.0,79549.34,254.14059,2026-09-04 16:29:59.999,20208286.8564237,32348,141.30805000,11235781.31422800,0
2026-09-04 16:30:00,79549.35,79862.46,79543.3,79852.96,349.49217,2026-09-04 16:44:59.999,27865822.1779993,50013,185.76974000,14811105.72381270,0
2026-09-04 16:45:00,79852.96,79877.07,79730.47,79745.73,295.02158,2026-09-04 16:59:59.999,23541664.0803969,35391,123.50689000,9855517.29744530,0
2026-09-04 17:00:00,79745.72,79752.92,79616.0,79616.0,148.86438,2026-09-04 17:14:59.999,11863135.0280027,25155,62.56708000,4986006.72322470,0
2026-09-04 17:15:00,79616.01,79648.98,79511.58,79511.59,79.81282,2026-09-04 17:29:59.999,6352029.0529715,23895,30.57230000,2432979.31478320,0
2026-09-04 17:30:00,79511.59,79582.0,79439.21,79479.45,92.15484,2026-09-04 17:44:59.999,7327480.0324387,25244,41.61388000,3308812.30570250,0
2026-09-04 17:45:00,79479.46,79518.0,79383.0,79472.22,71.68288,2026-09-04 17:59:59.999,5695517.7468732,20054,30.23683000,2402578.63979480,0
2026-09-04 18:00:00,79472.22,79592.0,79472.22,79527.54,83.91167,2026-09-04 18:14:59.999,6675636.2690378,18264,40.95928000,3258416.72243970,0
2026-09-04 18:15:00,79527.55,79614.0,79527.54,79534.55,62.47127,2026-09-04 18:29:59.999,4971110.7407009,14987,21.60370000,1719223.51555040,0
2026-09-04 18:30:00,79534.56,79650.0,79534.56,79638.01,67.66493,2026-09-04 18:44:59.999,5385987.5390756,16621,34.65919000,2758745.90830960,0
2026-09-04 18:45:00,79638.0,79655.86,79594.9,79618.15,49.29329,2026-09-04 18:59:59.999,3924848.4681228,12103,18.57437000,1478873.59249260,0
2026-09-04 19:00:00,79618.15,79728.0,79618.14,79706.0,65.17424,2026-09-04 19:14:59.999,5194575.7500529,12508,30.83635000,2457425.19030800,0
2026-09-04 19:15:00,79705.99,79819.99,79691.65,79808.23,133.87055,2026-09-04 19:29:59.999,10679092.7489061,14569,86.64898000,6911583.60557760,0
2026-09-04 19:30:00,79808.23,79808.23,79636.95,79682.72,82.05227,2026-09-04 19:44:59.999,6540161.2588021,19743,35.71341000,2846479.02621670,0
2026-09-04 19:45:00,79682.73,79810.0,79642.0,79793.34,110.87533,2026-09-04 19:59:59.999,8838913.8273849,20792,61.53954000,4905754.68286890,0
2026-09-04 20:00:00,79793.35,79862.15,79768.28,79815.59,90.80273,2026-09-04 20:14:59.999,7247273.37467,18716,49.26223000,3931685.63201170,0
2026-09-04 20:15:00,79815.59,79837.98,79747.76,79759.46,41.17138,2026-09-04 20:29:59.999,3285492.2856977,11255,20.14597000,1607804.33659050,0
2026-09-04 20:30:00,79759.46,79777.53,79700.0,79724.01,53.97082,2026-09-04 20:44:59.999,4303637.3296043,10869,28.68972000,2287644.53624230,0
2026-09-04 20:45:00,79724.02,79769.25,79667.99,79697.04,66.22701,2026-09-04 20:59:59.999,5278850.2734997,15418,29.73667000,2370173.46889310,0
2026-09-04 21:00:00,79697.03,79789.98,79697.03,79769.59,51.4184,2026-09-04 21:14:59.999,4100793.8566178,12951,23.57647000,1880113.95622010,0
2026-09-04 21:15:00,79769.6,79811.98,79736.01,79772.57,65.74906,2026-09-04 21:29:59.999,5245117.6952447,12492,27.96887000,2231092.64023010,0
2026-09-04 21:30:00,79772.56,79819.3,79746.74,79762.26,293.8452,2026-09-04 21:44:59.999,23441435.052764,19839,141.74014000,11306256.90587870,0
2026-09-04 21:45:00,79762.27,79800.0,79512.0,79624.0,234.52912,2026-09-04 21:59:59.999,18683954.0327973,35627,154.70838000,12325505.79761560,0
2026-09-04 22:00:00,79624.0,79692.56,79624.0,79692.56,127.84134,2026-09-04 22:14:59.999,10182516.2117859,15781,78.82071000,6277873.54810810,0
2026-09-04 22:15:00,79692.56,79713.88,79604.0,79706.0,183.42233,2026-09-04 22:29:59.999,14613363.5659995,13832,104.06391000,8290720.44214240,0
2026-09-04 22:30:00,79706.0,79716.0,79662.0,79662.01,102.52059,2026-09-04 22:44:59.999,8170610.9456555,9155,22.84083000,1820358.81855030,0
2026-09-04 22:45:00,79662.0,79679.87,79622.58,79636.09,85.21312,2026-09-04 22:59:59.999,6787364.1530006,10961,61.96978000,4935916.61691640,0
2026-09-04 23:00:00,79636.09,79650.0,79600.89,79611.11,42.98137,2026-09-04 23:14:59.999,3422447.1623535,9606,23.28070000,1853763.28618460,0
2026-09-04 23:15:00,79611.12,79758.0,79611.11,79736.03,55.901,2026-09-04 23:29:59.999,4454438.4797061,15526,35.07524000,2794952.87832180,0
2026-09-04 23:30:00,79736.02,79736.03,79668.01,79668.01,24.83473,2026-09-04 23:44:59.999,1979015.5404835,4907,11.71297000,933318.82469450,0
2026-09-04 23:45:00,79668.02,79668.02,79617.16,79660.77,29.21254,2026-09-04 23:59:59.999,2326558.008329,6816,17.17627000,1367909.19829230,0
2026-09-05 00:00:00,79660.77,79721.57,79616.58,79672.68,38.09247,2026-09-05 00:14:59.999,3034807.8418659,11729,19.11533000,1523030.50182770,0
2026-09-05 00:15:00,79672.68,79672.68,79600.0,79652.71,38.83577,2026-09-05 00:29:59.999,3092756.5186702,8537,14.62284000,1164441.14325730,0
2026-09-05 00:30:00,79652.72,79699.68,79624.0,79627.21,40.17141,2026-09-05 00:44:59.999,3200223.8102806,12591,15.24617000,1214505.50542390,0
2026-09-05 00:45:00,79627.21,79649.23,79562.0,79573.36,62.44013,2026-09-05 00:59:59.999,4970735.7817589,16251,24.96574000,1987494.31015250,0
2026-09-05 01:00:00,79573.37,79682.05,79550.75,79626.03,62.61816,2026-09-05 01:14:59.999,4985352.9618615,15304,33.34786000,2654730.46205490,0
2026-09-05 01:15:00,79626.02,79700.0,79604.0,79693.99,50.82516,2026-09-05 01:29:59.999,4048082.9076571,13413,33.30673000,2652608.02091830,0
2026-09-05 01:30:00,79693.99,79710.0,79610.0,79635.74,63.19919,2026-09-05 01:44:59.999,5034007.6192363,16647,31.24858000,2488737.78526290,0
2026-09-05 01:45:00,79635.74,79664.0,79533.34,79533.34,74.634,2026-09-05 01:59:59.999,5940777.2119045,12321,21.82495000,1737219.61189590,0
2026-09-05 02:00:00,79533.34,79578.0,79472.22,79564.0,93.15685,2026-09-05 02:14:59.999,7407891.8150454,14180,57.53565000,4575332.24053490,0
2026-09-05 02:15:00,79564.01,79596.8,79512.0,79521.56,60.33114,2026-09-05 02:29:59.999,4800458.2540438,12660,30.46919000,2424476.85190310,0
2026-09-05 02:30:00,79521.55,79622.0,79521.55,79619.45,44.93815,2026-09-05 02:44:59.999,3576265.4514442,12682,24.94556000,1985163.71709320,0
2026-09-05 02:45:00,79619.44,79619.45,79538.58,79569.09,28.12324,2026-09-05 02:59:59.999,2237683.707211,7649,13.15199000,1046387.11719150,0
2026-09-05 03:00:00,79569.09,79569.09,79510.93,79545.75,35.061,2026-09-05 03:14:59.999,2788876.4292658,8467,13.28881000,1057017.90523300,0
2026-09-05 03:15:00,79545.76,79614.0,79545.75,79584.0,92.65582,2026-09-05 03:29:59.999,7374577.6715408,14649,60.96484000,4852266.62174700,0
2026-09-05 03:30:00,79584.01,79630.0,79584.0,79622.75,44.10923,2026-09-05 03:44:59.999,3511391.1615022,10290,24.26048000,1931300.34098790,0
2026-09-05 03:45:00,79622.75,79630.74,79581.57,79582.0,50.35297,2026-09-05 03:59:59.999,4008739.5487082,6082,17.47588000,1391369.04798380,0
2026-09-05 04:00:00,79581.99,79589.84,79513.29,79539.99,59.15723,2026-09-05 04:14:59.999,4706471.6245352,9665,25.26486000,2009775.39328910,0
2026-09-05 04:15:00,79540.0,79576.0,79539.99,79558.28,40.60011,2026-09-05 04:29:59.999,3230369.9909783,4769,15.37922000,1223573.93060210,0
2026-09-05 04:30:00,79558.28,79560.12,79530.0,79533.28,40.4304,2026-09-05 04:44:59.999,3215868.1379598,5286,15.28364000,1215717.20811020,0
2026-09-05 04:45:00,79533.29,79559.88,79500.0,79500.01,143.771,2026-09-05 04:59:59.999,11434699.0705848,11982,56.65842000,4506114.07118960,0
2026-09-05 05:00:00,79500.01,79558.73,79442.0,79558.73,157.98511,2026-09-05 05:14:59.999,12554898.7512902,14235,61.26698000,4868918.28515480,0
2026-09-05 05:15:00,79558.73,79586.04,79520.0,79586.04,170.2383,2026-09-05 05:29:59.999,13542988.9037784,9044,73.44500000,5842262.37124020,0
2026-09-05 05:30:00,79586.04,79594.0,79522.0,79522.01,33.70382,2026-09-05 05:44:59.999,2682035.6057251,5728,13.03965000,1037734.00926990,0
2026-09-05 05:45:00,79522.01,79600.01,79493.82,79577.53,124.63355,2026-09-05 05:59:59.999,9913770.7459086,9989,75.81901000,6030674.94308180,0
2026-09-05 06:00:00,79577.53,79635.97,79576.0,79626.54,63.25981,2026-09-05 06:14:59.999,5035800.7188722,10016,42.67496000,3397044.52897900,0
2026-09-05 06:15:00,79626.54,79645.45,79613.4,79643.03,55.52302,2026-09-05 06:29:59.999,4421169.3144063,8062,25.26619000,2011831.58547190,0
2026-09-05 06:30:00,79643.03,79715.72,79630.0,79664.0,62.82879,2026-09-05 06:44:59.999,5005476.741645,9479,37.77189000,3009208.63907560,0
2026-09-05 06:45:00,79664.0,79684.78,79644.0,79644.01,74.15322,2026-09-05 06:59:59.999,5907042.4368292,9881,48.39379000,3854954.95594500,0
2026-09-05 07:00:00,79644.01,79698.0,79639.22,79692.44,79.60953,2026-09-05 07:14:59.999,6343471.7755985,15039,57.26342000,4562765.70505960,0
2026-09-05 07:15:00,79692.44,79717.59,79672.68,79717.58,51.25829,2026-09-05 07:29:59.999,4085203.900669,6558,36.18135000,2883593.11793900,0
2026-09-05 07:30:00,79717.58,79749.7,79708.14,79730.74,84.52359,2026-09-05 07:44:59.999,6738435.3937997,8786,42.79806000,3412111.25382680,0
2026-09-05 07:45:00,79731.17,79763.41,79694.71,79709.96,57.88614,2026-09-05 07:59:59.999,4615150.6517382,8593,32.94824000,2626780.22916050,0
2026-09-05 08:00:00,79709.96,79709.96,79633.38,79662.01,77.19173,2026-09-05 08:14:59.999,6149893.2753451,9581,34.50999000,2749376.59562950,0
2026-09-05 08:15:00,79662.01,79727.95,79608.22,79639.43,88.72061,2026-09-05 08:29:59.999,7067732.7529682,14836,39.22483000,3124786.33418800,0
2026-09-05 08:30:00,79639.44,79639.44,79568.0,79615.3,109.76188,2026-09-05 08:44:59.999,8737487.6149708,13703,48.79553000,3884242.91701460,0
2026-09-05 08:45:00,79615.29,79667.99,79600.0,79650.0,102.25462,2026-09-05 08:59:59.999,8142090.8480923,10938,45.60963000,3631819.25990330,0
2026-09-05 09:00:00,79650.01,79735.97,79650.0,79719.41,111.56626,2026-09-05 09:14:59.999,8891979.3219385,12236,46.44571000,3701691.83657860,0
2026-09-05 09:15:00,79719.41,79719.41,79693.15,79697.72,72.63975,2026-09-05 09:29:59.999,5789248.0030542,10251,25.58854000,2039321.29557160,0
2026-09-05 09:30:00,79697.72,79708.35,79657.34,79689.48,108.87572,2026-09-05 09:44:59.999,8675440.0673213,10157,40.90390000,3259264.06022630,0
2026-09-05 09:45:00,79689.48,79689.48,79612.0,79631.28,98.14335,2026-09-05 09:59:59.999,7816755.9572373,9759,23.71334000,1888528.15757600,0
2026-09-05 10:00:00,79631.29,79636.91,79619.55,79622.0,97.22428,2026-09-05 10:14:59.999,7741989.4995632,7893,32.35182000,2576095.49465760,0
2026-09-05 10:15:00,79622.0,79660.0,79600.02,79615.99,92.55074,2026-09-05 10:29:59.999,7369299.2468545,13200,35.36696000,2815964.24629780,0
2026-09-05 10:30:00,79615.99,79664.0,79600.0,79600.01,74.31512,2026-09-05 10:44:59.999,5917799.8222913,15458,30.56903000,2434172.11935490,0
2026-09-05 10:45:00,79600.0,79656.23,79593.92,79618.01,60.00344,2026-09-05 10:59:59.999,4777290.1035416,12127,29.27212000,2330604.20143190,0
2026-09-05 11:00:00,79618.0,79673.96,79618.0,79649.5,84.56018,2026-09-05 11:14:59.999,6735568.7277602,13594,42.70361000,3401481.36932450,0
2026-09-05 11:15:00,79649.5,79649.5,79620.0,79623.95,24.93771,2026-09-05 11:29:59.999,1985693.7916757,5435,13.65435000,1087210.41523900,0
2026-09-05 11:30:00,79623.94,79640.48,79608.0,79608.0,52.97243,2026-09-05 11:44:59.999,4218201.0496033,8736,25.59758000,2038329.19008790,0
2026-09-05 11:45:00,79608.01,79674.33,79608.0,79609.28,61.5322,2026-09-05 11:59:59.999,4900212.6952569,9980,31.99797000,2548197.42372750,0
2026-09-05 12:00:00,79609.29,79673.99,79609.28,79662.46,28.82504,2026-09-05 12:14:59.999,2295970.9481165,9115,21.49723000,1712284.31156030,0
2026-09-05 12:15:00,79662.46,79679.99,79654.96,79654.97,51.98804,2026-09-05 12:29:59.999,4141589.9541538,8171,20.94116000,1668220.68127280,0
2026-09-05 12:30:00,79654.97,79774.0,79612.25,79726.91,133.2542,2026-09-05 12:44:59.999,10619482.9104907,16794,70.89920000,5649956.03202210,0
2026-09-05 12:45:00,79726.91,79765.14,79698.85,79704.14,136.19159,2026-09-05 12:59:59.999,10859494.8995315,14373,84.25675000,6718480.33505720,0
2026-09-05 13:00:00,79704.13,79721.96,79657.27,79721.96,126.41204,2026-09-05 13:14:59.999,10073727.2892149,13719,55.28629000,4405935.89874610,0
2026-09-05 13:15:00,79721.96,79762.0,79680.9,79754.06,80.84333,2026-09-05 13:29:59.999,6445016.1786766,14434,53.90994000,4297778.56061950,0
2026-09-05 13:30:00,79754.06,79755.57,79642.44,79654.31,116.67999,2026-09-05 13:44:59.999,9298955.1493488,14987,53.25505000,4244144.20135710,0
2026-09-05 13:45:00,79654.31,79695.92,79545.96,79613.67,164.96281,2026-09-05 13:59:59.999,13135368.7599569,21798,72.21652000,5750603.50499910,0
2026-09-05 14:00:00,79613.67,79686.0,79613.67,79664.76,54.92947,2026-09-05 14:14:59.999,4375830.1298635,13182,31.59197000,2516597.25615160,0
2026-09-05 14:15:00,79664.75,79734.49,79664.75,79730.03,52.04585,2026-09-05 14:29:59.999,4147981.7270029,12192,36.47436000,2906861.94104100,0
2026-09-05 14:30:00,79730.03,79756.32,79697.92,79707.3,92.72661,2026-09-05 14:44:59.999,7393224.7317911,11019,54.88969000,4376477.27457640,0
2026-09-05 14:45:00,79707.3,79755.94,79707.29,79719.76,92.58008,2026-09-05 14:59:59.999,7382190.1523482,10620,52.17415000,4160121.31581650,0
2026-09-05 15:00:00,79719.75,79762.79,79702.45,79724.01,148.62937,2026-09-05 15:14:59.999,11850855.8850199,10182,57.24386000,4564313.34327840,0
2026-09-05 15:15:00,79724.01,79774.86,79678.62,79693.36,91.33927,2026-09-05 15:29:59.999,7282116.3885873,13454,46.23763000,3686482.22531670,0
2026-09-05 15:30:00,79693.36,79785.43,79693.36,79751.23,96.48986,2026-09-05 15:44:59.999,7695074.8808236,8865,76.55301000,6105277.37951310,0
2026-09-05 15:45:00,79751.23,79816.0,79736.0,79806.01,47.31077,2026-09-05 15:59:59.999,3774101.0876963,8939,31.54054000,2516066.39845560,0
2026-09-05 16:00:00,79806.0,79847.46,79754.0,79784.11,96.63439,2026-09-05 16:14:59.999,7711781.1056677,14332,55.30487000,4413549.33798840,0
2026-09-05 16:15:00,79784.11,79901.59,79780.0,79891.99,164.47486,2026-09-05 16:29:59.999,13132669.1849657,15591,68.75984000,5490165.49050640,0
2026-09-05 16:30:00,79891.99,79989.02,79891.98,79936.74,208.5872,2026-09-05 16:44:59.999,16675451.5387696,26921,92.39009000,7385695.05357710,0
2026-09-05 16:45:00,79936.74,80200.0,79930.0,80042.0,246.82912,2026-09-05 16:59:59.999,19756605.7736928,38954,155.52663000,12447499.04711370,0
2026-09-05 17:00:00,80041.99,80162.29,80011.32,80131.99,268.41484,2026-09-05 17:14:59.999,21493647.7985521,42567,164.79025000,13194926.68853450,0
2026-09-05 17:15:00,80132.0,80152.0,79973.85,80029.29,125.64723,2026-09-05 17:29:59.999,10058089.1495441,24640,44.58991000,3569276.31526270,0
2026-09-05 17:30:00,80029.3,80134.15,79984.02,80043.33,181.75464,2026-09-05 17:44:59.999,14545720.8154907,27330,46.35220000,3710453.17226750,0
2026-09-05 17:45:00,80043.34,80087.66,80020.0,80058.6,318.8836,2026-09-05 17:59:59.999,25528109.4301797,39987,54.14428000,4334395.16417470,0
2026-09-05 18:00:00,80058.6,80078.0,79974.0,80001.99,180.79008,2026-09-05 18:14:59.999,14469480.0293659,26607,44.93944000,3596333.65946600,0
2026-09-05 18:15:00,80001.99,80024.0,79954.71,79954.71,64.10012,2026-09-05 18:29:59.999,5127776.0246478,11458,31.39037000,2511223.49542490,0
2026-09-05 18:30:00,79954.71,80045.11,79936.0,79965.99,53.46049,2026-09-05 18:44:59.999,4275587.5486736,13359,26.50767000,2120049.30989400,0
2026-09-05 18:45:00,79965.99,80000.0,79930.0,79999.98,34.45998,2026-09-05 18:59:59.999,2755550.7623285,8765,17.92983000,1433693.99038220,0
2026-09-05 19:00:00,79999.99,79999.99,79928.0,79940.01,40.5681,2026-09-05 19:14:59.999,3243398.8696531,9641,21.51073000,1719603.65299680,0
2026-09-05 19:15:00,79940.0,79985.86,79906.0,79962.93,34.84755,2026-09-05 19:29:59.999,2785880.0301815,8992,20.45235000,1634998.23164870,0
2026-09-05 19:30:00,79962.93,79970.92,79760.83,79855.36,87.69015,2026-09-05 19:44:59.999,7001779.7151433,20864,39.88888000,3185102.34573110,0
2026-09-05 19:45:00,79855.35,79856.41,79712.86,79754.0,80.12331,2026-09-05 19:59:59.999,6391474.4291569,20331,32.88372000,2622898.37995000,0
2026-09-05 20:00:00,79753.99,79840.25,79720.59,79737.99,85.27064,2026-09-05 20:14:59.999,6802483.6025072,20677,31.69770000,2528287.30842020,0
2026-09-05 20:15:00,79737.99,79830.0,79694.0,79719.99,90.82155,2026-09-05 20:29:59.999,7243245.1275912,18563,35.29374000,2814739.34606390,0
2026-09-05 20:30:00,79720.0,79778.92,79694.0,79778.91,269.77453,2026-09-05 20:44:59.999,21513855.9638667,18598,168.88964000,13469035.76565390,0
2026-09-05 20:45:00,79778.91,79793.37,79730.1,79737.83,205.77344,2026-09-05 20:59:59.999,16414163.4128848,12446,29.99040000,2391867.69787850,0
2026-09-05 21:00:00,79737.83,79792.86,79724.87,79788.0,44.7429,2026-09-05 21:14:59.999,3568737.7667499,9390,22.49529000,1794380.64987270,0
2026-09-05 21:15:00,79788.0,79878.0,79775.15,79858.13,25.01099,2026-09-05 21:29:59.999,1996747.9213817,5510,16.98176000,1355723.87185060,0
2026-09-05 21:30:00,79858.13,79930.03,79834.77,79918.01,55.7408,2026-09-05 21:44:59.999,4452039.3384757,14227,28.04459000,2239929.27193380,0
2026-09-05 21:45:00,79918.01,79938.0,79864.0,79906.02,38.78664,2026-09-05 21:59:59.999,3099131.8330205,15288,18.24231000,1457483.88097430,0
2026-09-05 22:00:00,79906.02,79939.16,79856.69,79930.0,47.15145,2026-09-05 22:14:59.999,3767561.1120175,13701,25.75982000,2058232.76543650,0
2026-09-05 22:15:00,79930.01,79947.99,79770.0,79811.99,58.46036,2026-09-05 22:29:59.999,4669599.866743,11233,31.52328000,2518114.37530560,0
2026-09-05 22:30:00,79812.0,79857.99,79759.46,79769.99,158.1219,2026-09-05 22:44:59.999,12615564.0565378,10122,98.01296000,7819448.12640610,0
2026-09-05 22:45:00,79769.99,79814.67,79749.41,79783.99,253.83476,2026-09-05 22:59:59.999,20248206.2326075,10514,127.46381000,10167086.22821300,0
2026-09-05 23:00:00,79783.99,79784.0,79716.0,79755.0,37.93691,2026-09-05 23:14:59.999,3025538.7290201,7781,15.56843000,1241549.03470290,0
2026-09-05 23:15:00,79755.01,79825.27,79748.68,79803.94,42.58397,2026-09-05 23:29:59.999,3397808.6992124,7383,20.64598000,1647302.84473130,0
2026-09-05 23:30:00,79803.93,79843.96,79706.04,79820.68,352.38872,2026-09-05 23:44:59.999,28123050.291609,16168,154.79616000,12352658.91609900,0
2026-09-05 23:45:00,79820.67,79912.83,79784.0,79831.75,152.01004,2026-09-05 23:59:59.999,12138217.7004615,13818,52.01778000,4152945.30150370,0
2026-09-06 00:00:00,79831.75,79915.15,79829.98,79910.0,36.05489,2026-09-06 00:14:59.999,2880417.0455238,8851,19.14919000,1529746.19083000,0
2026-09-06 00:15:00,79910.01,79936.0,79870.14,79927.37,25.51453,2026-09-06 00:29:59.999,2038791.3249097,8645,13.10704000,1047334.09420610,0
2026-09-06 00:30:00,79927.37,79940.68,79874.0,79880.01,39.57888,2026-09-06 00:44:59.999,3162486.0715601,10067,17.78433000,1420974.40341640,0
2026-09-06 00:45:00,79880.0,79932.57,79860.84,79868.0,46.66091,2026-09-06 00:59:59.999,3727835.1510035,11943,23.41286000,1870339.42368450,0
2026-09-06 01:00:00,79868.01,79999.48,79868.01,79962.01,83.70184,2026-09-06 01:14:59.999,6692551.6940155,18731,46.21511000,3695011.78070270,0
2026-09-06 01:15:00,79962.0,79991.34,79900.0,79922.0,53.3711,2026-09-06 01:29:59.999,4266398.2775261,11206,27.99984000,2238205.59299920,0
2026-09-06 01:30:00,79922.0,80067.45,79922.0,79981.37,101.91824,2026-09-06 01:44:59.999,8152529.992873,21041,63.30780000,5063811.23163890,0
2026-09-06 01:45:00,79981.38,80013.29,79932.44,79951.39,66.01801,2026-09-06 01:59:59.999,5279320.4816329,15649,34.78444000,2781534.44540470,0
2026-09-06 02:00:00,79951.38,80019.11,79896.0,79997.86,106.0664,2026-09-06 02:14:59.999,8482499.8670063,20018,44.95005000,3594270.71171860,0
2026-09-06 02:15:00,79997.86,79997.87,79910.0,79911.46,74.48705,2026-09-06 02:29:59.999,5955909.2788093,11066,16.92580000,1352997.97513970,0
2026-09-06 02:30:00,79911.46,79952.9,79878.05,79878.05,43.4891,2026-09-06 02:44:59.999,3475717.5531206,9608,22.20685000,1774825.46711690,0
2026-09-06 02:45:00,79878.05,79914.95,79876.0,79907.28,34.20246,2026-09-06 02:59:59.999,2732454.6500245,5465,18.08108000,1444459.28909400,0
2026-09-06 03:00:00,79907.28,79937.08,79898.83,79937.08,35.48011,2026-09-06 03:14:59.999,2835367.476727,12292,20.07498000,1604254.05581200,0
2026-09-06 03:15:00,79937.07,79968.16,79893.86,79899.13,80.68215,2026-09-06 03:29:59.999,6449872.2503334,36564,38.65935000,3090614.25160030,0
2026-09-06 03:30:00,79899.13,80107.99,79899.13,80107.99,77.55273,2026-09-06 03:44:59.999,6204123.6176168,16017,56.01866000,4481882.48074450,0
2026-09-06 03:45:00,80107.99,80107.99,80010.32,80028.01,54.9977,2026-09-06 03:59:59.999,4402508.2920462,11827,32.94624000,2637281.71467800,0
2026-09-06 04:00:00,80028.01,80028.01,79957.03,79971.13,57.54876,2026-09-06 04:14:59.999,4603068.7357568,10654,29.65003000,2371694.69389060,0
2026-09-06 04:15:00,79971.14,79986.0,79877.99,79932.0,58.16721,2026-09-06 04:29:59.999,4649355.4032995,10529,25.64961000,2049984.08290650,0
2026-09-06 04:30:00,79931.99,79932.0,79901.58,79913.0,48.42538,2026-09-06 04:44:59.999,3869828.4520668,6708,22.43428000,1792701.99117850,0
2026-09-06 04:45:00,79912.99,79948.0,79854.0,79866.01,198.22599,2026-09-06 04:59:59.999,15838940.7776305,14154,100.44202000,8025312.60705620,0
2026-09-06 05:00:00,79866.01,79900.0,79794.04,79804.0,96.48265,2026-09-06 05:14:59.999,7705712.3497884,12972,27.16472000,2169343.08652140,0
2026-09-06 05:15:00,79804.0,79875.99,79796.0,79845.0,327.29754,2026-09-06 05:29:59.999,26128679.9929285,32911,87.03842000,6947623.15808960,0
2026-09-06 05:30:00,79845.0,80107.99,79845.0,80020.0,157.76328,2026-09-06 05:44:59.999,12613966.8099123,25924,82.53421000,6600634.04931000,0
2026-09-06 05:45:00,80020.0,80030.0,79948.0,79989.13,60.67705,2026-09-06 05:59:59.999,4852946.5134596,12290,18.91018000,1512363.27727480,0
2026-09-06 06:00:00,79989.12,79989.13,79925.12,79925.12,56.89923,2026-09-06 06:14:59.999,4548831.4173836,15798,22.62447000,1808630.13352120,0
2026-09-06 06:15:00,79925.12,79925.13,79829.57,79834.46,66.17147,2026-09-06 06:29:59.999,5285315.07129,10485,24.66215000,1969669.46802400,0
2026-09-06 06:30:00,79834.46,79847.38,79764.63,79824.25,71.86982,2026-09-06 06:44:59.999,5735567.239549,10535,39.76266000,3173122.70028930,0
2026-09-06 06:45:00,79824.25,79824.26,79676.66,79784.65,95.4756,2026-09-06 06:59:59.999,7614528.7536808,14473,47.22534000,3766599.39832900,0
2026-09-06 07:00:00,79784.65,79799.05,79577.0,79678.51,119.45953,2026-09-06 07:14:59.999,9521426.6419427,19243,47.61897000,3795827.09813320,0
2026-09-06 07:15:00,79678.51,79850.0,79677.66,79823.23,83.96433,2026-09-06 07:29:59.999,6700791.2470719,14870,41.77177000,3333321.56941570,0
2026-09-06 07:30:00,79823.23,79865.89,79782.61,79846.0,81.25132,2026-09-06 07:44:59.999,6485724.2008148,13447,39.73600000,3171873.70404080,0
2026-09-06 07:45:00,79846.0,79854.44,79805.0,79805.0,54.55588,2026-09-06 07:59:59.999,4355307.8931228,9825,21.43636000,1711245.12584940,0
2026-09-06 08:00:00,79804.68,79889.99,79804.68,79873.5,228.40527,2026-09-06 08:14:59.999,18239021.5650381,15015,129.82397000,10367395.57435060,0
2026-09-06 08:15:00,79873.51,79873.51,79798.09,79804.0,42.28004,2026-09-06 08:29:59.999,3374942.7253179,9798,17.63611000,1407708.62618390,0
2026-09-06 08:30:00,79804.0,79814.02,79752.7,79779.74,256.27394,2026-09-06 08:44:59.999,20447379.8912014,20743,25.53766000,2037409.62055160,0
2026-09-06 08:45:00,79779.74,79876.0,79762.0,79837.17,51.31444,2026-09-06 08:59:59.999,4095644.2590424,11790,27.20904000,2171345.90716390,0
2026-09-06 09:00:00,79837.17,79927.75,79806.01,79927.74,78.95171,2026-09-06 09:14:59.999,6306468.0796491,15137,39.78203000,3177058.58678460,0
2026-09-06 09:15:00,79927.75,79989.57,79917.11,79967.93,87.44518,2026-09-06 09:29:59.999,6992136.4492888,16805,38.21089000,3055018.35853840,0
2026-09-06 09:30:00,79967.94,79990.0,79840.25,79856.05,283.71994,2026-09-06 09:44:59.999,22674417.1135075,27801,67.93869000,5427635.89011400,0
2026-09-06 09:45:00,79856.05,79905.1,79848.5,79885.77,234.04924,2026-09-06 09:59:59.999,18693736.335241,16467,55.30441000,4417488.02659140,0
2026-09-06 10:00:00,79885.78,79938.01,79885.77,79921.87,48.38717,2026-09-06 10:14:59.999,3866746.0419488,9887,17.84186000,1425851.04697890,0
2026-09-06 10:15:00,79921.86,79984.12,79921.86,79973.57,56.94963,2026-09-06 10:29:59.999,4553913.4877592,12859,37.14773000,2970322.00837690,0
2026-09-06 10:30:00,79973.56,80014.65,79968.94,80013.02,60.70392,2026-09-06 10:44:59.999,4855109.9250098,7831,42.07811000,3365405.65100550,0
2026-09-06 10:45:00,80013.02,80020.0,79978.41,80003.93,57.34026,2026-09-06 10:59:59.999,4587233.7319911,13314,29.55169000,2363993.96707510,0
2026-09-06 11:00:00,80003.92,80003.93,80003.0,80003.0,4.63172,2026-09-06 11:14:59.999,370555.747226,1096,1.23905000,99128.86946650,0
