open_time,open,high,low,close,volume,close_time,qav,num_trades,tbb,tbq,ignore
2023-12-12,41253.41000000,42104.12000000,40680.00000000,41492.39,42722.69773000,1702425599999,1773961284.33756360,1526411,21394.91158000,888438328.89153460,0
2023-12-13,41492.38000000,43475.20000000,40555.00000000,42869.03,45865.99773000,1702511999999,1919703389.48488040,1724659,22354.97386000,935785466.02258570,0
2023-12-14,42869.03000000,43420.00000000,41400.00000000,43022.26,42047.05709000,1702598399999,1798740625.30166000,1599536,20579.79343000,880356342.38151180,0
2023-12-15,43022.26000000,43080.81000000,41666.00000000,41940.3,33421.79320000,1702684799999,1416898938.50997890,1323628,16321.13654000,691713304.74858880,0
2023-12-16,41940.29000000,42724.43000000,41605.00000000,42278.03,24118.85747000,1702771199999,1020469627.88573310,1180886,12193.50511000,515909440.91009290,0
2023-12-17,42278.02000000,42424.07000000,41252.00000000,41374.65,27722.11452000,1702857599999,1161963642.96279640,1227634,13245.86404000,555309260.12794100,0
2023-12-18,41374.64000000,42757.81000000,40542.93000000,42657.8,46734.09250000,1702943999999,1936003306.08257260,1741647,23255.79871000,963775419.57314980,0
2023-12-19,42657.80000000,43497.00000000,41811.10000000,42275.99,40927.86444000,1703030399999,1747830242.46159370,1609188,20163.65946000,861082883.31101580,0
2023-12-20,42275.99000000,44283.00000000,42206.00000000,43668.93,48710.29470000,1703116799999,2115813869.77961900,1934588,23912.13682000,1038694005.77613990,0
2023-12-21,43668.92000000,44242.35000000,43286.72000000,43861.8,34624.29384000,1703203199999,1514529919.18777960,1500702,17058.89545000,746266380.76924040,0
2023-12-22,43861.79000000,44398.26000000,43412.54000000,43969.04,32783.19638000,1703289599999,1436074497.51285980,1404109,16049.22275000,703199211.03931960,0
2023-12-23,43969.04000000,43988.68000000,43291.10000000,43702.16,16557.12930000,1703375999999,722943825.33321760,849658,7765.30564000,339046509.16771960,0
2023-12-24,43702.15000000,43946.00000000,42500.00000000,42991.5,25144.33496000,1703462399999,1093460634.88942270,1137678,11841.26614000,514962029.17833470,0
2023-12-25,42991.50000000,43802.32000000,42720.43000000,43576.13,27021.23992000,1703548799999,1172053386.51098150,1168428,13691.23930000,593900885.80314620,0
2023-12-26,43576.12000000,43592.68000000,41637.60000000,42508.93,41010.04282000,1703635199999,1746333612.30494510,1475816,21096.16634000,898267435.23798300,0
2023-12-27,42508.93000000,43677.00000000,42098.69000000,43428.85,36191.21136000,1703721599999,1554082990.05227590,1439770,18982.83267000,815239612.61736400,0
2023-12-28,43428.86000000,43787.57000000,42241.79000000,42563.76,35150.52485000,1703807999999,1508408742.37808110,1391826,17422.81910000,747631903.05539890,0
2023-12-29,42563.76000000,43111.00000000,41300.00000000,42066.95,42597.18912000,1703894399999,1803086285.24657750,1571137,21195.34128000,897324724.79689550,0
2023-12-30,42066.94000000,42612.32000000,41520.30000000,42140.28,22906.57818000,1703980799999,964875790.98493500,936545,11727.69648000,494133887.90718110,0
2023-12-31,42140.29000000,42899.00000000,41965.84000000,42283.58,23585.91603000,1704067199999,1001519241.55590540,1016484,11997.14865000,509478742.74451080,0
2024-01-01,42283.58000000,44184.10000000,42180.77000000,44179.55,27174.29903000,1704153599999,1169995682.02800140,1114623,14331.73180000,617352094.56051940,0
2024-01-02,44179.55000000,45879.63000000,44148.34000000,44946.91,65146.40661000,1704239999999,2944331821.82307620,2247532,33817.14447000,1527964124.23758480,0
2024-01-03,44946.91000000,45500.00000000,40750.00000000,42845.23,81194.55173000,1704326399999,3507104563.74423210,2658041,39103.99162000,1687665202.95131440,0
2024-01-04,42845.23000000,44729.58000000,42613.77000000,44151.1,48038.06334000,1704412799999,2095095359.49363480,1819944,23605.90059000,1030075267.83901300,0
2024-01-05,44151.10000000,44357.46000000,42450.00000000,44145.11,48075.25327000,1704499199999,2100953924.36871550,2064845,24015.06426000,1049655019.14000940,0
2024-01-06,44145.12000000,44214.42000000,43397.05000000,43968.32,17835.06144000,1704585599999,781212883.49160610,956642,9048.57073000,396341787.36387760,0
2024-01-07,43968.32000000,44480.59000000,43572.09000000,43929.02,23023.85080000,1704671999999,1014635096.12414820,1109259,11613.52347000,511871007.52582630,0
2024-01-08,43929.01000000,47248.99000000,43175.00000000,46951.04,72814.57589000,1704758399999,3298772150.68150740,2364464,38728.80530000,1755312207.66818340,0
2024-01-09,46951.04000000,47972.00000000,44748.67000000,46110.0,69927.66617000,1704844799999,3251442072.80839630,2637745,34825.45429000,1620151226.33626950,0
2024-01-10,46110.00000000,47695.93000000,44300.36000000,46653.99,89911.41203000,1704931199999,4123809481.71276720,3133588,46910.79439000,2153126701.35216420,0
2024-01-11,46654.00000000,48969.48000000,45606.06000000,46339.16,87470.32960000,1705017599999,4105139605.02830200,2998451,44076.16830000,2070467939.65999250,0
2024-01-12,46339.16000000,46515.53000000,41500.00000000,42782.73,86327.93707000,1705103999999,3827483735.57605690,2809192,41707.58066000,1850840878.97782980,0
2024-01-13,42782.74000000,43257.00000000,42436.12000000,42847.99,36118.47464000,1705190399999,1547370611.55316620,1434243,17748.09824000,760432218.24545510,0
2024-01-14,42847.99000000,43079.00000000,41720.00000000,41732.35,28228.40894000,1705276799999,1202212782.25769300,1235727,13690.30843000,583261659.73857610,0
2024-01-15,41732.35000000,43400.43000000,41718.05000000,42511.1,40269.89303000,1705363199999,1718982911.10810270,1657611,19924.76030000,849997411.08758290,0
2024-01-16,42511.10000000,43578.01000000,42050.00000000,43137.95,45045.74589000,1705449599999,1931947150.05907020,1716580,24064.55667000,1031525441.93520850,0
2024-01-17,43137.94000000,43198.00000000,42200.69000000,42776.1,33266.21388000,1705535999999,1419888430.92288920,1438172,16648.20529000,710532768.04757790,0
2024-01-18,42776.09000000,42930.00000000,40683.28000000,41327.5,43907.51641000,1705622399999,1839426541.26357900,1466087,21085.14336000,883292634.20636370,0
2024-01-19,41327.51000000,42196.86000000,40280.00000000,41659.03,48342.74559000,1705708799999,1993846466.53875190,1641428,24347.50020000,1004478721.37920550,0
2024-01-20,41659.03000000,41872.56000000,41456.30000000,41696.04,15923.99493000,1705795199999,662768008.15093430,807324,7557.36632000,314535141.99556360,0
2024-01-21,41696.05000000,41881.39000000,41500.98000000,41580.33,11730.16301000,1705881599999,489151571.03090430,657817,5576.56045000,232552207.16073290,0
2024-01-22,41580.32000000,41689.65000000,39431.58000000,39568.02,55426.19911000,1705967999999,2247452153.79543270,2147250,26788.13985000,1086650848.06705250,0
2024-01-23,39568.02000000,40176.74000000,38555.00000000,39897.6,57956.63351000,1706054399999,2275851990.64682690,2043925,30913.97177000,1214417243.69641180,0
2024-01-24,39897.59000000,40555.00000000,39484.19000000,40084.88,39293.82861000,1706140799999,1569704923.83074920,1675615,20673.05725000,825887009.47442260,0
2024-01-25,40084.89000000,40300.24000000,39550.00000000,39961.09,31022.11853000,1706227199999,1238813296.15261370,1291233,15685.24919000,626369240.37339640,0
2024-01-26,39961.09000000,42246.82000000,39822.52000000,41823.51,47384.96726000,1706313599999,1951700659.28980700,1624861,24674.75551000,1016105199.71712130,0
2024-01-27,41823.51000000,42200.00000000,41394.34000000,42120.63,16224.41667000,1706399999999,678418702.35094450,751148,7485.64978000,312938659.24802430,0
2024-01-28,42120.63000000,42842.68000000,41620.81000000,42031.06,27294.99838000,1706486399999,1154365891.66825870,1032493,12971.18820000,548670338.63940100,0
2024-01-29,42031.05000000,43333.00000000,41804.88000000,43302.7,31542.74207000,1706572799999,1343462280.36186840,1197856,15996.88627000,681504721.35851260,0
2024-01-30,43302.71000000,43882.36000000,42683.99000000,42941.1,37619.24546000,1706659199999,1633251085.67135960,1316610,19317.29993000,838876408.45566850,0
2024-01-31,42941.10000000,43745.11000000,42276.84000000,42580.0,39871.13688000,1706745599999,1711665577.05308240,1499559,20289.94825000,871009715.17022070,0
2024-02-01,42580.00000000,43285.13000000,41884.28000000,43082.94,35231.04664000,1706831999999,1497121440.64400210,1392269,18134.84304000,770635549.48421270,0
2024-02-02,43082.95000000,43488.00000000,42546.79000000,43200.0,29672.14418000,1706918399999,1277919437.29056120,1086342,15645.57110000,673834785.74779100,0
2024-02-03,43199.99000000,43380.01000000,42880.00000000,43011.09,12033.40998000,1707004799999,518775350.03360090,609962,5691.78572000,245377398.51059570,0
2024-02-04,43011.10000000,43119.04000000,42222.00000000,42582.88,17066.89404000,1707091199999,730999557.70836820,931235,8427.12671000,360928641.05977220,0
2024-02-05,42582.88000000,43569.76000000,42258.10000000,42708.7,29467.75905000,1707177599999,1262620640.54071730,1317397,14984.06962000,642077579.58272680,0
2024-02-06,42708.70000000,43399.98000000,42574.00000000,43098.95,24675.85433000,1707263999999,1061049582.60027670,1120760,12810.98205000,550866463.74091940,0
2024-02-07,43098.96000000,44396.50000000,42788.00000000,44349.6,34392.59915000,1707350399999,1496013692.38292190,1378809,17755.87738000,772721372.44438850,0
2024-02-08,44349.60000000,45614.30000000,44331.10000000,45288.65,45439.62231000,1707436799999,2042912128.15176650,1863650,22731.52397000,1021963499.80033510,0
2024-02-09,45288.66000000,48200.00000000,45242.12000000,47132.77,73503.48100000,1707523199999,3453043306.42097590,2323884,37360.96419000,1754880225.38020990,0
2024-02-10,47132.78000000,48170.00000000,46800.00000000,47751.09,24802.35936000,1707609599999,1176079377.69227620,1323421,12740.69912000,604397015.51796000,0
2024-02-11,47751.08000000,48592.66000000,47557.16000000,48299.99,29958.80837000,1707695999999,1443314885.77140530,1407270,15741.38294000,758411879.95568900,0
2024-02-12,48300.00000000,50334.82000000,47710.01000000,49917.27,59009.96705000,1707782399999,2898220863.01818030,1939394,30797.43359000,1512688561.68886550,0
2024-02-13,49917.28000000,50368.61000000,48300.95000000,49699.59,55551.56706000,1707868799999,2745025370.06744710,1741811,28409.79337000,1403783512.68099050,0
2024-02-14,49699.60000000,52043.71000000,49225.01000000,51795.17,57046.37401000,1707955199999,2919604456.72331270,1859392,29664.51830000,1518339681.33460220,0
2024-02-15,51795.17000000,52816.62000000,51314.00000000,51880.0,53816.03055000,1708041599999,2802825737.99201540,1786569,26722.58656000,1391971339.71580590,0
2024-02-16,51880.01000000,52572.08000000,51566.00000000,52124.11,37772.25318000,1708127999999,1965003863.97133420,1583711,18309.89888000,952708587.73249880,0
2024-02-17,52124.10000000,52162.82000000,50625.00000000,51642.64,25674.00622000,1708214399999,1319908544.97908910,1427773,12655.51593000,650426057.19761540,0
2024-02-18,51642.64000000,52377.00000000,51163.28000000,52137.67,21992.10363000,1708300799999,1139209588.43346260,1375422,11281.34692000,584447328.11427220,0
2024-02-19,52137.68000000,52488.77000000,51677.00000000,51774.73,29534.99432000,1708387199999,1539600521.60077290,1542990,15266.36204000,795825023.64422360,0
2024-02-20,51774.74000000,52985.00000000,50760.37000000,52258.82,49614.47318000,1708473599999,2574874999.37871740,1971912,24994.25062000,1297330385.00509330,0
2024-02-21,52258.82000000,52366.80000000,50625.00000000,51849.39,43079.40049000,1708559999999,2210278288.72509470,1824860,22239.73293000,1140905416.95625220,0
2024-02-22,51849.38000000,52065.78000000,50940.78000000,51288.42,35309.44574000,1708646399999,1820949707.15853400,1688184,17830.46730000,919599483.90786170,0
2024-02-23,51288.42000000,51548.54000000,50521.00000000,50744.15,30545.79544000,1708732799999,1559143576.82961640,1487039,14610.80906000,745820955.25604630,0
2024-02-24,50744.15000000,51698.00000000,50585.00000000,51568.22,16560.42110000,1708819199999,847793393.57186800,855015,8462.15627000,433239599.42398870,0
2024-02-25,51568.21000000,51958.55000000,51279.80000000,51728.85,18721.63159000,1708905599999,966951114.45046290,923992,9544.17672000,492952522.68163890,0
2024-02-26,51728.85000000,54910.00000000,50901.44000000,54476.47,51256.72199000,1708991999999,2710403072.98059510,1808909,27198.83551000,1438371804.11010130,0
2024-02-27,54476.48000000,57588.15000000,54450.13000000,57037.34,67194.98562000,1709078399999,3795949115.22493150,2414285,34970.25885000,1975472154.51157390,0
2024-02-28,57037.35000000,64000.00000000,56691.85000000,62432.1,118763.46984000,1709164799999,7162581994.48573950,3895062,62066.63936000,3742433894.94507670,0
2024-02-29,62432.11000000,63676.35000000,60364.70000000,61130.98,78425.07603000,1709251199999,4872212871.27608040,3169405,39463.06931000,2452515504.86865120,0
2024-03-01,61130.99000000,63114.23000000,60777.00000000,62387.9,47737.93473000,1709337599999,2956537377.96602980,1947444,24195.70252000,1498771144.09995600,0
2024-03-02,62387.90000000,62433.19000000,61561.12000000,61987.28,25534.73659000,1709423999999,1582566973.83409310,1641808,12691.37721000,786583052.08627260,0
2024-03-03,61987.28000000,63231.88000000,61320.00000000,63113.97,28994.90903000,1709510399999,1804536272.94434580,1992011,14905.18600000,927868983.73084310,0
2024-03-04,63113.97000000,68499.00000000,62300.00000000,68245.71,84835.16005000,1709596799999,5568877537.08125230,3887853,45319.08640000,2974396037.68572030,0
2024-03-05,68245.71000000,69000.00000000,59005.00000000,63724.01,132696.78130000,1709683199999,8674526591.28714170,5310706,65991.84526000,4318205559.64365010,0
2024-03-06,63724.01000000,67641.10000000,62779.14000000,66074.04,78738.85491000,1709769599999,5197743036.59727550,3302981,40344.32596000,2663883160.20696200,0
2024-03-07,66074.04000000,67980.00000000,65551.00000000,66823.17,53059.88690000,1709855999999,3548088039.27360850,2428227,27935.66302000,1867854683.98202980,0
2024-03-08,66823.18000000,69990.00000000,66082.66000000,68124.19,74261.93284200,1709942399999,5044395324.39905431,2943927,37711.51458100,2563347797.52868009,0
2024-03-09,68124.20000000,68541.10000000,67861.10000000,68313.27,19872.89743000,1710028799999,1355964036.90929860,1345341,10005.59200000,682720256.00282270,0
2024-03-10,68313.28000000,69887.61000000,68094.75000000,68955.88,38404.66835000,1710115199999,2659307501.09457810,2139518,19188.79904000,1328747995.99402550,0
2024-03-11,68955.88000000,72800.00000000,67024.96000000,72078.1,75292.82572600,1710201599999,5352704377.61880469,3043414,39435.85545900,2803359303.28697282,0
2024-03-12,72078.10000000,73000.00000000,68620.82000000,71452.01,68783.54669100,1710287999999,4909667978.55933818,3047890,34517.21293300,2465202174.40722632,0
2024-03-13,71452.00000000,73650.25000000,71333.31000000,73072.41,52659.71164700,1710374399999,3829764501.25379279,2501197,26787.08223700,1948382241.88946039,0
2024-03-14,73072.40000000,73777.00000000,68555.00000000,71388.94,71757.62874600,1710460799999,5132189849.09663160,2994869,35676.74832600,2552190396.88900670,0
2024-03-15,71388.94000000,72419.71000000,65600.00000000,69499.85,103334.03546000,1710547199999,7065279917.87211180,3904445,49844.66515000,3409385750.02117660,0
2024-03-16,69499.84000000,70043.00000000,64780.00000000,65300.63,55926.95336000,1710633599999,3788544202.88485590,2729019,27240.19894000,1846731512.27362330,0
2024-03-17,65300.64000000,68904.40000000,64533.00000000,68393.48,49742.21589000,1710719999999,3322963634.24251290,2449156,25328.29435000,1692079618.21131060,0
2024-03-18,68393.47000000,68956.00000000,66565.20000000,67609.99,55691.08088000,1710806399999,3768277912.41891810,2464515,28529.67219000,1930726566.24924600,0
2024-03-19,67610.00000000,68124.11000000,61555.00000000,61937.4,101005.32487000,1710892799999,6484805948.53539280,3593832,48205.28434000,3095258881.70227350,0
2024-03-20,61937.41000000,68100.00000000,60775.00000000,67840.51,90420.58592000,1710979199999,5769770052.06258300,3549793,45523.84281000,2907222064.13129160,0
2024-03-21,67840.51000000,68240.47000000,64529.01000000,65501.27,53357.48002000,1711065599999,3551223142.96441700,2388390,26650.09786000,1774833851.22152450,0
2024-03-22,65501.28000000,66649.62000000,62260.00000000,63796.64,51482.37821000,1711151999999,3310481978.10764530,2492881,24578.87957000,1580940164.12123740,0
2024-03-23,63796.64000000,65999.00000000,63000.00000000,63990.01,26410.11409000,1711238399999,1706152172.63161340,1753566,12749.00823000,823892846.71497700,0
2024-03-24,63990.02000000,67628.69000000,63772.29000000,67209.99,31395.78015000,1711324799999,2059312948.64868730,1880774,16689.65617000,1095820626.02919970,0
2024-03-25,67210.00000000,71150.00000000,66385.06000000,69880.01,53431.14486000,1711411199999,3679964073.81121250,2632220,27815.58769000,1915614174.23976360,0
2024-03-26,69880.00000000,71561.10000000,69280.00000000,69988.0,38934.38417000,1711497599999,2738537345.33588000,2176807,19498.85666000,1371708206.53887210,0
2024-03-27,69987.99000000,71769.54000000,68359.18000000,69469.99,49119.35685000,1711583999999,3426458581.94334340,2453366,24902.33470000,1737325915.83441790,0
2024-03-28,69469.99000000,71552.06000000,68903.62000000,70780.6,35439.03239000,1711670399999,2500571208.00262760,1799897,18007.26883000,1270852446.70774510,0
2024-03-29,70780.60000000,70916.16000000,69009.00000000,69850.54,25445.08353000,1711756799999,1779608477.32245370,1522607,11839.09290000,828039936.68545330,0
2024-03-30,69850.53000000,70321.10000000,69540.00000000,69582.18,13644.61142000,1711843199999,954555919.68557450,1110488,6423.89367000,449436189.73361900,0
2024-03-31,69582.17000000,71366.00000000,69562.99000000,71280.01,19396.34433000,1711929599999,1367523707.26124510,1181926,10142.47988000,715151368.94630210,0
2024-04-01,71280.00000000,71288.23000000,68062.86000000,69649.8,41445.32039000,1712015999999,2876486469.46552290,1893438,20211.15024000,1402849944.78228910,0
2024-04-02,69649.81000000,69674.23000000,64550.00000000,65463.99,71799.82793000,1712102399999,4750030717.92242550,2662410,35520.17401000,2348263612.30347050,0
2024-04-03,65463.99000000,66903.63000000,64493.07000000,65963.28,39887.21778000,1712188799999,2630556596.13592860,2172096,20618.58747000,1360363531.16595170,0
2024-04-04,65963.27000000,69309.91000000,65064.52000000,68487.79,41510.48453000,1712275199999,2795469450.57238580,2000945,21013.32173000,1415699952.03815850,0
2024-04-05,68487.80000000,68756.67000000,65952.56000000,67820.62,37915.23073000,1712361599999,2555458935.23600890,1901980,18889.98453000,1273220222.76258870,0
2024-04-06,67820.63000000,69692.00000000,67447.83000000,68896.0,20134.28919000,1712447999999,1373131967.76481860,1171460,9973.86412000,680800856.20965050,0
2024-04-07,68896.00000000,70326.29000000,68824.00000000,69360.39,21534.74433000,1712534399999,1496213373.18557760,1269048,11149.90398000,774906774.52828120,0
2024-04-08,69360.38000000,72797.99000000,69043.24000000,71620.0,45723.87624000,1712620799999,3270853309.66294220,2037025,25309.90487000,1811209901.71635400,0
2024-04-09,71620.00000000,71758.19000000,68210.00000000,69146.0,39293.90242000,1712707199999,2749007421.64210750,1804157,18896.53756000,1321865585.23805220,0
2024-04-10,69146.00000000,71172.08000000,67518.00000000,70631.08,42006.02377000,1712793599999,2901564970.81580420,1852170,20269.34809000,1401023003.73182270,0
2024-04-11,70631.08000000,71305.89000000,69567.21000000,70006.23,31917.25595000,1712879999999,2247473274.61625790,1658995,15908.49124000,1120249990.73575260,0
2024-04-12,70006.22000000,71227.46000000,65086.86000000,67116.52,56072.86229000,1712966399999,3843551585.32127470,2496617,25935.86464000,1777808491.17045420,0
2024-04-13,67116.52000000,67929.00000000,60660.57000000,63924.51,71395.22019000,1713052799999,4614468627.80904480,3341340,33221.66950000,2144846149.68091790,0
2024-04-14,63924.52000000,65840.00000000,62134.00000000,65661.84,61599.17818000,1713139199999,3946124834.69703540,2657953,29732.29634000,1904847012.50930860,0
2024-04-15,65661.85000000,66867.07000000,62274.40000000,63419.99,52389.53069000,1713225599999,3398072231.56122360,2539048,25206.68008000,1634572976.93981270,0
2024-04-16,63419.99000000,64365.00000000,61600.00000000,63793.39,53435.29331000,1713311999999,3355338198.44691320,2604354,26041.26640000,1635683129.30765320,0
2024-04-17,63793.40000000,64499.00000000,59678.16000000,61277.37,50610.54509000,1713398399999,3128625247.47385340,2458327,24346.74671000,1506361259.70135830,0
2024-04-18,61277.38000000,64117.09000000,60803.35000000,63470.08,43601.60918000,1713484799999,2726741448.88680220,2142511,20870.20705000,1305027167.93950820,0
2024-04-19,63470.09000000,65450.00000000,59600.01000000,63818.01,69774.30271000,1713571199999,4419893235.18328730,2828284,34941.50216000,2214809735.24024150,0
2024-04-20,63818.01000000,65419.00000000,63090.07000000,64940.59,23137.42975000,1713657599999,1486949581.43947920,1376712,11811.84440000,759077474.29729040,0
2024-04-21,64940.58000000,65695.56000000,64237.50000000,64941.15,19316.42152000,1713743999999,1254396628.15317660,1390153,9734.71767000,632257865.00824990,0
2024-04-22,64941.15000000,67232.35000000,64500.00000000,66819.32,31397.99371000,1713830399999,2071690434.97655200,1816591,16466.05497000,1086399264.60922710,0
2024-04-23,66819.32000000,67183.01000000,65765.81000000,66414.0,22599.90004000,1713916799999,1502139968.71988170,1433915,10854.17402000,721404825.84704100,0
2024-04-24,66414.00000000,67070.43000000,63606.06000000,64289.59,33595.69637000,1714003199999,2195714861.65765590,1784897,16899.50969000,1104368114.10586980,0
2024-04-25,64289.58000000,65297.94000000,62794.00000000,64498.34,31341.46338000,1714089599999,2007704069.26227290,1375324,14808.62959000,948738136.26843800,0
2024-04-26,64498.33000000,64820.01000000,63297.48000000,63770.01,27085.19346000,1714175999999,1736631357.35373870,1025561,13570.23647000,870093757.51889900,0
2024-04-27,63770.00000000,63923.41000000,62391.24000000,63461.98,20933.06052000,1714262399999,1320337707.78711590,912422,9903.95325000,624733409.21128790,0
2024-04-28,63461.98000000,64370.00000000,62781.00000000,63118.62,16949.20005000,1714348799999,1078450016.47322960,790652,7941.33811000,505261267.56950520,0
2024-04-29,63118.62000000,64228.35000000,61765.53000000,63866.0,28150.22947000,1714435199999,1765038324.68372130,1152296,13986.59437000,877053322.30799690,0
2024-04-30,63866.00000000,64734.00000000,59191.60000000,60672.0,54947.65535000,1714521599999,3372142467.43225250,1985671,26385.41614000,1620421850.57869910,0
2024-05-01,60672.01000000,60841.63000000,56552.82000000,58364.97,81166.46823000,1714607999999,4705572361.74020020,2401089,38203.57377000,2213404278.59001090,0
2024-05-02,58364.97000000,59625.00000000,56911.84000000,59060.61,47583.81961000,1714694399999,2778840305.05057860,1572898,23240.75370000,1356148775.88673650,0
2024-05-03,59060.60000000,63333.00000000,58811.32000000,62882.01,43628.40143000,1714780799999,2658193708.34790420,1558661,22145.44334000,1349687455.59576090,0
2024-05-04,62882.01000000,64540.00000000,62541.03000000,63892.04,24368.69282000,1714867199999,1547468697.87657970,1113509,12671.20599000,804768764.30625010,0
2024-05-05,63892.03000000,64646.00000000,62822.17000000,64012.0,18526.75029000,1714953599999,1182572239.53061830,992921,8954.93439000,571783428.23947070,0
2024-05-06,64012.00000000,65500.00000000,62700.00000000,63165.19,34674.91949000,1715039999999,2218131198.46613250,1392557,17179.56031000,1099303474.28052170,0
2024-05-07,63165.18000000,64422.41000000,62261.00000000,62312.08,25598.79472000,1715126399999,1624531631.59237700,1272898,12502.38281000,793575994.21410250,0
2024-05-08,62312.07000000,63020.22000000,60888.00000000,61193.03,26121.19004000,1715212799999,1623561041.12551880,1415152,12669.58179000,787749415.54808140,0
2024-05-09,61193.03000000,63429.03000000,60630.00000000,63074.01,30660.80610000,1715299199999,1895849912.77347550,1381957,15120.01471000,935341755.67823540,0
2024-05-10,63074.00000000,63469.13000000,60187.12000000,60799.99,36529.34025000,1715385599999,2255550468.41385220,1500643,18066.83174000,1116494638.28048920,0
2024-05-11,60799.99000000,61515.00000000,60487.09000000,60825.99,13374.56936000,1715471999999,814928013.45732880,753281,6223.09555000,379263096.21513300,0
2024-05-12,60825.99000000,61888.00000000,60610.00000000,61483.99,12753.13236000,1715558399999,781041632.46238350,727113,6416.91108000,393132351.88839250,0
2024-05-13,61484.00000000,63450.00000000,60749.21000000,62940.08,32733.41839000,1715644799999,2041896626.61081470,1371433,16717.90863000,1043060982.35746010,0
2024-05-14,62940.09000000,63118.36000000,61142.77000000,61577.49,29088.72041000,1715731199999,1800171876.16766540,1127939,13815.81443000,855088066.21248800,0
2024-05-15,61577.49000000,66444.16000000,61319.47000000,66206.5,43559.74719000,1715817599999,2794259631.89104640,1729454,21797.84094000,1398781701.44138860,0
2024-05-16,66206.51000000,66752.01000000,64602.77000000,65235.21,31106.36710000,1715903999999,2045507646.82938490,1269793,15645.11263000,1028962305.10438390,0
2024-05-17,65235.21000000,67451.20000000,65106.38000000,67024.0,26292.23409000,1715990399999,1745971822.34474550,1117254,13301.09525000,883129353.16334290,0
2024-05-18,67024.00000000,67400.01000000,66600.00000000,66915.2,14441.25774000,1716076799999,967145944.68353170,734067,6911.13424000,462859253.58791080,0
2024-05-19,66915.20000000,67700.00000000,65857.25000000,66274.01,18025.30409000,1716163199999,1204989222.87686860,823729,8692.17507000,581378180.33745970,0
2024-05-20,66274.00000000,71515.56000000,66060.31000000,71446.62,50816.70110000,1716249599999,3485474763.75229410,1930939,26792.52994000,1839346667.54078900,0
2024-05-21,71446.62000000,71979.00000000,69162.94000000,70148.34,49607.43360000,1716335999999,3509345769.23360780,2137448,24686.27911000,1746693652.32872200,0
2024-05-22,70148.34000000,70666.00000000,68842.19000000,69166.62,27673.18026000,1716422399999,1931700812.30321440,1371973,13124.78731000,916344293.91047570,0
2024-05-23,69166.62000000,70096.12000000,66312.16000000,67969.65,40513.17374000,1716508799999,2766790260.78860240,1827855,19791.15119000,1351640092.58136590,0
2024-05-24,67969.66000000,69250.00000000,66600.12000000,68549.99,28095.83664000,1716595199999,1906438696.71560120,1165907,14344.29889000,973457354.69577570,0
2024-05-25,68549.99000000,69610.00000000,68500.00000000,69290.57,12130.39418000,1716681599999,837339788.98389610,703803,5851.95991000,403954862.66947920,0
2024-05-26,69290.56000000,69562.23000000,68128.01000000,68507.67,11872.11797000,1716767999999,818914878.99088980,722849,5934.62083000,409411078.54609240,0
2024-05-27,68507.67000000,70687.56000000,68250.00000000,69436.43,23136.92737000,1716854399999,1604722197.83740280,1219341,11709.62174000,812172288.25763730,0
2024-05-28,69436.43000000,69591.81000000,67277.91000000,68398.39,32622.97042000,1716940799999,2224860225.79922270,1459351,15543.09776000,1059920452.31461710,0
2024-05-29,68398.40000000,68935.68000000,67124.65000000,67652.42,23159.83149000,1717027199999,1573095221.64839840,1221044,11748.55954000,797928379.36691790,0
2024-05-30,67652.41000000,69500.00000000,67128.00000000,68352.17,28478.21840000,1717113599999,1945001081.52158660,1272851,14074.36655000,961595245.17878340,0
2024-05-31,68352.17000000,69044.10000000,66670.00000000,67540.01,26690.32184000,1717199999999,1812659052.24967660,1177860,13258.10182000,900414200.11617690,0
2024-06-01,67540.01000000,67900.00000000,67428.44000000,67766.85,8837.66133000,1717286399999,598305207.99320460,638484,4235.27045000,286752060.40289290,0
2024-06-02,67766.84000000,68460.00000000,67257.47000000,67765.63,15426.32529000,1717372799999,1046827665.38293130,812348,7760.23377000,526768921.12622220,0
2024-06-03,67765.62000000,70288.00000000,67612.48000000,68809.9,29633.37400000,1717459199999,2047757076.22683570,1253789,15308.67275000,1058024704.35337320,0
2024-06-04,68809.89000000,71063.45000000,68567.32000000,70537.84,29619.78489000,1717545599999,2069902136.99324010,1254515,14922.96734000,1043071241.62848080,0
2024-06-05,70537.83000000,71758.00000000,70383.66000000,71108.0,28703.18082000,1717631999999,2040073765.86763960,1055115,14210.23392000,1010053925.79108140,0
2024-06-06,71108.00000000,71700.00000000,70117.64000000,70799.06,21842.00449000,1717718399999,1551467659.15429660,900226,10287.39110000,730849194.23039900,0
2024-06-07,70799.06000000,71997.02000000,68420.00000000,69355.6,35598.45045000,1717804799999,2507250591.33297820,1516415,17318.78051000,1220810920.34443310,0
2024-06-08,69355.60000000,69582.20000000,69168.02000000,69310.46,9773.82967000,1717891199999,678267390.53103880,714103,4772.23036000,331182466.90034250,0
2024-06-09,69310.46000000,69857.14000000,69130.24000000,69648.14,9890.56709000,1717977599999,687344656.07255660,575583,4883.69296000,339405376.08154470,0
2024-06-10,69648.15000000,70195.94000000,69172.29000000,69540.0,17122.66941000,1718063999999,1192466549.96912270,936731,8412.00246000,585909223.77581300,0
2024-06-11,69540.00000000,69590.01000000,66051.00000000,67314.24,41436.01588000,1718150399999,2793799020.46912430,1782415,19839.82320000,1337254654.99899240,0
2024-06-12,67314.23000000,69999.00000000,66905.00000000,68263.99,37175.32356000,1718236799999,2550285139.18437200,1670745,18975.89081000,1302069589.64168150,0
2024-06-13,68263.98000000,68449.30000000,66251.78000000,66773.01,29079.55571000,1718323199999,1958897960.91729170,1518202,13886.14007000,935614189.69868110,0
2024-06-14,66773.01000000,67370.24000000,65078.00000000,66043.99,28408.18797000,1718409599999,1884451554.42828490,1736314,13619.40861000,903708200.78497490,0
2024-06-15,66043.99000000,66478.48000000,65857.10000000,66228.25,11451.80242000,1718495999999,758175888.02833720,700886,5495.02083000,363796116.45357520,0
2024-06-16,66228.25000000,66998.70000000,66034.50000000,66676.87,9392.52223000,1718582399999,624653672.61385750,703295,4750.05166000,315940653.99261210,0
2024-06-17,66676.86000000,67298.81000000,65130.00000000,66504.33,27386.16851000,1718668799999,1812061226.75656550,1542620,13716.89431000,907703353.53049530,0
2024-06-18,66504.33000000,66588.23000000,64060.00000000,65175.32,42350.10244000,1718755199999,2755141806.03109010,2151711,20076.41361000,1305946733.58928080,0
2024-06-19,65175.32000000,65727.54000000,64666.00000000,64974.37,20060.79576000,1718841599999,1307731953.95453160,1078458,10289.78180000,670875724.31372840,0
2024-06-20,64974.37000000,66482.94000000,64559.15000000,64869.99,24265.29031000,1718927999999,1584896152.16637010,1282687,11828.87934000,772646071.21699650,0
2024-06-21,64869.99000000,65066.66000000,63379.35000000,64143.56,25993.56442000,1719014399999,1665541539.70861590,1362617,12543.25960000,803462610.69190860,0
2024-06-22,64143.56000000,64546.81000000,63943.82000000,64262.01,7308.95542000,1719100799999,470027247.34020830,562832,3756.29045000,241583895.45436180,0
2024-06-23,64262.01000000,64521.00000000,63178.32000000,63210.01,8224.45447000,1719187199999,526848525.00294520,592759,3974.67964000,254685735.53387730,0
2024-06-24,63210.01000000,63369.80000000,58402.00000000,60293.3,52161.35414000,1719273599999,3180853460.92475080,2190787,24495.59428000,1493633137.52665430,0
2024-06-25,60293.30000000,62420.00000000,60257.06000000,61806.01,31189.24361000,1719359999999,1914901308.84587010,1277481,15360.08458000,943071608.51094150,0
2024-06-26,61806.01000000,62487.81000000,60712.00000000,60864.99,22485.66463000,1719446399999,1381716993.35549190,1112152,11435.02653000,702676210.43654810,0
2024-06-27,60864.98000000,62389.22000000,60606.63000000,61706.47,18344.28631000,1719532799999,1126705164.78289200,1062176,9298.26500000,570914131.05718340,0
2024-06-28,61706.46000000,62225.31000000,60063.00000000,60427.84,24821.19255000,1719619199999,1519872032.02663600,1479626,12661.53908000,775499790.79123460,0
2024-06-29,60427.84000000,61224.00000000,60383.77000000,60986.68,11509.55904000,1719705599999,701345872.48811430,767669,5461.68911000,332791254.69089930,0
2024-06-30,60986.68000000,63058.76000000,60712.21000000,62772.01,17326.30136000,1719791999999,1070250012.54466050,1108912,8224.44601000,508208752.08569870,0
2024-07-01,62772.01000000,63861.76000000,62497.20000000,62899.99,24547.10538000,1719878399999,1550980813.67013450,1461508,12388.60654000,782785773.83555930,0
2024-07-02,62900.00000000,63288.83000000,61806.28000000,62135.47,18573.11875000,1719964799999,1160792332.61755960,1308816,9453.17931000,590763216.57998250,0
2024-07-03,62135.46000000,62285.94000000,59400.00000000,60208.58,32160.11127000,1720051199999,1945901232.90665710,1839372,15055.45492000,910631739.67384830,0
2024-07-04,60208.57000000,60498.19000000,56771.00000000,57050.01,54568.77276000,1720137599999,3168619756.24364850,2523236,24982.98822000,1450509608.68042170,0
2024-07-05,57050.02000000,57546.00000000,53485.93000000,56628.79,81348.24756000,1720223999999,4515040083.53651490,3749255,37926.65162000,2104682004.51668210,0
2024-07-06,56628.79000000,58475.00000000,56018.00000000,58230.13,21651.31558000,1720310399999,1235398733.43570290,1411065,11083.50401000,632724011.54747280,0
2024-07-07,58230.13000000,58449.46000000,55724.37000000,55857.81,19118.93918000,1720396799999,1094135752.45286890,1289229,9081.66872000,519830378.93556300,0
2024-07-08,55857.81000000,58236.73000000,54260.16000000,56714.62,48090.20490000,1720483199999,2699942701.37551110,2554389,23963.90684000,1346497811.21179220,0
2024-07-09,56714.61000000,58296.00000000,56289.45000000,58050.0,27732.20788000,1720569599999,1592351321.65538700,1757693,14143.25001000,812249336.74934340,0
2024-07-10,58050.00000000,59470.00000000,57157.79000000,57725.85,24951.73799000,1720655999999,1452293495.65014880,1766696,12423.53162000,723209557.64967550,0
2024-07-11,57725.85000000,59650.00000000,57050.00000000,57339.89,29761.05735000,1720742399999,1728929618.05838440,2157661,15019.30135000,872986677.11952730,0
2024-07-12,57339.89000000,58526.68000000,56542.47000000,57889.1,23652.45690000,1720828799999,1360201319.07615040,1749738,11488.82545000,661028735.66443120,0
2024-07-13,57889.09000000,59850.00000000,57756.63000000,59204.02,15357.74519000,1720915199999,900429281.14823270,1114391,7889.36244000,462600767.86107760,0
2024-07-14,59204.01000000,61420.69000000,59194.01000000,60797.91,21178.33907000,1721001599999,1273562988.61117610,1456088,10479.46025000,630300143.25984630,0
2024-07-15,60797.91000000,64900.00000000,60632.30000000,64724.14,38690.97820000,1721087999999,2435540879.02893340,2600425,19076.54212000,1201411783.66660390,0
2024-07-16,64724.06000000,65388.97000000,62373.24000000,65043.99,42530.52915000,1721174399999,2725231969.28845080,2484783,21595.04799000,1384337933.33100270,0
2024-07-17,65044.00000000,66128.63000000,63854.00000000,64087.99,29567.52954000,1721260799999,1922412273.08820950,1868671,14616.17013000,950725865.58566080,0
2024-07-18,64087.99000000,65133.30000000,63238.48000000,63987.92,22568.72250000,1721347199999,1449872437.64979730,1696742,11288.35191000,725073622.70567400,0
2024-07-19,63987.92000000,67386.00000000,63300.67000000,66660.0,35634.72739000,1721433599999,2331517674.36865920,2184889,17971.06949000,1176753281.03832610,0
2024-07-20,66660.01000000,67598.00000000,66222.46000000,67139.96,14386.92434000,1721519999999,961878801.84822110,995093,6868.63454000,459313955.25348910,0
2024-07-21,67139.97000000,68366.66000000,65777.00000000,68165.34,21819.11191000,1721606399999,1465757867.97474330,1322942,11412.05459000,766856991.84253770,0
2024-07-22,68165.35000000,68474.55000000,66559.97000000,67532.01,21451.04303000,1721692799999,1448418369.84670970,1558140,10263.95040000,693063991.11910680,0
2024-07-23,67532.00000000,67750.98000000,65441.08000000,65936.01,31406.15316000,1721779199999,2088544473.32350770,1772089,15168.84798000,1008794779.03899120,0
2024-07-24,65936.00000000,67102.01000000,65111.00000000,65376.0,23082.56277000,1721865599999,1526490826.46699670,1391053,10827.75551000,716084205.20164140,0
2024-07-25,65376.01000000,66175.49000000,63456.70000000,65799.95,35126.42934000,1721951999999,2266419771.22486380,1830360,16579.45258000,1070150879.36395480,0
2024-07-26,65799.95000000,68200.00000000,65722.63000000,67907.99,24244.36023000,1722038399999,1630839588.69665470,1406982,12444.52129000,837159298.56635020,0
2024-07-27,67908.00000000,69399.99000000,66650.00000000,67896.5,31710.21921000,1722124799999,2162335067.02341760,1690591,15838.92820000,1080427116.19164440,0
2024-07-28,67896.49000000,68318.43000000,67066.66000000,68249.88,10868.69394000,1722211199999,736755676.13774510,821210,5403.48694000,366295409.63502700,0
2024-07-29,68249.88000000,70079.99000000,66428.00000000,66784.69,36467.29633000,1722297599999,2499265962.09145500,1952812,18196.23316000,1248743452.55767880,0
2024-07-30,66784.68000000,67000.00000000,65302.67000000,66188.0,23132.25441000,1722383999999,1533270724.79942100,1622083,11096.82554000,735708436.02368670,0
2024-07-31,66188.00000000,66849.24000000,64530.00000000,64628.0,22625.43905000,1722470399999,1489443332.59601170,1609976,10818.48504000,712275323.70693700,0
2024-08-01,64628.01000000,65659.78000000,62302.00000000,65354.02,35542.26854000,1722556799999,2270877792.65867990,2397257,16886.93292000,1079221072.75802780,0
2024-08-02,65354.02000000,65596.14000000,61230.01000000,61498.33,38820.42937000,1722643199999,2469588785.69815740,2457735,18202.35794000,1158565579.09029100,0
2024-08-03,61498.34000000,62198.22000000,59850.00000000,60697.99,28034.71567000,1722729599999,1711555901.18010990,1669555,12947.95791000,790701622.63757370,0
2024-08-04,60697.99000000,61117.63000000,57122.77000000,58161.0,31616.52003000,1722815999999,1874490041.54373530,1886195,14556.62470000,863334319.96789840,0
2024-08-05,58161.00000000,58305.59000000,49000.00000000,54018.81,162065.59186000,1722902399999,8580928177.42990090,7568497,77363.26323000,4097736999.06792360,0
2024-08-06,54018.82000000,57040.99000000,53950.00000000,56022.01,55884.77676000,1722988799999,3119018848.32988790,3433824,27934.19288000,1559417942.64908360,0
2024-08-07,56022.00000000,57736.05000000,54558.62000000,55134.16,44269.37684000,1723075199999,2490553853.60258280,2397504,21897.14983000,1232415104.44728570,0
2024-08-08,55133.76000000,62745.14000000,54730.00000000,61685.99,48349.52949000,1723161599999,2836312292.43181820,2603042,25676.29533000,1508140014.00051670,0
2024-08-09,61686.00000000,61744.37000000,59535.00000000,60837.99,30972.48017000,1723247999999,1878350555.51226330,1827809,15023.05073000,911225295.62634360,0
2024-08-10,60837.99000000,61470.58000000,60242.00000000,60923.51,9995.20621000,1723334399999,607372221.24603980,800499,4893.63854000,297435046.00250790,0
2024-08-11,60923.51000000,61858.00000000,58286.73000000,58712.59,19189.84512000,1723420799999,1152081498.15677740,1319469,9094.74521000,546165456.95507360,0
2024-08-12,58712.59000000,60711.09000000,57642.21000000,59346.64,37009.91743000,1723507199999,2186851067.31658610,2293837,18279.26596000,1080368631.14278460,0
2024-08-13,59346.64000000,61578.10000000,58392.88000000,60587.15,27858.95851000,1723593599999,1668247896.84771860,1713485,13647.22341000,817397824.22938570,0
2024-08-14,60587.16000000,61800.00000000,58433.18000000,58683.39,28422.76326000,1723679999999,1705464263.50586500,1729342,13263.89620000,796386901.36411660,0
2024-08-15,58683.39000000,59849.38000000,56078.54000000,57541.06,37686.17622000,1723766399999,2194915865.05222870,2507858,17255.22311000,1005337423.72642390,0
2024-08-16,57541.05000000,59817.76000000,57098.62000000,58874.6,27610.84344000,1723852799999,1614654900.33327160,1999539,13963.51824000,816740633.54544620,0
2024-08-17,58874.59000000,59700.00000000,58785.05000000,59491.99,7721.72931000,1723939199999,457737705.77228390,807159,3871.65310000,229477473.80983910,0
2024-08-18,59491.99000000,60284.99000000,58408.92000000,58427.35,13634.85717000,1724025599999,813166580.72648510,1099730,6660.58254000,397459480.87198230,0
2024-08-19,58427.35000000,59617.63000000,57787.30000000,59438.5,22809.31251000,1724111999999,1336287900.19763400,1636295,11350.30776000,665066212.75953550,0
2024-08-20,59438.50000000,61400.00000000,58548.23000000,59013.8,31477.44548000,1724198399999,1890620149.79102020,1904519,16041.22019000,964180516.15293990,0
2024-08-21,59013.80000000,61820.93000000,58783.47000000,61156.03,27983.64220000,1724284799999,1682529555.09605460,1981525,14156.90984000,851829721.39945480,0
2024-08-22,61156.03000000,61400.00000000,59724.87000000,60375.84,21241.20588000,1724371199999,1288544247.95601750,1718280,10269.33376000,623042041.07817350,0
2024-08-23,60375.83000000,64955.00000000,60342.14000000,64037.24,38118.07089000,1724457599999,2375916932.79354870,2555682,20372.88336000,1270318490.02577540,0
2024-08-24,64037.24000000,64494.50000000,63531.00000000,64157.01,15857.15616000,1724543999999,1015774255.17407640,1551856,7643.02686000,489673236.65980020,0
2024-08-25,64157.02000000,65000.00000000,63773.27000000,64220.0,12305.47977000,1724630399999,789935122.99302420,1263065,6315.72233000,405555580.86044380,0
2024-08-26,64219.99000000,64481.00000000,62800.00000000,62834.0,19470.05276000,1724716799999,1238341818.43201660,2152841,8995.67609000,572188217.62956750,0
2024-08-27,62834.00000000,63212.00000000,58034.01000000,59415.0,35135.94178000,1724803199999,2158144642.99299270,2995281,15873.15360000,975361314.87765910,0
2024-08-28,59415.00000000,60234.98000000,57860.00000000,59034.9,36868.54275000,1724889599999,2183054412.97408700,3664134,17135.91162000,1014904733.06851290,0
2024-08-29,59034.90000000,61166.99000000,58713.09000000,59359.01,27020.90743000,1724975999999,1617931684.25857600,2743900,13152.38590000,787682410.35188690,0
2024-08-30,59359.00000000,59944.07000000,57701.10000000,59123.99,28519.32195000,1725062399999,1680918972.46584970,2845696,13783.34749000,812769089.28498120,0
2024-08-31,59123.99000000,59462.38000000,58744.00000000,58973.99,8798.40900000,1725148799999,519849184.86904460,895944,4195.93079000,247955494.35915920,0
2024-09-01,58974.00000000,59076.59000000,57201.00000000,57301.86,20705.15741000,1725235199999,1202176847.39105850,2153180,9651.50531000,560452387.89854740,0
2024-09-02,57301.77000000,59425.69000000,57128.00000000,59132.13,22895.01461000,1725321599999,1333092369.44656860,1966119,11295.25452000,657496577.63048030,0
2024-09-03,59132.12000000,59809.65000000,57415.00000000,57487.73,22828.18447000,1725407999999,1335076815.85992480,2208758,10979.79204000,642252673.11321130,0
2024-09-04,57487.74000000,58519.00000000,55606.00000000,57970.9,35560.82146000,1725494399999,2027630870.17967540,3177549,16861.75483000,961923197.77825300,0
2024-09-05,57970.90000000,58327.07000000,55643.65000000,56180.0,27806.91413000,1725580799999,1577770853.10079750,3368058,12955.88970000,734996919.35909540,0
2024-09-06,56180.00000000,57008.00000000,52550.00000000,53962.97,54447.76826000,1725667199999,2988914918.92433420,5287281,25325.18849000,1390546230.88109310,0
2024-09-07,53962.97000000,54850.00000000,53745.54000000,54160.86,16694.04774000,1725753599999,905693342.58983220,1920923,8023.90683000,435381439.00959560,0
2024-09-08,54160.86000000,55318.00000000,53629.01000000,54869.95,16274.14779000,1725839999999,885743172.91847590,1796092,8031.76084000,437221897.11041520,0
2024-09-09,54869.95000000,58088.00000000,54591.96000000,57042.0,32384.51737000,1725926399999,1809715390.04932940,3355912,16412.83148000,917669512.22202930,0
2024-09-10,57042.01000000,58044.36000000,56386.40000000,57635.99,23626.78126000,1726012799999,1349365460.09005710,2843148,11690.37506000,667774722.69939110,0
2024-09-11,57635.99000000,57981.71000000,55545.19000000,57338.0,33026.56757000,1726099199999,1875738697.37841530,4045103,15979.30786000,907634258.56498910,0
2024-09-12,57338.00000000,58588.00000000,57324.00000000,58132.32,31074.40631000,1726185599999,1802848638.07570170,3706764,14783.00418000,857572456.51008690,0
2024-09-13,58132.31000000,60625.00000000,57632.62000000,60498.0,29825.23333000,1726271999999,1760671733.54929960,3378012,15395.13731000,909141733.97476540,0
2024-09-14,60497.99000000,60610.45000000,59400.00000000,59993.03,12137.90901000,1726358399999,728527024.34169630,1288784,5570.22098000,334303099.74321360,0
2024-09-15,59993.02000000,60395.80000000,58691.05000000,59132.0,13757.92361000,1726444799999,822410872.39069560,1552950,6431.24697000,384460724.57039670,0
2024-09-16,59132.00000000,59210.70000000,57493.30000000,58213.99,26477.56420000,1726531199999,1543273198.70274520,3145152,12859.75840000,749563220.80605080,0
2024-09-17,58213.99000000,61320.00000000,57610.01000000,60313.99,33116.25878000,1726617599999,1983378424.77570380,3918209,16390.65993000,981860543.27358150,0
2024-09-18,60313.99000000,61786.24000000,59174.80000000,61759.99,36087.02469000,1726703999999,2174000496.82077610,5167671,18429.59712000,1110622778.75108520,0
2024-09-19,61759.98000000,63850.00000000,61555.00000000,62947.99,34332.52608000,1726790399999,2153175931.17387170,4438284,17609.62958000,1104427424.52469690,0
2024-09-20,62948.00000000,64133.32000000,62350.00000000,63201.05,25466.37794000,1726876799999,1611195963.99080440,3969296,12411.32227000,785440558.81257280,0
2024-09-21,63201.05000000,63559.90000000,62758.00000000,63348.96,8375.34608000,1726963199999,528657852.31830240,1283611,3877.73743000,244802615.78455930,0
2024-09-22,63348.97000000,64000.00000000,62357.93000000,63578.76,14242.19892000,1727049599999,897477338.37351270,2145736,6923.17369000,436456231.95378810,0
2024-09-23,63578.76000000,64745.88000000,62538.75000000,63339.99,24078.05287000,1727135999999,1531015038.36802670,3999187,12331.07643000,784350440.71456530,0
2024-09-24,63339.99000000,64688.00000000,62700.00000000,64262.7,23185.04759000,1727222399999,1472720338.85629160,3870157,11522.89363000,732118662.41710540,0
2024-09-25,64262.70000000,64817.99000000,62947.08000000,63152.01,17813.11168000,1727308799999,1135250828.27321490,3355531,8384.67983000,534590429.21054930,0
2024-09-26,63152.01000000,65839.00000000,62670.00000000,65173.99,28373.30593000,1727395199999,1831204595.94489680,4361333,15041.98860000,971176161.38708060,0
2024-09-27,65173.99000000,66498.00000000,64819.90000000,65769.95,22048.80487000,1727481599999,1448852210.36022120,3498529,11092.85716000,729156061.36792320,0
2024-09-28,65769.95000000,66260.00000000,65422.23000000,65858.0,9127.23316000,1727567999999,600118483.12225210,1341703,4501.22534000,296026669.83370660,0
2024-09-29,65858.00000000,66076.12000000,65432.00000000,65602.01,8337.74111000,1727654399999,547980013.71523030,1413449,4132.93780000,271622295.35352910,0
2024-09-30,65602.01000000,65618.80000000,62856.30000000,63327.59,30011.08752000,1727740799999,1920250261.74421610,3978584,14451.93044000,924324016.73584480,0
2024-10-01,63327.60000000,64130.63000000,60164.00000000,60805.78,43671.48108000,1727827199999,2723672081.83262550,5607069,20951.74486000,1308603194.33104010,0
2024-10-02,60804.92000000,62390.31000000,60000.00000000,60649.28,31534.70118000,1727913599999,1928377637.83678390,5313210,15719.32519000,961468320.51547270,0
2024-10-03,60649.27000000,61477.19000000,59828.11000000,60752.71,26221.43472000,1727999999999,1590773866.80744340,5244004,12906.51464000,783073701.73311730,0
2024-10-04,60752.72000000,62484.85000000,60459.90000000,62086.0,21294.65994000,1728086399999,1311145630.50204980,3798631,10689.34488000,658151113.93518280,0
2024-10-05,62086.00000000,62370.56000000,61689.26000000,62058.0,7807.46141000,1728172799999,484588468.34191230,1183175,3690.55536000,229107774.75427000,0
2024-10-06,62058.01000000,62975.00000000,61798.97000000,62819.91,8906.86177000,1728259199999,555669634.47735140,1556553,4798.29924000,299426562.83034480,0
2024-10-07,62819.91000000,64478.19000000,62128.00000000,62224.0,25966.18520000,1728345599999,1646315506.57919460,4809342,12760.73415000,809108823.51261260,0
2024-10-08,62224.01000000,63200.00000000,61860.31000000,62160.49,19702.22371000,1728431999999,1230076253.81865700,3798438,9614.36947000,600357593.78737790,0
2024-10-09,62160.50000000,62543.75000000,60301.00000000,60636.02,20011.15684000,1728518399999,1234778807.59324170,3668363,9454.70171000,583725546.03098850,0
2024-10-10,60636.01000000,61321.68000000,58946.00000000,60326.39,23967.92481000,1728604799999,1445604381.93637920,3872577,10827.77272000,653182369.94276710,0
2024-10-11,60326.40000000,63417.56000000,60087.64000000,62540.0,23641.35209000,1728691199999,1462219576.84986490,3222180,12099.56755000,748431117.91657060,0
2024-10-12,62539.99000000,63480.00000000,62487.23000000,63206.22,10911.30116000,1728777599999,686978508.98875430,1770837,5196.91695000,327263147.47604010,0
2024-10-13,63206.23000000,63285.72000000,62050.00000000,62870.02,11909.21995000,1728863999999,746564374.20823870,2242529,5855.04617000,367046338.91942090,0
2024-10-14,62870.02000000,66500.00000000,62457.81000000,66083.99,37669.95222000,1728950399999,2450094472.81354500,4977577,19941.11906000,1297062359.24748640,0
2024-10-15,66084.00000000,67950.00000000,64800.01000000,67074.14,43683.95423000,1729036799999,2894021862.31951800,6245619,21820.68200000,1446378130.56598510,0
2024-10-16,67074.14000000,68424.00000000,66750.49000000,67620.01,29938.25544000,1729123199999,2024560410.10626740,5109685,15212.87402000,1029210667.47582840,0
2024-10-17,67620.00000000,67939.40000000,66666.00000000,67421.78,25328.22861000,1729209599999,1702164439.56545950,3981960,12153.94712000,816887407.40423790,0
2024-10-18,67421.78000000,69000.00000000,67192.36000000,68428.0,28725.63500000,1729295999999,1959735899.87696440,4010969,14218.17850000,970440964.26681170,0
2024-10-19,68427.99000000,68693.26000000,68010.00000000,68378.0,8193.66737000,1729382399999,559628628.96131050,1152428,4071.19627000,278085065.51769250,0
2024-10-20,68377.99000000,69400.00000000,68100.00000000,69031.99,12442.47378000,1729468799999,854082429.81058610,1563795,6772.92574000,465001555.93098300,0
2024-10-21,69032.00000000,69519.52000000,66840.67000000,67377.5,31374.42184000,1729555199999,2130833593.54669770,3686777,13593.60828000,923860758.42088440,0
2024-10-22,67377.50000000,67836.01000000,66571.42000000,67426.0,24598.96268000,1729641599999,1654285791.66055570,3669291,12400.51857000,834160889.23987370,0
2024-10-23,67426.01000000,67472.83000000,65260.00000000,66668.65,25530.24070000,1729727999999,1695101430.91874660,3807365,11888.33995000,789384635.11068600,0
2024-10-24,66668.65000000,68850.00000000,66510.00000000,68198.28,22589.83877000,1729814399999,1526736320.91293800,3797462,11502.58514000,777936396.52474600,0
2024-10-25,68198.27000000,68771.49000000,65596.29000000,66698.33,34479.71125000,1729900799999,2320667435.29325390,5332593,16031.03200000,1079347459.15496360,0
2024-10-26,66698.32000000,67454.55000000,66439.90000000,67092.76,11842.90770000,1729987199999,792887047.14789200,2373501,6069.18986000,406369780.15329440,0
2024-10-27,67092.76000000,68332.05000000,66913.73000000,68021.7,8653.19592000,1730073599999,585006148.47048090,1771989,4417.73620000,298699666.99843930,0
2024-10-28,68021.69000000,70270.00000000,67618.00000000,69962.21,29046.75459000,1730159999999,2005105729.81744490,4432446,15218.34976000,1051606096.42982590,0
2024-10-29,69962.21000000,73620.12000000,69760.00000000,72736.42,50128.60594000,1730246399999,3602465986.89175740,5645430,26898.46516000,1932608784.16303730,0
2024-10-30,72736.41000000,72961.00000000,71436.00000000,72344.74,26885.99056000,1730332799999,1941210537.28828680,4040734,13487.21433000,973898183.74672780,0
2024-10-31,72344.75000000,72700.00000000,69685.76000000,70292.01,29352.10297000,1730419199999,2091144977.49468470,4525542,14205.13879000,1012048241.84989380,0
2024-11-01,70292.01000000,71632.95000000,68820.14000000,69496.01,38301.86755000,1730505599999,2677358022.00497000,4569271,18044.16220000,1261663986.75969040,0
2024-11-02,69496.00000000,69914.37000000,69000.14000000,69374.74,10521.67243000,1730591999999,731232427.63115480,1603561,5227.50713000,363370734.81580110,0
2024-11-03,69374.74000000,69391.00000000,67478.73000000,68775.99,24995.70243000,1730678399999,1709666206.40620230,3668029,12277.58177000,839939073.13895770,0
2024-11-04,68775.99000000,69500.00000000,66835.00000000,67850.01,29800.39187000,1730764799999,2033902307.00277610,5377048,14927.24077000,1019257547.52468490,0
2024-11-05,67850.01000000,70577.91000000,67476.63000000,69372.01,33355.06888000,1730851199999,2310418908.06992200,4955644,17059.88663000,1181816730.92378330,0
2024-11-06,69372.01000000,76400.00000000,69298.00000000,75571.99,104126.99478700,1730937599999,7702283270.25800886,8434184,53243.88442700,3938516657.23273316,0
2024-11-07,75571.99000000,76849.99000000,74416.00000000,75857.89,44869.42234500,1731023999999,3391796661.97195520,5207722,21805.46029500,1648278335.30073320,0
2024-11-08,75857.89000000,77199.99000000,75555.00000000,76509.78,36521.09958300,1731110399999,2784449097.53151828,4877489,17555.39363300,1339019332.19671258,0
2024-11-09,76509.78000000,76900.00000000,75714.66000000,76677.46,16942.07915000,1731196799999,1294709001.60288990,2585264,8032.79327000,614028515.30017060,0
2024-11-10,76677.46000000,81500.00000000,76492.00000000,80370.01,61830.10043500,1731283199999,4905441473.90073684,7128598,32751.01217700,2597409399.23496312,0
2024-11-11,80370.01000000,89530.54000000,80216.01000000,88647.99,82323.66577600,1731369599999,6944268709.94272134,9348890,42837.29531400,3613896167.37191224,0
2024-11-12,88648.00000000,89940.00000000,85072.00000000,87952.01,97299.88791100,1731455999999,8540084566.27981860,11499058,49589.33345100,4353451682.82940400,0
2024-11-13,87952.00000000,93265.64000000,86127.99000000,90375.2,86763.85412700,1731542399999,7790928962.04303818,11962100,44342.32932700,3983689817.40144438,0
2024-11-14,90375.21000000,91790.00000000,86668.21000000,87325.59,56729.51086000,1731628799999,5073860815.92866480,9828858,27940.85600000,2499212755.77314710,0
2024-11-15,87325.59000000,91850.00000000,87073.38000000,91032.07,47927.95068000,1731715199999,4276238971.18142940,8009111,24800.61087000,2213154236.50961540,0
2024-11-16,91032.08000000,91779.66000000,90056.17000000,90586.92,22717.87689000,1731801599999,2067958511.90484730,4239455,11496.31366000,1046686701.00294610,0
2024-11-17,90587.98000000,91449.99000000,88722.00000000,89855.99,23867.55609000,1731887999999,2153871724.81039480,4930719,11852.78227000,1070094820.67389380,0
2024-11-18,89855.98000000,92594.00000000,89376.90000000,90464.08,46545.03448000,1731974399999,4239909950.66189400,7161125,23628.87098000,2153158394.31631090,0
2024-11-19,90464.07000000,93905.51000000,90357.00000000,92310.79,43660.04682000,1732060799999,4025108502.84961394,5647789,22127.85272400,2040301638.11617274,0
2024-11-20,92310.80000000,94831.97000000,91500.00000000,94286.56,42203.19871200,1732147199999,3950932314.64606898,7365987,20425.30796200,1912348704.24726208,0
2024-11-21,94286.56000000,98988.00000000,94040.00000000,98317.12,69228.36047700,1732233599999,6722807908.32565552,9048605,35424.06322700,3440467290.31852712,0
2024-11-22,98317.12000000,99588.01000000,97122.11000000,98892.0,46189.30924300,1732319999999,4555536773.36320499,7271311,22709.66819300,2240635299.64648389,0
2024-11-23,98892.00000000,98908.85000000,97136.00000000,97672.4,24757.84367000,1732406399999,2431609866.32951430,3839138,11176.24870000,1097538914.94125850,0
2024-11-24,97672.40000000,98564.00000000,95734.77000000,97900.04,31200.97838000,1732492799999,3034172011.95178840,4964720,15124.12176000,1471313633.74677250,0
2024-11-25,97900.05000000,98871.80000000,92600.19000000,93010.01,50847.45096000,1732579199999,4883444806.32219350,8289691,23486.92705000,2255516841.61021860,0
2024-11-26,93010.01000000,94973.37000000,90791.10000000,91965.16,57858.73138000,1732665599999,5370918648.81816690,10225809,29120.26765000,2702543576.08910800,0
2024-11-27,91965.16000000,97208.21000000,91792.14000000,95863.11,41153.42734000,1732751999999,3894358511.61756510,6648690,20316.58245000,1922620637.30761870,0
2024-11-28,95863.11000000,96564.00000000,94640.00000000,95643.98,28814.54357000,1732838399999,2749861591.25960980,4988161,14805.69321000,1412851841.07519470,0
2024-11-29,95643.99000000,98619.99000000,95364.99000000,97460.0,27701.78231000,1732924799999,2690451030.63428740,5094070,13840.21172000,1344148785.26364260,0
2024-11-30,97460.00000000,97463.95000000,96092.01000000,96407.99,14503.83306000,1733011199999,1402672950.69982080,3354759,7075.91503000,684284805.02344440,0
2024-12-01,96407.99000000,97836.00000000,95693.88000000,97185.18,16938.60452000,1733097599999,1641327626.60622060,3342200,8114.89569000,786489040.19363780,0
2024-12-02,97185.17000000,98130.00000000,94395.00000000,95840.62,37958.66981000,1733183999999,3646639621.73758780,7560103,18821.93327000,1808458555.89058410,0
2024-12-03,95840.61000000,96305.52000000,93578.17000000,95849.69,35827.32283000,1733270399999,3413995542.01865610,5361712,17339.11167000,1652090703.17559560,0
2024-12-04,95849.69000000,99000.00000000,94587.83000000,98587.32,43850.53728000,1733356799999,4241994533.78610610,6648724,22033.60112000,2132655972.04500000,0
2024-12-05,98587.32000000,104088.00000000,90500.00000000,96945.63,109921.72966200,1733443199999,11048002942.14993118,12012364,56235.07835600,5657171374.76345580,0
2024-12-06,96945.63000000,101898.99000000,95981.72000000,99740.84,45049.53310000,1733529599999,4456641685.36444370,6919102,21999.62416000,2175645718.55336060,0
2024-12-07,99740.84000000,100439.18000000,98844.00000000,99831.99,14931.94590000,1733615999999,1487953846.83854580,2634566,6776.55000000,675350661.29733480,0
2024-12-08,99831.99000000,101351.00000000,98657.70000000,101109.59,14612.99688000,1733702399999,1459576946.40215100,2994709,7152.80173000,714745738.91883560,0
2024-12-09,101109.60000000,101215.93000000,94150.05000000,97276.47,53949.11595000,1733788799999,5283626995.70564880,8445872,25472.08477000,2495722030.53709450,0
2024-12-10,97276.48000000,98270.00000000,94256.54000000,96593.0,51708.68933000,1733875199999,4988660195.09242860,11556189,24523.09586000,2367164879.17077290,0
2024-12-11,96593.00000000,101888.00000000,95658.24000000,101125.0,37753.78291000,1733961599999,3745703763.01844990,8250511,19112.84559000,1897146318.21117040,0
2024-12-12,101125.00000000,102540.00000000,99311.64000000,100004.29,29232.08745000,1734047999999,2949462583.86617050,8066322,14175.88661000,1430984456.67036050,0
2024-12-13,100004.29000000,101895.26000000,99205.00000000,101424.25,21904.03923000,1734134399999,2203903393.07410050,5481660,10669.09365000,1073720887.63545590,0
2024-12-14,101424.24000000,102650.00000000,100609.41000000,101420.0,14191.70326000,1734220799999,1441594367.04631920,3374538,6790.24676000,689981854.13948960,0
2024-12-15,101420.00000000,105250.00000000,101237.14000000,104463.99,22228.92177500,1734307199999,2290462903.83579120,3638809,12668.89435500,1305611448.30009750,0
2024-12-16,104463.99000000,107793.07000000,103333.00000000,106058.66,41302.40274000,1734393599999,4364964400.63455291,8048054,20349.09950000,2150550899.24752251,0
2024-12-17,106058.65000000,108353.00000000,105321.49000000,106133.74,29064.93646600,1734479999999,3103833327.77510671,7212799,14187.32044600,1515158210.55198001,0
2024-12-18,106133.74000000,106524.98000000,100000.00000000,100204.01,50307.99755000,1734566399999,5194263316.25923660,8762120,23308.37525000,2407213144.26949820,0
2024-12-19,100204.01000000,102800.11000000,95700.00000000,97461.86,55147.39800000,1734652799999,5487546517.70775260,7273941,26898.63715000,2677636003.90650610,0
2024-12-20,97461.86000000,98233.00000000,92232.54000000,97805.44,62884.13570000,1734739199999,6022845238.83232620,7429007,29463.23021000,2822939306.66307790,0
2024-12-21,97805.44000000,99540.61000000,96398.39000000,97291.99,23483.54143000,1734825599999,2296232055.19592620,3717638,11726.94119000,1146732451.42181330,0
2024-12-22,97292.00000000,97448.08000000,94250.35000000,95186.27,19353.83036000,1734911999999,1857819866.36039980,3633551,9293.39749000,892081877.76277080,0
2024-12-23,95186.28000000,96538.92000000,92520.00000000,94881.47,32810.76703000,1734998399999,3100007213.49456320,5464919,16339.58355000,1544707289.74436910,0
2024-12-24,94881.47000000,99487.99000000,93569.02000000,98663.58,23674.22488000,1735084799999,2287214424.70647590,3421549,11969.25390000,1156798174.58232600,0
2024-12-25,98663.58000000,99569.15000000,97632.02000000,99429.6,14474.16510000,1735171199999,1426143976.04936360,3283028,7006.52650000,690465056.58718590,0
2024-12-26,99429.61000000,99963.70000000,95199.14000000,95791.6,21192.36727000,1735257599999,2049123567.38677240,5203490,10071.87249000,973940616.12924430,0
2024-12-27,95791.60000000,97544.58000000,93500.01000000,94299.03,26501.26429000,1735343999999,2528567849.77946140,5718866,12945.51657000,1235623739.05781850,0
2024-12-28,94299.03000000,95733.99000000,94135.66000000,95300.0,8385.89290000,1735430399999,794651624.83495550,2732061,4203.59876000,398416342.12816700,0
2024-12-29,95300.00000000,95340.00000000,93009.52000000,93738.2,13576.00578000,1735516799999,1278370863.97684710,2865838,5651.38589000,532195414.10274130,0
2024-12-30,93738.19000000,95024.50000000,91530.45000000,92792.05,27619.42250000,1735603199999,2573126059.76947800,5560563,13092.19646000,1220209278.25232730,0
2024-12-31,92792.05000000,96250.00000000,92033.73000000,93576.0,19612.03389000,1735689599999,1845718801.92270400,3347847,9687.96775000,911716321.60540200,0
2025-01-01,93576.00000000,95151.15000000,92888.00000000,94591.79,10373.32613000,1735775999999,975444194.13799830,1516556,5347.73648000,502914035.64059070,0
2025-01-02,94591.78000000,97839.50000000,94392.00000000,96984.79,21970.48948000,1735862399999,2118411852.68127950,3569079,10915.96986000,1052226710.33367170,0
2025-01-03,96984.79000000,98976.91000000,96100.01000000,98174.18,15253.82936000,1735948799999,1486610768.59079170,2851164,7468.60797000,727787246.89655880,0
2025-01-04,98174.17000000,98778.43000000,97514.79000000,98220.5,8990.05651000,1736035199999,881223751.63536030,1559982,4350.80221000,426524714.13055390,0
2025-01-05,98220.51000000,98836.85000000,97276.79000000,98363.61,8095.63723000,1736121599999,793931715.95463240,1685799,3877.90985000,380355340.46860360,0
2025-01-06,98363.61000000,102480.00000000,97920.00000000,102235.6,25263.43375000,1736207999999,2540561688.77714340,3853702,12539.59534000,1260943259.46625620,0
2025-01-07,102235.60000000,102724.38000000,96181.81000000,96954.61,32059.87537000,1736294399999,3170421659.71723590,4480562,14815.11453000,1464336049.70553450,0
2025-01-08,96954.60000000,97268.65000000,92500.90000000,95060.61,33704.67894000,1736380799999,3205849081.11296200,5171208,15803.85091000,1503791328.69930850,0
2025-01-09,95060.61000000,95382.32000000,91203.67000000,92552.49,34544.83685000,1736467199999,3217669887.24539790,6027161,15323.62663000,1427812152.27276120,0
2025-01-10,92552.49000000,95836.00000000,92206.02000000,94726.11,31482.86424000,1736553599999,2962085343.28370360,5531444,15617.43823000,1469711545.65712720,0
2025-01-11,94726.10000000,95050.94000000,93831.73000000,94599.99,7047.90430000,1736639999999,665685994.93301000,1496191,3412.37671000,322346977.43545530,0
2025-01-12,94599.99000000,95450.10000000,93711.19000000,94545.06,8606.86622000,1736726399999,813278829.65839490,1658863,4028.33031000,380691769.91844270,0
2025-01-13,94545.07000000,95940.00000000,89256.69000000,94536.1,42619.56423000,1736812799999,3930666134.34745740,5740963,19473.88042000,1797888178.84960790,0
2025-01-14,94536.11000000,97371.00000000,94346.22000000,96560.86,27846.61753000,1736899199999,2676048470.35695040,4532923,14248.69616000,1369464111.69349600,0
2025-01-15,96560.85000000,100681.94000000,96500.00000000,100497.35,30509.99179000,1736985599999,3006242382.88679460,3487945,15494.17873000,1527728226.30833280,0
2025-01-16,100497.35000000,100866.66000000,97335.13000000,99987.3,27832.85317000,1737071999999,2765162040.63979910,3762755,13513.53707000,1342462621.62732850,0
2025-01-17,99987.30000000,105865.22000000,99950.77000000,104077.48,39171.85292000,1737158399999,4040993985.47504680,3886907,20673.21300000,2131223293.20484620,0
2025-01-18,104077.47000000,104988.88000000,102277.55000000,104556.23,24307.82998000,1737244799999,2521522119.37952530,3403162,11607.51274000,1204170928.37481190,0
2025-01-19,104556.23000000,106422.43000000,99651.60000000,101331.57,43397.28298000,1737331199999,4513423971.41025210,5271920,21079.51082000,2193270771.00194450,0
2025-01-20,101331.57000000,109588.00000000,99550.00000000,102260.01,89529.23173200,1737417599999,9398787064.32071500,11597937,44770.52949200,4704453254.51538250,0
2025-01-21,102260.00000000,107240.81000000,100119.04000000,106143.82,45941.02002000,1737503999999,4768512258.15650130,6842980,23227.02741000,2411854258.51271880,0
2025-01-22,106143.82000000,106394.46000000,103339.12000000,103706.66,22248.69254000,1737590399999,2331144640.65857870,4364035,10501.59306000,1100173331.98765840,0
2025-01-23,103706.66000000,106850.00000000,101262.28000000,103910.34,53953.12031000,1737676799999,5610760848.13163840,6961383,27045.92646000,2813824950.57188350,0
2025-01-24,103910.35000000,107120.00000000,102750.00000000,104870.5,23609.24017000,1737763199999,2483818574.37374800,4798886,11893.46050000,1251601023.34846860,0
2025-01-25,104870.51000000,105286.52000000,104106.09000000,104746.85,9068.32377000,1737849599999,949511531.35780170,1770765,4462.60438000,467284996.37609660,0
2025-01-26,104746.86000000,105500.00000000,102520.44000000,102620.0,9812.51238000,1737935999999,1024352365.47155230,1813011,4642.17247000,484871090.33614970,0
2025-01-27,102620.01000000,103260.00000000,97777.77000000,102082.83,50758.13410000,1738022399999,5092886322.82924400,9368910,23529.22433000,2361569760.84189380,0
2025-01-28,102082.83000000,103800.00000000,100272.68000000,101335.52,22022.05765000,1738108799999,2253977324.03620920,5428644,10756.64741000,1101357650.29198760,0
2025-01-29,101335.52000000,104782.68000000,101328.01000000,103733.24,23155.35802000,1738195199999,2380383694.77213620,5189699,11675.17182000,1200636637.81436690,0
2025-01-30,103733.25000000,106457.44000000,103278.54000000,104722.94,19374.07472000,1738281599999,2038112603.51264120,3990075,10140.92834000,1066933244.99202070,0
2025-01-31,104722.94000000,106012.00000000,101560.00000000,102429.56,21983.18193000,1738367999999,2282174002.19521760,4331904,10697.39968000,1111485874.12928450,0
2025-02-01,102429.56000000,102783.71000000,100279.51000000,100635.65,12290.95747000,1738454399999,1250354228.23722970,2588786,5625.89331000,572540016.14901110,0
2025-02-02,100635.66000000,101456.60000000,96150.00000000,97700.59,34619.49939000,1738540799999,3412084312.58362790,7202339,15587.16669000,1536076091.30301330,0
2025-02-03,97700.59000000,102500.01000000,91231.00000000,101328.52,75164.73850000,1738627199999,7228589180.71162140,10625262,36736.56946000,3537845694.48126590,0
2025-02-04,101328.51000000,101732.31000000,96150.00000000,97763.13,40267.98697000,1738713599999,3989698644.26493070,6618911,19091.58154000,1891457194.35983290,0
2025-02-05,97763.14000000,99149.00000000,96155.00000000,96612.43,26233.30444000,1738799999999,2562342153.82968530,4471763,11032.55174000,1078316288.14255890,0
2025-02-06,96612.44000000,99120.00000000,95676.64000000,96554.35,23515.20405000,1738886399999,2289071921.21756010,4242807,11261.53049000,1096611639.37600890,0
2025-02-07,96554.35000000,100137.99000000,95620.34000000,96506.8,31794.22065000,1738972799999,3107592434.67383420,5012456,15249.35370000,1491114588.55985190,0
2025-02-08,96506.80000000,96880.00000000,95688.00000000,96444.74,10147.24294000,1739059199999,977040267.51586310,1757892,4450.52682000,428452764.90474110,0
2025-02-09,96444.75000000,97323.09000000,94713.00000000,96462.75,14120.91613000,1739145599999,1359495152.31079740,2293192,6663.72875000,641795598.17527620,0
2025-02-10,96462.75000000,98345.00000000,95256.00000000,97430.82,20572.87537000,1739231999999,1999112052.66878620,3475919,9607.62329000,933665618.50501910,0
2025-02-11,97430.82000000,98478.42000000,94876.88000000,95778.2,18647.76379000,1739318399999,1806534846.38631950,3716586,8594.50066000,832320054.87637160,0
2025-02-12,95778.21000000,98119.99000000,94088.23000000,97869.99,29151.16625000,1739404799999,2800142168.39436540,4992737,13820.70553000,1328044257.04013340,0
2025-02-13,97870.00000000,98083.91000000,95217.36000000,96608.14,19921.77616000,1739491199999,1916988246.39211860,3909456,8852.16215000,851823567.09393470,0
2025-02-14,96608.13000000,98826.00000000,96252.82000000,97500.48,18173.02646000,1739577599999,1768073218.86901540,3499564,9061.31682000,881925349.64442130,0
2025-02-15,97500.47000000,97972.26000000,97223.58000000,97569.66,7349.37683000,1739663999999,717245393.77809200,1694327,3579.14202000,349322778.23397690,0
2025-02-16,97569.67000000,97704.47000000,96046.18000000,96118.12,8191.42490000,1739750399999,794694242.29497320,1596701,3719.73063000,360842416.66441670,0
2025-02-17,96118.12000000,97046.59000000,95205.00000000,95780.0,16492.04510000,1739836799999,1584593526.17546780,2831237,8010.41565000,769979077.13619730,0
2025-02-18,95780.01000000,96753.91000000,93388.09000000,95671.74,23368.19471000,1739923199999,2223994802.89200520,4234248,11432.47367000,1088319233.52198970,0
2025-02-19,95671.74000000,96899.99000000,95029.99000000,96644.37,16438.50954000,1740009599999,1576817572.10325050,2784225,7173.61807000,688586919.97592590,0
2025-02-20,96644.37000000,98711.36000000,96415.09000000,98305.0,17057.39177000,1740095999999,1663386824.73155060,2386973,8356.42859000,815056614.17382700,0
2025-02-21,98305.01000000,99475.00000000,94871.95000000,96181.98,32249.28140000,1740182399999,3143975917.57346420,4528525,15313.58184000,1493403646.84830270,0
2025-02-22,96181.99000000,96980.00000000,95770.49000000,96551.01,11268.17708000,1740268799999,1087077133.82263640,1506418,5293.28051000,510722895.16754260,0
2025-02-23,96551.01000000,96650.00000000,95227.94000000,96258.0,10884.84913000,1740355199999,1044392011.79102410,1457368,4619.93267000,443381984.41102550,0
2025-02-24,96258.00000000,96500.00000000,91349.26000000,91552.88,31550.10299000,1740441599999,2981809595.44537670,4972684,14438.63366000,1366473567.87477310,0
2025-02-25,91552.88000000,92540.69000000,86050.99000000,88680.4,78333.11111000,1740527999999,6962982500.90447390,10289145,35822.15275000,3183981371.47505020,0
2025-02-26,88680.39000000,89414.15000000,82256.01000000,84250.09,56893.54409000,1740614399999,4898429925.63647610,8490006,28077.18450000,2417690848.81898720,0
2025-02-27,84250.09000000,87078.46000000,82716.49000000,84708.58,42505.45439000,1740700799999,3618738891.22216230,6357581,20355.71969000,1732725913.28176280,0
2025-02-28,84708.57000000,85120.00000000,78258.52000000,84349.94,83648.03969000,1740787199999,6806705236.69067870,11344216,40224.85287000,3274291175.81039970,0
2025-03-01,84349.95000000,86558.00000000,83824.78000000,86064.53,25785.05464000,1740873599999,2194003507.85264280,3700728,11748.10769000,1000093822.53835250,0
2025-03-02,86064.54000000,95000.00000000,85050.60000000,94270.0,54889.09045000,1740959999999,4972549515.78866870,7403218,29273.81031000,2652973441.15453900,0
2025-03-03,94269.99000000,94416.46000000,85117.11000000,86220.61,59171.10218000,1741046399999,5321123743.47192310,9797860,27915.43650000,2513464571.35691100,0
2025-03-04,86221.16000000,88967.52000000,81500.00000000,87281.98,55609.10706000,1741132799999,4704901219.59043560,10326631,27584.71590000,2335087296.23928690,0
2025-03-05,87281.98000000,91000.00000000,86334.53000000,90606.01,38264.01163000,1741219199999,3400243670.30497560,8070266,19230.28436000,1709708737.46989350,0
2025-03-06,90606.00000000,92810.64000000,87836.00000000,89931.89,34342.44902000,1741305599999,3105145628.39939920,7643526,17283.99411000,1563426526.42899340,0
2025-03-07,89931.88000000,91283.02000000,84667.03000000,86801.75,57980.35713000,1741391999999,5097554826.61315770,9510442,28394.41537000,2497922400.45044460,0
2025-03-08,86801.74000000,86897.25000000,85218.47000000,86222.45,12989.23054000,1741478399999,1119358968.65200550,2553974,6491.56581000,559581591.34707420,0
2025-03-09,86222.46000000,86500.00000000,80000.00000000,80734.37,26115.39345000,1741564799999,2173552660.45447930,5189138,12093.87232000,1006299692.71041280,0
2025-03-10,80734.48000000,84123.46000000,77459.91000000,78595.86,47633.38405000,1741651199999,3834924947.75818610,8701538,22898.57072000,1846606255.35214860,0
2025-03-11,78595.86000000,83617.40000000,76606.00000000,82932.99,48770.06853000,1741737599999,3927000827.11079190,6983310,24029.16770000,1935950413.20181940,0
2025-03-12,82932.99000000,84539.85000000,80607.65000000,83680.12,31933.98600000,1741823999999,2638600996.82539610,5253577,15749.41702000,1301890518.49940810,0
2025-03-13,83680.12000000,84336.33000000,79939.90000000,81115.78,27546.27412000,1741910399999,2260870111.23938940,4367093,13013.18135000,1067945431.12194690,0
2025-03-14,81115.78000000,85309.71000000,80818.84000000,83983.2,26858.52755000,1741996799999,2244729595.54117160,3290987,14082.88688000,1177807467.01818000,0
2025-03-15,83983.19000000,84676.28000000,83618.00000000,84338.44,11324.73320000,1742083199999,953445671.83375050,1329670,5195.29128000,437551330.25316600,0
2025-03-16,84338.44000000,85117.04000000,81981.12000000,82574.53,17596.12531000,1742169599999,1468056556.29672260,2767947,8505.95317000,710037465.07574800,0
2025-03-17,82574.52000000,84756.83000000,82456.00000000,84010.03,17214.74358000,1742255999999,1437716814.04687390,3014756,8387.89111000,700505421.78772940,0
2025-03-18,84010.02000000,84021.74000000,81134.66000000,82715.03,17610.89883000,1742342399999,1450813055.47972610,3126371,8047.23418000,662808749.34278870,0
2025-03-19,82715.03000000,87000.00000000,82547.16000000,86845.94,28151.05374000,1742428799999,2375813941.94376220,3774761,13804.24847000,1166238970.28114650,0
2025-03-20,86845.93000000,87453.67000000,83655.23000000,84223.39,22090.30463000,1742515199999,1885241921.15565180,3252595,10163.59262000,867440339.29626070,0
2025-03-21,84223.38000000,84850.33000000,83175.25000000,84088.79,11956.97443000,1742601599999,1005135519.25600170,2360005,5466.41961000,459501348.08175830,0
2025-03-22,84088.79000000,84539.17000000,83625.10000000,83840.59,5420.22114000,1742687999999,456235443.80165220,864481,2284.19178000,192291026.78742480,0
2025-03-23,83840.59000000,86129.64000000,83809.75000000,86082.5,8461.97813000,1742774399999,718692319.14990380,1206533,4424.81013000,376007261.52135970,0
2025-03-24,86082.50000000,88765.43000000,85519.09000000,87498.16,30115.62111000,1742860799999,2636765917.95184350,2916713,14379.95578000,1258638667.11290410,0
2025-03-25,87498.16000000,88539.63000000,86310.00000000,87392.87,22643.25248000,1742947199999,1979571590.89829370,2802815,9440.56294000,825308072.63378140,0
2025-03-26,87392.88000000,88275.00000000,85860.00000000,86909.17,18408.78485000,1743033599999,1606406955.58646330,2380154,8590.97753000,749604853.29681350,0
2025-03-27,86909.17000000,87756.39000000,85800.00000000,87232.01,17098.03897000,1743119999999,1487968807.70790220,2376381,8185.05517000,712324893.28891680,0
2025-03-28,87232.01000000,87515.67000000,83585.00000000,84424.38,27182.73169000,1743206399999,2309946560.66411380,3236085,11274.83736000,958523321.81127310,0
2025-03-29,84424.38000000,84624.73000000,81644.81000000,82648.54,11696.39864000,1743292799999,970199917.98687160,2172387,5621.60485000,466215575.48490690,0
2025-03-30,82648.53000000,83534.64000000,81565.00000000,82389.99,9864.49508000,1743379199999,816584795.52881260,1907663,4725.07105000,391214080.11011610,0
2025-03-31,82390.00000000,83943.08000000,81278.52000000,82550.01,20569.13885000,1743465599999,1696009191.08096490,3964358,9912.88184000,817875871.11074120,0
2025-04-01,82550.00000000,85579.46000000,82432.74000000,85158.34,20190.39697000,1743551999999,1698895702.57546820,3328693,10246.42648000,862302772.43308630,0
2025-04-02,85158.35000000,88500.00000000,82320.00000000,82516.29,39931.45700000,1743638399999,3417279759.83076360,5338238,20739.67809000,1777735583.84074790,0
2025-04-03,82516.28000000,83998.02000000,81211.24000000,83213.09,27337.84135000,1743724799999,2259299724.86439270,4117486,13951.52792000,1153439398.61980140,0
2025-04-04,83213.09000000,84720.00000000,81659.00000000,83889.87,32915.53976000,1743811199999,2739842666.42673680,4992586,15896.18779000,1323832046.26468800,0
2025-04-05,83889.87000000,84266.00000000,82379.95000000,83537.99,9360.40468000,1743897599999,779626577.90134360,1575750,4029.64658000,335654613.72771840,0
2025-04-06,83537.99000000,83817.63000000,77153.83000000,78430.0,27942.71436000,1743983999999,2239085051.15296450,3948493,12493.84490000,1001459573.49446610,0
2025-04-07,78430.00000000,81243.58000000,74508.00000000,79163.24,78387.53089000,1744070399999,6084614024.15064720,9736596,39075.84274000,3034375055.68439650,0
2025-04-08,79163.24000000,80867.99000000,76239.90000000,76322.42,35317.32063000,1744156799999,2775277777.10246080,5512751,15704.73031000,1235370767.11535030,0
2025-04-09,76322.42000000,83588.00000000,74620.00000000,82615.22,75488.28772000,1744243199999,5980231256.22249600,7741252,39491.62958000,3137004042.95926080,0
2025-04-10,82615.22000000,82753.21000000,78464.36000000,79607.3,33284.80718000,1744329599999,2690294353.84784260,4529545,16339.91910000,1321475356.02008490,0
2025-04-11,79607.30000000,84300.00000000,78969.58000000,83423.84,34435.43797000,1744415999999,2830363945.17875230,4423157,18019.58367000,1482515278.91770430,0
2025-04-12,83423.83000000,85905.00000000,82792.95000000,85276.9,18470.74437000,1744502399999,1557403252.92675150,2501196,9526.72644000,803747272.78346800,0
2025-04-13,85276.91000000,86100.00000000,83034.23000000,83760.0,24680.04181000,1744588799999,2086106375.43925540,3275879,11658.67909000,986303246.09318360,0
2025-04-14,83760.00000000,85799.99000000,83678.00000000,84591.58,28659.09348000,1744675199999,2429132805.08152890,3921522,15196.58929000,1288815999.14061730,0
2025-04-15,84591.58000000,86496.42000000,83600.00000000,83643.99,20910.99528000,1744761599999,1780972414.39560070,2910533,10439.36072000,889895753.16736510,0
2025-04-16,83643.99000000,85500.00000000,83111.64000000,84030.38,20867.24519000,1744847999999,1753910031.20092420,3264730,10456.76900000,878939829.48483680,0
2025-04-17,84030.38000000,85470.01000000,83736.26000000,84947.91,13728.84772000,1744934399999,1161659427.38626280,2003405,6424.41565000,543726754.41870160,0
2025-04-18,84947.92000000,85132.08000000,84303.96000000,84474.69,6529.96315000,1745020799999,552648483.64748710,840009,2911.78856000,246467088.26214660,0
2025-04-19,84474.70000000,85677.99000000,84364.45000000,85077.01,9666.58153000,1745107199999,823222752.28424930,875226,5416.30087000,461342923.99908200,0
2025-04-20,85077.00000000,85320.76000000,83949.52000000,85179.24,8091.67725000,1745193599999,685253644.89183620,944130,3843.48314000,325482835.73783290,0
2025-04-21,85179.24000000,88465.99000000,85144.76000000,87516.23,31773.37262000,1745279999999,2773299591.46706560,3041395,17216.39877000,1502705225.13413500,0
2025-04-22,87516.22000000,93888.00000000,87076.03000000,93442.99,43872.74705000,1745366399999,3967785064.12817020,3268475,22777.77047000,2062639579.20308550,0
2025-04-23,93442.99000000,94696.05000000,91935.41000000,93691.08,27404.16808000,1745452799999,2560279933.94795160,3016536,13128.05774000,1226992558.57654620,0
2025-04-24,93691.07000000,94005.00000000,91660.01000000,93980.47,19497.06071000,1745539199999,1811120137.31467870,2797383,8565.18128000,795787487.36089810,0
2025-04-25,93980.47000000,95758.04000000,92855.96000000,94638.68,27500.66648000,1745625599999,2596877713.64017280,3331828,13072.22136000,1234153095.72926820,0
2025-04-26,94638.68000000,95199.00000000,93870.69000000,94628.0,9415.06875000,1745711999999,889627361.84144470,1475983,4156.22463000,392757114.43835790,0
2025-04-27,94628.00000000,95369.00000000,93602.58000000,93749.3,11162.84100000,1745798399999,1052334792.18661890,1918160,5250.08719000,495112239.10816970,0
2025-04-28,93749.29000000,95630.00000000,92800.01000000,95011.18,22157.53351000,1745884799999,2092532996.55517170,3424740,11626.77592000,1098667305.23999790,0
2025-04-29,95011.18000000,95461.53000000,93742.54000000,94256.82,16955.34020000,1745971199999,1607154803.46754770,3020875,7112.68469000,674688527.81306600,0
2025-04-30,94256.82000000,95228.45000000,92910.00000000,94172.0,17661.27510000,1746057599999,1664825670.98312510,3214149,8393.21620000,791272380.03124470,0
2025-05-01,94172.00000000,97424.02000000,94130.43000000,96489.91,21380.45343000,1746143999999,2053857614.27326720,2925716,10925.87308000,1049157198.85876350,0
2025-05-02,96489.90000000,97895.68000000,96350.00000000,96887.14,14905.74811000,1746230399999,1446387651.58405750,2698263,7440.33531000,722022817.22461990,0
2025-05-03,96887.13000000,96935.67000000,95753.01000000,95856.42,9723.34838000,1746316799999,935906144.96514980,1181239,3929.40490000,378271292.44431450,0
2025-05-04,95856.42000000,96304.48000000,94151.38000000,94277.62,11036.38342000,1746403199999,1053542403.85315880,1674726,4385.33486000,418573470.85696230,0
2025-05-05,94277.61000000,95199.00000000,93514.10000000,94733.68,17251.18189000,1746489599999,1626999380.17599680,2623300,8399.64855000,792299650.33952020,0
2025-05-06,94733.68000000,96920.65000000,93377.00000000,96834.02,16122.64513000,1746575999999,1526847764.56366820,2512960,7505.95734000,711372483.61171350,0
2025-05-07,96834.02000000,97732.00000000,95784.61000000,97030.5,16644.83854000,1746662399999,1611730124.59245430,2849139,8316.74471000,805430612.40553540,0
2025-05-08,97030.50000000,104145.76000000,96876.29000000,103261.6,34962.02847000,1746748799999,3508645830.56501440,4991147,18547.23009000,1861334478.36442700,0
2025-05-09,103261.61000000,104361.30000000,102315.14000000,102971.99,27617.39907000,1746835199999,2847518447.98151310,4406929,14525.20381000,1497826622.32618800,0
2025-05-10,102971.99000000,104984.57000000,102818.76000000,104809.53,15324.78611000,1746921599999,1588386278.50241500,2227845,8258.23478000,856095289.52166460,0
2025-05-11,104809.53000000,104972.00000000,103345.06000000,104118.0,17987.12197000,1747007999999,1873381777.21242540,3100176,9071.95578000,944903285.10730800,0
2025-05-12,104118.00000000,105819.45000000,100718.37000000,102791.32,31272.77792000,1747094399999,3242348937.38306910,5298407,16455.99797000,1707457796.58813950,0
2025-05-13,102791.32000000,104976.25000000,101429.70000000,104103.72,21253.42409000,1747180799999,2197244118.15236690,3703531,10705.97845000,1106609664.70779500,0
2025-05-14,104103.72000000,104356.95000000,102602.05000000,103507.82,16452.90810000,1747267199999,1704708279.38841090,3025221,8026.03333000,831783471.65436100,0
2025-05-15,103507.83000000,104192.70000000,101383.07000000,103763.71,17998.98604000,1747353599999,1850183474.52920360,4139477,8475.18036000,871244345.56413600,0
2025-05-16,103763.71000000,104550.33000000,103100.49000000,103463.9,15683.88024000,1747439999999,1628832372.32414810,3237442,7555.15801000,784850382.19427470,0
2025-05-17,103463.90000000,103709.86000000,102612.50000000,103126.65,11250.89622000,1747526399999,1160418362.95061810,2568597,5335.11525000,550379728.73385010,0
2025-05-18,103126.65000000,106660.00000000,103105.09000000,106454.26,21599.98726000,1747612799999,2262214972.07493840,3193300,11664.89904000,1221914552.05520120,0
2025-05-19,106454.27000000,107108.62000000,102000.00000000,105573.74,30260.03524000,1747699199999,3150324504.59545150,4881371,14208.30900000,1480452895.08415620,0
2025-05-20,105573.73000000,107320.00000000,104184.72000000,106849.99,23705.48275000,1747785599999,2509102444.66959820,3878351,12350.46275000,1307273652.38952320,0
2025-05-21,106850.00000000,110797.38000000,106100.01000000,109643.99,45531.04034500,1747871999999,4914709514.32002680,6835279,23661.64939500,2555528481.09872580,0
2025-05-22,109643.99000000,111980.00000000,109177.37000000,111696.21,31630.77313000,1747958399999,3509432834.57341730,5794216,16584.56293000,1840083098.58278590,0
2025-05-23,111696.22000000,111800.00000000,106800.00000000,107318.3,31737.72309000,1748044799999,3469704446.39040470,5251192,14309.31652000,1565622441.18751700,0
2025-05-24,107318.30000000,109506.03000000,106875.41000000,107761.91,16782.53129000,1748131199999,1819958819.77485860,2805418,8786.90747000,953683093.32165700,0
2025-05-25,107761.90000000,109299.99000000,106600.64000000,109004.19,17710.04695000,1748217599999,1904366455.42585800,3151168,7867.16712000,846688135.00971360,0
2025-05-26,109004.20000000,110422.22000000,108670.58000000,109434.79,14649.11593000,1748303999999,1605578282.10790310,2887863,7301.11288000,800269021.19227970,0
2025-05-27,109434.78000000,110718.00000000,107516.57000000,108938.17,21276.65635000,1748390399999,2327603851.11926510,3735509,9969.89271000,1090553624.46159920,0
2025-05-28,108938.17000000,109284.70000000,106769.43000000,107781.78,15633.78829000,1748476799999,1689136748.51303130,2933262,6877.27341000,743282966.72071960,0
2025-05-29,107781.78000000,108891.91000000,105322.86000000,105589.75,19834.70116000,1748563199999,2128639017.50816180,3774926,9457.49356000,1015173771.54898980,0
2025-05-30,105589.75000000,106313.12000000,103621.00000000,103985.48,23706.49799000,1748649599999,2493078549.59186090,4307572,11070.98746000,1164158558.64358540,0
2025-05-31,103985.47000000,104900.00000000,103068.55000000,104591.88,11289.35922000,1748735999999,1174000801.50703790,2343787,5278.95175000,548980630.84935780,0
2025-06-01,104591.88000000,105866.91000000,103752.49000000,105642.93,9709.70006000,1748822399999,1016188486.95059960,1939359,4640.35070000,485683466.93478430,0
2025-06-02,105642.93000000,105935.63000000,103659.88000000,105857.99,13453.98813000,1748908799999,1409004206.98637330,2997656,6494.65497000,680177826.61441720,0
2025-06-03,105858.00000000,106794.67000000,104872.50000000,105376.89,13259.52634000,1748995199999,1402493746.59932180,2470698,6260.22436000,662160926.82412260,0
2025-06-04,105376.90000000,106000.00000000,104179.00000000,104696.86,14034.89482000,1749081599999,1476928482.36887810,2274464,6979.94910000,734803757.41858380,0
2025-06-05,104696.86000000,105909.71000000,100372.26000000,101508.68,22321.50154000,1749167999999,2301567892.53054470,3963295,10005.36019000,1031668517.04271110,0
2025-06-06,101508.69000000,105333.00000000,101095.80000000,104288.44,15839.07385000,1749254399999,1642382404.93557530,2709327,7655.60679000,793575821.43579320,0
2025-06-07,104288.43000000,105900.00000000,103871.09000000,105552.15,8344.93206000,1749340799999,877915380.95482310,1402494,3970.01912000,417664199.19127120,0
2025-06-08,105552.15000000,106488.14000000,104964.14000000,105734.0,8048.06305000,1749427199999,850887129.42829760,1295154,4361.42266000,461098506.08832400,0
2025-06-09,105734.01000000,110530.17000000,105318.37000000,110263.02,19975.37451000,1749513599999,2154922022.22117280,2839846,10623.88217000,1146790065.51356160,0
2025-06-10,110263.02000000,110400.00000000,108331.03000000,110274.39,17071.82839000,1749599999999,1867620550.19217290,3003420,8009.29581000,876411274.39694880,0
2025-06-11,110274.39000000,110392.01000000,108064.00000000,108645.12,13115.91638000,1749686399999,1434884639.75063030,2667014,6030.96867000,659947218.00338690,0
2025-06-12,108645.13000000,108813.55000000,105671.72000000,105671.73,17778.67218000,1749772799999,1908309274.08683440,3517420,8291.22648000,890420511.47044150,0
2025-06-13,105671.74000000,106179.53000000,102664.31000000,106066.59,26180.81734000,1749859199999,2735461890.69297020,5452577,12793.70705000,1337300355.99521930,0
2025-06-14,106066.59000000,106252.00000000,104300.00000000,105414.64,8798.93969000,1749945599999,925568614.17840650,1521776,3848.55498000,405001275.92627160,0
2025-06-15,105414.63000000,106128.57000000,104494.53000000,105594.01,7164.20047000,1750031999999,754596887.87480040,1564768,3356.46912000,353608577.68537740,0
2025-06-16,105594.02000000,108952.38000000,104980.37000000,106794.53,14922.66540000,1750118399999,1599849840.73252440,2928998,7442.34921000,797865030.13661780,0
2025-06-17,106794.53000000,107771.34000000,103371.02000000,104551.17,17866.33025000,1750204799999,1883173484.89909980,3723010,8082.65290000,852365443.21135600,0
2025-06-18,104551.17000000,105550.27000000,103500.00000000,104886.78,13968.64167000,1750291199999,1461383024.36220930,3468170,6656.31474000,696386846.69042960,0
2025-06-19,104886.79000000,105226.17000000,103929.27000000,104658.59,7678.60737000,1750377599999,803402575.96204490,1718045,3583.19736000,374871407.41073340,0
2025-06-20,104658.59000000,106524.65000000,102345.00000000,103297.99,16419.06283000,1750463999999,1714411911.01140170,3029404,7113.97039000,743649283.08002110,0
2025-06-21,103297.98000000,103982.64000000,100837.90000000,102120.01,11154.21332000,1750550399999,1144829784.73064180,2172578,4632.93703000,475270667.42267620,0
2025-06-22,102120.02000000,103399.62000000,98200.00000000,100963.87,28746.41072000,1750636799999,2892695407.80868790,5121309,13142.02965000,1322387353.31664010,0
2025-06-23,100963.87000000,106074.20000000,99613.33000000,105333.93,27666.50609000,1750723199999,2836166831.04444880,4944207,13408.20163000,1375654853.25846600,0
2025-06-24,105333.94000000,106290.00000000,104622.02000000,106083.0,14651.69335000,1750809599999,1543451113.45636120,2973481,6848.32158000,721631005.28932640,0
2025-06-25,106083.00000000,108135.30000000,105808.03000000,107340.58,16701.15551000,1750895999999,1789545470.94629000,2988892,8576.13709000,919352853.80641200,0
2025-06-26,107340.59000000,108272.45000000,106562.50000000,106947.06,10573.27279000,1750982399999,1136093974.68160140,2597742,4983.08998000,535471528.19449270,0
2025-06-27,106947.06000000,107735.34000000,106356.76000000,107047.59,12232.44042000,1751068799999,1308420348.91000950,2304499,4862.28010000,520251258.37876640,0
2025-06-28,107047.58000000,107577.75000000,106811.51000000,107296.79,3282.17352000,1751155199999,352025390.60311350,653305,1514.41959000,162441164.01323960,0
2025-06-29,107296.79000000,108528.50000000,107172.52000000,108356.93,6831.73640000,1751241599999,736708189.94956840,1223202,3771.10895000,406653127.09208040,0
2025-06-30,108356.93000000,108789.99000000,106733.33000000,107146.5,9754.12491000,1751327999999,1050407152.34505800,1773485,4331.38130000,466474537.78821220,0
2025-07-01,107146.51000000,107540.00000000,105250.85000000,105681.14,10505.62437000,1751414399999,1117432945.89263660,2013289,4648.91727000,494549276.18377850,0
2025-07-02,105681.13000000,109730.00000000,105100.19000000,108849.6,17691.89592000,1751500799999,1915699005.87728970,2444708,9248.43029000,1002261738.20887520,0
2025-07-03,108849.59000000,110529.18000000,108530.40000000,109584.78,13047.08225000,1751587199999,1429459048.63832610,2568944,6961.89686000,763022147.91167700,0
2025-07-04,109584.77000000,109767.59000000,107245.00000000,107984.24,11793.86615000,1751673599999,1276215111.66836520,1975212,4787.79822000,518313226.96675600,0
2025-07-05,107984.25000000,108420.56000000,107756.31000000,108198.12,3736.97570000,1751759999999,403928702.19674760,710020,1803.68528000,194976807.36330110,0
2025-07-06,108198.12000000,109700.00000000,107800.01000000,109203.84,6447.60700000,1751846399999,700733299.51121990,1256591,3209.35902000,348780644.23317400,0
2025-07-07,109203.85000000,109700.00000000,107513.20000000,108262.94,9405.37601000,1751932799999,1020848316.05370420,1961940,3920.92229000,425664101.80223870,0
2025-07-08,108262.94000000,109216.56000000,107429.57000000,108922.98,9216.02080000,1752019199999,1000112813.43989430,1723244,4371.98866000,474674358.99748990,0
2025-07-09,108922.99000000,111999.79000000,108324.53000000,111233.99,17282.28650000,1752105599999,1902054744.19492400,2328484,8935.70327000,983405508.74821380,0
2025-07-10,111234.00000000,116868.00000000,110500.00000000,116010.0,24883.45066500,1752191999999,2826460280.44522334,3227017,12900.13546700,1465777460.94107554,0
2025-07-11,116010.01000000,118869.98000000,115222.22000000,117527.66,25873.52114800,1752278399999,3039521803.02724685,3708194,12502.93116800,1468374333.95021235,0
2025-07-12,117527.66000000,118200.00000000,116900.05000000,117420.0,8446.60437000,1752364799999,993093353.40689040,1441851,3784.55219000,444996040.90597870,0
2025-07-13,117420.00000000,119488.00000000,117224.79000000,119086.64,9550.79294700,1752451199999,1132096857.01169159,1650283,4766.47430700,565024389.37239190,0
2025-07-14,119086.65000000,123218.00000000,118905.18000000,119841.18,27269.34887700,1752537599999,3299746181.07707340,4076133,14099.58074700,1705505292.66472420,0
2025-07-15,119841.17000000,119940.83000000,115736.92000000,117758.09,32018.46083000,1752623999999,3755258445.55327170,3805374,15667.30508000,1837578524.92386480,0
2025-07-16,117758.08000000,120063.84000000,117017.29000000,118630.43,17039.90851000,1752710399999,2023850383.72348730,2429625,8355.96881000,992430971.36759030,0
2025-07-17,118630.44000000,120998.71000000,117453.57000000,119177.56,15728.57651000,1752796799999,1869114355.12316430,2347985,7696.17927000,914659207.57442780,0
2025-07-18,119177.56000000,120820.71000000,116812.76000000,117924.84,19924.66266000,1752883199999,2367355518.47030790,2805236,8951.37863000,1063782057.47856260,0
2025-07-19,117924.84000000,118499.90000000,117277.34000000,117840.0,6635.80306000,1752969599999,783327898.49696960,1133382,2978.38320000,351626384.05029030,0
2025-07-20,117840.01000000,118856.80000000,116467.02000000,117265.12,12962.92889000,1753055999999,1528864683.81608200,1615935,6581.33371000,776457462.98182540,0
2025-07-21,117265.11000000,119676.73000000,116515.00000000,117380.36,17107.33128000,1753142399999,2020783266.96336490,2509543,8426.31812000,995117241.66790940,0
2025-07-22,117380.36000000,120247.80000000,116128.00000000,119954.42,20959.12973000,1753228799999,2481252763.65191060,2778733,10811.45507000,1280627214.62852240,0
2025-07-23,119954.43000000,120090.00000000,117301.00000000,118755.99,14558.75083000,1753315199999,1722126986.88666100,2101404,7070.08701000,836266328.74468310,0
2025-07-24,118756.00000000,119450.00000000,117103.10000000,118340.99,15806.89043000,1753401599999,1873181653.20180740,2081435,7651.73992000,906619084.60359310,0
2025-07-25,118340.98000000,118451.57000000,114723.16000000,117614.31,38406.34873000,1753487999999,4456778786.62049410,3282355,17042.77355000,1977873720.89647240,0
2025-07-26,117614.31000000,118297.35000000,117138.38000000,117919.99,6991.67206000,1753574399999,823629079.74931030,790372,3167.88355000,373290310.21643520,0
2025-07-27,117919.99000000,119766.65000000,117825.50000000,119415.55,9328.30919000,1753660799999,1107883542.16079820,1095080,5238.30358000,622261561.25072770,0
2025-07-28,119415.56000000,119800.00000000,117427.50000000,118062.32,13961.74754000,1753747199999,1655882235.89651800,1824777,7224.91774000,857128354.22340880,0
2025-07-29,118062.32000000,119273.36000000,116950.75000000,117950.76,15137.93445000,1753833599999,1788682083.68564630,1956694,7988.93736000,944162800.07458740,0
2025-07-30,117950.75000000,118792.00000000,115796.23000000,117840.3,15586.73631000,1753919999999,1832696878.22298590,1997369,7803.61434000,917632890.23365260,0
2025-07-31,117840.29000000,118922.45000000,115500.00000000,115764.08,17010.00730000,1754006399999,2002870016.70224260,1859532,8313.51616000,979519362.06854240,0
2025-08-01,115764.07000000,116052.00000000,112722.58000000,113297.93,24487.10206000,1754092799999,2810268577.15136990,4160829,11487.22120000,1318593418.06125480,0
2025-08-02,113297.92000000,114063.49000000,112003.00000000,112546.35,11507.33428000,1754179199999,1301882737.32672200,2165714,5060.00835000,572586383.07173130,0
2025-08-03,112546.35000000,114799.97000000,111920.00000000,114208.8,7397.76046000,1754265599999,841090034.15425410,1419281,3738.18331000,425246221.29553040,0
2025-08-04,114208.81000000,115720.00000000,114107.60000000,115055.03,9667.67916000,1754351999999,1109938874.06297080,1954230,4715.29351000,541443274.80937470,0
2025-08-05,115055.03000000,115127.81000000,112650.00000000,114129.75,12042.79078000,1754438399999,1371861747.14661660,2581052,5622.66754000,640570774.10106840,0
2025-08-06,114129.75000000,115716.00000000,113355.13000000,114992.27,9761.15318000,1754524799999,1118028732.85891840,2026500,4872.24748000,558193207.67707200,0
2025-08-07,114992.27000000,117621.00000000,114259.00000000,117472.01,13468.56263000,1754611199999,1564454297.83692700,2314671,7008.73753000,814088870.44463200,0
2025-08-08,117472.02000000,117630.00000000,115878.71000000,116674.74,10045.31278000,1754697599999,1172199778.72425470,2095304,4584.90574000,534970598.46875020,0
2025-08-09,116674.74000000,117944.05000000,116299.13000000,116462.25,9514.13144000,1754783999999,1111837601.70237220,1390951,4869.85416000,569228301.11699460,0
2025-08-10,116462.25000000,119311.11000000,116460.63000000,119294.01,14322.77073000,1754870399999,1694198747.87187080,2317065,8023.43513000,949082473.72132200,0
2025-08-11,119294.27000000,122335.16000000,118050.11000000,118686.0,26494.33429000,1754956799999,3194611530.54106930,4021743,13243.42946000,1596640461.64307680,0
2025-08-12,118686.00000000,120324.43000000,118207.47000000,120134.08,16720.10893000,1755043199999,1992762473.58525770,2737841,9265.05962000,1104367998.19617160,0
2025-08-13,120134.09000000,123667.79000000,118920.92000000,123306.43,23210.07102000,1755129599999,2811581348.38745740,3712817,11931.26825000,1446045988.04831460,0
2025-08-14,123306.44000000,124474.00000000,117180.00000000,118295.09,27980.94758600,1755215999999,3359128391.10852380,4350449,13402.07847600,1608719584.86973360,0
2025-08-15,118295.09000000,119216.82000000,116803.99000000,117342.05,13623.33874000,1755302399999,1607609329.68510110,2895016,6141.41708000,724799635.81724670,0
2025-08-16,117342.04000000,117898.99000000,117143.98000000,117380.66,6393.68117000,1755388799999,751719391.77236380,1179842,2995.22865000,352158781.09645510,0
2025-08-17,117380.66000000,118575.00000000,117172.21000000,117405.01,5898.64192000,1755475199999,695629197.90380730,1177563,2804.73113000,330799448.09036540,0
2025-08-18,117405.01000000,117543.75000000,114640.14000000,116227.05,17745.93954000,1755561599999,2053814085.47177750,3346280,7647.70667000,885108979.48874850,0
2025-08-19,116227.05000000,116725.69000000,112732.58000000,112872.94,18065.47424000,1755647999999,2065010895.85846640,3291182,8609.41370000,984093545.59442210,0
2025-08-20,112872.95000000,114615.38000000,112380.00000000,114271.24,15636.34194000,1755734399999,1776149566.12477360,2998370,7209.58575000,819330970.21586190,0
2025-08-21,114271.23000000,114821.76000000,112015.67000000,112500.0,10839.69235000,1755820799999,1227373788.61556290,2357380,5346.48007000,605400341.45449280,0
2025-08-22,112500.00000000,117429.05000000,111684.79000000,116935.99,23128.09037000,1755907199999,2656625122.27778650,3438518,11843.59711000,1359907711.87266930,0
2025-08-23,116936.00000000,117030.00000000,114560.00000000,115438.05,11329.36197000,1755993599999,1308825428.01435860,1559569,5083.35014000,587273893.13144330,0
2025-08-24,115438.06000000,115666.68000000,110680.00000000,113493.59,21175.98462000,1756079999999,2411284606.18917640,2573906,9325.06710000,1061855201.33431230,0
2025-08-25,113493.59000000,113667.28000000,109274.10000000,110111.98,25182.79379000,1756166399999,2805570653.63102300,4695718,11387.58170000,1269662985.34417990,0
2025-08-26,110111.98000000,112371.00000000,108666.66000000,111763.22,18452.43877000,1756252799999,2033437347.49993920,4077474,9863.43157000,1087468493.59696390,0
2025-08-27,111763.22000000,112625.00000000,110345.42000000,111262.01,13392.60875000,1756339199999,1493774927.19083180,3111496,6261.84550000,698586344.17747960,0
2025-08-28,111262.01000000,113485.90000000,110862.42000000,112566.9,11104.27744000,1756425599999,1250788481.94532180,2066780,5139.46509000,578866003.68381480,0
2025-08-29,112566.90000000,112638.64000000,107463.90000000,108377.4,22580.31045000,1756511999999,2475492492.57752970,3606959,10616.35644000,1164321513.10445710,0
2025-08-30,108377.40000000,108926.15000000,107350.10000000,108816.33,10708.39159000,1756598399999,1160666772.73875230,1411040,5797.17783000,628457794.84340100,0
2025-08-31,108816.33000000,109480.02000000,108076.93000000,108246.35,9489.51596000,1756684799999,1031806894.35133180,1366633,4573.61058000,497406888.16918830,0
2025-09-01,108246.36000000,109912.40000000,107255.00000000,109237.42,16053.60219000,1756771199999,1742516638.78113520,2729384,7532.99101000,817730948.98443340,0
2025-09-02,109237.43000000,111771.52000000,108393.39000000,111240.01,18510.28756000,1756857599999,2042681451.90163840,2596328,9088.71727000,1003032805.53679950,0
2025-09-03,111240.01000000,112575.27000000,110528.71000000,111705.71,11773.72084000,1756943999999,1313762617.34366450,2214249,5539.29462000,618293676.50751790,0
2025-09-04,111705.72000000,112180.00000000,109329.12000000,110730.87,12203.13536000,1757030399999,1349031325.53208460,2230255,6070.78151000,670681185.82571010,0
2025-09-05,110730.87000000,113384.62000000,110206.96000000,110659.99,21587.40888000,1757116799999,2413132200.62332500,2970419,10787.81127000,1206066261.22720100,0
2025-09-06,110660.00000000,111307.70000000,109977.00000000,110187.97,5000.29897000,1757203199999,552785936.54346990,795201,2308.83297000,255237426.94601100,0
2025-09-07,110187.98000000,111600.00000000,110180.00000000,111137.34,5681.29944000,1757289599999,630447950.15886890,874961,2570.85199000,285303923.54046230,0
2025-09-08,111137.35000000,112924.37000000,110621.78000000,112065.23,11582.40211000,1757375999999,1295903862.46496030,1744598,5531.65969000,618773275.35763070,0
2025-09-09,112065.23000000,113293.29000000,110766.66000000,111546.39,15379.28248000,1757462399999,1721465997.90636600,2143242,7597.38038000,849973176.17756840,0
2025-09-10,111546.38000000,114313.13000000,110917.45000000,113960.0,17517.41823000,1757548799999,1978834750.22231150,2182534,8274.63998000,934646697.48233240,0
2025-09-11,113960.00000000,115488.09000000,113430.00000000,115482.69,13676.73119000,1757635199999,1562241144.95654100,2166359,6744.29993000,770595422.69052130,0
2025-09-12,115482.69000000,116665.63000000,114740.99000000,116029.42,15324.10719000,1757721599999,1772122269.50186350,2481491,7995.57276000,924775389.85693960,0
2025-09-13,116029.41000000,116298.78000000,115127.27000000,115918.29,8269.40394000,1757807999999,957724220.64976110,1223635,3590.09359000,415773029.43935270,0
2025-09-14,115918.29000000,116165.19000000,115135.00000000,115268.01,6707.60197000,1757894399999,775762364.96859910,1237218,3406.90777000,393977059.30354210,0
2025-09-15,115268.01000000,116757.99000000,114384.00000000,115349.71,13212.51149000,1757980799999,1522648235.22351530,2857989,6621.36360000,763138585.68502490,0
2025-09-16,115349.71000000,116964.27000000,114737.11000000,116788.96,10926.90940000,1758067199999,1265779287.51692670,2047058,5292.18365000,613182568.99191850,0
2025-09-17,116788.96000000,117286.73000000,114720.81000000,116447.59,16754.24540000,1758153599999,1946083704.62174570,3227418,7975.00190000,926282110.83307900,0
2025-09-18,116447.60000000,117900.00000000,116092.76000000,117073.53,11657.23365000,1758239999999,1367513347.48650940,2252654,5717.34538000,670700552.93472770,0
2025-09-19,117073.53000000,117459.99000000,115100.00000000,115632.38,8992.09065000,1758326399999,1045792401.45323890,1732471,4020.81483000,467345983.07867990,0
2025-09-20,115632.39000000,116121.81000000,115408.47000000,115685.63,4674.92752000,1758412799999,541264273.24168940,740451,2276.16483000,263511469.84325880,0
2025-09-21,115685.63000000,115819.06000000,115188.00000000,115232.29,4511.52219000,1758499199999,521299751.15040960,945965,2016.72489000,233031538.74699310,0
2025-09-22,115232.29000000,115379.25000000,111800.00000000,112650.99,20781.71356000,1758585599999,2348872511.69887510,3045876,9312.35777000,1052684266.89818760,0
2025-09-23,112650.99000000,113290.50000000,111458.73000000,111998.8,12301.32030000,1758671999999,1383869800.27370310,2455729,5543.36090000,623665658.72003280,0
2025-09-24,111998.80000000,113940.00000000,111042.66000000,113307.0,12369.25967000,1758758399999,1394470628.50258200,2229837,6100.69487000,687826281.22047700,0
2025-09-25,113307.01000000,113510.23000000,108631.51000000,108994.49,21231.14957000,1758844799999,2356639689.92521460,4409953,9511.07937000,1055527535.76844470,0
2025-09-26,108994.49000000,110300.00000000,108620.07000000,109643.46,14243.01591000,1758931199999,1557098915.93925960,3257155,6978.29033000,762955442.75240000,0
2025-09-27,109643.46000000,109743.91000000,109064.40000000,109635.85,5501.78643000,1759017599999,601947588.99707650,919594,2523.25886000,276080500.99419540,0
2025-09-28,109635.85000000,112350.00000000,109189.99000000,112163.95,7542.33160000,1759103999999,832254944.32033530,1484866,3781.87606000,417495757.16935000,0
2025-09-29,112163.96000000,114400.00000000,111560.65000000,114311.96,15541.12005000,1759190399999,1755247635.87113600,2442653,7836.68768000,884934987.56875300,0
2025-09-30,114311.97000000,114792.00000000,112656.27000000,114048.93,15044.15633000,1759276799999,1710713267.13009550,3018331,7185.72154000,817044461.27018150,0
2025-10-01,114048.94000000,118649.10000000,113966.67000000,118594.99,20036.39516000,1759363199999,2332096981.26593350,3430343,10071.04092000,1172422657.40651740,0
2025-10-02,118594.99000000,121022.07000000,118279.31000000,120529.35,19670.83503000,1759449599999,2349861127.34458050,3472073,9753.07848000,1164986423.98980750,0
2025-10-03,120529.35000000,123894.99000000,119248.30000000,122232.0,23936.32800000,1759535999999,2907381076.68131880,4246820,11288.62355000,1372792607.61362140,0
2025-10-04,122232.21000000,122800.00000000,121510.00000000,122391.0,8208.16678000,1759622399999,1002272903.34464720,1703590,3767.80335000,460154433.12366190,0
2025-10-05,122390.99000000,125708.42000000,122136.00000000,123482.31,22043.09755300,1759708799999,2730817470.93956400,3690670,11780.67240300,1459478400.91099630,0
2025-10-06,123482.32000000,126199.63000000,123084.00000000,124658.54,19494.62879300,1759795199999,2428828952.26531830,4206167,9963.00815300,1241625129.71771830,0
2025-10-07,124658.54000000,125126.00000000,120574.94000000,121332.95,21633.99385000,1759881599999,2657405799.87054860,4390785,9699.35099000,1191947741.69890580,0
2025-10-08,121332.96000000,124197.25000000,121066.14000000,123306.0,17012.61800000,1759967999999,2084842842.44161690,4184997,9039.06222000,1107976264.69485960,0
2025-10-09,123306.01000000,123762.94000000,119651.47000000,121662.4,21559.36007000,1760054399999,2621438087.56673310,4231167,10144.15364000,1233882833.56423890,0
2025-10-10,121662.41000000,122550.00000000,102000.00000000,112774.5,64171.93927000,1760140799999,7349750905.04115730,11404522,30502.14297000,3493298452.84600770,0
2025-10-11,112774.49000000,113322.39000000,109561.59000000,110644.4,35448.51652000,1760227199999,3961069473.23113630,6661929,15375.94796000,1718429599.56695220,0
2025-10-12,110644.40000000,115770.00000000,109565.06000000,114958.8,32255.30272000,1760313599999,3638546528.74015580,6048575,16915.44533000,1907676479.17725090,0
2025-10-13,114958.81000000,115963.81000000,113616.50000000,115166.0,22557.24033000,1760399999999,2591831660.98574920,5739352,10710.89723000,1230950583.84246650,0
2025-10-14,115166.00000000,115409.96000000,109866.00000000,113028.14,31870.32974000,1760486399999,3578140778.80849870,7425642,14944.19197000,1677011392.63438070,0
2025-10-15,113028.13000000,113612.35000000,110164.00000000,110763.28,22986.48811000,1760572799999,2569639641.35276860,5243141,10499.31831000,1173678794.92077390,0
2025-10-16,110763.28000000,111982.45000000,107427.00000000,108194.28,29857.17252000,1760659199999,3277596494.76191940,6127094,13126.95119000,1441416875.12637710,0
2025-10-17,108194.27000000,109240.00000000,103528.23000000,106431.68,37920.66838000,1760745599999,4022645635.22120190,7570685,17996.99946000,1909654487.45622080,0
2025-10-18,106431.68000000,107499.00000000,106322.20000000,107185.01,11123.18766000,1760831999999,1189002999.14311300,2105450,4845.85641000,518065716.66181290,0
2025-10-19,107185.00000000,109450.07000000,106103.36000000,108642.78,15480.66423000,1760918399999,1670074079.58023430,3205640,7100.31013000,766423535.81773780,0
2025-10-20,108642.77000000,111705.56000000,107402.52000000,110532.09,19193.44160000,1761004799999,2119912185.59346830,4283542,9280.50075000,1024925788.72169910,0
2025-10-21,110532.09000000,114000.00000000,107473.72000000,108297.67,37228.01659000,1761091199999,4114477849.93205410,6004063,17034.07155000,1881327751.33461280,0
2025-10-22,108297.66000000,109163.88000000,106666.69000000,107567.44,28610.78451000,1761177599999,3090291706.44398170,5547903,13766.58861000,1487179903.59997880,0
2025-10-23,107567.45000000,111293.61000000,107500.00000000,110078.18,17573.09294000,1761263999999,1924582289.41139380,3721614,8575.33716000,938905317.70341070,0
2025-10-24,110078.19000000,112104.98000000,109700.01000000,111004.89,15005.16913000,1761350399999,1662806764.95333240,3241022,7511.24340000,832390454.80762260,0
2025-10-25,111004.90000000,111943.19000000,110672.86000000,111646.27,6407.96864000,1761436799999,714201332.97512240,1238199,3087.08660000,344113931.79994520,0
2025-10-26,111646.27000000,115466.80000000,111260.45000000,114559.4,13454.47737000,1761523199999,1525108635.87482900,2463951,6982.18154000,791462349.35160560,0
2025-10-27,114559.41000000,116400.00000000,113830.01000000,114107.65,21450.23241000,1761609599999,2470872744.54896810,3660488,10969.70182000,1263753536.99738980,0
2025-10-28,114107.65000000,116086.00000000,112211.00000000,112898.45,15523.42257000,1761695999999,1772753529.86427430,3829845,7765.31574000,887031686.01637250,0
2025-10-29,112898.44000000,113643.73000000,109200.00000000,110021.29,21079.71376000,1761782399999,2356715986.53354560,4481480,10407.07233000,1163985607.35690850,0
2025-10-30,110021.30000000,111592.00000000,106304.34000000,108322.88,25988.82838000,1761868799999,2827221287.42279770,6373451,12551.13144000,1365671836.74559240,0
2025-10-31,108322.87000000,111190.00000000,108275.28000000,109608.01,21518.20439000,1761955199999,2361590437.94141060,5256872,10798.53938000,1185034290.92377970,0
2025-11-01,109608.01000000,110564.49000000,109394.81000000,110098.1,7378.50431000,1762041599999,812389216.43467980,1994214,3406.68401000,375126956.08097220,0
2025-11-02,110098.10000000,111250.01000000,109471.34000000,110540.68,12107.00087000,1762127999999,1336870531.14150130,2652188,5921.86453000,654016950.25497770,0
2025-11-03,110540.69000000,110750.00000000,105306.56000000,106583.04,28681.18779000,1762214399999,3076006652.00156760,7074546,12847.08574000,1377869106.66817760,0
2025-11-04,106583.05000000,107299.00000000,98944.36000000,101497.22,50534.87376000,1762300799999,5197697635.21241310,9099609,23388.99033000,2406186713.17052980,0
2025-11-05,101497.23000000,104534.74000000,98966.80000000,103885.16,33778.77571000,1762387199999,3454273922.70038500,6500368,18126.84828000,1854232277.03301110,0
2025-11-06,103885.16000000,104200.00000000,100300.95000000,101346.04,25814.62139000,1762473599999,2641767846.30582700,5755001,11972.54796000,1225474173.02042840,0
2025-11-07,101346.04000000,104096.36000000,99260.86000000,103339.08,32059.50942000,1762559999999,3251112979.30588400,6335759,16056.80582000,1629564159.11657990,0
2025-11-08,103339.09000000,103406.22000000,101454.00000000,102312.94,12390.77985000,1762646399999,1267165565.37527010,2743819,5862.65977000,599611355.36714670,0
2025-11-09,102312.95000000,105495.62000000,101400.00000000,104722.96,16338.97096000,1762732799999,1687020822.36682080,3404204,8224.94939000,849620657.08690970,0
2025-11-10,104722.95000000,106670.11000000,104265.02000000,106011.13,22682.25673000,1762819199999,2400141664.38934170,4710957,11595.81944000,1226965888.74676980,0
2025-11-11,106011.13000000,107500.00000000,102476.09000000,103058.99,24196.50718000,1762905599999,2532279071.00692150,5532149,10717.03395000,1121890584.19977650,0
2025-11-12,103059.00000000,105333.33000000,100813.59000000,101654.37,20457.63906000,1762991999999,2108514405.26087720,5314132,10155.72095000,1047214063.13828700,0
2025-11-13,101654.37000000,104085.01000000,98000.40000000,99692.02,36198.50771000,1763078399999,3654698026.54038050,8125404,17250.22426000,1742449117.57636070,0
2025-11-14,99692.03000000,99866.02000000,94012.45000000,94594.0,47288.14481000,1763164799999,4566085156.74720680,9551025,21184.91518000,2045542286.86348350,0
2025-11-15,94594.00000000,96846.68000000,94558.49000000,95596.24,15110.89391000,1763251199999,1449074019.06748560,4263558,7115.78198000,682358960.75404210,0
2025-11-16,95596.23000000,96635.11000000,93005.55000000,94261.44,23889.40510000,1763337599999,2261295524.81733930,5141394,10828.62752000,1025540141.31118660,0
2025-11-17,94261.45000000,96043.00000000,91220.00000000,92215.14,39218.59806000,1763423999999,3674562070.23860600,8134322,18690.19245000,1750979467.78626070,0
2025-11-18,92215.14000000,93836.01000000,89253.78000000,92960.83,39835.14769000,1763510399999,3641033186.30045840,8786593,20130.95957000,1841176605.14182350,0
2025-11-19,92960.83000000,92980.22000000,88608.00000000,91554.96,32286.63760000,1763596799999,2925773651.25595790,6822174,15060.08451000,1365200809.17455710,0
2025-11-20,91554.96000000,93160.00000000,86100.00000000,86637.23,39733.19073000,1763683199999,3548950335.09842180,7841395,18283.84047000,1634256490.95743210,0
2025-11-21,86637.22000000,87498.94000000,80600.00000000,85129.43,72256.12679000,1763769599999,6061348756.34156410,11826480,34071.85828000,2859133223.22405230,0
2025-11-22,85129.42000000,85620.00000000,83500.00000000,84739.74,14193.93263000,1763855999999,1197657354.96903850,4697593,6688.79428000,564562148.93739320,0
2025-11-23,84739.75000000,88127.64000000,84667.57000000,86830.0,19734.46418000,1763942399999,1708685030.27986950,5063493,10406.51703000,901210513.52044730,0
2025-11-24,86830.00000000,89228.00000000,85272.00000000,88300.01,24663.12795000,1764028799999,2150393686.92031830,6189156,12438.87518000,1085485389.02341670,0
2025-11-25,88300.01000000,88519.99000000,86116.00000000,87369.96,19567.04110000,1764115199999,1708989000.03893710,4838747,9423.17985000,823123525.14025590,0
2025-11-26,87369.97000000,90656.08000000,86306.77000000,90484.02,21675.82239000,1764201599999,1916851896.66996890,4668280,10883.61063000,962765375.81638320,0
2025-11-27,90484.01000000,91950.00000000,90089.91000000,91333.95,16833.50932000,1764287999999,1535778106.57870780,3920172,8898.35835000,812005498.75948750,0
2025-11-28,91333.94000000,93092.00000000,90180.63000000,90890.7,18830.86012000,1764374399999,1721418035.07955960,4229754,8961.64712000,820315728.91869100,0
2025-11-29,90890.71000000,91165.65000000,90155.47000000,90802.44,7429.88291000,1764460799999,673725652.97876550,1677860,3359.04932000,304614219.14525830,0
2025-11-30,90802.44000000,92000.01000000,90336.90000000,90360.0,9687.74175000,1764547199999,884051773.16553380,2154030,5002.96698000,456606490.12032460,0
2025-12-01,90360.01000000,90417.00000000,83822.76000000,86286.01,34509.01227000,1764633599999,2977024047.22316070,7709685,15524.33346000,1338718794.00131230,0
2025-12-02,86286.01000000,92307.65000000,86184.39000000,91277.88,28210.22732000,1764719999999,2519515177.66236480,6397299,13512.33949000,1206199898.29415110,0
2025-12-03,91277.88000000,94150.00000000,90990.23000000,93429.95,25712.52585000,1764806399999,2386223626.86139030,6733182,12993.19312000,1206219500.45773430,0
2025-12-04,93429.95000000,94080.00000000,90889.00000000,92078.06,19803.94059000,1764892799999,1836645629.33462010,5856049,8312.69539000,770992235.20799200,0
2025-12-05,92078.06000000,92692.36000000,88056.00000000,89330.04,19792.97218000,1764979199999,1788436983.81065460,5520352,8722.13995000,787809723.72132390,0
2025-12-06,89330.04000000,90289.97000000,88908.01000000,89236.79,8409.50016000,1765065599999,753420679.80632590,2482221,4041.72834000,362232786.26957140,0
2025-12-07,89236.80000000,91760.00000000,87719.28000000,90395.31,13021.11185000,1765151999999,1167866486.84552130,3953071,6370.56683000,571547237.85676710,0
2025-12-08,90395.32000000,92287.15000000,89612.00000000,90634.34,15793.63887000,1765238399999,1436920018.89361330,5458731,7296.74328000,663654575.45218350,0
2025-12-09,90634.35000000,94588.99000000,89500.00000000,92678.8,21240.43014000,1765324799999,1956261065.60717330,5940223,10517.75959000,969426006.12226280,0
2025-12-10,92678.81000000,94476.00000000,91563.15000000,92015.37,18998.68083000,1765411199999,1758773276.24780480,6025707,9197.33116000,852012295.39671150,0
2025-12-11,92015.38000000,93555.00000000,89260.63000000,92513.38,19972.58758000,1765497599999,1814322119.06584890,6250438,9150.89797000,831529923.80888190,0
2025-12-12,92513.38000000,92754.00000000,89480.00000000,90268.42,16679.19169000,1765583999999,1521683425.56480040,4956719,7986.68273000,728724357.38865630,0
2025-12-13,90268.43000000,90634.55000000,89766.39000000,90240.01,5895.70788000,1765670399999,532250544.59040150,1363754,2237.98470000,202065519.49614060,0
2025-12-14,90240.00000000,90472.40000000,87577.36000000,88172.17,9416.94004000,1765756799999,839079130.83786510,3115749,4005.70835000,356905157.32666930,0
2025-12-15,88172.16000000,90052.64000000,85146.64000000,86432.08,19778.69190000,1765843199999,1732823429.50172870,6747167,9592.41076000,840349649.32506230,0
2025-12-16,86432.08000000,88175.98000000,85266.00000000,87863.42,18456.05017000,1765929599999,1604673428.65278360,6099692,9065.97746000,788731082.46646000,0
2025-12-17,87863.43000000,90365.85000000,85314.00000000,86243.22,19834.11729000,1766015999999,1733348496.67035940,6058638,9277.27838000,810618013.25664380,0
2025-12-18,86243.23000000,89477.61000000,84450.01000000,85516.41,25405.41763000,1766102399999,2204223872.66964650,6946947,12668.53838000,1098646854.97003660,0
2025-12-19,85516.41000000,89399.97000000,85110.24000000,88136.94,21256.65004000,1766188799999,1863236625.93286390,6482253,10880.14451000,953886285.36474160,0
2025-12-20,88136.95000000,88573.07000000,87795.76000000,88360.9,5123.13194000,1766275199999,451919022.72775950,1174426,2456.37063000,216687645.32920050,0
2025-12-21,88360.91000000,89081.77000000,87600.04000000,88658.86,7132.87258000,1766361599999,629720971.78666510,2030666,3450.39397000,304712061.79802450,0
2025-12-22,88658.87000000,90588.23000000,87900.00000000,88620.79,14673.21970000,1766447999999,1310235631.74792590,4847747,7269.61435000,649186791.77154220,0
2025-12-23,88620.79000000,88940.00000000,86601.90000000,87486.0,13910.32904000,1766534399999,1219899607.26775480,4465080,6381.76747000,559905195.88713040,0
2025-12-24,87486.00000000,88049.89000000,86420.00000000,87669.45,9140.84320000,1766620799999,797460526.47384620,2877239,4543.27331000,396385690.40460260,0
2025-12-25,87669.44000000,88592.74000000,86934.72000000,87225.27,7096.58235000,1766707199999,622970453.64976470,1992172,3390.95708000,297591128.72330410,0
2025-12-26,87225.27000000,89567.75000000,86655.08000000,87369.56,18344.61505000,1766793599999,1616722115.63664600,4509482,8846.80613000,780464877.72490640,0
2025-12-27,87369.56000000,87984.00000000,87253.05000000,87877.01,4469.55156000,1766879999999,391274205.27443600,957536,2065.72405000,180860481.23924240,0
2025-12-28,87877.00000000,88088.75000000,87435.00000000,87952.71,4446.29285000,1766966399999,390327299.15027630,1241426,2230.75216000,195842128.18741430,0
2025-12-29,87952.71000000,90406.08000000,86806.50000000,87237.13,19894.98575000,1767052799999,1762011993.03779530,4793589,10079.10102000,892298235.37550200,0
2025-12-30,87237.13000000,89400.00000000,86845.66000000,88485.49,13105.91001000,1767139199999,1155016404.47867530,3542176,6561.56089000,578303387.40254340,0
2025-12-31,88485.50000000,89200.00000000,87250.00000000,87648.22,11558.62047000,1767225599999,1019746835.27952680,2897396,5432.03408000,479104976.96454890,0
2026-01-01,87648.21000000,88919.45000000,87550.43000000,88839.04,6279.57133000,1767311999999,552991635.29110020,1449281,3123.64536000,275090077.28838170,0
2026-01-02,88839.05000000,90961.81000000,88379.88000000,89995.13,17396.97301000,1767398399999,1558958860.88708750,5010211,8929.35447000,800380273.96401860,0
2026-01-03,89995.14000000,90741.16000000,89314.01000000,90628.01,7057.46716000,1767484799999,635514773.60936550,1684214,3791.72083000,341479553.30158280,0
2026-01-04,90628.01000000,91810.00000000,90628.00000000,91529.73,10426.52970000,1767571199999,952160980.52120840,2207037,5320.99389000,485918671.59201990,0
2026-01-05,91529.74000000,94789.08000000,91514.81000000,93859.71,20673.59584000,1767657599999,1927455243.54807600,5485489,10892.96950000,1015858751.93170280,0
2026-01-06,93859.71000000,94444.44000000,91262.94000000,93747.97,18546.41829000,1767743999999,1728045542.29837500,5018686,8108.82157000,755998193.39696320,0
2026-01-07,93747.97000000,93747.97000000,90675.52000000,91364.16,14276.49025000,1767830399999,1311906952.97497360,4340252,6714.86954000,616889466.14819760,0
2026-01-08,91364.16000000,91687.99000000,89311.00000000,91099.99,16132.79117000,1767916799999,1460622501.20738820,4923472,8192.07574000,741768676.97519140,0
2026-01-09,91100.00000000,92082.55000000,89694.66000000,90641.28,15590.27939000,1768003199999,1416907180.18704820,4155703,8512.43270000,773999739.23753360,0
2026-01-10,90641.27000000,90832.00000000,90404.00000000,90504.7,3104.11722000,1768089599999,281321375.48029810,766357,1551.97383000,140664759.40958690,0
2026-01-11,90504.70000000,91283.89000000,90236.00000000,91013.65,5477.13594000,1768175999999,497245863.93194990,1282029,2868.36168000,260447706.80887160,0
2026-01-12,91013.66000000,92519.95000000,90128.44000000,91296.2,16188.08268000,1768262399999,1479964862.26930640,4099509,8092.54280000,740004800.18072220,0
2026-01-13,91296.20000000,96495.00000000,91042.66000000,95414.0,23021.51482000,1768348799999,2149770801.11770380,5025071,12405.23056000,1159067162.24898290,0
2026-01-14,95413.99000000,97924.49000000,94559.28000000,96951.78,22851.89428000,1768435199999,2201535821.64861470,5346212,11974.98829000,1154415462.59730280,0
2026-01-15,96951.78000000,97193.34000000,95134.48000000,95604.8,21725.81369000,1768521599999,2093008182.84373360,4493095,10841.32767000,1045103063.11148480,0
2026-01-16,95604.81000000,95871.47000000,94293.46000000,95550.94,11167.71460000,1768607999999,1064019408.07725140,2971559,5055.06952000,481723178.08146790,0
2026-01-17,95550.94000000,95639.45000000,95021.67000000,95147.77,4280.80137000,1768694399999,408161941.67190790,1020527,2059.85283000,196399075.97097010,0
2026-01-18,95147.77000000,95531.12000000,93615.40000000,93673.14,6895.17819000,1768780799999,654773743.26771180,1488785,3107.35604000,295217762.82127930,0
2026-01-19,93673.14000000,93673.14000000,91910.20000000,92631.0,14295.52747000,1768867199999,1326770336.04904700,3359066,6906.84245000,640981004.89581220,0
2026-01-20,92630.99000000,92870.00000000,87895.98000000,88427.66,22007.32610000,1768953599999,1989676668.59417830,6064031,9629.19624000,870936424.13909420,0
2026-01-21,88427.66000000,90574.00000000,87263.53000000,89454.73,20617.50372000,1769039999999,1837708115.35970330,6419053,10265.21302000,915531751.08220060,0
2026-01-22,89454.73000000,90359.99000000,88515.37000000,89559.67,10825.50492000,1769126399999,969910623.35598860,3743412,5529.54766000,495598490.52278970,0
2026-01-23,89559.68000000,91224.99000000,88578.36000000,89600.26,13918.48919000,1769212799999,1248772265.67884300,4619907,6911.17668000,620204414.13235400,0
2026-01-24,89600.26000000,89957.39000000,89162.08000000,89225.34,4226.56737000,1769299199999,378464146.09188120,959854,1835.96939000,164401193.43969370,0
2026-01-25,89225.34000000,89319.13000000,86074.72000000,86670.36,14426.22019000,1769385599999,1264233689.84158100,3720178,6269.27657000,549304584.56739540,0
2026-01-26,86670.36000000,88860.00000000,86509.63000000,88347.08,17766.51453000,1769471999999,1560135758.98921480,4798083,9428.94206000,827914390.69498980,0
2026-01-27,88347.08000000,89523.16000000,87304.33000000,89250.0,13125.40425000,1769558399999,1160026853.58950320,3787336,6722.86937000,594388596.05727970,0
2026-01-28,89249.99000000,90600.00000000,88833.65000000,89299.99,14332.18502000,1769644799999,1283919840.85147180,4385791,7015.44336000,628761031.31513640,0
2026-01-29,89300.00000000,89348.00000000,83383.33000000,84650.16,30431.38201000,1769731199999,2610381587.91000350,5598749,12385.58906000,1062920384.07601880,0
2026-01-30,84650.16000000,84735.75000000,81118.00000000,84260.49,35195.84793000,1769817599999,2918624066.48183200,8998829,16749.59784000,1389486785.10668100,0
2026-01-31,84260.50000000,84270.02000000,75719.90000000,78741.09,39491.89133000,1769903999999,3155264093.62304410,7384976,17959.61358000,1435120245.98269650,0
2026-02-01,78741.10000000,79424.00000000,75700.00000000,76968.21,25395.48168000,1769990399999,1974920557.04738660,8001906,12031.74392000,936095742.74021720,0
2026-02-02,76968.22000000,79360.00000000,74604.00000000,78738.61,42273.59016000,1770076799999,3260752444.46132960,10085578,21480.45115000,1658977441.22344040,0
2026-02-03,78738.60000000,79186.81000000,72945.50000000,75770.21,39120.10889000,1770163199999,2986903008.57479190,9199445,17304.88253000,1324119396.43603960,0
2026-02-04,75770.21000000,76971.52000000,71888.00000000,73165.83,38375.36000000,1770249599999,2852834631.53914640,10724002,17274.35569000,1284664768.82907250,0
2026-02-05,73165.84000000,73341.18000000,62345.00000000,62909.86,106298.82899000,1770335999999,7198745594.28069360,15364010,49042.65006000,3325749503.03323960,0
2026-02-06,62909.87000000,71751.33000000,60000.00000000,70580.26,92539.21531000,1770422399999,6134056670.61150540,13228528,49477.51198000,3288426149.28068820,0
2026-02-07,70580.26000000,71690.07000000,67300.00000000,69289.38,44255.48036000,1770508799999,3058983879.06915240,7167427,18766.22233000,1298989823.42944090,0
2026-02-08,69289.37000000,72271.41000000,68888.00000000,70330.38,21420.53168000,1770595199999,1510003758.65284210,4870449,11435.75238000,805898867.28181970,0
2026-02-09,70330.38000000,71453.53000000,68308.00000000,70138.0,29152.72842000,1770681599999,2038959539.42097760,6644769,13854.63486000,969001616.68297280,0
2026-02-10,70138.00000000,70527.59000000,67800.00000000,68841.29,20373.77072000,1770767999999,1408623623.35992530,4558658,9237.21056000,638739950.25352550,0
2026-02-11,68841.28000000,69292.88000000,65756.00000000,67082.52,28718.24602000,1770854399999,1930513947.54411460,6956577,14335.50997000,963903748.26948730,0
2026-02-12,67082.52000000,68410.52000000,65118.00000000,66272.17,24271.74283000,1770940799999,1622162145.33420660,6778280,12101.72511000,809418852.07336170,0
2026-02-13,66272.17000000,69482.97000000,65872.46000000,68853.96,20244.54955000,1771027199999,1371286022.33005480,6450842,10425.24887000,706766540.61685410,0
2026-02-14,68853.97000000,70560.01000000,68730.13000000,69822.95,18114.78393000,1771113599999,1260259314.36002640,3803163,7857.93423000,546756073.26494120,0
2026-02-15,69822.94000000,70983.00000000,68000.00000000,68832.58,22290.05208000,1771199999999,1545094572.13681450,4598633,8861.59262000,615733099.12089960,0
2026-02-16,68832.59000000,70126.67000000,67294.11000000,68892.43,15515.76534000,1771286399999,1062797918.25359710,5233849,8153.43140000,558909191.76749180,0
2026-02-17,68892.43000000,69241.50000000,66621.06000000,67503.52,16489.06921000,1771372799999,1117987651.29481200,5994853,7538.45107000,511426190.89324030,0
2026-02-18,67503.52000000,68476.22000000,65870.00000000,66461.0,15492.43839000,1771459199999,1040493524.65212360,4548997,7895.05707000,530458178.13856490,0
2026-02-19,66461.00000000,67320.00000000,65631.83000000,67003.73,14542.26988000,1771545599999,968863572.78215260,4679351,7106.70741000,473456223.07210710,0
2026-02-20,67003.73000000,68318.39000000,66280.20000000,68020.01,35351.87091000,1771631999999,2378079150.56784730,5044912,15001.46034000,1010970043.14524130,0
2026-02-21,68020.00000000,68698.70000000,67534.69000000,67975.93,8032.84131000,1771718399999,547592078.84719890,1593539,4003.46206000,272919692.67728000,0
2026-02-22,67975.93000000,68245.00000000,67190.00000000,67643.4,8175.13484000,1771804799999,553613335.57741360,2160900,3974.29287000,269081093.61093830,0
2026-02-23,67643.39000000,67684.86000000,63888.79000000,64656.02,33075.90923000,1771891199999,2158158656.12151660,8268695,16388.63858000,1069328860.05896250,0
2026-02-24,64656.01000000,65026.75000000,62510.28000000,64058.15,23102.83622000,1771977599999,1469512159.71993510,7553629,11150.61026000,709235431.91769840,0
2026-02-25,64058.15000000,69988.83000000,63913.27000000,67988.04,30749.99259000,1772063999999,2064089702.84443500,7096715,16382.91985000,1098904977.00827200,0
2026-02-26,67988.04000000,68860.00000000,66500.00000000,67485.18,20737.77792000,1772150399999,1404774665.56456080,5426137,10172.50047000,689304052.45306700,0
2026-02-27,67485.19000000,68216.80000000,64914.46000000,65872.1,21228.58424000,1772236799999,1412033823.56197280,3856064,10107.20917000,671986242.52466200,0
2026-02-28,65872.09000000,67760.00000000,63030.00000000,66973.26,22548.71649000,1772323199999,1462864408.26156650,5268514,11531.10802000,748190390.43238220,0
2026-03-01,66973.26000000,68199.99000000,65056.00000000,65776.47,23201.85859000,1772409599999,1545783742.90620010,5312013,11209.77201000,747161922.84846160,0
2026-03-02,65776.48000000,70096.00000000,65259.21000000,68830.06,32010.38431000,1772495999999,2164578841.84591730,8397526,15335.91369000,1037871544.54815050,0
2026-03-03,68830.06000000,69258.08000000,66158.00000000,68338.0,24972.24180000,1772582399999,1691848669.94301820,7648119,12331.62200000,835461016.09469440,0
2026-03-04,68338.01000000,74050.00000000,67400.00000000,72666.77,44919.07610000,1772668799999,3202864447.63246060,8618302,23641.35243000,1685099057.93017800,0
2026-03-05,72666.77000000,73558.15000000,70645.47000000,70890.72,26590.51253000,1772755199999,1917514690.38783410,6709160,12299.51467000,886773462.47277710,0
2026-03-06,70891.02000000,71419.98000000,67744.78000000,68114.02,22629.88722000,1772841599999,1574601198.87488800,5302899,10464.09351000,728091757.78221270,0
2026-03-07,68114.02000000,68551.04000000,66915.26000000,67262.91,12719.54315000,1772927999999,861729861.85304880,2067476,5910.76849000,400477518.35669130,0
2026-03-08,67262.91000000,68200.00000000,65618.49000000,65971.2,21593.63901000,1773014399999,1447522160.31545460,3028392,11268.64926000,755732359.16967190,0
2026-03-09,65971.20000000,69516.65000000,65821.97000000,68432.16,28896.72130000,1773100799999,1967622051.44968020,5093667,14101.45378000,960195772.91590640,0
2026-03-10,68432.16000000,71777.00000000,68391.41000000,69948.63,32602.57726000,1773187199999,2292525621.44052050,5176064,16453.82839000,1157238967.10044540,0
2026-03-11,69948.64000000,71321.00000000,68977.91000000,70191.86,27249.27542000,1773273599999,1911300596.23416780,4759855,14015.31615000,982971805.59972250,0
2026-03-12,70191.86000000,70800.00000000,69205.91000000,70541.34,21997.16050000,1773359999999,1540745224.51010620,4344059,10545.03396000,738758111.89891770,0
2026-03-13,70541.34000000,73913.74000000,70386.01000000,70930.0,35996.61678000,1773446399999,2591768526.29614710,5312490,18310.34260000,1319530652.95863130,0
2026-03-14,70930.01000000,71307.92000000,70317.00000000,71211.95,13017.24737000,1773532799999,921308630.94627690,1661739,6242.10104000,441895405.35856250,0
2026-03-15,71211.95000000,73199.00000000,70858.82000000,72815.24,14037.30704000,1773619199999,1007334955.24365140,2509013,7307.01776000,524440519.76277650,0
2026-03-16,72815.25000000,74909.08000000,72270.41000000,74884.67,28409.53019000,1773705599999,2095859511.56486360,5396482,15204.22255000,1122045159.19947890,0
2026-03-17,74884.67000000,76000.00000000,73399.19000000,73909.36,24521.26636000,1773791999999,1825976731.33267320,4863187,11791.25230000,878396858.78088600,0
2026-03-18,73909.37000000,74672.34000000,70500.00000000,71246.54,23392.88093000,1773878399999,1692949838.97774240,4733897,11709.17057000,847905482.69725620,0
2026-03-19,71246.55000000,71613.79000000,68793.35000000,69930.0,22364.81819000,1773964799999,1566573949.86041240,4972526,10489.13676000,734634623.28738830,0
2026-03-20,69930.01000000,71367.00000000,69388.00000000,70510.73,18121.16745000,1774051199999,1273812840.68867040,4369971,8801.41211000,618781938.22681490,0
2026-03-21,70510.73000000,71100.94000000,68571.42000000,68918.12,13397.16750000,1774137599999,942693882.02642400,1640086,6379.69313000,449156360.93415470,0
2026-03-22,68918.12000000,69588.79000000,67360.66000000,67859.0,14843.78682000,1774223999999,1018926475.31969740,3269152,7292.32333000,500700088.25183490,0
2026-03-23,67859.00000000,71817.09000000,67445.18000000,70906.45,28335.09119000,1774310399999,1980755169.23169410,6509730,14640.97230000,1022970775.45578170,0
2026-03-24,70906.45000000,71400.00000000,68923.07000000,70556.74,20702.42244000,1774396799999,1455361229.20996450,4191328,9731.85043000,684254039.29491270,0
2026-03-25,70556.74000000,72026.09000000,70408.00000000,71336.53,17719.50066000,1774483199999,1261017988.53943220,3298902,8819.77787000,627874982.89216630,0
2026-03-26,71336.53000000,71436.82000000,68153.00000000,68820.31,20820.45768000,1774569599999,1447699734.33983910,3597702,10116.39467000,703650001.59011960,0
2026-03-27,68820.31000000,69179.05000000,65548.25000000,66407.28,28603.69557000,1774655999999,1917318222.70991300,4159306,14568.62853000,976680026.26568100,0
2026-03-28,66407.28000000,67288.94000000,65932.09000000,66377.03,11462.39847000,1774742399999,762676255.44706050,1687368,5753.04124000,382921412.22384880,0
2026-03-29,66377.04000000,67130.50000000,65000.00000000,66010.93,10052.85584000,1774828799999,667003517.60598700,2146177,4769.42832000,316674097.35018690,0
2026-03-30,66010.93000000,68169.65000000,65800.59000000,66797.37,18353.38975000,1774915199999,1234617690.89207520,3902849,9155.91893000,615747978.85138090,0
2026-03-31,66797.38000000,68589.49000000,65998.05000000,68284.48,22105.40662000,1775001599999,1490168487.45487460,4846820,10726.18262000,723378692.76676190,0
2026-04-01,68284.49000000,69310.00000000,67578.75000000,68113.92,19020.18990000,1775087999999,1301708227.07452430,3741910,9702.49844000,664126033.92691320,0
2026-04-02,68113.92000000,68653.38000000,65712.12000000,66901.99,20203.47916000,1775174399999,1349223461.52705720,4189133,10090.65620000,673815463.87575050,0
2026-04-03,66901.99000000,67370.42000000,66282.00000000,66964.3,11429.13131000,1775260799999,763535606.97778810,2023104,5535.26988000,369859409.32271770,0
2026-04-04,66964.29000000,67562.93000000,66775.91000000,67300.42,7373.51613000,1775347199999,494932017.42324420,1356179,3701.32932000,248489879.99590240,0
2026-04-05,67300.42000000,69136.20000000,66611.66000000,69034.18,11733.46752000,1775433599999,791661977.32345030,2106257,5791.55692000,391091472.13861220,0
2026-04-06,69034.18000000,70351.46000000,68300.00000000,68853.66,20281.61044000,1775519999999,1408020173.09616270,4695523,10149.79257000,704797801.63839920,0
2026-04-07,68853.66000000,72761.00000000,67732.01000000,71924.22,23750.49661000,1775606399999,1649637855.84269690,4871706,12465.18271000,866730089.23104340,0
2026-04-08,71924.22000000,72857.00000000,70707.23000000,71069.93,19802.68627000,1775692799999,1418484188.05212380,3843988,9570.20189000,685666276.83883080,0
2026-04-09,71069.93000000,73145.00000000,70466.00000000,71787.97,18158.42159000,1775779199999,1300323816.00933610,3773025,9604.31771000,687990251.04316700,0
2026-04-10,71787.98000000,73434.00000000,71426.15000000,72962.7,17372.63288000,1775865599999,1259195636.05566300,3176308,8819.74841000,639705902.50139630,0
2026-04-11,72962.71000000,73790.00000000,72513.09000000,73043.16,9070.94374000,1775951999999,662437113.70967020,1472041,4673.47605000,341269009.99304180,0
2026-04-12,73043.16000000,73137.24000000,70505.88000000,70740.98,13472.46801000,1776038399999,962825891.81659110,2068779,6326.31289000,451853887.81102090,0
2026-04-13,70741.56000000,74900.00000000,70566.99000000,74417.99,24230.21625000,1776124799999,1753370318.18416590,3673539,12639.79905000,914783773.85117860,0
2026-04-14,74418.00000000,76038.00000000,73795.47000000,74131.55,26532.94456000,1776211199999,1982728989.60721990,4033448,13313.88956000,995694440.99898930,0
2026-04-15,74131.55000000,75425.00000000,73514.00000000,74809.99,14425.04167000,1776297599999,1071448612.53702190,3187792,7014.01981000,521112265.17116580,0
2026-04-16,74809.99000000,75534.76000000,73309.85000000,75154.29,17088.68777000,1776383999999,1274894123.74961140,3581890,8601.69794000,641950287.24821900,0
2026-04-17,75154.28000000,78333.00000000,74529.40000000,77072.0,25941.36694000,1776470399999,1987343208.84067000,4931167,14435.47730000,1106587361.00453950,0
2026-04-18,77072.01000000,77420.08000000,75445.16000000,75691.76,9141.84456000,1776556799999,698008567.93400730,1941112,4333.78362000,330918112.55196630,0
2026-04-19,75691.76000000,76240.66000000,73762.90000000,73801.79,11369.82232000,1776643199999,854915370.44079150,2739751,5458.61875000,410654487.05263240,0
2026-04-20,73801.80000000,76558.62000000,73724.31000000,75840.97,16993.41034000,1776729599999,1280503914.37107510,3563591,8812.70109000,664069175.96571890,0
2026-04-21,75840.97000000,76927.57000000,74821.57000000,76336.15,14912.57132000,1776815999999,1132118272.55831110,3616213,7672.96288000,582659654.91385480,0
2026-04-22,76336.14000000,79472.82000000,76132.95000000,78178.23,19737.51225000,1776902399999,1543732085.54633380,3757077,10376.12434000,811313167.07036700,0
2026-04-23,78178.22000000,78662.50000000,76960.00000000,78257.48,16970.79501000,1776988799999,1321349698.35424610,3571796,7760.75572000,604322134.30780950,0
2026-04-24,78257.48000000,78581.93000000,77264.08000000,77437.13,12675.14315000,1777075199999,986932564.60019650,2581973,6148.06393000,478778657.35331100,0
2026-04-25,77437.13000000,77885.35000000,77140.23000000,77625.0,5685.11420000,1777161599999,440684004.34515350,806542,2999.85355000,232567740.81986930,0
2026-04-26,77625.00000000,78961.00000000,77326.51000000,78657.55,7963.56162000,1777247999999,621991973.48480000,1476971,3981.86566000,311149594.60716610,0
2026-04-27,78657.55000000,79485.66000000,76459.64000000,77371.32,16046.92418000,1777334399999,1247833550.08419230,2982889,7712.53219000,600122422.59277340,0
2026-04-28,77371.32000000,77478.00000000,75666.60000000,76342.77,13210.72383000,1777420799999,1010412673.55502120,2352446,6518.95469000,498681416.19895180,0
2026-04-29,76342.78000000,77904.93000000,74937.52000000,75780.0,18279.93022000,1777507199999,1399735858.34552810,3032890,9680.02112000,741279741.51876170,0
2026-04-30,75780.00000000,76669.14000000,75323.65000000,76346.57,10381.81607000,1777593599999,790584591.68915400,2569480,5585.19124000,425311383.20183240,0
2026-05-01,76346.58000000,78914.12000000,76320.42000000,78231.13,17315.46502000,1777679999999,1347837835.91956420,2388458,8322.98012000,647849577.80834750,0
2026-05-02,78231.13000000,79199.48000000,78040.00000000,78686.85,6150.87642000,1777766399999,482238389.44940980,936143,3297.03958000,258534491.67396600,0
2026-05-03,78686.84000000,79447.00000000,78084.08000000,78568.57,7425.79290000,1777852799999,584294330.45162860,1352474,3464.91412000,272683292.16937500,0
2026-05-04,78568.58000000,80776.99000000,78202.00000000,79861.01,26042.96135000,1777939199999,2074174850.51143910,3734604,13351.64548000,1063054861.87825520,0
2026-05-05,79861.01000000,81791.48000000,79808.72000000,80905.52,16947.17995000,1778025599999,1374319029.23093610,2490930,8628.14977000,699849788.90645420,0
2026-05-06,80905.53000000,82850.00000000,80731.14000000,81447.01,18798.77396000,1778111999999,1535650624.76124830,2794707,9976.68805000,815009074.23021350,0
2026-05-07,81447.01000000,81708.32000000,79500.00000000,80006.0,16154.80338000,1778198399999,1300766382.10233390,2540329,7625.14879000,614218758.74733080,0
2026-05-08,80006.00000000,80500.00000000,79181.48000000,80193.17,16001.31009000,1778284799999,1278566045.41726180,2265372,8328.38654000,665600036.19246400,0
2026-05-09,80193.18000000,81080.00000000,80129.85000000,80678.4,7548.42177000,1778371199999,607596225.98642010,1002373,4032.72566000,324554540.32550520,0
2026-05-10,80678.41000000,82479.32000000,80279.77000000,82210.07,12034.31882000,1778457599999,977223714.26347450,1801608,6395.89660000,519505191.51513650,0
2026-05-11,82210.07000000,82380.00000000,80462.97000000,81745.65,12951.76056000,1778543999999,1053193670.87575560,2576396,6132.37349000,498860919.49640370,0
2026-05-12,81745.66000000,81788.00000000,79843.59000000,80504.47,12386.25676000,1778630399999,1000180167.44067700,2345137,5716.20385000,461739840.08680080,0
2026-05-13,80504.47000000,81324.64000000,78754.65000000,79313.61,14810.05643000,1778716799999,1184929842.86882360,2350570,7161.64182000,573129996.83419500,0
2026-05-14,79313.61000000,82048.13000000,78922.00000000,81089.99,19727.86807000,1778803199999,1590656475.01879700,3101046,10750.20775000,867205459.83469430,0
2026-05-15,81090.00000000,81664.45000000,78659.00000000,79113.21,17351.27079000,1778889599999,1387152674.36886820,3184114,8333.17845000,666666033.91599590,0
2026-05-16,79113.20000000,79227.77000000,77640.00000000,78148.05,12132.86192000,1778975999999,949890656.65885100,1597661,5776.31138000,452258189.43534810,0
2026-05-17,78148.05000000,78599.99000000,76735.16000000,77457.67,8442.70220000,1779062399999,658061481.64485200,1570433,3897.86770000,303858886.90872100,0
2026-05-18,77457.67000000,77800.00000000,76051.00000000,77001.87,18745.51678000,1779148799999,1439862031.89197120,3529328,8916.45791000,684998988.32531620,0
2026-05-19,77001.88000000,77414.62000000,76144.71000000,76834.36,11024.85978000,1779235199999,846904378.30780350,2315121,5680.77448000,436435106.06206760,0
2026-05-20,76834.36000000,77853.04000000,76516.74000000,77552.23,11296.26307000,1779321599999,873091271.47163510,2437754,5606.16242000,433402000.23130960,0
2026-05-21,77552.24000000,78200.00000000,76719.47000000,77615.52,11318.25841000,1779407999999,878168697.22774920,2473146,5765.00854000,447290745.14125320,0
2026-05-22,77615.52000000,77900.00000000,75359.18000000,75539.5,11272.36134000,1779494399999,866200460.91045950,2370783,5204.99076000,400374654.60944890,0
2026-05-23,75539.50000000,77404.18000000,74289.60000000,76752.01,15086.88814000,1779580799999,1138996605.77381600,2103536,7738.58719000,584406871.69029830,0
2026-05-24,76752.00000000,77543.15000000,76108.00000000,77064.96,8398.00156000,1779667199999,644925517.61131600,1612969,4513.13276000,346628082.28819410,0
2026-05-25,77064.96000000,77905.52000000,76914.25000000,77322.01,7672.32197000,1779753599999,593868004.99759730,1778509,3644.38154000,282126295.70740950,0
2026-05-26,77322.01000000,78080.00000000,75677.97000000,75930.01,16953.47629000,1779839999999,1299609317.69759170,3360745,7867.04050000,603376144.87671510,0
2026-05-27,75930.01000000,76174.15000000,74243.99000000,74449.3,16877.77483000,1779926399999,1270680262.90882430,3367068,7990.81792000,601880855.35209910,0
2026-05-28,74449.31000000,74590.77000000,72582.82000000,73617.51,21274.02026000,1780012799999,1560808525.50727460,3799713,11285.37807000,828070542.05123320,0
2026-05-29,73617.52000000,74514.10000000,72512.49000000,73460.78,18686.74141000,1780099199999,1376106492.90642700,2897318,10668.37212000,786121889.89003700,0
2026-05-30,73460.78000000,74143.76000000,73216.00000000,73884.38,7515.40909000,1780185599999,553989386.11152070,1124406,4118.11087000,303592073.26730630,0
2026-05-31,73884.38000000,74275.66000000,73400.00000000,73674.39,6986.45707000,1780271999999,515907532.58919720,1363437,3407.47243000,251629752.08650940,0
2026-06-01,73674.39000000,74092.00000000,70686.68000000,71408.9,23921.09184000,1780358399999,1723958338.68287760,4237773,11600.30396000,835109172.11680740,0
2026-06-02,71408.90000000,71408.90000000,66193.00000000,66760.83,32858.19586000,1780444799999,2253348577.98312800,6250677,15675.49150000,1074442481.84573250,0
2026-06-03,66760.84000000,67516.00000000,64092.49000000,64142.75,30138.30650000,1780531199999,1998349981.89294380,6676358,14567.29572000,967367597.54736620,0
2026-06-04,64142.75000000,64764.32000000,61383.56000000,63885.99,43577.17571000,1780617599999,2759349733.48938320,9057976,20172.82504000,1278141865.02682960,0
2026-06-05,63885.99000000,63978.00000000,59130.91000000,61056.47,55027.28807000,1780703999999,3379021750.50332800,11658856,24879.51775000,1529682071.47000020,0
2026-06-06,61056.47000000,61530.05000000,59500.00000000,60884.62,19795.58877000,1780790399999,1202325958.46823350,5000874,9473.55921000,575481185.89109590,0
2026-06-07,60884.62000000,64234.68000000,60746.00000000,63332.01,26612.10443000,1780876799999,1656650772.81370800,4752461,14156.31067000,882490717.57647540,0
2026-06-08,63332.01000000,64200.00000000,62408.00000000,63085.99,23053.38624000,1780963199999,1462563286.75122030,4887564,11227.99606000,712684502.06538240,0
2026-06-09,63086.00000000,63526.01000000,60780.00000000,61730.0,21636.21959000,1781049599999,1347322049.16234040,4347332,10357.23644000,645037339.54562680,0
2026-06-10,61730.00000000,62857.99000000,60755.00000000,61510.99,15998.71652000,1781135999999,986710883.58937470,4655686,7714.59491000,475908655.44227750,0
2026-06-11,61510.99000000,63933.02000000,61510.99000000,63625.99,17380.94642000,1781222399999,1093211866.43388520,3446803,8975.49366000,564559048.55862310,0
2026-06-12,63626.00000000,64394.44000000,62829.81000000,63580.01,16397.05240000,1781308799999,1042661512.67960390,3154052,8373.87233000,532498396.62715990,0
2026-06-13,63580.00000000,64762.77000000,63418.66000000,64458.01,9960.74163000,1781395199999,637302050.48679330,1489009,5326.34918000,340833402.14969990,0
2026-06-14,64458.01000000,65800.00000000,63678.83000000,65746.45,13203.03375000,1781481599999,853654539.26383020,2060901,6966.04602000,450843680.32074270,0
2026-06-15,65746.45000000,67292.15000000,65354.00000000,66328.74,18559.80102000,1781567999999,1230675240.53797410,3140494,8827.32403000,585352821.94932690,0
2026-06-16,66328.74000000,66992.00000000,65360.92000000,65675.01,14302.05801000,1781654399999,945125184.25184060,2964629,6709.60119000,443519254.49336060,0
2026-06-17,65675.02000000,66445.93000000,63915.77000000,64509.4,19048.65409000,1781740799999,1242898548.08223530,3933123,9344.30808000,609795592.73651740,0
2026-06-18,64509.40000000,64806.00000000,62272.07000000,62958.01,16935.59661000,1781827199999,1076015381.19240890,3573931,8148.66252000,517693581.06281080,0
2026-06-19,62958.01000000,63666.00000000,62316.44000000,63543.91,14247.42400000,1781913599999,896102952.77531740,2671918,6709.20964000,421981528.27389670,0
2026-06-20,63543.90000000,64388.00000000,63184.21000000,64298.01,9522.10324000,1781999999999,607077211.75574230,1970081,4669.85879000,297796699.61223290,0
2026-06-21,64298.01000000,64588.00000000,63270.00000000,63311.99,8034.66333000,1782086399999,514862175.73621230,1768294,3833.13382000,245702909.42023560,0
2026-06-22,63312.00000000,65622.83000000,63312.00000000,64020.01,15423.10851000,1782172799999,995034557.15634590,3521337,7677.53285000,495354694.74254000,0
2026-06-23,64020.01000000,64275.38000000,61938.00000000,62734.57,20222.99292000,1782259199999,1268093221.25023340,3626190,9113.26740000,571633628.75893690,0
2026-06-24,62734.57000000,63239.06000000,59102.70000000,61077.99,30678.28543000,1782345599999,1871885814.30789480,5367531,14451.45440000,882414090.56238450,0
2026-06-25,61078.00000000,61962.40000000,58115.01000000,59794.0,30386.00694000,1782431999999,1822854100.07008660,5683275,14406.15352000,865169997.77465570,0
2026-06-26,59794.64000000,60759.99000000,58337.00000000,60097.27,27403.55723000,1782518399999,1636102058.37781230,6019134,13907.49037000,831252961.00078270,0
2026-06-27,60097.27000000,60941.17000000,59855.16000000,60029.0,9587.22916000,1782604799999,578765263.06984560,1763416,5067.92650000,305951190.25869870,0
2026-06-28,60029.01000000,60545.01000000,58905.00000000,59577.01,8907.13796000,1782691199999,533333220.81111670,2299232,4290.64588000,257041890.36057810,0
2026-06-29,59577.01000000,60780.57000000,58900.01000000,60260.21,20203.14178000,1782777599999,1210648237.74401550,4884336,10334.16227000,619595248.52552690,0
2026-06-30,60260.20000000,60276.54000000,58201.00000000,58624.71,19639.82787000,1782863999999,1157911191.48935650,3804809,8879.55126000,523471695.13157440,0
2026-07-01,58624.71000000,61334.00000000,57800.19000000,60024.0,25093.44662000,1782950399999,1491051306.81895120,4166849,12936.11295000,769788015.53048130,0
2026-07-02,60024.00000000,62200.00000000,59588.00000000,61560.0,21382.14163000,1783036799999,1308156569.72009190,3883096,11394.85517000,697154441.64965100,0
2026-07-03,61560.00000000,62979.86000000,61248.86000000,62583.26,14048.98627000,1783123199999,870359931.58328490,2571531,7249.98683000,449356592.07945980,0
2026-07-04,62583.26000000,63461.99000000,62328.24000000,63144.01,9139.82740000,1783209599999,574233846.08260510,1643288,4753.53597000,298756917.62605280,0
2026-07-05,63144.01000000,63999.00000000,62436.59000000,63650.0,9172.07758000,1783295999999,577866444.60744400,1790183,4565.93641000,287772291.72139260,0
2026-07-06,63650.01000000,64700.00000000,61306.84000000,64042.02,21435.28437000,1783382399999,1347956046.40322690,3777895,11556.55192000,725800060.88856190,0
2026-07-07,64042.93000000,64314.00000000,62671.39000000,63363.99,16834.20823000,1783468799999,1069267686.88860920,3282102,8128.20476000,516256287.15832790,0
2026-07-08,63364.00000000,63761.99000000,61544.56000000,62290.0,18620.09796000,1783555199999,1160087170.62003580,3598487,8338.57026000,519456686.00951760,0
2026-07-09,62290.01000000,63500.00000000,61705.29000000,63230.0,16742.80672000,1783641599999,1050849813.26948410,3176050,7922.48357000,497503064.96286540,0
2026-07-10,63230.01000000,64692.83000000,62926.01000000,64161.72,17589.00122000,1783727999999,1126097961.00205100,2927425,8727.50290000,558839184.58507300,0
2026-07-11,64161.72000000,64504.11000000,63819.00000000,63819.0,9151.97432000,1783814399999,587469874.56680870,1406178,3908.28562000,250875418.84110930,0
2026-07-12,63819.01000000,64290.11000000,63640.83000000,63780.0,13914.83703000,1783900799999,889938572.36794330,1919605,6757.00737000,432156662.98307140,0
2026-07-13,63780.00000000,64425.00000000,61824.97000000,62334.52,21682.50204000,1783987199999,1361096729.95104340,3349712,9861.43724000,618891429.73544790,0
2026-07-14,62334.52000000,65100.00000000,62272.20000000,65043.98,20552.41384000,1784073599999,1310854500.68053040,3080945,10847.48978000,692544328.07133690,0
2026-07-15,65043.99000000,65600.00000000,64485.00000000,64756.28,18401.89741000,1784159999999,1195648323.76851840,2668919,9009.48362000,585447811.84487810,0
2026-07-16,64756.28000000,64997.52000000,63748.74000000,63830.2,18764.52679000,1784246399999,1206498386.37719370,2813481,9007.30607000,579112000.22671970,0
2026-07-17,63830.20000000,64387.99000000,62537.56000000,63931.67,18189.89389000,1784332799999,1152546029.34025150,3239296,8618.43801000,545926712.67857150,0
2026-07-18,63931.67000000,64865.00000000,63886.65000000,64834.22,8031.18012000,1784419199999,515954648.68636990,1088701,4100.21428000,263412780.44647870,0
2026-07-19,64834.21000000,64967.25000000,64280.00000000,64722.54,8379.91474000,1784505599999,541559101.91299460,1464337,4281.97001000,276728781.26507170,0
2026-07-20,64722.55000000,65799.00000000,63100.00000000,65255.51,21323.48702000,1784591999999,1379182710.26304440,3606847,10104.82668000,654547128.90542850,0
2026-07-21,65255.51000000,66956.15000000,65148.75000000,66556.16,18618.28087000,1784678399999,1232802690.07421990,3005241,9545.80868000,632017323.47323100,0
2026-07-22,66556.15000000,66739.89000000,65553.67000000,66114.49,18074.86602000,1784764799999,1193958918.30683200,3381825,8854.46937000,585011981.67154300,0
2026-07-23,66114.50000000,66313.14000000,64650.00000000,65098.97,14698.22673000,1784851199999,959991207.46039400,2557299,7036.32429000,459602971.04271410,0
2026-07-24,65098.98000000,65808.59000000,63739.75000000,64139.99,16821.27180000,1784937599999,1086879409.16405160,2467691,8133.22286000,525535644.02044620,0
2026-07-25,64140.00000000,64475.28000000,63810.00000000,64375.0,8863.05030000,1785023999999,568282056.08358410,1005338,4621.49495000,296311657.92594380,0
2026-07-26,64375.01000000,65577.00000000,64293.81000000,65399.99,7933.06089000,1785110399999,513834097.46235940,1138023,4091.47971000,265047345.63367550,0
2026-07-27,65400.00000000,65744.60000000,63605.56000000,63755.86,14791.90543000,1785196799999,961311197.98538680,2921636,6694.82928000,435156822.31787570,0
2026-07-28,63755.86000000,64100.00000000,62742.47000000,63915.0,13889.82996000,1785283199999,881901504.49362390,2679943,7070.02830000,449032421.85857520,0
2026-07-29,63915.00000000,64744.81000000,63267.34000000,63984.28,16780.11912000,1785369599999,1075624907.64993810,3615294,8931.61763000,572491996.78194980,0
2026-07-30,63984.29000000,65176.60000000,63603.92000000,64780.02,17131.58486000,1785455999999,1104856756.92441380,3246691,8996.19220000,580226535.02641050,0
2026-07-31,64780.03000000,65409.56000000,62466.00000000,62887.88,20475.60686000,1785542399999,1302023180.89668250,2740238,9659.56143000,614195527.41951000,0
2026-08-01,62887.88000000,63150.00000000,62275.00000000,62823.64,7563.08904000,1785628799999,475812069.76235600,831983,3772.23898000,237336841.66406610,0
2026-08-02,62823.65000000,63796.33000000,62806.58000000,63570.0,8387.01154000,1785715199999,531238376.42127370,1286064,4566.33112000,289282425.13673770,0
2026-08-03,63570.01000000,64080.00000000,62300.00000000,63520.0,15543.29743000,1785801599999,983698515.95577920,2494364,7987.90387000,505558159.39526640,0
2026-08-04,63520.00000000,64549.16000000,63322.01000000,64106.56,13690.47909000,1785887999999,875057683.29647230,2388039,7360.46366000,470519870.70858920,0
2026-08-05,64106.55000000,65025.22000000,63880.00000000,64665.23,12742.85528000,1785974399999,820929974.25524970,2402227,6522.48250000,420180741.60884970,0
2026-08-06,64665.24000000,64999.00000000,64172.00000000,64323.61,9864.43284000,1786060799999,637366646.71670770,2087951,4666.15261000,301530716.38684180,0
2026-08-07,64323.61000000,65390.99000000,64166.00000000,64923.19,11807.40403000,1786147199999,765604113.53555880,2283383,5639.26621000,365759790.12034750,0
2026-08-08,64923.20000000,65192.54000000,64784.19000000,64962.6,5760.14298000,1786233599999,374451358.83061990,540447,2810.00611000,182668411.39869090,0
2026-08-09,64962.60000000,65474.46000000,64730.08000000,64901.59,7031.23606000,1786319999999,457366207.40422350,803981,3207.32922000,208616902.93426420,0
2026-08-10,64901.59000000,65391.14000000,63806.27000000,63970.01,13638.40877000,1786406399999,880502559.65311250,2054347,6946.62767000,448395344.72269970,0
2026-08-11,63970.01000000,64515.43000000,63238.00000000,63600.0,12891.63248000,1786492799999,823992195.66591810,1660517,6363.01318000,406580591.52596730,0
2026-08-12,63600.01000000,64500.00000000,63310.34000000,63479.99,13627.06822000,1786579199999,868963134.22856060,1990499,6993.82626000,445813941.04264210,0
2026-08-13,63479.99000000,64010.00000000,62802.27000000,63490.86,10793.85853000,1786665599999,685844694.24948480,2078777,5588.30192000,355148234.43938670,0
2026-08-14,63490.86000000,63617.45000000,62535.24000000,63043.56,12340.82899000,1786751999999,777408844.70579770,2184530,6678.27723000,420633226.24807670,0
2026-08-15,63043.56000000,63187.98000000,62920.00000000,63086.01,5405.16038000,1786838399999,340890632.35788360,540313,3110.52011000,196180469.50074570,0
2026-08-16,63086.01000000,63390.00000000,62716.00000000,62900.0,4737.23135000,1786924799999,298698048.55513150,640294,2498.03555000,157497828.26996570,0
2026-08-17,62900.00000000,64610.01000000,62751.10000000,64532.1,14255.64713000,1787011199999,909366051.06852270,2111256,7186.91098000,458508023.19464200,0
2026-08-18,64532.11000000,65058.81000000,64027.85000000,64725.42,11789.91312000,1787097599999,759405329.82942150,1608019,5759.24912000,370988128.63305250,0
2026-08-19,64725.42000000,70000.00000000,64166.00000000,69334.79,29054.29976000,1787183999999,1954769139.09319090,4160596,15646.86527000,1052899268.55794110,0
2026-08-20,69334.78000000,73400.00000000,68902.22000000,73025.15,35904.79287000,1787270399999,2562053707.60998330,6249114,18144.94133000,1294796740.99114590,0
2026-08-21,73027.02000000,79500.00000000,73027.02000000,78338.03,44339.56568000,1787356799999,3401672760.03336090,8928944,23033.87661000,1766188726.33158330,0
2026-08-22,78338.03000000,78828.15000000,76500.00000000,77074.93,18524.50847000,1787443199999,1433768388.59723810,3950045,9413.19226000,728650560.29909650,0
2026-08-23,77074.94000000,78052.85000000,75545.67000000,77734.0,15367.23185000,1787529599999,1182628276.05943290,3627829,8207.35031000,631901958.23575150,0
2026-08-24,77734.00000000,80000.00000000,76670.01000000,78992.75,30179.29391000,1787615999999,2367960844.30284900,6334409,15033.99548000,1180076077.88272360,0
2026-08-25,78992.76000000,81272.62000000,77851.00000000,78539.14,24772.51394000,1787702399999,1972170530.27459760,6360202,12633.43254000,1006294174.85469470,0
2026-08-26,78539.13000000,79251.60000000,77632.58000000,79023.75,14613.75887000,1787788799999,1148236055.87923850,4284527,7299.27224000,573666484.09954990,0
2026-08-27,79023.75000000,80848.74000000,78546.13000000,80249.58,16265.53695000,1787875199999,1297370375.47347860,4932285,7358.50047000,587134078.76529430,0
2026-08-28,80249.59000000,81478.87000000,76888.00000000,77845.87,19756.43646000,1787961599999,1560927602.27894060,4822157,9300.40971000,735228439.30105630,0
2026-08-29,77845.88000000,78330.00000000,77382.37000000,78230.0,7016.30257000,1788047999999,545867984.84857770,1519886,3594.89663000,279676173.87169260,0
2026-08-30,78230.00000000,79400.00000000,77000.00000000,77682.0,9085.42405000,1788134399999,712506539.56446480,2404922,4314.34369000,338432867.34651110,0
2026-08-31,77682.00000000,79250.00000000,77392.00000000,78581.29,15303.90602000,1788220799999,1198158182.23741980,4354737,8150.63510000,638244851.35762190,0
2026-09-01,78581.30000000,79220.61000000,76420.00000000,77439.0,14130.63949000,1788307199999,1101387276.65132930,3662805,7128.14511000,555981558.22935560,0
2026-09-02,77439.01000000,77792.00000000,76264.00000000,77340.01,13070.97820000,1788393599999,1008333112.58752340,3312492,6647.38296000,512773293.69380870,0
2026-09-03,77340.01000000,82300.00000000,76968.00000000,81270.37,19806.42247000,1788479999999,1579639079.84716540,4460645,10841.35467000,864605005.48359890,0
2026-09-04,81270.37000000,81427.75000000,78660.00000000,79660.77,19198.62549000,1788566399999,1538393292.48454570,3417900,9282.35949000,744028777.52453620,0
2026-09-05,79660.77000000,80200.00000000,79442.00000000,79831.75,9117.24020000,1788652799999,727162100.16711130,1276050,4255.28225000,339348475.70742010,0
2026-09-06,79831.75000000,80107.99000000,79577.00000000,79973.55,4108.23400000,1788739199999,328207167.77084330,648269,1712.18568000,136800938.90315010,0
