date,coinbase_close,binance_close,premium_usd,premium_bps,premium_bps_ema7,premium_bps_ema30
2017-08-17,4280.01,4285.08,-5.069999999999709,-11.83175109916168,-11.83175109916168,-11.83175109916168
2017-08-18,4101.72,4108.37,-6.649999999999636,-16.18646811265667,-14.320160821158819,-14.081688222800757
2017-08-19,4157.41,4139.98,17.43000000000029,42.10165266498977,10.078461226905436,5.908015810211719
2017-08-20,4050.99,4086.29,-35.30000000000018,-86.3864287654581,-25.200127113158945,-19.52246697145476
2017-08-21,4002.0,4016.0,-14.0,-34.860557768924274,-28.36667032426768,-23.012253978496606
2017-08-22,4092.0,4040.0,52.0,128.71287128712882,19.405664279257717,6.670376736618719
2017-08-23,4143.49,4114.01,29.479999999999563,71.6575798308705,34.4809510369816,17.910336886979977
2017-08-24,4312.03,4316.01,-3.980000000000473,-9.221480024375062,22.33986361842683,13.6767988887012
2017-08-25,4360.0,4280.68,79.31999999999971,185.297662988122,66.38654469081514,38.21049911342194
2017-08-26,4344.32,4337.44,6.880000000000109,15.861890884947272,53.001629628077666,35.24806455688016
2017-08-27,4340.11,4310.01,30.099999999999454,69.83742497117085,57.39618302434255,39.54099138560195
2017-08-28,4384.99,4386.69,-1.699999999999818,-3.875359325595795,41.5772100812533,34.45560045380519
2017-08-29,4599.0,4587.48,11.520000000000437,25.111826100605583,37.36069113218112,33.41586235061834
2017-08-30,4581.98,4555.14,26.839999999999236,58.92244804769797,42.848919325698894,36.12734524483047
2017-08-31,4743.94,4724.89,19.049999999999272,40.31839894685252,42.20772059677354,36.55500458968583
2017-09-01,4947.99,4834.91,113.07999999999993,233.88232666171626,90.6115036638298,55.96222968893562
2017-09-02,4649.99,4472.14,177.84999999999945,397.684330096999,167.96114340043013,88.4708362832989
2017-09-03,4626.05,4509.08,116.97000000000025,259.40990179815105,190.95295416393313,104.24948875160011
2017-09-04,4498.25,4100.11,398.1400000000003,971.0471182480474,386.8046113362749,182.09652587002606
2017-09-05,4432.51,4366.47,66.03999999999996,151.24345294940778,327.726974030811,179.39397133979733
2017-09-06,4616.18,4619.77,-3.5900000000001455,-7.770949636021207,243.652529702894,163.36920667746185
2017-09-07,4624.18,4691.61,-67.42999999999938,-143.7246488945143,146.6351748444107,137.61968999209455
2017-09-08,4350.0,4282.8,67.19999999999982,156.90669655365585,149.20649532577903,139.20621436425103
2017-09-09,4334.36,4258.81,75.54999999999927,177.39697239369522,156.26119321508597,142.2929700103118
2017-09-10,4251.36,4130.37,120.98999999999978,292.92775223527246,190.45356421524792,154.27260701301657
2017-09-11,4210.72,4208.47,2.25,5.3463610290682695,144.15062969085037,142.60400987380444
2017-09-12,4164.52,4163.72,0.8000000000001819,1.9213587849331581,108.57825397513817,131.73173304826628
2017-09-13,3855.32,3944.69,-89.36999999999989,-226.5577269696728,24.76765060964224,104.39133644332172
2017-09-14,3250.4,3189.02,61.38000000000011,192.47292271606932,66.70395406654946,111.03434276768476
2017-09-15,3740.02,3700.0,40.01999999999998,108.16216216216202,77.07035734441752,110.82006261567106
2017-09-16,3726.51,3714.95,11.5600000000004,31.117511675797793,65.58060702954252,104.93321670036615
2017-09-17,3719.97,3699.99,19.980000000000018,54.00014594634017,62.68520090817359,101.20611645623937
2017-09-18,4100.0,4035.01,64.98999999999978,161.06527617031796,87.28207283529734,105.54878718497787
2017-09-19,3910.11,3910.04,0.07000000000016371,0.17902630152111243,65.50508070403077,97.96531748422562
2017-09-20,3872.06,3900.0,-27.940000000000055,-71.64102564102603,31.217101049177614,85.84905009122156
2017-09-21,3617.47,3609.99,7.480000000000018,20.72027900354323,28.592812127959554,81.22838972524055
2017-09-22,3619.01,3595.87,23.140000000000327,64.35160336719647,37.53272304585882,80.03869052543004
2017-09-23,3787.33,3780.0,7.329999999999927,19.39153439153518,32.997344797091074,75.78887809901808
2017-09-24,3669.01,3660.02,8.990000000000236,24.562707307611564,30.888657149791992,72.21907734823674
2017-09-25,3919.78,3920.75,-0.9699999999997999,-2.4740164509340357,22.547904870124874,67.04071286483764
2017-09-26,3885.09,3882.35,2.7400000000002365,7.057581104228383,18.67529471972542,62.90208568655687
2017-09-27,4200.0,4193.0,7.0,16.694490818029983,18.1800909430184,59.72814307021709
2017-09-28,4189.42,4174.5,14.920000000000073,35.74080728230955,22.570288653789987,58.08732912285417
2017-09-29,4156.99,4174.69,-17.699999999999818,-42.39835772236966,6.328075377573189,51.2403877847875
2017-09-30,4339.0,4378.51,-39.51000000000022,-90.23617623346803,-17.81304513736285,41.6351839968336
2017-10-01,4394.81,4378.48,16.330000000000837,37.29604794358021,-4.035747207746351,41.34158034089955
2017-10-02,4392.71,4380.0,12.710000000000036,29.01826484018377,4.227766897112021,40.51035118535506
2017-10-03,4307.99,4310.0,-2.0100000000002183,-4.663573085846862,2.004929663432986,37.472209909564995
2017-10-04,4214.84,4208.59,6.25,14.850579410206066,5.2163445250513005,35.95496217918969
2017-10-05,4320.04,4292.43,27.609999999999673,64.32253991328851,19.992901740394963,37.85274644148693
2017-10-06,4362.99,4369.0,-6.010000000000218,-13.756008239872441,11.5556706616881,34.408343121901396
2017-10-07,4425.0,4423.0,2.0,4.521817770744008,9.797206878783008,32.41812347557405
2017-10-08,4603.49,4640.0,-36.51000000000022,-78.68534482758704,-12.323436332806088,25.034792109054386
2017-10-09,4769.55,4786.95,-17.399999999999636,-36.34882336351897,-18.32978416674803,20.96346332007184
2017-10-10,4750.0,4783.06,-33.0600000000004,-69.11893223166877,-31.027072889376797,14.99945366143731
2017-10-11,4814.99,4821.43,-6.440000000000509,-13.357033079398617,-26.609562491627738,13.125246981895103
2017-10-12,5440.0,5430.0,10.0,18.416206261511192,-15.353119452414267,13.474399001077494
2017-10-13,5624.8,5649.98,-25.17999999999938,-44.566529439040714,-22.656472363142594,9.649898391302276
2017-10-14,5819.13,5869.99,-50.85999999999967,-86.64409990476906,-38.65337992877106,3.3135073017772396
2017-10-15,5693.7,5709.99,-16.289999999999964,-28.5289466356331,-36.122271524765566,1.220884488674087
2017-10-16,5754.9,5760.02,-5.1200000000008,-8.888858024800328,-29.31391798692748,0.55728985914328
2017-10-17,5594.0,5595.0,-1.0,-1.7873100983023527,-22.432265891321215,0.40356500684137653
2017-10-18,5574.44,5512.06,62.3799999999992,113.17003080517863,11.468308738910654,7.789403507161263
2017-10-19,5704.01,5683.9,20.110000000000582,35.38063653477419,17.44639074819951,9.594769557937296
2017-10-20,5989.1,6010.01,-20.909999999999854,-34.79195542103852,4.386804107054823,6.6930901373901515
2017-10-21,6024.86,6024.97,-0.11000000000058208,-0.18257352318862274,3.24445969301,6.243994214145162
2017-10-22,6005.05,5950.02,55.029999999999745,92.48708407702865,25.555115883991345,11.872605218421759
2017-10-23,5905.99,5915.93,-9.94000000000051,-16.80209197877702,14.965813884490183,10.002565279270097
2017-10-24,5525.43,5477.03,48.400000000000546,88.36906133433686,33.31662579089412,15.109717055792027
2017-10-25,5739.97,5689.99,49.98000000000047,87.83846720293198,46.94708616838289,19.846358822013716
2017-10-26,5891.61,5861.77,29.839999999999236,50.906125624170514,47.936846033662945,21.867967867681315
2017-10-27,5780.0,5768.83,11.170000000000073,19.36267839405925,40.793304116545556,21.704997467401757
2017-10-28,5752.01,5719.64,32.36999999999989,56.59447098069093,44.743595835574865,23.973363892308164
2017-10-29,6140.01,6169.98,-29.969999999999345,-48.57390137407158,21.414221519906516,19.2590022132779
2017-10-30,6124.16,6120.5,3.6599999999998545,5.979903602646441,17.555642038947042,18.396485340324112
2017-10-31,6445.01,6463.0,-17.98999999999978,-27.83537057094221,6.207888882847576,15.39490027308631
2017-11-01,6783.69,6753.98,29.710000000000036,43.98887766916771,15.65313608169189,17.250595002660763
2017-11-02,7039.98,7019.98,20.0,28.49010965843224,18.862379476453984,17.979739609149803
2017-11-03,7170.01,7115.04,54.970000000000255,77.25887697047406,33.461503851927645,21.824000800699203
2017-11-04,7412.55,7357.09,55.460000000000036,75.38306585892052,43.941894354735794,25.29615463570274
2017-11-05,7392.0,7345.01,46.98999999999978,63.97540643239496,48.95027237453048,27.802889470079933
2017-11-06,6969.76,6960.12,9.640000000000327,13.850335913749845,40.17528825883613,26.898912889340956
2017-11-07,7126.63,7064.04,62.590000000000146,88.60368854083589,52.28238832985264,30.895631988045462
2017-11-08,7467.96,7303.0,164.96000000000004,225.8797754347519,95.68173510746622,43.521847366935226
2017-11-09,7156.0,7079.99,76.01000000000022,107.35890869902454,98.60102850542586,47.65463432813867
2017-11-10,6577.62,6506.98,70.64000000000033,108.56034596694597,101.0908578708507,51.59676580747568
2017-11-11,6346.7,6245.05,101.64999999999964,162.7689129790788,116.51037164811588,58.79089625402573
2017-11-12,5886.35,5811.03,75.32000000000062,129.61557589618477,119.78667271016626,63.37318063404183
2017-11-13,6535.87,6465.99,69.88000000000011,108.07316435688996,116.85829562182494,66.2646951811682
2017-11-14,6605.0,6574.99,30.01000000000022,45.64265496981746,99.05438545872167,64.93094227455975
2017-11-15,7294.0,7240.06,53.9399999999996,74.50214500984708,92.91632534647681,65.54987123001362
2017-11-16,7838.53,7864.5,-25.970000000000255,-33.02180685358258,61.431792296361095,59.17661377162645
2017-11-17,7714.71,7699.19,15.520000000000437,20.157964669011985,51.11333538949902,56.65417420466854
2017-11-18,7777.01,7761.94,15.070000000000618,19.415249280463343,43.18881386222582,54.247103585174564
2017-11-19,8031.82,8038.0,-6.180000000000291,-7.688479721323915,30.469490466321197,50.244166538670804
2017-11-20,8256.01,8212.0,44.01000000000022,53.59230394544667,36.25019383610842,50.460534058928204
2017-11-21,8109.0,8119.51,-10.510000000000218,-12.944130865040204,23.951612660811914,46.36355742583378
2017-11-22,8250.0,8205.92,44.07999999999993,53.71731627897836,31.39303856535777,46.83868271368663
2017-11-23,8031.16,8019.99,11.170000000000073,13.927698164213353,27.026703465069797,44.71250807422601
2017-11-24,8215.01,8138.0,77.01000000000022,94.63013025313272,43.92756016209095,47.93709341712905
2017-11-25,8795.5,8700.01,95.48999999999978,109.75849453046527,60.38529375418849,51.93031321816505
2017-11-26,9401.11,9128.02,273.09000000000015,299.1776968060988,120.08339451717683,67.89949863443292
2017-11-27,9768.71,9650.0,118.70999999999913,123.01554404144932,120.81643189824506,71.45907198253771
2017-11-28,9949.0,9896.8,52.20000000000073,52.74432139681595,103.79840427288606,70.25049368499462
2017-11-29,9935.98,9687.88,248.10000000000036,256.09318034492514,141.87209829089872,82.25125936543948
2017-11-30,9903.0,9838.96,64.04000000000087,65.08818005155126,122.67611873106077,81.14302099157507
2017-12-01,10869.84,10782.99,86.85000000000036,80.54352271494203,112.14296972703063,81.10431287376767
2017-12-02,10930.24,10890.01,40.22999999999956,36.942114837359426,93.34275600461223,78.25301574177823
2017-12-03,11290.0,11165.41,124.59000000000015,111.58569188234102,97.90348997404455,80.40500996495722
2017-12-04,11643.98,11579.0,64.97999999999956,56.11883582347321,87.45732643640152,78.83713836610873
2017-12-05,11718.35,11699.99,18.360000000000582,15.69232110454788,69.51607510343787,74.76079433563305
2017-12-06,14090.0,13550.05,539.9500000000007,398.48561444422836,151.75845993863635,95.65818335768296
2017-12-07,17390.01,16599.0,791.0099999999984,476.54075546719633,232.95403382077697,120.2443682873114
2017-12-08,16367.03,15880.0,487.03000000000065,306.693954659949,251.38901403057008,132.27937985763268
2017-12-09,15309.98,14656.07,653.9099999999999,446.17008515925426,300.0842818127413,152.5398516519793
2017-12-10,15290.01,14899.98,390.03000000000065,261.7654520341639,290.5045743680969,159.58974346667858
2017-12-11,16885.76,16587.97,297.78999999999724,179.5216653996823,262.75884712599316,160.8761994984379
2017-12-12,17730.12,16349.99,1380.1299999999992,844.1167242304126,408.0983164020983,204.97308691847772
2017-12-13,16689.61,16033.29,656.3199999999997,409.34829969395014,408.4108122250613,218.16330049751284
2017-12-14,16749.78,16334.98,414.7999999999993,253.9335830224454,369.7915049244073,220.47183279399565
2017-12-15,17738.67,17539.83,198.8399999999965,113.36483876981606,305.68483838575946,213.55954135488534
2017-12-16,19650.01,19102.66,547.3499999999985,286.5307763421421,300.8963228748551,218.26874137003935
2017-12-17,19378.99,18860.02,518.9700000000012,275.169379459832,294.4645870210993,221.94075575057727
2017-12-18,19039.01,18856.25,182.7599999999984,96.92277096453373,245.0791330069579,213.87301272544698
2017-12-19,17838.73,17295.2,543.5299999999988,314.2663860493089,262.37594626754566,220.35155699499003
2017-12-20,16496.89,16488.98,7.9099999999998545,4.797143304193785,197.98124552670768,206.44170247858443
2017-12-21,15758.8,15492.64,266.15999999999985,171.7977052329367,191.4353604532649,204.20613707087097
2017-12-22,14210.57,13326.61,883.9599999999991,663.3044712796421,309.40263815985924,233.83119617876108
2017-12-23,15075.89,13300.0,1775.8899999999994,1335.2556390977431,565.8658883943302,304.90388091121486
2017-12-24,14221.94,13500.0,721.9400000000005,534.7703703703698,558.09200888834,319.73652347239556
2017-12-25,14171.98,13699.34,472.6399999999994,345.0093216169536,504.8213370704934,321.36728848556356
2017-12-26,15790.88,15689.01,101.86999999999898,64.93080187978562,394.84870327281646,304.8205130020174
2017-12-27,15367.08,15459.99,-92.90999999999985,-60.0970634521758,281.11226159156837,281.27413412816884
2017-12-28,14450.01,14182.11,267.89999999999964,188.899959173916,258.0591859871553,275.31372625403327
2017-12-29,14565.05,14378.9,186.14999999999964,129.46052896953165,225.90952173274937,265.9026850110147
2017-12-30,12839.99,12440.01,399.97999999999956,321.5270727274322,249.81390948142007,269.49176815851985
2017-12-31,13863.13,13716.36,146.76999999999862,107.00360737105008,214.11133395382757,259.0075324878973
2018-01-01,13480.01,13380.0,100.01000000000022,74.74588938714444,179.26997281215677,247.1184873728515
2018-01-02,14781.51,14675.11,106.39999999999964,72.50371547470547,152.57840847779394,235.85195692229752
2018-01-03,15098.14,14919.51,178.6299999999992,119.72913319539202,144.36608965719344,228.35950159569435
2018-01-04,15144.99,15059.54,85.44999999999891,56.741440973628876,122.45992748630229,217.28645583060964
2018-01-05,16960.01,16960.39,-0.38000000000101863,-0.224051451647167,91.78893275181493,203.2524376029452
2018-01-06,17098.99,17069.79,29.200000000000728,17.10624442362807,73.1182606697682,191.24213933139688
2018-01-07,16174.22,16150.03,24.18999999999869,14.978300349905993,58.58327058980265,179.86951123385194
2018-01-08,14993.74,14902.54,91.19999999999891,61.19762134508599,59.23685827862349,172.21277687214717
2018-01-09,14480.99,14400.0,80.98999999999978,56.243055555555976,58.48840759785661,164.73041745263095
2018-01-10,14875.18,14907.09,-31.909999999999854,-21.405921611796774,38.51482529544326,152.72095785456983
2018-01-11,13308.06,13238.78,69.27999999999884,52.33110603847013,41.96889548119998,146.24385844585268
2018-01-12,13820.0,13740.01,79.98999999999978,58.216842636940044,46.03088227013499,140.56442152671457
2018-01-13,14187.95,14210.0,-22.049999999999272,-15.51724137931032,30.643851357773656,130.49418132618564
2018-01-14,13656.23,13474.99,181.23999999999978,134.50102745901748,56.60814538308462,130.75269846714352
2018-01-15,13590.0,13539.93,50.06999999999971,36.97951171091729,51.70098696504279,124.70257596336877
2018-01-16,11570.01,10900.0,670.0100000000002,614.688073394496,192.44775857240614,156.31571417626145
2018-01-17,11200.01,10988.79,211.21999999999935,192.21406542485607,192.38933528551865,158.63181706965634
2018-01-18,11305.53,10961.97,343.5600000000013,313.4108194056373,222.64470631554832,168.6178827655621
2018-01-19,11498.99,11474.98,24.01000000000022,20.92378374515702,172.21447567295047,159.08894234213082
2018-01-20,12762.8,12799.94,-37.14000000000124,-29.01576101138059,121.9069165018677,146.95281085345408
2018-01-21,11518.17,11530.0,-11.829999999999927,-10.260190806591352,88.86513967475292,136.8097674586131
2018-01-22,10766.7,10760.05,6.650000000001455,6.180268679050194,68.19392192582724,128.38184869316296
2018-01-23,10824.94,10799.18,25.76000000000022,23.85366296330016,57.10885718519547,121.63793820081844
2018-01-24,11356.79,11349.99,6.800000000001091,5.991194705898817,44.3294415653713,114.17669592270485
2018-01-25,11118.0,11175.27,-57.27000000000044,-51.24708396307187,20.4353101832605,103.50397714613909
2018-01-26,11086.89,11089.0,-2.110000000000582,-1.9027865452259096,14.850786001138898,96.7034115194165
2018-01-27,11319.0,11491.0,-172.0,-149.68236010791003,-26.282500526123343,80.8072726376569
2018-01-28,11536.0,11879.95,-343.9500000000007,-289.5214205446994,-92.09223053076737,56.914701460899984
2018-01-29,11123.01,11251.0,-127.98999999999978,-113.75877699760007,-97.50886714747556,45.90333795881059
2018-01-30,9995.0,10237.51,-242.51000000000022,-236.8837734957041,-132.3525937345327,27.658742606543928
2018-01-31,10099.99,10285.1,-185.11000000000058,-179.97880428970103,-144.25914637332477,14.262589416214578
2018-02-01,9014.23,9224.52,-210.29000000000087,-227.96850134207625,-165.18648511551262,-1.365421976031648
2018-02-02,8787.52,8873.03,-85.51000000000022,-96.3706873525727,-147.98253567477764,-7.494866981203802
2018-02-03,9240.0,9199.96,40.04000000000087,43.5219283562116,-100.10641966703032,-4.20342413646563
2018-02-04,8167.91,8184.81,-16.900000000000546,-20.648005268296686,-80.2418160673469,-5.264375919355992
2018-02-05,6905.19,6939.99,-34.80000000000018,-50.14416447285952,-72.71740316872506,-8.159874397670585
2018-02-06,7688.46,7652.14,36.31999999999971,47.463846714774775,-42.67209069785009,-4.571214476267018
2018-02-07,7575.75,7599.0,-23.25,-30.596131069877686,-39.65310079085698,-6.250255688831011
2018-02-08,8218.1,7784.02,434.0799999999999,557.655298932942,109.67399914009279,30.131038416451723
2018-02-09,8671.01,8683.92,-12.909999999999854,-14.86655795999936,78.53885986506975,27.227945991132138
2018-02-10,8547.49,8533.98,13.510000000000218,15.830831569796366,62.86185279125141,26.492643146941088
2018-02-11,8072.99,8063.88,9.109999999999673,11.297291130323295,49.97071237601938,25.51229144521717
2018-02-12,8872.28,8903.0,-30.719999999999345,-34.50522295855296,28.851728542376286,21.64017005618605
2018-02-13,8520.01,8539.9,-19.889999999999418,-23.29067085094616,15.816128694045673,18.74138953898612
2018-02-14,9472.98,9449.99,22.98999999999978,24.328068072030362,17.944113538541846,19.101822341527395
2018-02-15,10031.23,10000.09,31.139999999999418,31.139719742521166,21.243015089536673,19.87846477276712
2018-02-16,10167.49,10159.98,7.510000000000218,7.391746834146673,17.78019802568917,19.072866293078434
2018-02-17,11121.5,11039.55,81.95000000000073,74.23309826940505,31.893423086618142,22.631606532687787
2018-02-18,10380.04,10383.43,-3.389999999999418,-3.264817117272223,23.10386303564555,20.96086267345681
2018-02-19,11140.0,11153.0,-13.0,-11.656056666368153,14.413883110142121,18.85653722616928
2018-02-20,11235.57,11200.99,34.57999999999993,30.872271111750393,18.52848011054419,19.631748645232634
2018-02-21,10454.27,10437.6,16.670000000000073,15.971104468459618,17.889136200023046,19.395577260519474
2018-02-22,9830.0,9811.04,18.959999999999127,19.32516838174081,18.248144245452487,19.391034737948697
2018-02-23,10144.99,10131.04,13.949999999998909,13.769563638086346,17.12849909361095,19.028358117863736
2018-02-24,9688.62,9694.51,-5.889999999999418,-6.0756036148290615,11.327473416500945,17.40874323326971
2018-02-25,9597.99,9590.0,7.989999999999782,8.331595411887882,10.578503915347678,16.823119287872075
2018-02-26,10300.0,10324.0,-24.0,-23.246803564509477,2.122177045383387,14.237956758531299
2018-02-27,10566.57,10569.04,-2.470000000001164,-2.3370145254453245,1.0073791526762088,13.168601366990478
2018-02-28,10307.27,10326.76,-19.48999999999978,-18.873296174211074,-3.962789679045613,11.101377820645874
2018-03-01,10895.92,10920.0,-24.079999999999927,-22.05128205128193,-8.484912772104693,8.962492328030137
2018-03-02,11000.0,11039.0,-39.0,-35.32928707310479,-15.196006347354718,6.1049529107596685
2018-03-03,11432.5,11464.48,-31.979999999999563,-27.894854367577217,-18.370718352410343,3.9114131783784263
2018-03-04,11469.9,11515.0,-45.100000000000364,-39.16630481980099,-23.569614969258005,1.132201086577797
2018-03-05,11377.54,11454.0,-76.45999999999913,-66.75397241138414,-34.365704329789544,-3.247558645415806
2018-03-06,10700.0,10716.48,-16.479999999999563,-15.378183881273877,-29.618824217660624,-4.030180732162017
2018-03-07,9925.0,9910.0,15.0,15.136226034309086,-18.430061654668194,-2.7936367286608403
2018-03-08,9304.89,9271.64,33.25,35.86204813819327,-4.857034206452824,-0.29971849782149373
2018-03-09,9255.0,9227.0,28.0,30.345724504172722,3.9436554712035643,1.6774091399941085
2018-03-10,8795.44,8770.22,25.220000000001164,28.75640519850231,10.146842903028253,3.424443030803882
2018-03-11,9533.88,9533.57,0.3099999999994907,0.3251667528525459,7.691423865484325,3.22448952050588
2018-03-12,9120.0,9131.34,-11.340000000000146,-12.418768767782362,2.6638757071676524,2.215246096296374
2018-03-13,9145.41,9150.0,-4.5900000000001455,-5.016393442622835,0.74380841972003,1.7486882941230903
2018-03-14,8207.02,8170.0,37.02000000000044,45.31211750306019,11.885885690555073,4.559234439009633
2018-03-15,8259.99,8240.98,19.01000000000022,23.067644867480475,14.681325484786424,5.753326358450051
2018-03-16,8275.0,8260.0,15.0,18.15980629539915,15.550945687439606,6.553744998345295
2018-03-17,7857.6,7824.8,32.80000000000018,41.91800429403925,22.142710339089515,8.83531165932973
2018-03-18,8192.0,8189.99,2.0100000000002183,2.4542154508133684,17.220586617020476,8.423627772158609
2018-03-19,8589.0,8600.0,-11.0,-12.790697674418539,9.71776554416072,7.054960803161211
2018-03-20,8900.0,8909.98,-9.979999999999563,-11.200923009927477,4.488093405638669,5.877161194478217
2018-03-21,8891.81,8885.0,6.809999999999491,7.66460326392826,5.282220870211067,5.992480097479187
2018-03-22,8715.09,8722.9,-7.809999999999491,-8.953444382028275,1.723304557151231,5.028226437404032
2018-03-23,8927.1,8898.03,29.06999999999971,32.67015283158203,9.460016625758932,6.811577336796092
2018-03-24,8531.34,8546.86,-15.520000000000437,-18.15871559847748,2.5553335696998274,5.200590011774609
2018-03-25,8453.0,8470.15,-17.149999999999636,-20.2475753085829,-3.1453936498708557,3.5587722421812127
2018-03-26,8145.0,8134.23,10.770000000000437,13.240343585072534,0.9510406588649924,4.183389980273493
2018-03-27,7793.61,7795.51,-1.9000000000005457,-2.4373004460265246,0.10395538264211304,3.756248513967828
2018-03-28,7942.72,7949.3,-6.579999999999927,-8.277458392562664,-1.9913980611590818,2.979880073985428
2018-03-29,7080.0,7090.14,-10.140000000000327,-14.301551168242055,-5.068936337929825,1.8649486869304681
2018-03-30,6848.01,6840.23,7.780000000000655,11.373886550598566,-0.9582306157977263,2.47842872368689
2018-03-31,6928.5,6923.91,4.5900000000001455,6.629202285992619,0.9386276096498605,2.7462206377079115
2018-04-01,6816.01,6813.01,3.0,4.403340080227913,1.804805727294374,2.8531315961090042
2018-04-02,7045.01,7056.0,-10.989999999999782,-15.575396825396881,-2.5402449108784406,1.6641940015970111
2018-04-03,7424.9,7405.21,19.6899999999996,26.58938774187325,4.742163252309483,3.272271367573565
2018-04-04,6791.68,6796.1,-4.420000000000073,-6.503730080487102,1.9306899191103364,2.641561468138369
2018-04-05,6785.85,6770.76,15.090000000000146,22.287010616237612,7.0197700933921565,3.9090100420162366
2018-04-06,6619.01,6601.39,17.61999999999989,26.691348337244403,11.937664654355219,5.378838581383784
2018-04-07,6894.01,6895.8,-1.7899999999999636,-2.595782940340019,8.304302755681407,4.864346784428474
2018-04-08,7020.01,7018.0,2.0100000000002183,2.864063835850139,6.94424302572359,4.735296251466217
2018-04-09,6771.13,6782.72,-11.590000000000146,-17.087540101906605,0.9362972438160402,3.327371119783354
2018-04-10,6824.99,6843.9,-18.909999999999854,-27.630444629523907,-6.2053882245189484,1.330092411419544
2018-04-11,6942.99,6953.79,-10.800000000000182,-15.53109886838766,-8.536815885486126,0.2422734801155981
2018-04-12,7916.0,7923.0,-7.0,-8.835037233371201,-8.611371222457395,-0.3433595391745331
2018-04-13,7893.19,7877.41,15.779999999999745,20.03196482092351,-1.4505372116121669,0.9711776633727146
2018-04-14,8003.11,7999.01,4.099999999999454,5.125634297242776,0.1935056656015693,1.2392071516723306
2018-04-15,8355.25,8355.0,0.25,0.2992220227415743,0.21993475488657055,1.1785629438687228
2018-04-16,8048.93,8064.92,-15.989999999999782,-19.826607083517356,-4.791700704714412,-0.1766094400753953
2018-04-17,7892.1,7885.02,7.079999999999927,8.979051416482253,-1.3490126744152449,0.41407840772952853
2018-04-18,8152.05,8173.0,-20.949999999999818,-25.633182429951606,-7.420055113299337,-1.2663901680979441
2018-04-19,8274.0,8278.0,-4.0,-4.83208504469701,-6.773062596148755,-1.4964350160944522
2018-04-20,8866.27,8856.98,9.290000000000873,10.488902537886258,-2.4575713126400003,-0.7231873777309081
2018-04-21,8915.42,8915.31,0.11000000000058208,0.12338325868777034,-1.8123326698080575,-0.6685699137330727
2018-04-22,8795.01,8787.02,7.989999999999782,9.092957566956272,0.9139898893830256,-0.038793908580193444
2018-04-23,8931.3,8934.01,-2.710000000000946,-3.033352324433025,-0.07284566407098726,-0.23199123682570713
2018-04-24,9645.1,9619.99,25.110000000000582,26.101898234822674,6.47084031065243,1.4669694655115724
2018-04-25,8865.98,8869.99,-4.010000000000218,-4.520861917545194,3.722914753603024,1.0806577439661529
2018-04-26,9272.11,9266.0,6.110000000000582,6.5939995683139685,4.440685957280761,1.4363572332259495
2018-04-27,8922.55,8915.35,7.199999999998909,8.075958879907308,5.349504187937398,1.8647186486238974
2018-04-28,9329.99,9348.0,-18.01000000000022,-19.26615318784797,-0.8044101560089454,0.5014365385734173
2018-04-29,9389.01,9419.0,-29.98999999999978,-31.839898078351858,-8.563282136594674,-1.5851012589484084
2018-04-30,9243.83,9246.01,-2.180000000000291,-2.3577737856661507,-7.011905048862543,-1.6349511011765196
2018-05-01,9072.29,9071.48,0.8100000000013097,0.892908323670838,-5.035701705729197,-1.4718633908549352
2018-05-02,9190.48,9247.84,-57.36000000000058,-62.02529455527017,-19.28309991811444,-5.378536492290634
2018-05-03,9725.74,9750.0,-24.26000000000022,-24.882051282051343,-20.682837759098664,-6.636827806136265
2018-05-04,9685.0,9713.99,-28.98999999999978,-29.84355553176332,-22.973017202264828,-8.134036087781
2018-05-05,9800.0,9864.0,-64.0,-64.88240064882356,-33.45036306390451,-11.795220992605914
2018-05-06,9600.0,9659.01,-59.01000000000022,-61.093217627893324,-40.36107670490171,-14.975736981304136
2018-05-07,9353.0,9365.0,-12.0,-12.813667912440208,-33.474224506786335,-14.836248651132022
2018-05-08,9177.82,9187.56,-9.739999999999782,-10.601291311294059,-27.755991207913265,-14.563025591179432
2018-05-09,9300.08,9310.0,-9.920000000000073,-10.655209452201664,-23.480795768985363,-14.310908415942457
2018-05-10,9010.51,9002.2,8.30999999999949,9.231076847882047,-15.302827614768507,-12.792070628918484
2018-05-11,8403.33,8400.0,3.3299999999999272,3.9642857142863086,-10.486049282504803,-11.711015362281161
2018-05-12,8475.0,8465.94,9.05999999999949,10.701705894442526,-5.1891104882679695,-10.265033322333812
2018-05-13,8686.1,8679.71,6.390000000001237,7.3619971174165855,-2.05133358684683,-9.127805534822539
2018-05-14,8670.0,8663.34,6.6599999999998545,7.687566227343456,0.38339136670074236,-8.042942825135546
2018-05-15,8477.46,8462.0,15.459999999999127,18.26991255022392,4.855021662581538,-6.345339230056125
2018-05-16,8344.0,8330.0,14.0,16.80672268907557,7.842946919205047,-4.8516577974187145
2018-05-17,8059.0,8041.46,17.539999999999964,21.811959519788537,11.33520006935092,-3.131424402183765
2018-05-18,8238.51,8239.81,-1.2999999999992724,-1.5777062820609977,8.10697348149794,-3.0311845223796805
2018-05-19,8235.6,8233.49,2.110000000000582,2.562704272428551,6.720906179230592,-2.670288467442396
2018-05-20,8516.86,8526.98,-10.119999999998981,-11.868211254159045,2.073626820883182,-3.2637028464077336
2018-05-21,8393.44,8381.24,12.200000000000728,14.556318635430276,5.194299774519956,-2.1140240309262444
2018-05-22,7987.7,7977.11,10.590000000000146,13.275484479968735,7.214595950882151,-1.1211525058525145
2018-05-23,7505.0,7501.95,3.050000000000182,4.0656096081681525,6.427349365203652,-0.7865226894461876
2018-05-24,7584.15,7575.01,9.139999999999418,12.065990671958904,7.837009691892465,0.04267172699066665
2018-05-25,7459.11,7457.0,2.1099999999996726,2.829556121763943,6.585146299360335,0.2224707214237156
2018-05-26,7337.95,7333.96,3.9899999999997817,5.440444180224713,6.29897076957643,0.5591141725187684
2018-05-27,7346.64,7338.99,7.650000000000546,10.423777658778999,7.3301724918770725,1.1955440786430944
2018-05-28,7107.94,7099.0,8.9399999999996,12.593323003238233,8.645960119717364,1.930884658514479
2018-05-29,7460.0,7461.29,-1.2899999999999636,-1.7289235507533807,6.052239202099678,1.6947679986231563
2018-05-30,7380.01,7375.96,4.050000000000182,5.490810687693859,5.911882073498222,1.9396739797555922
2018-05-31,7485.0,7485.01,-0.010000000000218279,-0.013360035591158947,4.430571546225877,1.8136717846431956
2018-06-01,7514.32,7521.01,-6.690000000000509,-8.895081910541558,1.099158182034017,1.1227844465262489
2018-06-02,7636.42,7640.03,-3.6099999999996726,-4.725112335945969,-0.3569094474609798,0.7455007816371239
2018-06-03,7706.37,7714.26,-7.890000000000327,-10.227811870484604,-2.8246350532168862,0.03754512402173212
2018-06-04,7487.37,7487.0,0.36999999999989086,0.49418992920990945,-1.994928807610187,0.06700607929792846
2018-06-05,7612.51,7625.0,-12.489999999999782,-16.38032786885235,-5.591278572920729,-0.9941122434001611
2018-06-06,7655.0,7658.84,-3.8400000000001455,-5.013814102396985,-5.446912455289793,-1.253447847998062
2018-06-07,7684.93,7691.08,-6.149999999999636,-7.996276205681774,-6.084253392887788,-1.6884690336070345
2018-06-08,7618.8,7603.44,15.360000000000582,20.201382532116785,0.4871555883633568,-0.27622054172307947
2018-06-09,7496.4,7491.73,4.670000000000073,6.233540183642194,1.9237517371830666,0.1437640222532922
2018-06-10,6770.31,6764.99,5.3200000000006185,7.86401753735122,3.4088181872251053,0.6418448953595371
2018-06-11,6881.0,6872.0,9.0,13.096623981374567,5.830769635762471,1.4453790316985051
2018-06-12,6545.0,6530.0,15.0,22.970903522205877,10.115803107373322,2.8341225500563834
2018-06-13,6302.31,6292.78,9.530000000000655,15.144340021422398,11.37293733588559,3.6283301303742532
2018-06-14,6638.49,6635.98,2.5100000000002183,3.7824104352335297,9.475305610722573,3.6382707952216826
2018-06-15,6391.22,6388.9,2.3200000000006185,3.6312980325270416,8.014303716173691,3.6378209395632104
2018-06-16,6484.29,6483.98,0.3100000000004002,0.4781014130217365,6.130253140385702,3.4339680665637022
2018-06-17,6447.16,6449.61,-2.449999999999818,-3.798679299988894,3.6480200302920522,2.967345655134402
2018-06-18,6709.02,6712.46,-3.4399999999996,-5.124797764157751,1.4548155816796007,2.445271885431931
2018-06-19,6736.41,6741.21,-4.800000000000182,-7.120383432648314,-0.6889841719023785,1.8281328318609196
2018-06-20,6759.18,6761.51,-2.3299999999999272,-3.4459758249261174,-1.3782320851583132,1.4878677568211798
2018-06-21,6719.01,6718.84,0.17000000000007276,0.2530198665251504,-0.9704190972374471,1.408200150906196
2018-06-22,6059.82,6045.0,14.819999999999709,24.516129032257084,5.401217935136187,2.8990342738492814
2018-06-23,6178.29,6149.98,28.3100000000004,46.03267002494471,15.55908095758832,5.681849486331222
2018-06-24,6149.99,6136.97,13.019999999999527,21.21568135415197,16.973231056729233,6.684032188401976
2018-06-25,6246.01,6252.0,-5.989999999999782,-9.580934101087735,10.33468976727499,5.634679523661769
2018-06-26,6074.0,6070.78,3.2200000000002547,5.304096014022708,9.077041328961919,5.613351555280805
2018-06-27,6132.17,6133.73,-1.5599999999994907,-2.5433137748143153,6.17195255301786,5.087115081975514
2018-06-28,5851.66,5853.98,-2.319999999999709,-3.963115692229291,3.6381854917060714,4.503229225164244
2018-06-29,6202.36,6197.92,4.4399999999996,7.1636936262486905,4.519562525341726,4.674872089863351
2018-06-30,6383.19,6390.07,-6.880000000000109,-10.766705216062045,0.6979955899907827,3.6786412953190544
2018-07-01,6349.5,6356.81,-7.3100000000004,-11.499478512021488,-2.3513729355122854,2.699407758797356
2018-07-02,6611.79,6615.29,-3.5,-5.290773344781563,-3.086223037829605,2.1839122034498786
2018-07-03,6502.62,6513.86,-11.239999999999782,-17.25551362786404,-6.628545685338215,0.9297556975714009
2018-07-04,6587.47,6586.98,0.4900000000006912,0.7438917379443133,-4.785436329517583,0.9177644743639967
2018-07-05,6532.95,6529.2,3.75,5.743429516633647,-2.1532198679797747,1.229097703034911
2018-07-06,6600.0,6609.78,-9.779999999999745,-14.796256456341972,-5.313979015070324,0.19520388587410578
2018-07-07,6753.28,6756.98,-3.699999999999818,-5.4758190789372385,-5.354439031037052,-0.17066856360985685
2018-07-08,6701.97,6712.1,-10.13000000000011,-15.092147018072044,-7.788866027795801,-1.1333445932777857
2018-07-09,6664.01,6662.12,1.8900000000003274,2.836934789527401,-5.132415823464999,-0.8771975362360439
2018-07-10,6303.7,6296.91,6.789999999999964,10.783066615212,-1.1535452137957483,-0.12492242945316966
2018-07-11,6390.04,6378.07,11.970000000000255,18.76743278139026,3.8266992850007546,1.0939391974133512
2018-07-12,6249.75,6250.57,-0.819999999999709,-1.31188035651153,2.542054374622683,0.9387250326010592
2018-07-13,6216.29,6214.57,1.7200000000002547,2.7676894781136774,2.5984631504954314,1.056722738793705
2018-07-14,6248.65,6251.99,-3.3400000000001455,-5.342299011994456,0.6132726098729592,0.6438826257396685
2018-07-15,6348.73,6353.01,-4.280000000000655,-6.736964053261074,-1.2242865559105496,0.16769896892208275
2018-07-16,6728.81,6723.35,5.460000000000036,8.120951608945326,1.1120229853034198,0.6808120425806963
2018-07-17,7315.01,7317.44,-2.4299999999993815,-3.3208335155454627,0.003808860091198963,0.4226413613600906
2018-07-18,7378.99,7381.9,-2.9099999999998545,-3.942074533656026,-0.9826619883456075,0.1410467874358651
2018-07-19,7470.01,7466.21,3.800000000000182,5.089596997673862,0.5354027581592602,0.4603080913775708
2018-07-20,7334.46,7337.53,-3.069999999999709,-4.183969264861531,-0.6444402475959379,0.16067729415223006
2018-07-21,7408.0,7398.78,9.220000000000255,12.461513925268175,2.632048295620091,0.9542796575705109
2018-07-22,7397.8,7394.79,3.0100000000002183,4.070433372684867,2.991644564886285,1.1553218327677304
2018-07-23,7720.09,7721.01,-0.9200000000000728,-1.191553954729141,1.945844934982428,1.0039104916187842
2018-07-24,8385.5,8397.24,-11.739999999999782,-13.980784162415105,-2.0358123393669563,0.03715599768999475
2018-07-25,8157.15,8175.64,-18.49000000000069,-22.615966456449588,-7.180850868637616,-1.4243357737147373
2018-07-26,7931.99,7920.0,11.989999999999782,15.138888888888147,-1.6009159292561734,-0.3557406340757461
2018-07-27,8184.21,8188.57,-4.359999999999673,-5.324494997294149,-2.5318106962656675,-0.6763054317353563
2018-07-28,8228.9,8225.04,3.859999999998763,4.692986295506962,-0.7256114483225095,-0.3298995138157833
2018-07-29,8216.34,8211.0,5.3400000000001455,6.503470953598267,1.081659152157685,0.11096309702437832
2018-07-30,8170.01,8173.92,-3.9099999999998545,-4.78350656722859,-0.3846322776888842,-0.2048091394053419
2018-07-31,7727.27,7730.93,-3.6599999999998545,-4.734229905068998,-1.4720316845339128,-0.4970298339870582
2018-08-01,7603.99,7604.58,-0.5900000000001455,-0.7758482388242616,-1.2979858231064998,-0.5150181181714149
2018-08-02,7533.92,7525.71,8.210000000000036,10.909269690169143,1.7538280552124117,0.22203270822339874
2018-08-03,7414.08,7418.78,-4.699999999999818,-6.3352734546651135,-0.26844732225697016,-0.2010193023125253
2018-08-04,7005.0,7009.84,-4.8400000000001455,-6.904579847757386,-1.9274804536320744,-0.6335070794638099
2018-08-05,7030.01,7024.19,5.8200000000006185,8.28565286531413,0.6258028761044773,-0.05807740557504405
2018-08-06,6938.0,6934.82,3.180000000000291,4.585555212681669,1.6157409602487756,0.2415117956184545
2018-08-07,6718.22,6720.06,-1.8400000000001455,-2.738070791035163,0.5272880224277906,0.04928066098624887
2018-08-08,6282.5,6285.0,-2.5,-3.9777247414474193,-0.5989651685410121,-0.2105261391826361
2018-08-09,6546.45,6529.79,16.659999999999854,25.513837351582858,5.929235461489957,1.4491102151312567
2018-08-10,6146.01,6144.01,2.0,3.2552030351507,5.260727354905142,1.5656323325565265
2018-08-11,6235.56,6232.35,3.2100000000000364,5.150545139473994,5.233181801047355,1.796917029785662
2018-08-12,6316.01,6308.33,7.680000000000291,12.1743789560802,6.968481089805566,2.4664307024732604
2018-08-13,6253.67,6246.35,7.319999999999709,11.718843804782164,8.156071768549717,3.0633605800611226
2018-08-14,6195.01,6188.08,6.930000000000291,11.198950239816874,8.916791386366507,3.588237332319507
2018-08-15,6269.01,6267.16,1.8500000000003638,2.9518952763307738,7.425567358857573,3.547183006125509
2018-08-16,6315.9,6311.75,4.149999999999636,6.575038618448215,7.212935173755233,3.7425285295064037
2018-08-17,6585.49,6584.49,1.0,1.5187205083466715,5.789381507403092,3.599057044266694
2018-08-18,6396.64,6387.96,8.680000000000291,13.588062542659873,7.739051766217288,4.243509011920082
2018-08-19,6489.53,6477.53,12.0,18.525579966437444,10.435683816272327,5.164932944489811
2018-08-20,6258.74,6254.84,3.899999999999636,6.235171483202073,9.385555733004763,5.233980592150084
2018-08-21,6475.89,6480.0,-4.109999999999673,-6.342592592591956,5.453518651605582,4.487104902797545
2018-08-22,6359.99,6360.89,-0.9000000000005457,-1.4148963431226402,3.7364149029235256,4.106330628860369
2018-08-23,6526.36,6525.01,1.3499999999994543,2.0689623464176243,3.31955176379705,3.974887513861854
2018-08-24,6690.88,6681.64,9.239999999999782,13.828940200308892,5.9468988729250105,4.610632848481336
2018-08-25,6737.52,6733.64,3.880000000000109,5.762113804717028,5.900702605873015,4.684921942433119
2018-08-26,6709.98,6700.0,9.979999999999563,14.89552238805869,8.149407551419435,5.3436703582889935
2018-08-27,6911.9,6908.64,3.259999999999309,4.7187290117878256,7.291737916511532,5.303351561740012
2018-08-28,7071.01,7076.11,-5.099999999999454,-7.207349800949503,3.666965987146272,4.49620953833097
2018-08-29,7030.9,7031.22,-0.32000000000061846,-0.45511305292733617,2.6364462271278697,4.176769371149417
2018-08-30,6983.0,6984.84,-1.8400000000001455,-2.6342765188613892,1.3187655406305545,3.7373470556602184
2018-08-31,7015.01,7011.21,3.800000000000182,5.419891858895465,2.344047120196782,3.8458983332893686
2018-09-01,7191.08,7200.01,-8.930000000000291,-12.402760551721848,-1.342654797782876,2.797597760053172
2018-09-02,7295.0,7302.01,-7.010000000000218,-9.600096411810366,-3.4070152012897488,1.9977465231518508
2018-09-03,7256.98,7263.02,-6.040000000000873,-8.316099914361663,-4.634286379557728,1.3323370755649642
2018-09-04,7360.0,7359.06,0.9399999999995998,1.2773370511998117,-3.1563805218683427,1.328788686896218
2018-09-05,6687.96,6700.0,-12.039999999999964,-17.970149253730973,-6.859822704834001,0.08369591652438073
2018-09-06,6495.0,6516.01,-21.01000000000022,-32.24365831237197,-13.205781606718496,-2.001939840192388
2018-09-07,6395.01,6395.54,-0.5299999999997453,-0.8287025020559113,-10.111511830552848,-1.9262471086992443
2018-09-08,6188.0,6185.05,2.949999999999818,4.769565322835234,-6.391242542205827,-1.494259209888071
2018-09-09,6235.01,6250.81,-15.800000000000182,-25.276724136552573,-11.112612940792514,-3.028611785810208
2018-09-10,6300.0,6312.0,-12.0,-19.01140684410607,-13.087311416620905,-4.059759854092578
2018-09-11,6282.53,6294.91,-12.38000000000011,-19.66668308204578,-14.732154332977125,-5.066658126868518
2018-09-12,6326.0,6338.62,-12.61999999999989,-19.909696432346415,-16.026539857819447,-6.024273501419718
2018-09-13,6485.99,6487.38,-1.3900000000003274,-2.1426215205522237,-12.55556027350264,-5.773844341362714
2018-09-14,6478.04,6476.63,1.4099999999998545,2.1770581305391445,-8.872405672492194,-5.260882891560607
2018-09-15,6518.68,6514.96,3.7200000000002547,5.709935287401269,-5.226820432518827,-4.5530881703346955
2018-09-16,6498.0,6505.0,-7.0,-10.760953112990412,-6.6103536026367244,-4.953595585991261
2018-09-17,6250.7,6248.69,2.0100000000002183,3.2166742149164484,-4.15359664824843,-4.426481405285865
2018-09-18,6335.7,6336.45,-0.75,-1.1836280567190105,-3.411104500366075,-4.217265060216415
2018-09-19,6386.94,6391.89,-4.950000000000728,-7.7441883386619725,-4.494375459940049,-4.4448084975361155
2018-09-20,6493.11,6492.0,1.1099999999996726,1.7097966728285563,-2.9433324267478973,-4.0477371962212345
2018-09-21,6750.0,6759.02,-9.020000000000437,-13.345129915284248,-5.5437817988819855,-4.647568984549337
2018-09-22,6707.33,6723.05,-15.720000000000255,-23.38224466573946,-10.003397515596355,-5.856257738177252
2018-09-23,6696.99,6708.0,-11.010000000000218,-16.413237924866042,-11.605857617913776,-6.537353234094105
2018-09-24,6582.09,6581.39,0.6999999999998181,1.0636051046963857,-8.438491937261235,-6.046968825138905
2018-09-25,6436.89,6447.54,-10.649999999999636,-16.51792776779959,-10.458350894895824,-6.722514563376335
2018-09-26,6455.66,6465.12,-9.460000000000036,-14.632365679213555,-11.501854590975256,-7.232827538592527
2018-09-27,6680.01,6689.13,-9.11999999999989,-13.634060034712903,-12.03490595190967,-7.645810280278385
2018-09-28,6620.01,6634.58,-14.569999999999709,-21.960696833861483,-14.516353672397624,-8.569351348252894
2018-09-29,6581.0,6596.38,-15.38000000000011,-23.315818676304943,-16.716219923374457,-9.520736337160832
2018-09-30,6605.0,6626.57,-21.56999999999971,-32.55077664613748,-20.67485910406521,-11.006545389354853
2018-10-01,6572.83,6611.61,-38.779999999999745,-58.6543973404352,-30.16974366315771,-14.080600353944513
2018-10-02,6498.46,6525.79,-27.329999999999927,-41.87998694410888,-33.097304483395504,-15.874109166215272
2018-10-03,6466.03,6510.0,-43.970000000000255,-67.54224270353326,-41.70853903842994,-19.207537136368455
2018-10-04,6547.45,6593.79,-46.340000000000146,-70.2782466532903,-48.85096594214504,-22.502421621334516
2018-10-05,6593.94,6635.65,-41.710000000000036,-62.857444259416525,-52.35258552146291,-25.105971468955193
2018-10-06,6552.43,6594.27,-41.840000000000146,-63.449024683551734,-55.12669531198512,-27.579716837641048
2018-10-07,6570.0,6615.26,-45.26000000000022,-68.41756786581388,-58.44941345044231,-30.214416903976982
2018-10-08,6608.07,6673.01,-64.94000000000051,-97.3174024915302,-68.16641071071429,-34.5436417805967
2018-10-09,6589.48,6656.61,-67.13000000000011,-100.84712789242612,-76.33659000614225,-38.82128604587914
2018-10-10,6524.56,6631.0,-106.4399999999996,-160.51877544864922,-97.382136366769,-46.672736975095475
2018-10-11,6154.69,6252.68,-97.99000000000069,-156.71679983623176,-112.2158022341347,-53.772353933883
2018-10-12,6188.01,6298.01,-110.0,-174.6583444611871,-127.82643779089781,-61.571450096939536
2018-10-13,6196.0,6332.93,-136.9300000000003,-216.2190328963054,-149.92458656724972,-71.54871350335581
2018-10-14,6183.49,6339.34,-155.85000000000036,-245.8457820530213,-173.90488543869262,-82.79368566785625
2018-10-15,6440.42,6752.5,-312.0799999999999,-462.1695668271009,-245.9710557857947,-107.26954896846466
2018-10-16,6457.11,6759.27,-302.16000000000076,-447.0305225268423,-296.2359224710566,-129.1896117786926
2018-10-17,6443.7,6740.89,-297.1900000000005,-440.87650147087487,-332.39606722101115,-149.29844337174524
2018-10-18,6394.96,6618.96,-224.0,-338.42174601448005,-333.90248691937836,-161.4999467680556
2018-10-19,6382.99,6528.88,-145.89000000000033,-223.45333349671037,-306.29019856371133,-165.49693946022836
2018-10-20,6414.0,6588.4,-174.39999999999964,-264.7076680225846,-295.89456592842964,-171.8976316255439
2018-10-21,6415.88,6590.11,-174.22999999999956,-264.3810194367002,-288.0161793054973,-177.8643018069108
2018-10-22,6407.65,6581.2,-173.55000000000018,-263.7057071658666,-281.9385612705896,-183.40245699136125
2018-10-23,6395.14,6553.51,-158.3699999999999,-241.65676103339973,-271.86811121129216,-187.16079918762284
2018-10-24,6415.98,6565.5,-149.52000000000044,-227.73589216358303,-260.83505644936486,-189.77854712155647
2018-10-25,6395.58,6528.09,-132.51000000000022,-202.98433385569137,-246.3723758009465,-190.63053336246864
2018-10-26,6404.87,6538.63,-133.76000000000022,-204.56884699088351,-235.92149359843074,-191.52977940301176
2018-10-27,6409.12,6505.6,-96.48000000000047,-148.30300049188506,-214.01687032179433,-188.740954957132
2018-10-28,6403.62,6489.93,-86.3100000000004,-132.99064858943055,-193.7603148887034,-185.14416099792476
2018-10-29,6266.0,6344.5,-78.5,-123.72921428008499,-176.25253973654878,-181.18190637096657
2018-10-30,6267.63,6330.87,-63.23999999999978,-99.89148410881832,-157.16227582961616,-175.93736299921414
2018-10-31,6304.18,6371.93,-67.75,-106.3257129315609,-144.45313510510235,-171.44628880130026
2018-11-01,6344.0,6410.0,-66.0,-102.96411856474231,-134.08088097001232,-167.02808426990873
2018-11-02,6349.8,6433.98,-84.17999999999938,-130.8365894827146,-133.2698080981879,-164.69314912234748
2018-11-03,6331.96,6387.09,-55.13000000000011,-86.3147380105811,-121.53104057628619,-159.6364774377167
2018-11-04,6423.28,6485.85,-62.57000000000062,-96.47154960413906,-115.26616783324941,-155.5613208032918
2018-11-05,6404.0,6468.99,-64.98999999999978,-100.46390549374729,-111.56560224837388,-152.0066488478369
2018-11-06,6448.5,6519.11,-70.60999999999967,-108.31233097769454,-110.75228443070405,-149.18766059815
2018-11-07,6503.12,6578.46,-75.34000000000015,-114.5252840330413,-111.69553433128837,-146.95137823911048
2018-11-08,6406.24,6479.84,-73.60000000000036,-113.5830514333691,-112.16741360680857,-144.7985829613205
2018-11-09,6334.89,6419.99,-85.09999999999945,-132.55472360548802,-117.26424110647844,-144.00865655126674
2018-11-10,6347.42,6433.05,-85.63000000000011,-133.1094892780249,-121.22555314936506,-143.30548446912204
2018-11-11,6357.6,6449.81,-92.21000000000004,-142.9654516954759,-126.66052778589277,-143.28354687082228
2018-11-12,6327.87,6453.07,-125.19999999999982,-194.01618144542,-143.49944120077456,-146.55662006918365
2018-11-13,6259.34,6457.66,-198.3199999999997,-307.10814753331704,-184.40161778391015,-156.91478313138654
2018-11-14,5605.46,5922.41,-316.9499999999998,-535.1706484353491,-272.0938754467699,-181.318387344547
2018-11-15,5579.52,5753.4,-173.8799999999992,-302.22129523412076,-279.6257303936076,-189.11857495032643
2018-11-16,5512.24,5655.94,-143.69999999999982,-254.0691732939171,-273.236591118685,-193.30893613378413
2018-11-17,5504.17,5628.29,-124.11999999999989,-220.52879293710913,-260.059641573291,-195.06505592754712
2018-11-18,5560.0,5662.0,-102.0,-180.14835747085846,-240.08182054768287,-194.10268828518008
2018-11-19,4733.5,4910.03,-176.52999999999975,-359.5293715109682,-269.9437082885042,-204.77537752555403
2018-11-20,4349.23,4558.86,-209.6300000000001,-459.8298697481396,-317.415248653413,-221.23050605604413
2018-11-21,4545.11,4661.07,-115.96000000000004,-248.78407747577324,-300.2574558590031,-223.008155825059
2018-11-22,4265.36,4370.0,-104.64000000000033,-239.45080091533288,-285.0557921230855,-224.06897163733476
2018-11-23,4283.8,4420.61,-136.8099999999995,-309.4821755368593,-291.1623879765289,-229.57950092117525
2018-11-24,3774.99,3932.44,-157.45000000000027,-400.3875456459605,-318.4686773938868,-240.59937477438757
2018-11-25,3936.69,4085.78,-149.09000000000015,-364.89972538903294,-330.0764393926733,-248.6187522333972
2018-11-26,3731.32,3862.2,-130.87999999999965,-338.87421676764393,-332.27588373641595,-254.4416854291552
2018-11-27,3775.0,3875.21,-100.21000000000004,-258.5924375711257,-313.85502219509334,-254.7094758899275
2018-11-28,4225.03,4264.85,-39.82000000000062,-93.36787929235646,-258.7332364694091,-244.3003406255678
2018-11-29,4248.0,4295.84,-47.840000000000146,-111.36355171514789,-221.8908152808438,-235.72377359908887
2018-11-30,3976.0,4041.32,-65.32000000000016,-161.63035839775185,-206.82570106007083,-230.94355326351865
2018-12-01,4142.01,4190.02,-48.01000000000022,-114.58179197235351,-183.76472378814148,-223.43634285763687
2018-12-02,4103.19,4161.01,-57.82000000000062,-138.95664754470795,-172.5627047272831,-217.98603993422202
2018-12-03,3833.47,3884.01,-50.54000000000042,-130.1232489102766,-161.95284077303145,-212.31747277138675
2018-12-04,3901.84,3951.64,-49.79999999999973,-126.02362563391311,-152.97053698825187,-206.75012779477547
2018-12-05,3694.39,3769.84,-75.45000000000027,-200.1411200475356,-164.7631827530728,-206.32374019817934
2018-12-06,3433.26,3508.75,-75.48999999999978,-215.14784467402848,-177.35934823331172,-206.89303726113735
2018-12-07,3380.01,3403.55,-23.539999999999964,-69.16307972558045,-150.3102811063789,-198.00723354916582
2018-12-08,3401.0,3410.93,-9.929999999999836,-29.112294887317923,-120.01078455161367,-187.11078589356262
2018-12-09,3531.18,3545.37,-14.190000000000055,-40.02403134228616,-100.01409624928179,-177.62131785799627
2018-12-10,3410.15,3432.88,-22.730000000000018,-66.2126261331597,-91.56372872025126,-170.43366032736157
2018-12-11,3349.36,3380.39,-31.029999999999745,-91.79414209602999,-91.62133206419594,-165.36014302211433
2018-12-12,3430.24,3445.0,-14.760000000000218,-42.844702467345066,-79.42717466498323,-157.4559210508388
2018-12-13,3265.0,3302.06,-37.059999999999945,-112.23296972193152,-87.6286234292203,-154.53831128768346
2018-12-14,3195.71,3224.17,-28.460000000000036,-88.27077976657604,-87.78916251355922,-150.26298667341845
2018-12-15,3183.0,3211.72,-28.7199999999998,-89.422490129899,-88.19749441764417,-146.3377933480301
2018-12-16,3195.0,3228.67,-33.67000000000007,-104.28442671440608,-92.21922749183464,-143.6246729200543
2018-12-17,3496.82,3509.08,-12.259999999999764,-34.93793244953025,-77.89890373125854,-136.6126251477624
2018-12-18,3667.77,3652.98,14.789999999999964,40.48749240346261,-48.30230469757825,-125.18681111219944
2018-12-19,3682.51,3662.22,20.29000000000042,55.403553036137424,-22.37584026414932,-113.5358198768228
2018-12-20,4075.34,4049.62,25.720000000000255,63.51213200251004,-0.9038471974844742,-102.11337136847868
2018-12-21,3839.06,3838.66,0.40000000000009095,1.0420302918201507,-0.4173778251583179,-95.4581841645884
2018-12-22,3980.46,3948.91,31.550000000000182,79.89546482447096,19.660832837249007,-84.14504552013291
2018-12-23,3944.93,3929.71,15.2199999999998,38.7305933516724,24.42827296585486,-76.21758494775833
2018-12-24,4034.0,4008.01,25.98999999999978,64.8451475919476,34.53249162237804,-67.11676349358372
2018-12-25,3780.0,3745.79,34.210000000000036,91.32919891398083,48.73166844527874,-56.89444333825694
2018-12-26,3809.88,3777.74,32.14000000000033,85.07732136145086,57.818081674321775,-47.73497464795319
2018-12-27,3589.89,3567.91,21.980000000000018,61.6046929434888,58.76473449161353,-40.68080254527949
2018-12-28,3888.06,3839.26,48.79999999999973,127.1078280710336,75.85050788646855,-29.85572960229152
2018-12-29,3729.31,3695.32,33.98999999999978,91.98120866393155,79.8831830808343,-21.995281972212595
2018-12-30,3829.0,3801.91,27.090000000000146,71.25365934490758,77.72580214685262,-15.979221242075795
2018-12-31,3691.86,3702.9,-11.039999999999964,-29.81446973993385,50.840734175155994,-16.871817919356964
2019-01-01,3826.1,3797.14,28.960000000000036,76.26792796683768,57.19753262307642,-10.862802055731493
2019-01-02,3890.79,3858.56,32.23000000000002,83.52857024382266,63.78029202826298,-4.773036100921537
2019-01-03,3787.57,3766.78,20.789999999999964,55.19302959025918,61.63347641876203,-0.9042576692324524
2019-01-04,3820.82,3792.01,28.809999999999945,75.97553803919243,65.21899182386963,4.055729150665933
2019-01-05,3798.62,3770.96,27.659999999999854,73.35002227549347,67.2517494367756,8.526328707106424
2019-01-06,4040.99,3987.6,53.38999999999987,133.89005918346797,83.91132687344869,16.6143113184846
2019-01-07,4006.01,3975.45,30.5600000000004,76.87180067665444,82.15144532425012,20.501891277076208
2019-01-08,3993.86,3955.13,38.73000000000002,97.92345637185119,86.09444808615038,25.496830960610083
2019-01-09,4004.12,3966.65,37.4699999999998,94.462581775554,88.18648150850127,29.946234238993565
2019-01-10,3626.12,3585.88,40.23999999999978,112.21792140283515,94.19434148208474,35.25408502375754
2019-01-11,3635.69,3601.31,34.38000000000011,95.46526125215671,94.51207142460272,39.13867703849297
2019-01-12,3619.41,3583.13,36.279999999999745,101.25225710482022,96.1971178446571,43.146004784707635
2019-01-13,3514.24,3476.81,37.429999999999836,107.65615607410295,99.06187740201857,47.30795002918475
2019-01-14,3664.19,3626.09,38.09999999999991,105.07185425623788,100.5643716155734,51.03465352770431
2019-01-15,3580.76,3553.06,27.700000000000273,77.96096885501535,94.91352092543387,52.771835161724375
2019-01-16,3609.71,3591.84,17.86999999999989,49.75165931667247,83.62305552324352,52.57698510720489
2019-01-17,3640.65,3616.21,24.440000000000055,67.58457058633205,79.61343428901564,53.5452164284389
2019-01-18,3607.85,3594.87,12.980000000000018,36.1070080420145,68.73682772726535,52.420170726088934
2019-01-19,3682.65,3665.3,17.34999999999991,47.335825171199716,63.38657708824894,52.092148432225116
2019-01-20,3536.19,3539.28,-3.0900000000001455,-8.73058927239434,45.35728549808811,48.1681008383787
2019-01-21,3531.76,3526.9,4.860000000000127,13.77980662905065,37.462915780828745,45.94950121197044
2019-01-22,3577.03,3570.93,6.100000000000364,17.08238470090606,32.36778301084807,44.08710659835339
2019-01-23,3553.01,3552.82,0.19000000000005457,0.5347864513272071,24.409533870967856,41.27727949209363
2019-01-24,3568.97,3569.62,-0.650000000000091,-1.8209221149589894,17.851919874486143,38.496750356154756
2019-01-25,3562.17,3565.29,-3.119999999999891,-8.751041289768446,11.201179583422494,35.44850573383714
2019-01-26,3556.07,3565.25,-9.179999999999836,-25.748544982819865,1.963748441861903,31.500308913407654
2019-01-27,3531.02,3550.84,-19.820000000000164,-55.81777832850854,-12.481633250730711,25.86688393005822
2019-01-28,3429.95,3434.15,-4.200000000000273,-12.230100607137917,-12.418750089832514,23.409013959916532
2019-01-29,3397.42,3411.04,-13.61999999999989,-39.929171161874336,-19.29635535784297,19.322679435930027
2019-01-30,3437.55,3458.18,-20.629999999999654,-59.6556570219009,-29.386180773857454,14.227302890263516
2019-01-31,3411.5,3434.1,-22.59999999999991,-65.81054715937174,-38.49227237023603,9.063570628996725
2019-02-01,3437.5,3462.07,-24.570000000000164,-70.96910230006914,-46.61147985269431,3.9001723755086046
2019-02-02,3468.43,3504.77,-36.340000000000146,-103.6872605049699,-60.88042501576321,-3.0409523264577505
2019-02-03,3414.78,3458.11,-43.32999999999993,-125.2996579056187,-76.98523323822708,-10.928610750919747
2019-02-04,3409.57,3463.22,-53.649999999999636,-154.91363528739032,-96.4673337505179,-20.217967172627525
2019-02-05,3428.4,3471.59,-43.190000000000055,-124.40985254595138,-103.45296344937627,-26.940024293487127
2019-02-06,3367.36,3405.37,-38.00999999999976,-111.6178271377255,-105.49417937146359,-32.403108347954124
2019-02-07,3359.0,3398.4,-39.40000000000009,-115.93691148775953,-108.10486240053757,-37.79238596987706
2019-02-08,3621.99,3659.04,-37.05000000000018,-101.25606716515856,-106.39266359169281,-41.88681701473393
2019-02-09,3623.73,3665.18,-41.44999999999982,-113.0913079303053,-108.06732467634595,-46.48065513831918
2019-02-10,3648.84,3680.06,-31.2199999999998,-84.83557333304303,-102.25938684052022,-48.955165989591684
2019-02-11,3590.36,3631.05,-40.690000000000055,-112.0612495008333,-104.70985250559849,-53.0265262161234
2019-02-12,3588.06,3631.46,-43.40000000000009,-119.51116080033964,-108.41017957928378,-57.31585747962122
2019-02-13,3576.68,3609.4,-32.720000000000255,-90.65218595888602,-103.97068117418435,-59.466588349251204
2019-02-14,3561.5,3590.56,-29.059999999999945,-80.93445033643731,-98.21162346474759,-60.85161170326321
2019-02-15,3566.59,3602.47,-35.879999999999654,-99.59833114501882,-98.5583003848154,-63.35140005434422
2019-02-16,3582.37,3618.41,-36.039999999999964,-99.60175878355403,-98.81916498450006,-65.69013287558356
2019-02-17,3625.08,3667.58,-42.5,-115.88022619820171,-103.08443028792547,-68.92820341252667
2019-02-18,3867.0,3898.6,-31.59999999999991,-81.05473759811188,-97.57700711547209,-69.71056045675797
2019-02-19,3888.01,3907.79,-19.779999999999745,-50.616844815098986,-85.83696654037881,-68.47870783471545
2019-02-20,3938.99,3969.74,-30.75,-77.4609924075631,-83.74297300717487,-69.05821006522176
2019-02-21,3897.71,3937.31,-39.59999999999991,-100.57628177613576,-87.95130019941509,-71.09163404657104
2019-02-22,3942.02,3962.0,-19.980000000000018,-50.42907622412884,-78.57074420559351,-69.75856579996189
2019-02-23,4110.0,4117.76,-7.760000000000218,-18.84519738887258,-63.63935750141328,-66.47383235408515
2019-02-24,3734.22,3743.56,-9.340000000000146,-24.949513297503056,-53.96689645043572,-63.79484402785404
2019-02-25,3818.79,3827.92,-9.13000000000011,-23.85107316767332,-46.437940629745114,-61.217826553003675
2019-02-26,3799.48,3809.23,-9.75,-25.595724070218708,-41.22738648986351,-58.919626392824
2019-02-27,3799.91,3818.07,-18.16000000000031,-47.56329768705214,-42.81136428916067,-58.186960024709684
2019-02-28,3792.14,3813.69,-21.550000000000182,-56.506952583981196,-46.2352613628658,-58.07857244788849
2019-03-01,3806.17,3823.0,-16.829999999999927,-44.02301857180157,-45.68220066509974,-57.17176252039901
2019-03-02,3809.7,3819.93,-10.230000000000018,-26.780595455937473,-40.95679936280917,-55.21104206462729
2019-03-03,3786.93,3807.75,-20.820000000000164,-54.67795942485809,-44.3870893783214,-55.17664963625508
2019-03-04,3700.72,3715.3,-14.580000000000382,-39.24312976071987,-43.10109947392102,-54.148680612027
2019-03-05,3844.59,3857.73,-13.139999999999873,-34.061481752222235,-40.84119504349632,-52.85273229849121
2019-03-06,3851.89,3861.84,-9.950000000000273,-25.764920348849696,-37.07212636983466,-51.1051315275466
2019-03-07,3857.05,3873.64,-16.58999999999969,-42.82793444925104,-38.511078389688755,-50.57111881281785
2019-03-08,3843.12,3864.89,-21.769999999999982,-56.3276057015849,-42.96521021766279,-50.94250506370605
2019-03-09,3917.0,3943.04,-26.039999999999964,-66.04041551696139,-48.734011542487444,-51.916563802625745
2019-03-10,3900.92,3916.82,-15.900000000000091,-40.59415546284973,-46.69904752257801,-51.18608584522084
2019-03-11,3849.68,3871.61,-21.93000000000029,-56.64310196533351,-49.18506113326689,-51.53815140135713
2019-03-12,3860.0,3882.73,-22.730000000000018,-58.54128409649939,-51.52411687407502,-51.98996641394696
2019-03-13,3851.02,3866.0,-14.980000000000018,-38.74806001034625,-48.33010265814283,-51.135649871779165
2019-03-14,3853.95,3877.12,-23.170000000000073,-59.76085341696913,-51.18779034784941,-51.69211461663013
2019-03-15,3902.8,3923.76,-20.960000000000036,-53.418149937815016,-51.74538024534081,-51.80347173412592
2019-03-16,3990.0,4005.98,-15.980000000000018,-39.890363905961124,-48.78162616049589,-51.03488413230883
2019-03-17,3967.01,3981.14,-14.129999999999654,-35.49234641333832,-45.45930622370649,-50.03213976334299
2019-03-18,3970.5,3987.81,-17.309999999999945,-43.4072836970667,-44.94630059204654,-49.604729694550976
2019-03-19,4000.85,4015.53,-14.680000000000291,-36.558063319164226,-42.84924127382596,-48.763009283235704
2019-03-20,4031.85,4043.04,-11.190000000000055,-27.67719339902608,-39.05622930512599,-47.4026340648996
2019-03-21,3972.76,3980.64,-7.879999999999654,-19.795811728766655,-34.24112491103615,-45.62154875289102
2019-03-22,3983.78,3986.93,-3.149999999999636,-7.900815916004333,-27.656047662278198,-43.18795308599511
2019-03-23,3983.43,4006.01,-22.580000000000382,-56.3653111200435,-34.83336352671952,-44.03810521722404
2019-03-24,3969.52,3992.18,-22.659999999999854,-56.760967691836804,-40.315264567998845,-44.858935054295834
2019-03-25,3907.53,3936.12,-28.58999999999969,-72.63498064083329,-48.39519358620746,-46.65093799536277
2019-03-26,3921.45,3948.55,-27.100000000000364,-68.63278925175132,-53.45459250259343,-48.069121947387835
2019-03-27,4026.53,4038.05,-11.519999999999982,-28.52862148809421,-47.22309974896862,-46.80844449840115
2019-03-28,4011.17,4027.81,-16.639999999999873,-41.31277294609159,-45.745518048249366,-46.45388504341344
2019-03-29,4091.01,4103.25,-12.239999999999782,-29.83001279473485,-41.76664173487073,-45.381377156401925
2019-03-30,4094.14,4106.97,-12.830000000000382,-31.23957564822866,-39.13487521321021,-44.469002865552035
2019-03-31,4094.99,4103.95,-8.960000000000036,-21.83262466648017,-34.809312576527695,-43.00859136883771
2019-04-01,4137.0,4144.56,-7.5600000000004,-18.240778273207468,-30.667179000697637,-41.41066794331318
2019-04-02,4901.93,4857.29,44.64000000000033,91.90309822967092,-0.024609693105492887,-32.809779803120655
2019-04-03,4975.97,4932.6,43.36999999999989,87.9252321291002,21.96285076244593,-25.020424194590277
2019-04-04,4906.49,4898.66,7.829999999999927,15.983962961299003,20.468128812159197,-22.37497986195226
2019-04-05,5040.66,5004.95,35.710000000000036,71.34936412951154,33.18843764149729,-16.32824799153524
2019-04-06,5049.22,5043.89,5.329999999999927,10.567240760603891,27.53313842127394,-14.593055168816587
2019-04-07,5194.79,5170.27,24.519999999999527,47.424989410609356,32.50610116860779,-10.59189100240201
2019-04-08,5285.54,5236.9,48.64000000000033,92.8793752028878,47.59941967717779,-3.916325440770409
2019-04-09,5187.21,5150.0,37.210000000000036,72.25242718446711,53.76267155400013,0.9977876318255596
2019-04-10,5318.58,5308.25,10.329999999999927,19.460274101634756,45.18707219090878,2.188915791168088
2019-04-11,5041.3,5017.37,23.93000000000029,47.6943099671745,45.8138816349752,5.124747673491082
2019-04-12,5078.19,5048.01,30.17999999999938,59.785935447829175,49.306895088188696,8.651275916996765
2019-04-13,5066.22,5045.22,21.0,41.62355655452199,47.386060454772014,10.778519829095167
2019-04-14,5164.27,5131.3,32.970000000000255,64.25272348137945,51.60272621142387,14.228468451823185
2019-04-15,5029.99,5024.95,5.039999999999964,10.029950546770472,41.209532295260516,13.957596328916559
2019-04-16,5202.9,5173.72,29.17999999999938,56.400423679672244,45.007255141363444,16.695843254771763
2019-04-17,5227.0,5202.82,24.18000000000029,46.474796360436166,45.37414044613162,18.617066035782372
2019-04-18,5281.81,5258.44,23.3700000000008,44.44283856048781,45.141314974720665,20.283244908344013
2019-04-19,5290.36,5258.68,31.67999999999938,60.24325496132077,48.91679997137069,22.86131007305219
2019-04-20,5319.89,5291.73,28.160000000000764,53.21511112623023,49.99137776008558,24.819619818418513
2019-04-21,5297.64,5256.14,41.5,78.95527896897735,57.232353062308526,28.312242989422312
2019-04-22,5387.6,5357.14,30.460000000000036,56.8586969913043,57.13893904455747,30.15394969922115
2019-04-23,5532.75,5493.31,39.4399999999996,71.79642146538212,60.803309649763634,32.84056078090895
2019-04-24,5441.9,5415.0,26.899999999999636,49.676823638040716,58.0216881468329,33.92677128782068
2019-04-25,5134.81,5219.9,-85.08999999999924,-163.01078564723292,2.7635696983164313,21.22112245330109
2019-04-26,5159.51,5314.1,-154.59000000000015,-290.90532733670796,-70.65365456043968,1.0839321442682457
2019-04-27,5170.6,5295.69,-125.08999999999924,-236.2109564570425,-112.04298003459039,-14.22541550742922
2019-04-28,5155.0,5307.52,-152.52000000000044,-287.3658507174737,-155.87369770531123,-31.847379069367573
2019-04-29,5148.25,5238.14,-89.89000000000033,-171.60671536079695,-159.80695211918265,-40.86411044300818
2019-04-30,5270.69,5320.81,-50.1200000000008,-94.19618441553257,-143.40426019327012,-44.304889408977495
2019-05-01,5321.15,5383.2,-62.05000000000018,-115.26601278050275,-136.36969834007826,-48.8830264006888
2019-05-02,5390.01,5492.87,-102.85999999999967,-187.26094009142713,-149.09250877791547,-57.810633735575145
2019-05-03,5657.4,5772.69,-115.28999999999996,-199.71625013641804,-161.7484441175411,-66.96583479369404
2019-05-04,5770.01,5829.45,-59.4399999999996,-101.96502242921679,-146.80258869546,-69.22384689921165
2019-05-05,5715.86,5775.62,-59.76000000000022,-103.46941107621355,-135.96929429064838,-71.43323813643758
2019-05-06,5687.9,5747.79,-59.89000000000033,-104.19656946409006,-128.02611308400878,-73.54700144789904
2019-05-07,5748.45,5846.34,-97.89000000000033,-167.4380894713623,-137.87910718084717,-79.60449099779989
2019-05-08,5948.41,5987.29,-38.88000000000011,-64.93755939665502,-119.64372023479913,-78.65823734611313
2019-05-09,6153.09,6209.18,-56.090000000000146,-90.33398935125115,-112.31628751391214,-79.41151166902526
2019-05-10,6343.14,6373.33,-30.1899999999996,-47.36927163664806,-96.07953354459613,-77.34427037661382
2019-05-11,7219.95,7076.22,143.72999999999956,203.11691835471325,-21.28042056976876,-59.25000013588305
2019-05-12,6979.76,6967.31,12.449999999999818,17.86916327822352,-11.493024607770687,-54.274570238198756
2019-05-13,7824.93,7790.71,34.220000000000255,43.92410961260307,2.361258947322755,-47.93917153814703
2019-05-14,7990.92,7947.56,43.35999999999967,54.55762523340457,15.410350518843213,-41.326474972240476
2019-05-15,8203.32,8169.87,33.44999999999982,40.94312394199662,21.793543874631563,-36.018758913257436
2019-05-16,7878.96,7866.59,12.36999999999989,15.724729520669722,20.276340286141103,-32.68046933687504
2019-05-17,7363.69,7355.26,8.429999999999382,11.461185600507573,18.07255161473272,-29.832620631237454
2019-05-18,7262.4,7257.45,4.949999999999818,6.8205774755591975,15.259558079939339,-27.46789817273444
2019-05-19,8200.0,8148.48,51.52000000000044,63.226515865535404,27.25129752633836,-21.616645654136384
2019-05-20,7999.54,7938.15,61.39000000000033,77.33539930588451,39.7723229712249,-15.232642753489875
2019-05-21,7951.7,7904.87,46.82999999999993,59.24196096836587,44.63973247051015,-10.427829610144343
2019-05-22,7626.48,7628.43,-1.9500000000007276,-2.5562271660106717,32.84074256137994,-9.919984291167976
2019-05-23,7881.98,7851.51,30.469999999999345,38.807821680160174,34.332512341074995,-6.776254873662934
2019-05-24,8001.7,7964.87,36.82999999999993,46.24055383201542,37.309522713810104,-3.355815602328846
2019-05-25,8063.81,8025.41,38.400000000000546,47.84802271784238,39.94414771481817,-0.052342162317799076
2019-05-26,8731.72,8614.43,117.28999999999905,136.15526506106423,63.99692705137969,8.735245400481041
2019-05-27,8772.29,8756.32,15.970000000001164,18.238255340143894,52.557259123570745,9.34834281594316
2019-05-28,8715.36,8715.64,-0.27999999999883585,-0.3212615482039993,39.33762895562705,8.724497373094955
2019-05-29,8662.44,8645.68,16.76000000000022,19.385404039937715,34.34957272670472,9.412297803213843
2019-05-30,8279.69,8269.54,10.149999999999636,12.273959615649588,28.830669448940938,9.596921145951631
2019-05-31,8554.06,8555.0,-0.9400000000005093,-1.0987726475752968,21.348308924811874,8.906876385078927
2019-06-01,8558.95,8544.07,14.880000000001019,17.415587653191178,20.3651286069067,9.455825499150686
2019-06-02,8736.55,8725.98,10.569999999999709,12.113252608876302,18.3021596073991,9.627272409455564
2019-06-03,8107.96,8115.82,-7.859999999999673,-9.68478847485521,11.30542258683552,8.381332997564545
2019-06-04,7670.96,7687.03,-16.06999999999971,-20.90534315593917,3.2527311511418455,6.491870019919144
2019-06-05,7789.48,7776.5,12.979999999999563,16.691313572942956,6.612376756592124,7.149898636243261
2019-06-06,7805.0,7786.7,18.300000000000182,23.50161172255172,10.834685498082022,8.204847867618
2019-06-07,7998.13,7980.53,17.600000000000364,22.053673126973816,13.639432405304973,9.098320464995796
2019-06-08,7930.14,7893.62,36.52000000000044,46.26521165194131,21.795877216964055,11.496184412540668
2019-06-09,7634.58,7628.13,6.449999999999818,8.455545461338865,18.460794278057758,11.300014157624423
2019-06-10,8015.69,7982.75,32.9399999999996,41.26397544705674,24.161589570307505,13.233172950491022
2019-06-11,7918.17,7884.9,33.27000000000044,42.19457443975338,28.669835787668976,15.101650465927305
2019-06-12,8176.02,8127.64,48.38000000000011,59.52527424935239,36.38369540308983,17.967690710019248
2019-06-13,8239.04,8218.54,20.5,24.943603121723168,33.52367233274816,18.417749575290472
2019-06-14,8697.46,8650.0,47.45999999999913,54.86705202311981,38.859517255341075,20.769317475150427
2019-06-15,8860.23,8808.7,51.529999999998836,58.49898395903885,43.769383931265516,23.203489506369035
2019-06-16,8975.0,8953.33,21.670000000000073,24.203285258110885,38.877859262976855,23.267992458094316
2019-06-17,9333.14,9313.96,19.18000000000029,20.592744654261974,34.306580610798136,23.095395825589005
2019-06-18,9078.48,9081.55,-3.069999999999709,-3.3804802043702065,24.88481540700605,21.387274791398088
2019-06-19,9277.54,9255.49,22.05000000000109,23.823698151044237,24.6195360930156,21.54446339524623
2019-06-20,9531.21,9517.12,14.089999999998327,14.804898961029433,22.165876810019057,21.10965278658708
2019-06-21,10236.2,10159.86,76.34000000000015,75.13883065317862,35.40911527080895,24.59540619733492
2019-06-22,10666.86,10729.5,-62.63999999999942,-58.38109883964715,11.961561743194915,19.242083291723173
2019-06-23,10833.02,10906.07,-73.04999999999927,-66.98104816858842,-7.7740907347509225,13.67930061686436
2019-06-24,11032.32,11056.59,-24.270000000000437,-21.95070993859849,-11.318245535712814,11.380590258447402
2019-06-25,11755.53,11820.86,-65.32999999999993,-55.26670648328458,-22.305360772605756,7.080764662206629
2019-06-26,12927.44,13093.8,-166.35999999999876,-127.05249812888452,-48.492145111675455,-1.5729942275411872
2019-06-27,11159.29,11329.99,-170.6999999999989,-150.66209237607376,-74.03463192777504,-11.191645720994902
2019-06-28,12360.45,12400.63,-40.17999999999847,-32.401579597164385,-63.62636884512237,-12.560028551715513
2019-06-29,11865.29,11903.13,-37.83999999999833,-31.78995776740967,-55.6672660756942,-13.800669146276428
2019-06-30,10761.26,10854.1,-92.84000000000015,-85.53449848444417,-63.1340741778817,-18.42865813583564
2019-07-01,10577.63,10624.93,-47.30000000000109,-44.517940353490104,-58.4800407217838,-20.111837633748827
2019-07-02,10829.18,10842.85,-13.670000000000073,-12.607386434378975,-47.01187714993259,-19.627679491853996
2019-07-03,11976.42,11940.0,36.42000000000007,30.502512562813333,-27.633279721746106,-16.3934735528432
2019-07-04,11136.0,11145.67,-9.670000000000073,-8.676014990575132,-22.893963538953358,-15.895573000438809
2019-07-05,11004.51,10970.73,33.780000000000655,30.79102302216974,-9.472716898672582,-12.88353454736729
2019-07-06,11237.77,11256.49,-18.719999999999345,-16.630406103500526,-11.262139199879568,-13.12526819615008
2019-07-07,11474.42,11406.24,68.18000000000029,59.774298980208584,6.496970345142474,-8.422070313804358
2019-07-08,12293.53,12238.6,54.93000000000029,44.88258460935146,16.09337391119472,-4.983060318762048
2019-07-09,12571.11,12543.41,27.700000000000728,22.083309084213187,17.590857704449338,-3.236842937924936
2019-07-10,12097.96,12108.37,-10.410000000001673,-8.597358686596168,11.043803606687959,-3.5826826636456603
2019-07-11,11349.0,11342.89,6.110000000000582,5.386634270454493,9.629511272629593,-3.0040170549940375
2019-07-12,11802.0,11757.22,44.780000000000655,38.08723490757116,16.743942181364986,-0.3529685412801539
2019-07-13,11370.08,11355.76,14.319999999999709,12.610340479193294,15.710541755822064,0.4833739761697459
2019-07-14,10185.03,10174.18,10.850000000000364,10.664250091900751,14.448968839841736,1.1402046933136818
2019-07-15,10854.47,10838.72,15.75,14.53123616072638,14.469535670062898,2.0041422073403075
2019-07-16,9422.72,9439.59,-16.8700000000008,-17.87153891217863,6.384267024502515,0.7218401996294083
2019-07-17,9696.31,9667.92,28.389999999999418,29.365158172593997,12.129489811525389,2.569796197885188
2019-07-18,10649.07,10627.16,21.909999999999854,20.616985158781187,14.251363648339339,3.7341309695558977
2019-07-19,10538.06,10504.29,33.76999999999862,32.14876969314329,18.725715159540325,5.567333467851858
2019-07-20,10761.03,10740.23,20.80000000000109,19.366438148904486,18.885895906881363,6.457598285984285
2019-07-21,10590.7,10589.45,1.25,1.180420135133975,14.459526963944516,6.117135179477812
2019-07-22,10323.39,10340.31,-16.920000000000073,-16.36314578576492,6.753858776517156,4.666794472042797
2019-07-23,9840.12,9864.91,-24.789999999999054,-25.129474065145317,-1.2169744338984645,2.7444545664177578
2019-07-24,9772.6,9763.28,9.319999999999709,9.54597225522491,1.4737622383823796,3.1832621592440256
2019-07-25,9883.33,9879.87,3.459999999999127,3.5020703713706247,1.980839271629441,3.203830430994129
2019-07-26,9843.0,9824.0,19.0,19.340390879478697,6.320727173591756,4.24489884702539
2019-07-27,9479.98,9476.52,3.459999999999127,3.651129317512325,5.653327709571897,4.206591135443903
2019-07-28,9533.0,9541.54,-8.540000000000873,-8.950337157315191,2.0024114928501247,3.3577570520400903
2019-07-29,9495.01,9507.64,-12.6299999999992,-13.284053666313689,-1.8192047969408296,2.2840918444043625
2019-07-30,9589.01,9574.21,14.800000000001091,15.458194461999142,2.500145017794164,3.134033948765316
2019-07-31,10087.3,10080.53,6.769999999998618,6.715916722630499,3.554087944003248,3.365123159982425
2019-08-01,10405.94,10374.99,30.950000000000728,29.83135405431714,10.123404471581722,5.072621927358858
2019-08-02,10533.01,10523.75,9.260000000000218,8.799144791542535,9.792339551571924,5.313042757306191
2019-08-03,10820.76,10816.86,3.899999999999636,3.6054825522380263,8.24562530173845,5.202877582785665
2019-08-04,10977.51,10929.23,48.280000000000655,44.17511572178512,17.22799790675012,7.717215527237243
2019-08-05,11819.49,11828.8,-9.30999999999949,-7.870620857567401,10.953343215670737,6.711548663701459
2019-08-06,11465.49,11481.69,-16.200000000000728,-14.10942117406111,4.687652118237772,5.368260287071616
2019-08-07,11975.03,11975.03,0.0,0.0,3.515739088678329,5.021920913712157
2019-08-08,11981.0,11999.77,-18.770000000000437,-15.641966471023894,-1.2736873012472276,3.6887668888904765
2019-08-09,11856.1,11879.99,-23.889999999999418,-20.109444536569043,-5.982626610077682,2.153398409828572
2019-08-10,11280.95,11309.31,-28.359999999998763,-25.07668460763668,-10.756141109467432,0.39661886031468485
2019-08-11,11540.76,11549.97,-9.209999999999127,-7.974046685834679,-10.060617503559243,-0.14342407814656444
2019-08-12,11389.28,11396.08,-6.799999999999272,-5.966964078875092,-9.037204147388204,-0.5191363362580824
2019-08-13,10854.92,10892.71,-37.789999999999054,-34.69292765528431,-15.45113502436223,-2.723897066517839
2019-08-14,10025.86,10050.37,-24.51000000000022,-24.38716186568324,-17.685141734692483,-4.121527053560768
2019-08-15,10300.01,10293.93,6.079999999999927,5.906393379400132,-11.787257956169325,-3.474564444982645
2019-08-16,10352.78,10331.54,21.23999999999978,20.55840658798269,-3.70084182013132,-1.9240501847913327
2019-08-17,10217.79,10216.02,1.7700000000004366,1.7325729589412475,-2.3424881253631775,-1.6881390142279404
2019-08-18,10315.48,10306.78,8.699999999998909,8.441045602989306,0.35339530672494385,-1.034643232471989
2019-08-19,10920.0,10915.54,4.459999999999127,4.085917874883105,1.2865259487644842,-0.7042844513523054
2019-08-20,10769.09,10760.51,8.579999999999927,7.973599764323769,2.9582944026543054,-0.14442095356675225
2019-08-21,10130.0,10142.57,-12.569999999999709,-12.39330859929999,-0.8796063478342695,-0.9346717694205096
2019-08-22,10107.15,10099.88,7.270000000000437,7.198105324024429,1.1398215701304053,-0.4099764730692232
2019-08-23,10410.85,10389.55,21.30000000000109,20.50136916420975,5.9802084686502415,0.9391426003036137
2019-08-24,10147.96,10134.35,13.609999999998763,13.429573677639084,7.8425497708974525,1.744976863357515
2019-08-25,10138.72,10142.69,-3.970000000001164,-3.9141490078087315,4.903375076220906,1.3798719684435636
2019-08-26,10361.65,10372.25,-10.600000000000364,-10.219576273229336,1.1226372388583445,0.6315204689807958
2019-08-27,10171.85,10185.05,-13.199999999998909,-12.960172016827087,-2.398065075063014,-0.24536291720035788
2019-08-28,9714.31,9721.0,-6.690000000000509,-6.882008023866293,-3.519050812263834,-0.6735335692433214
2019-08-29,9495.0,9498.44,-3.4400000000005093,-3.6216473441963437,-3.5446999452469616,-0.863734457949968
2019-08-30,9582.42,9584.54,-2.1200000000008004,-2.21189540656197,-3.211498810575714,-0.9507125836668713
2019-08-31,9600.86,9587.47,13.390000000001237,13.9661453960227,1.0829122410738907,0.011665350506649498
2019-09-01,9766.52,9724.98,41.54000000000087,42.71474080152382,11.490869381186373,2.766702476378725
2019-09-02,10381.26,10340.0,41.26000000000022,39.90328820116184,18.593974086180243,5.162611232816346
2019-09-03,10628.48,10615.28,13.199999999998909,12.434905155584985,17.05420685353143,5.6317914858981935
2019-09-04,10581.84,10567.02,14.819999999999709,14.024767626066303,16.296847046665146,6.173273817521943
2019-09-05,10574.73,10564.49,10.239999999999782,9.692848400633114,14.645847385157136,6.400343145464599
2019-09-06,10308.92,10298.73,10.19000000000051,9.89442387556494,13.457991507759088,6.625767708696879
2019-09-07,10484.37,10455.88,28.4900000000016,27.247826103591333,16.90545015671715,7.95622308901265
2019-09-08,10398.97,10381.18,17.789999999999054,17.136780211881586,16.96328267050826,8.54851709693968
2019-09-09,10310.0,10303.12,6.8799999999992,6.67758892451964,14.391859234011104,8.42781205355774
2019-09-10,10093.01,10098.15,-5.139999999999418,-5.090041245178201,9.521384114213777,7.5556924858973575
2019-09-11,10160.2,10158.33,1.8700000000008004,1.8408537623804122,7.601251526255436,7.186993213412393
2019-09-12,10423.72,10415.01,8.709999999999127,8.362930040393124,7.791671154789858,7.262860105475665
2019-09-13,10365.93,10342.06,23.8700000000008,23.080508138610956,11.613880400745133,8.283353526968265
2019-09-14,10360.25,10335.02,25.229999999999563,24.412144340311137,14.813446385636635,9.323920676216192
2019-09-15,10304.46,10302.01,2.4499999999989086,2.378176685908784,11.704628960704671,8.875808160712488
2019-09-16,10262.54,10251.31,11.230000000001382,10.954697497198573,11.517146094828146,9.009930053389008
2019-09-17,10185.39,10187.82,-2.430000000000291,-2.385201151964278,8.04155928313004,8.274760298204924
2019-09-18,10155.26,10156.99,-1.7299999999995634,-1.7032605132027978,5.605354334046829,7.631017020049588
2019-09-19,10275.01,10244.29,30.719999999999345,29.98743690387551,11.700874976503998,9.073366689973842
2019-09-20,10168.85,10168.59,0.2600000000002183,0.2556893335259325,8.83957856575948,8.50448427988043
2019-09-21,9973.99,9986.39,-12.399999999999636,-12.416899400082837,3.525459074298899,7.154717590850542
2019-09-22,10026.8,10028.87,-2.070000000001528,-2.064041113307713,2.1280840273972457,6.559958964775816
2019-09-23,9693.74,9702.25,-8.510000000000218,-8.77116132855793,-0.5967273115915489,5.570854429722026
2019-09-24,8530.01,8493.14,36.8700000000008,43.41150622737988,10.405331073151311,8.012186803764468
2019-09-25,8438.35,8430.05,8.300000000001091,9.84573045237136,10.265430917956323,8.130479942384268
2019-09-26,8060.0,8063.73,-3.7299999999995634,-4.6256509084496855,6.54266046135482,7.307503758459497
2019-09-27,8193.99,8177.91,16.079999999999927,19.662725561910843,9.822676736493827,8.104614842553131
2019-09-28,8217.47,8198.81,18.659999999999854,22.759400449576805,13.056857664764573,9.05008488171595
2019-09-29,8052.4,8043.82,8.579999999999927,10.666573841782157,12.459286709018969,9.154374492042802
2019-09-30,8304.96,8289.34,15.619999999998981,18.843478491652466,14.055334654677342,9.779477975888586
2019-10-01,8321.52,8292.44,29.079999999999927,35.06808611216883,19.308522519050214,11.411001081455053
2019-10-02,8381.72,8359.94,21.779999999998836,26.052818560897695,20.994596529512084,12.355634467225547
2019-10-03,8240.41,8223.96,16.450000000000728,20.002529195182195,20.74657969592961,12.848982514190492
2019-10-04,8156.67,8137.13,19.539999999999964,24.01338063912073,21.56327993172739,13.569266264185991
2019-10-05,8147.63,8126.19,21.44000000000051,26.383828091640638,22.7684169717057,14.396012188537904
2019-10-06,7859.79,7854.25,5.539999999999964,7.053506063596782,18.83968924467847,13.922302115961058
2019-10-07,8209.0,8190.09,18.909999999999854,23.08887936518289,19.901986774804573,14.513694196556015
2019-10-08,8180.0,8168.39,11.609999999999673,14.21332722849833,18.479821888228013,14.494315682487775
2019-10-09,8590.0,8560.74,29.26000000000022,34.1792882391001,22.404688475946035,15.764313911946635
2019-10-10,8587.5,8558.03,29.469999999999345,34.43549508473254,25.41239012814266,16.968906245674756
2019-10-11,8267.33,8258.5,8.829999999999927,10.692014288309348,21.73229616818433,16.563945474231826
2019-10-12,8309.03,8300.09,8.94000000000051,10.770967543725085,18.99196401206952,16.19020496258623
2019-10-13,8282.97,8275.01,7.959999999999127,9.619323722871442,16.64880393977,15.766277140669148
2019-10-14,8355.0,8348.2,6.799999999999272,8.14546848422415,14.522970075883538,15.274612066059793
2019-10-15,8162.44,8159.29,3.149999999999636,3.860630030307899,11.857385064489629,14.538226128269349
2019-10-16,7993.54,7991.74,1.800000000000182,2.2523255261064357,9.456120179893828,13.745587379742709
2019-10-17,8076.2,8070.58,5.619999999999891,6.963563956989827,8.832981124167828,13.308037481500588
2019-10-18,7954.16,7947.01,7.149999999999636,8.997094504725744,8.874009469307307,13.029912128160275
2019-10-19,7965.28,7948.01,17.269999999999527,21.728709450541395,12.08768446461583,13.591124858636476
2019-10-20,8236.12,8223.35,12.770000000000437,15.528951096572818,12.948001122605078,13.716145906245274
2019-10-21,8209.92,8197.27,12.649999999999636,15.43196698412963,13.568992587986216,13.826844040302328
2019-10-22,8024.72,8020.0,4.720000000000255,5.885286783042787,11.648066136750357,13.314485507575906
2019-10-23,7474.85,7466.62,8.230000000000473,11.022390318511377,11.491647182190611,13.166608398604001
2019-10-24,7430.87,7412.41,18.460000000000036,24.904180961387024,14.844780626989717,13.923871144590004
2019-10-25,8668.0,8655.02,12.979999999999563,14.997076840954637,14.882854680480946,13.993110221774819
2019-10-26,9259.78,9230.0,29.780000000000655,32.26435536294758,19.228229851097606,15.171900230882738
2019-10-27,9548.84,9529.93,18.909999999999854,19.842748057961046,19.381859402813465,15.473245251984563
2019-10-28,9226.5,9205.14,21.360000000000582,23.2044270918208,20.337501325065297,15.972031177135289
2019-10-29,9430.8,9407.62,23.179999999998472,24.639600664140282,21.413026159834043,16.531229208554965
2019-10-30,9164.44,9154.72,9.720000000001164,10.617473827709834,18.71413807680299,16.14969660333915
2019-10-31,9159.48,9140.85,18.6299999999992,20.381036774479444,19.130862751222104,16.422686291799817
2019-11-01,9253.12,9231.61,21.51000000000022,23.300377723929344,20.173241494398912,16.86640831967914
2019-11-02,9308.52,9289.52,19.0,20.453155814292856,20.2432200743724,17.09781138384777
2019-11-03,9206.52,9194.71,11.81000000000131,12.844342018401012,18.39350056037955,16.82339400543185
2019-11-04,9412.53,9393.35,19.18000000000029,20.418700463626926,18.899800536191396,17.055349260799275
2019-11-05,9322.09,9308.66,13.430000000000291,14.427425644507608,17.78170681327045,16.885805801683684
2019-11-06,9341.27,9339.05,2.220000000001164,2.3771154453622323,13.930558971293394,15.949761262566172
2019-11-07,9198.84,9216.2,-17.360000000000582,-18.836396779584597,5.7388200335738935,13.705493001782251
2019-11-08,8763.01,8773.73,-10.719999999999345,-12.218292561999577,1.2495418846805249,12.032990707344712
2019-11-09,8807.89,8809.41,-1.5200000000004366,-1.7254276960665393,0.5057994894937586,11.14535081035044
2019-11-10,9032.23,9039.47,-7.239999999999782,-8.009319130435344,-1.6229801654885176,9.90956565288039
2019-11-11,8721.54,8733.27,-11.729999999999563,-13.431395113170375,-4.575083902408982,8.403697216360985
2019-11-12,8810.0,8821.94,-11.94000000000051,-13.534438003433014,-6.814922427664991,6.988333653793631
2019-11-13,8758.34,8777.12,-18.780000000000655,-21.39654009515768,-10.460326844538164,5.157051476441933
2019-11-14,8630.0,8646.68,-16.68000000000029,-19.290641032165823,-12.66790539144508,3.5797809920156265
2019-11-15,8457.48,8471.73,-14.25,-16.8206493833023,-13.706091389409387,2.2636241936080186
2019-11-16,8481.0,8491.02,-10.020000000000437,-11.800702389113127,-13.229744139335322,1.3562482850453639
2019-11-17,8500.01,8502.4,-2.389999999999418,-2.810971019946429,-10.625050859488098,1.0873954266587966
2019-11-18,8168.84,8187.17,-18.329999999999927,-22.38868864332888,-13.565960305448295,-0.4271906423726664
2019-11-19,8123.36,8133.64,-10.280000000000655,-12.638867714824809,-13.334187157792424,-1.2150407760792563
2019-11-20,8082.96,8098.01,-15.050000000000182,-18.584812812036944,-14.646843571353555,-2.3356712300120104
2019-11-21,7616.46,7627.74,-11.279999999999745,-14.788128593790084,-14.682164826962687,-3.1390555760622085
2019-11-22,7283.03,7268.23,14.800000000000182,20.36259171765309,-5.920975690808741,-1.6228202667902538
2019-11-23,7329.29,7311.57,17.720000000000255,24.235560898686614,1.6181584565650993,0.045462389046963515
2019-11-24,6908.64,6903.28,5.360000000000582,7.764425026943744,3.1547250991597613,0.5434599785886912
2019-11-25,7127.01,7109.57,17.44000000000051,24.530316179460776,8.498622869235016,2.0909990883223744
2019-11-26,7162.67,7156.14,6.529999999999745,9.12503109218088,8.655224924971481,2.5448076047003423
2019-11-27,7523.72,7508.52,15.199999999999818,20.24366985770909,11.552336158155883,3.6866696855396164
2019-11-28,7432.41,7419.49,12.920000000000073,17.413595813189353,13.017651071914251,4.572277822807341
2019-11-29,7760.0,7739.68,20.31999999999971,26.25431542389256,16.326817159908828,5.9711189583612265
2019-11-30,7555.92,7541.89,14.029999999999745,18.60276402864569,16.895803877093044,6.786063801605386
2019-12-01,7404.27,7390.89,13.38000000000011,18.10336779467736,17.197694856489125,7.516212446319707
2019-12-02,7305.01,7294.28,10.730000000000473,14.710156451356315,16.575810255205923,7.980337865999489
2019-12-03,7302.94,7292.71,10.229999999999563,14.027707121220256,15.938784471709507,8.370490721175022
2019-12-04,7198.99,7194.32,4.670000000000073,6.491231971887945,13.576896346754118,8.249248221221016
2019-12-05,7393.54,7389.0,4.539999999999964,6.144268507239925,11.718739386875567,8.113443078383527
2019-12-06,7540.08,7527.47,12.609999999999673,16.751976427671345,12.977048647074513,8.670767810595644
2019-12-07,7502.19,7488.21,13.979999999999563,18.669348215394344,14.400123539154471,9.315837514131044
2019-12-08,7520.0,7510.11,9.890000000000327,13.168914969288181,14.092321396687899,9.564423156399245
2019-12-09,7337.51,7338.64,-1.1300000000001091,-1.539794839371389,10.184292337673075,8.848021995381785
2019-12-10,7219.37,7224.13,-4.760000000000218,-6.589028713492873,5.990962074881586,7.852083239970517
2019-12-11,7201.23,7210.0,-8.770000000000437,-12.163661581138241,1.4523061608766283,6.5607448644151125
2019-12-12,7185.91,7198.08,-12.170000000000073,-16.907286387480845,-3.1375919762127413,5.046678332034729
2019-12-13,7249.9,7258.48,-8.579999999999927,-11.82065666640919,-5.308358148761854,3.958463170844798
2019-12-14,7062.91,7064.05,-1.1400000000003274,-1.6138051117986496,-4.384719889521052,3.598961991319414
2019-12-15,7111.0,7118.59,-7.5900000000001455,-10.662223839271734,-5.954095876958722,2.6788854861199853
2019-12-16,6877.03,6891.72,-14.69000000000051,-21.315433592775655,-9.794430305912956,1.1308649003847828
2019-12-17,6616.62,6623.82,-7.199999999999818,-10.869860594037162,-10.063287877944006,0.3566245459059476
2019-12-18,7285.53,7277.83,7.699999999999818,10.580076753647916,-4.902446720046024,1.0162021076957521
2019-12-19,7149.12,7150.3,-1.180000000000291,-1.650280407815563,-4.089405141988409,0.844170977662764
2019-12-20,7190.0,7187.83,2.1700000000000728,3.0189918236800395,-2.312305900571296,0.9844819999864592
2019-12-21,7143.01,7132.75,10.260000000000218,14.384353860712462,1.8618590397496444,1.848989861968782
2019-12-22,7513.06,7501.44,11.6200000000008,15.49035918437136,5.268984075905074,2.7290782053495937
2019-12-23,7310.79,7317.09,-6.300000000000182,-8.609980197046285,1.7992430076672332,1.9975260503563113
2019-12-24,7255.01,7255.77,-0.7600000000002183,-1.0474422425188479,1.0875716951207128,1.8010764830740429
2019-12-25,7192.12,7204.63,-12.510000000000218,-17.363834090022845,-3.525279751165178,0.5646306396484372
2019-12-26,7194.13,7202.0,-7.869999999999891,-10.927520133295898,-5.3758398466978585,-0.17679844247700383
2019-12-27,7245.83,7254.74,-8.909999999999854,-12.281625530342621,-7.102286267609049,-0.9577550287909146
2019-12-28,7302.67,7316.14,-13.470000000000255,-18.41134806058964,-9.929551715854197,-2.083793288906961
2019-12-29,7384.89,7388.24,-3.3499999999994543,-4.534232780742942,-8.580721982076383,-2.241886159347992
2019-12-30,7218.0,7246.0,-28.0,-38.64200938448747,-16.096043832679158,-4.590281206131184
2019-12-31,7165.72,7195.23,-29.50999999999931,-41.013282410706786,-22.325353477186066,-6.940152251587675
2020-01-01,7174.33,7200.85,-26.520000000000437,-36.82898546699454,-25.951261474638187,-8.868464071936504
2020-01-02,6945.02,6965.71,-20.6899999999996,-29.70264337734396,-26.88910695031463,-10.212604672285373
2020-01-03,7334.45,7344.96,-10.510000000000218,-14.309131703916789,-23.744113138715168,-10.476896738842239
2020-01-04,7348.63,7354.11,-5.479999999999563,-7.451615491200769,-19.670988726836566,-10.28171730351053
2020-01-05,7355.4,7358.75,-3.350000000000364,-4.552403601155719,-15.891342445416353,-9.912084161423124
2020-01-06,7764.63,7758.0,6.630000000000109,8.546017014694485,-9.782002580388642,-8.721238924254246
2020-01-07,8158.52,8145.28,13.240000000000691,16.254812603127,-3.272798784509731,-7.109880761197391
2020-01-08,8045.51,8055.98,-10.469999999999345,-12.996556595223918,-5.703738237188278,-7.489666298876522
2020-01-09,7813.78,7817.76,-3.980000000000473,-5.090972350136891,-5.550546765425431,-7.33491185057074
2020-01-10,8198.09,8197.02,1.069999999999709,1.3053524329564858,-3.8365719658299513,-6.777475445181887
2020-01-11,8020.0,8020.01,-0.010000000000218279,-0.012468812383703565,-2.880546177468389,-6.341023404356198
2020-01-12,8180.81,8184.98,-4.169999999999163,-5.094697848986307,-3.434084095347869,-6.260615304009753
2020-01-13,8104.5,8110.34,-5.8400000000001455,-7.200684558230641,-4.375734211068562,-6.321264933314326
2020-01-14,8815.69,8810.01,5.680000000000291,6.447211751179349,-1.6699977205065837,-5.497492243992153
2020-01-15,8808.81,8821.41,-12.600000000000364,-14.283430880097647,-4.82335601040435,-6.064326994708636
2020-01-16,8714.76,8720.01,-5.25,-6.020635297436794,-5.122675832162461,-6.0615081755298075
2020-01-17,8899.42,8913.28,-13.860000000000582,-15.549831263015346,-7.729464689875682,-6.673658052141778
2020-01-18,8909.32,8915.96,-6.639999999999418,-7.447319189407553,-7.658928314758651,-6.72357167390086
2020-01-19,8697.53,8701.7,-4.170000000000073,-4.79216704781793,-6.9422379980234705,-6.5989649238309935
2020-01-20,8628.89,8642.35,-13.460000000000946,-15.574467592727181,-9.1002953966994,-7.178029612146876
2020-01-21,8722.03,8736.03,-14.0,-16.025585992721638,-10.831618045704959,-7.748839701216215
2020-01-22,8660.38,8682.36,-21.980000000001382,-25.31569757531549,-14.452637928107592,-8.882185370512943
2020-01-23,8385.22,8404.52,-19.30000000000109,-22.963833746604266,-16.58043688273176,-9.790678814131738
2020-01-24,8427.26,8439.0,-11.739999999999782,-13.91160090058019,-15.913227887193868,-10.05654475519293
2020-01-25,8326.81,8340.58,-13.770000000000437,-16.509643214260848,-16.06233171896061,-10.472873688036021
2020-01-26,8595.0,8615.0,-20.0,-23.215322112594137,-17.850579317368993,-11.294967134781707
2020-01-27,8895.96,8907.57,-11.610000000000582,-13.033857718772746,-16.64639891771993,-11.407153624071452
2020-01-28,9394.5,9374.21,20.290000000000873,21.644490575740694,-7.073676544354773,-9.274789482148087
2020-01-29,9288.44,9301.53,-13.090000000000146,-14.072953589355786,-8.823495805605026,-9.584348456806648
2020-01-30,9503.08,9513.21,-10.1299999999992,-10.648351082336305,-9.279709624787845,-9.65299378748598
2020-01-31,9334.98,9352.89,-17.909999999999854,-19.149161382203683,-11.747072564141805,-10.265649761338736
2020-02-01,9380.18,9384.61,-4.430000000000291,-4.720494511759599,-9.990428051046251,-9.907897809752985
2020-02-02,9323.5,9331.51,-8.010000000000218,-8.583819767647993,-9.638775980196687,-9.822473419939758
2020-02-03,9280.49,9292.24,-11.75,-12.644959665268907,-10.390321901464743,-10.004569306735187
2020-02-04,9164.33,9197.02,-32.69000000000051,-35.54412190035494,-16.678771901187293,-11.652282377291302
2020-02-05,9613.82,9612.04,1.7799999999988358,1.8518441454662415,-12.04611788952391,-10.781048408081137
2020-02-06,9763.01,9772.0,-8.989999999999782,-9.199754400327498,-11.334527017224806,-10.679029439838967
2020-02-07,9808.05,9813.73,-5.680000000000291,-5.787809528079446,-9.947847644938465,-10.363466864886739
2020-02-08,9905.64,9895.05,10.590000000000146,10.70232085739864,-4.785305519354187,-9.004383786029619
2020-02-09,10168.35,10151.75,16.600000000000364,16.351860516659045,0.49898598964912166,-7.368497056823899
2020-02-10,9851.78,9851.83,-0.049999999999272404,-0.050751992268782686,0.36155149416964555,-6.896384472013891
2020-02-11,10270.01,10223.08,46.93000000000029,45.905930502354586,11.747646246215883,-3.4897835059256024
2020-02-12,10351.13,10326.46,24.670000000000073,23.890084307691684,14.783255761584833,-1.7233404211761
2020-02-13,10236.49,10229.63,6.860000000000582,6.706009894785758,12.763944294885064,-1.1795113685333996
2020-02-14,10371.33,10344.36,26.969999999999345,26.072178462466233,16.09100283678036,0.5786621689504478
2020-02-15,9911.22,9904.72,6.5,6.562527764539805,13.70888406872022,0.9647180138271805
2020-02-16,9921.0,9917.27,3.7299999999995634,3.7611157102701576,11.221941979107703,1.1451307684364047
2020-02-17,9700.0,9706.0,-6.0,-6.181743251596483,6.871020671431656,0.6724292187568636
2020-02-18,10188.04,10164.71,23.330000000001746,22.95195829492558,10.891255077305138,2.1098181914129097
2020-02-19,9600.08,9593.79,6.289999999999054,6.556324455715412,9.807522421907706,2.3966895633033936
2020-02-20,9610.05,9596.42,13.6299999999992,14.203213281618332,10.906445136835362,3.1584007709366153
2020-02-21,9695.66,9677.05,18.610000000000582,19.231067319069872,12.98760068239399,4.195346999848438
2020-02-22,9668.23,9650.86,17.36999999999898,17.99839599786912,14.240299511262773,5.08586629004332
2020-02-23,9965.01,9936.4,28.610000000000582,28.79312427036096,17.87850570103732,6.615366804902523
2020-02-24,9660.0,9656.13,3.8700000000008004,4.007816796169905,14.410833474820466,6.4471377720810645
2020-02-25,9305.0,9315.84,-10.840000000000146,-11.636095081066777,7.899101335848654,5.2804775880070105
2020-02-26,8778.3,8785.25,-6.950000000000728,-7.910987165988814,3.9465792103892863,4.429415345813732
2020-02-27,8812.49,8823.21,-10.719999999999345,-12.149773155121224,-0.0775088809883422,3.3597902812372835
2020-02-28,8708.89,8692.91,15.979999999999563,18.382797015037422,4.5375675930181,4.329016522127614
2020-02-29,8525.07,8523.61,1.4599999999991269,1.712889257015071,3.8313980090173425,4.160234117926806
2020-03-01,8522.31,8531.88,-9.569999999999709,-11.21675410343248,0.06935998090488617,3.1681703617100783
2020-03-02,8915.0,8915.24,-0.23999999999978172,-0.2692019508165888,-0.0152805020254826,2.9464044060631966
2020-03-03,8757.84,8760.07,-2.2299999999995634,-2.545641758570083,-0.6478708161616328,2.592078847054598
2020-03-04,8760.66,8750.87,9.789999999999054,11.187459075496786,2.3109616567529727,3.146619506954094
2020-03-05,9070.17,9054.68,15.489999999999782,17.107175515864714,6.010015121530909,4.047300539787037
2020-03-06,9158.51,9131.88,26.63000000000102,29.161574615523822,11.797904995029137,5.667576286608766
2020-03-07,8901.37,8886.66,14.710000000000946,16.55290063983683,12.986653906231062,6.369855277139608
2020-03-08,8037.76,8033.31,4.449999999999818,5.539435176782348,11.124849223868882,6.316279786793979
2020-03-09,7934.52,7929.87,4.650000000000546,5.863904452405588,9.809613031003058,6.287094281349567
2020-03-10,7894.68,7894.56,0.11999999999989086,0.1520034048763108,7.395210624471371,5.891281966738389
2020-03-11,7938.05,7934.52,3.5299999999997453,4.448914364070244,6.6586365593710894,5.798225992372703
2020-03-12,4857.1,4800.0,57.100000000000364,118.9583333333344,34.73356075286192,13.09887807888636
2020-03-13,5637.6,5578.6,59.0,105.76130211881195,52.49049609434944,19.077098984688014
2020-03-14,5165.25,5172.06,-6.8100000000004,-13.166900616002897,36.07614691676135,16.99684094593376
2020-03-15,5345.35,5361.3,-15.949999999999818,-29.750247141551167,19.619548402183216,13.980899778999246
2020-03-16,5037.61,5028.97,8.639999999999418,17.180456435412772,19.009775410490604,14.187322789090441
2020-03-17,5331.71,5312.64,19.06999999999971,35.895524635585204,23.231212716764254,15.5878519404772
2020-03-18,5413.64,5393.04,20.600000000000364,38.19738032723619,26.97275461938224,17.046531191235847
2020-03-19,6186.26,6162.37,23.890000000000327,38.7675520944053,29.92145398813801,18.4478873785371
2020-03-20,6206.1,6208.36,-2.259999999999309,-3.640252820389378,21.531027286006157,17.022846075380553
2020-03-21,6198.78,6186.98,11.800000000000182,19.072309915337815,20.91634794333907,17.155069548926186
2020-03-22,5818.25,5816.19,2.0600000000004,3.541837525942171,16.572720338989843,16.276796515185282
2020-03-23,6490.63,6467.31,23.31999999999971,36.05826842999704,21.44410736174164,17.55302050968927
2020-03-24,6766.64,6744.72,21.920000000000073,32.49949590197865,24.207954496800895,18.51730924467568
2020-03-25,6690.96,6677.43,13.529999999999745,20.26228653838391,23.221537507196647,18.629888424914924
2020-03-26,6758.18,6737.36,20.82000000000062,30.902311884775102,25.14173110159126,19.421657680389774
2020-03-27,6372.36,6359.11,13.25,20.836249097750947,24.065360600631184,19.512921642800173
2020-03-28,6251.82,6236.65,15.170000000000073,24.323955969951516,24.130009442961267,19.823310954229292
2020-03-29,5877.21,5881.42,-4.210000000000036,-7.158135280255218,16.30797326215714,18.082572487488356
2020-03-30,6406.4,6394.38,12.019999999999527,18.79775678017115,16.930419141660643,18.128713409596923
2020-03-31,6424.35,6410.44,13.910000000000764,21.698978541255798,18.122558991559433,18.3590530955104
2020-04-01,6666.11,6642.92,23.1899999999996,34.90934709434956,22.319256017256965,19.426813998661313
2020-04-02,6804.52,6794.09,10.430000000000291,15.351577621138812,20.577336418227425,19.16389552269212
2020-04-03,6741.99,6734.1,7.889999999999418,11.71648772664513,18.36212424533185,18.683417600366507
2020-04-04,6874.77,6856.99,17.780000000000655,25.92974468389242,20.25402935497199,19.15092257349721
2020-04-05,6778.25,6772.78,5.470000000000255,8.076447190075164,17.209633813747782,18.43644029069579
2020-04-06,7341.56,7329.9,11.660000000000764,15.907447577729883,16.884087254743307,18.27327947050444
2020-04-07,7200.01,7197.32,2.6900000000005093,3.737502292520123,13.59744101418751,17.335487394505453
2020-04-08,7370.11,7361.28,8.829999999999927,11.995196487566417,13.196879882532237,16.99095249728358
2020-04-09,7293.24,7283.54,9.699999999999818,13.317699909658476,13.227084889313797,16.75396845937228
2020-04-10,6871.91,6858.92,12.989999999999782,18.938841683528995,14.655024087867599,16.894928022221098
2020-04-11,6889.65,6876.83,12.819999999999709,18.64231048317233,15.651845686693783,17.007662374540534
2020-04-12,6908.13,6903.79,4.3400000000001455,6.286402106669975,13.31048479168783,16.315968163710174
2020-04-13,6861.21,6837.91,23.300000000000182,34.07473921124948,18.501548396578244,17.46169532806755
2020-04-14,6877.37,6868.7,8.670000000000073,12.62247586879539,17.03178026463253,17.149487621017734
2020-04-15,6624.12,6621.24,2.880000000000109,4.349638436305092,13.861244807550671,16.323690899423372
2020-04-16,7112.64,7101.94,10.700000000000728,15.066305826296755,14.162510062237192,16.2425692818023
2020-04-17,7037.46,7027.55,9.909999999999854,14.101642820043558,14.147293251688785,16.1044449939469
2020-04-18,7261.76,7248.6,13.159999999999854,18.155229975442833,15.149277432627297,16.23675370243051
2020-04-19,7130.71,7120.74,9.970000000000255,14.001353791881499,14.862296522440849,16.09253435336283
2020-04-20,6838.19,6826.83,11.359999999999673,16.640226869570895,15.30677910922336,16.12786935440851
2020-04-21,6853.68,6841.37,12.3100000000004,17.993472067729943,15.978452348850006,16.248230819784087
2020-04-22,7136.84,7125.14,11.699999999999818,16.42072997863897,16.089021756297246,16.259359797774724
2020-04-23,7488.83,7482.39,6.4399999999996,8.606875610599474,14.218485219872802,15.765651140537612
2020-04-24,7514.64,7505.0,9.640000000000327,12.844770153230822,13.875056453212306,15.577207205872657
2020-04-25,7547.61,7538.67,8.9399999999996,11.85885573980583,13.371006274860687,15.337313562900603
2020-04-26,7706.4,7693.1,13.299999999999272,17.288219313409403,14.350309534497868,15.463178450030203
2020-04-27,7789.77,7774.62,15.150000000000546,19.486482940647143,15.634352886035186,15.722746481682908
2020-04-28,7755.01,7738.98,16.030000000000655,20.713323978096554,16.90409565905053,16.044719223387016
2020-04-29,8793.75,8778.57,15.180000000000291,17.292110218407597,17.001099298889795,16.12519606177544
2020-04-30,8624.28,8620.0,4.280000000000655,4.965197215778261,13.99212377811191,15.405196136227236
2020-05-01,8829.42,8826.96,2.460000000000946,2.786916446886334,11.190821945305514,14.591113575624597
2020-05-02,8985.58,8972.05,13.530000000000655,15.080165625471764,12.163157865347078,14.622665320776026
2020-05-03,8909.95,8894.16,15.790000000000873,17.753222339154107,13.560673983798836,14.82463674131655
2020-05-04,8883.53,8871.96,11.570000000001528,13.041086749716602,13.430777175278276,14.709568999923006
2020-05-05,9028.79,9021.83,6.960000000000946,7.714621091288176,12.001738154280751,14.258282038075597
2020-05-06,9155.79,9142.92,12.8700000000008,14.07646572429977,12.520420046785507,14.246551953315866
2020-05-07,10004.77,9986.4,18.3700000000008,18.395017223424848,13.989069340945342,14.514194873968057
2020-05-08,9810.0,9800.01,9.989999999999782,10.193867149115299,13.040268792987831,14.235464053009816
2020-05-09,9537.21,9539.4,-2.1900000000005093,-2.2957418705582544,9.206266127101308,13.168934638586068
2020-05-10,8729.86,8722.77,7.0900000000001455,8.128151951731777,8.936737583258926,12.843722852337404
2020-05-11,8572.4,8561.52,10.8799999999992,12.708023808856161,9.879559139658236,12.834968075338614
2020-05-12,8821.42,8810.79,10.6299999999992,12.064752422880076,10.425857460463694,12.785276742921933
2020-05-13,9321.26,9309.37,11.889999999999418,12.77207802461433,11.012412601501353,12.78442521270854
2020-05-14,9795.34,9791.98,3.360000000000582,3.4313795575569017,9.11715434051524,12.181002912376176
2020-05-15,9312.1,9316.42,-4.319999999999709,-4.636974288406703,5.6786221832847525,11.095972125228895
2020-05-16,9383.16,9381.27,1.889999999999418,2.014652600339506,4.76262978754844,10.510080542977967
2020-05-17,9676.63,9680.04,-3.4100000000016735,-3.5227127160653016,2.691294161645004,9.604739042394531
2020-05-18,9728.52,9733.93,-5.4099999999998545,-5.55787847251854,0.6290010031041177,8.626505654335622
2020-05-19,9783.76,9775.53,8.229999999999563,8.418980863440506,2.576495968188215,8.61311695814884
2020-05-20,9509.41,9511.43,-2.0200000000004366,-2.12376057017738,1.401431833596816,7.920415182127793
2020-05-21,9061.96,9068.65,-6.690000000000509,-7.377062738115336,-0.7931918093312227,6.933481122757268
2020-05-22,9168.84,9170.0,-1.1599999999998545,-1.264994547437448,-0.911142493857779,6.404547208551157
2020-05-23,9181.76,9179.15,2.610000000000582,2.843400532730467,0.027493262789282664,6.174795810111112
2020-05-24,8715.73,8720.34,-4.610000000000582,-5.2864911230532385,-1.301002833671348,5.435357943455347
2020-05-25,8899.31,8900.35,-1.0400000000008731,-1.1684933738576042,-1.267875468717912,5.009303019757738
2020-05-26,8844.42,8841.18,3.2399999999997817,3.6646691957398225,-0.034739302603478024,4.922552450466259
2020-05-27,9208.53,9204.07,4.460000000000946,4.8456823992015785,1.1853661228477863,4.917593092320151
2020-05-28,9580.19,9575.89,4.300000000001091,4.4904442302495795,2.011635649698235,4.890035101218824
2020-05-29,9423.84,9427.07,-3.2299999999995634,-3.4263031885828354,0.6521509401279669,4.3534971470380714
2020-05-30,9700.33,9697.72,2.610000000000582,2.6913542564654946,1.1619517692123489,4.246262121839841
2020-05-31,9446.57,9448.27,-1.7000000000007276,-1.7992711893299873,0.42164602957676467,3.856227714667594
2020-06-01,10208.96,10200.77,8.18999999999869,8.028805668589545,2.32343593932996,4.125426292339978
2020-06-02,9522.46,9518.04,4.419999999998254,4.643813222047211,2.9035302600092723,4.158870610385606
2020-06-03,9668.07,9666.24,1.8299999999999272,1.8931870096339232,2.650944447415435,4.01269747485324
2020-06-04,9788.03,9789.06,-1.0299999999988358,-1.0521950013575587,1.7251595852221864,3.6859302183235103
2020-06-05,9613.21,9621.16,-7.950000000000728,-8.263036889523123,-0.7718895334641416,2.9150291145914697
2020-06-06,9671.7,9666.3,5.400000000001455,5.586418795198167,0.817687548701436,3.087376835920934
2020-06-07,9750.12,9746.99,3.1300000000010186,3.211247780083859,1.4160776065470417,3.095368509737897
2020-06-08,9781.51,9782.01,-0.5,-0.5111423930259651,0.9342726066537899,2.8626903869789384
2020-06-09,9779.41,9772.43,6.979999999999563,7.142542847582423,2.4863401668859484,3.13880990056626
2020-06-10,9894.04,9885.0,9.040000000000873,9.145169448661061,4.151047487329727,3.52631696818528
2020-06-11,9268.16,9280.4,-12.239999999999782,-13.189086677297679,-0.18398605382712543,2.4479038297670246
2020-06-12,9464.17,9465.13,-0.9599999999991269,-1.0142491439624202,-0.3915518263609492,2.22453912178448
2020-06-13,9475.0,9473.34,1.6599999999998545,1.7522858886098724,0.14440760238175634,2.1940711712570855
2020-06-14,9325.0,9342.1,-17.100000000000364,-18.304235664358124,-4.467753214303214,0.8715997625077171
2020-06-15,9432.53,9426.02,6.510000000000218,6.906414372132019,-1.6242113176944053,1.2609426405479947
2020-06-16,9526.25,9525.59,0.6599999999998545,0.6928704678665909,-1.0449408713041561,1.224292822955646
2020-06-17,9457.51,9465.14,-7.6299999999992,-8.061159158765374,-2.798995443169461,0.6252314047800962
2020-06-18,9376.14,9386.32,-10.180000000000291,-10.845571001202314,-4.810639332677675,-0.11482036334780125
2020-06-19,9301.91,9310.23,-8.319999999999709,-8.936406511976802,-5.842081127502456,-0.6839549535819304
2020-06-20,9355.74,9358.95,-3.210000000000946,-3.429871940763274,-5.23902883081766,-0.8611108882387912
2020-06-21,9286.14,9294.69,-8.550000000001091,-9.198800605507707,-6.228971774490173,-1.399026353869044
2020-06-22,9690.74,9685.69,5.049999999999272,5.213877379928178,-3.3682594858855843,-0.9723874033014812
2020-06-23,9623.56,9624.89,-1.3299999999999272,-1.3818339742066588,-2.8716531079658525,-0.9988033111018153
2020-06-24,9285.91,9296.49,-10.579999999999927,-11.380639359586109,-4.998899670870917,-1.6685991851975763
2020-06-25,9243.51,9249.49,-5.979999999999563,-6.465221325715476,-5.365480084582056,-1.978058678134215
2020-06-26,9155.42,9162.21,-6.789999999999054,-7.410875760323066,-5.876829003517308,-2.3285630060173665
2020-06-27,9002.46,9012.0,-9.540000000000873,-10.585885486019686,-7.054093124142904,-2.8612934885981613
2020-06-28,9113.24,9116.35,-3.110000000000582,-3.4114530486439865,-6.1434331052681745,-2.896787653762408
2020-06-29,9184.45,9192.56,-8.109999999998763,-8.8223519889985,-6.813162826200756,-3.2790821270034463
2020-06-30,9136.2,9138.55,-2.349999999998545,-2.5715239288492953,-5.75275310186289,-3.2334332109935007
2020-07-01,9239.97,9232.0,7.969999999999345,8.633015597918625,-2.1563109269175107,-2.467855868483041
2020-07-02,9091.53,9086.54,4.989999999999782,5.4916392818382676,-0.24432337472856563,-1.9543400523332792
2020-07-03,9063.87,9058.26,5.610000000000582,6.193242410794664,1.365068071652242,-1.4286895708411538
2020-07-04,9138.51,9135.46,3.0500000000010914,3.3386386673472934,1.858460720576005,-1.1211200070870604
2020-07-05,9074.39,9069.41,4.979999999999563,5.4909856319196315,2.7665919484119117,-0.6945325465059835
2020-07-06,9343.31,9344.2,-0.8900000000012369,-0.9524624901025014,1.8368283387833082,-0.7111731880283395
2020-07-07,9253.94,9257.39,-3.4499999999989086,-3.726752356764118,0.4459331648964514,-0.9057266827854865
2020-07-08,9435.28,9436.06,-0.7799999999988358,-0.8266161936221206,0.12779582526680835,-0.9006227802588177
2020-07-09,9236.95,9232.43,4.520000000000437,4.895785833198829,1.3197933272498137,-0.526660934229292
2020-07-10,9291.05,9288.34,2.709999999999127,2.9176365206251553,1.719254125593649,-0.30444819520642447
2020-07-11,9235.0,9234.03,0.9699999999993452,1.050462257539131,1.5520561585800197,-0.21703461760993706
2020-07-12,9303.37,9302.75,0.6200000000008004,0.6664695923253028,1.3306595170163402,-0.1600343460012119
2020-07-13,9236.92,9242.62,-5.700000000000728,-6.16708249392528,-0.5437759857190653,-0.5475858394156679
2020-07-14,9256.94,9255.85,1.0900000000001455,1.1776336046942504,-0.11342358811573625,-0.4362813591505118
2020-07-15,9190.16,9197.6,-7.440000000000509,-8.089066713056203,-2.1073343693508533,-0.9300094464992661
2020-07-16,9130.11,9133.72,-3.609999999998763,-3.9523874171731865,-2.5685976313064365,-1.125001573639519
2020-07-17,9154.29,9154.32,-0.029999999998835847,-0.03277141284008245,-1.9346410766898479,-1.0545351116524584
2020-07-18,9175.85,9170.28,5.569999999999709,6.073969388067368,0.06751153949945655,-0.5946315955415018
2020-07-19,9212.87,9208.99,3.8800000000010186,4.213274202709005,1.103952205301844,-0.2844441246866304
2020-07-20,9161.05,9160.78,0.26999999999861757,0.2947347278281498,0.9016478359334205,-0.2470777471050317
2020-07-21,9394.14,9390.0,4.139999999999418,4.40894568690009,1.778472298675088,0.053310861540460025
2020-07-22,9536.18,9518.16,18.020000000000437,18.932230599191247,6.066911873804129,1.2713056833243817
2020-07-23,9613.24,9603.27,9.969999999999345,10.381880338674598,7.145653990021747,1.8590846933469765
2020-07-24,9551.21,9537.8,13.409999999999854,14.05984608609856,8.87420201404095,2.64623058965353
2020-07-25,9711.33,9700.42,10.909999999999854,11.246935699691374,9.467385435453556,3.201114790301133
2020-07-26,9941.0,9931.54,9.459999999999127,9.525209584817507,9.481841472794544,3.6091209060763827
2020-07-27,11048.91,11029.96,18.950000000000728,17.18047934897493,11.40650094183964,4.48469241852145
2020-07-28,10934.23,10906.27,27.959999999999127,25.636629205034733,14.964033007638413,5.849333501522307
2020-07-29,11110.12,11100.53,9.590000000000146,8.639227136002514,13.382831539729438,6.029326639230708
2020-07-30,11115.95,11099.61,16.340000000000146,14.72123795340563,13.717433143148487,6.590095111112961
2020-07-31,11351.62,11335.46,16.160000000001673,14.256148405094038,13.852111958634875,7.084679194595612
2020-08-01,11810.07,11801.17,8.899999999999636,7.541625110052408,12.27449024648926,7.114159576237986
2020-08-02,11068.54,11071.35,-2.8099999999994907,-2.5380825283272124,8.571347052785141,6.491434279169264
2020-08-03,11233.13,11219.81,13.319999999999709,11.871858792618095,9.39647498774338,6.838558441327253
2020-08-04,11197.04,11191.97,5.070000000001528,4.530033586582771,8.179864637453226,6.689621353924384
2020-08-05,11756.75,11744.91,11.840000000000146,10.080962731942034,8.655139161075427,6.908417571861007
2020-08-06,11773.89,11762.46,11.430000000000291,9.717355043077358,8.92069313157591,7.089639344197545
2020-08-07,11606.52,11594.23,12.290000000000873,10.60010022226665,9.340544904248594,7.316120691169745
2020-08-08,11774.98,11761.41,13.569999999999709,11.537732295703318,9.889841752112273,7.588482730171911
2020-08-09,11688.48,11681.68,6.799999999999272,5.821080529513356,8.872651446462543,7.474456781742327
2020-08-10,11899.73,11892.92,6.809999999999491,5.726095862075287,8.086012550365728,7.361659303054131
2020-08-11,11388.53,11392.08,-3.5499999999992724,-3.11620002668489,5.285459406103072,6.685668378554839
2020-08-12,11566.45,11564.33,2.1200000000008004,1.8332233687567978,4.422400396766503,6.3726074101807715
2020-08-13,11795.95,11780.0,15.950000000000728,13.539898132428618,6.701774830682032,6.83501326322902
2020-08-14,11779.0,11760.54,18.459999999999127,15.69655815124138,8.95047066082187,7.406725836649172
2020-08-15,11859.24,11852.4,6.8400000000001455,5.770983092032722,8.155598768624582,7.301194046673917
2020-08-16,11918.84,11911.0,7.8400000000001455,6.582150952900712,7.7622368146936145,7.254804169656292
2020-08-17,12304.26,12281.13,23.13000000000102,18.833771810899957,10.5301205637452,8.001834340059109
2020-08-18,11950.0,11945.01,4.989999999999782,4.177476619944276,8.941959577794968,7.755101583922668
2020-08-19,11758.87,11754.59,4.280000000000655,3.641130826341765,7.616752389931667,7.489684115691642
2020-08-20,11864.26,11853.55,10.710000000000946,9.03526791552034,7.971381271328836,7.589399199551558
2020-08-21,11529.22,11531.34,-2.1200000000008004,-1.8384680358052297,5.518918944545319,6.981149700496281
2020-08-22,11672.93,11662.96,9.970000000001164,8.548430244124106,6.276296769440016,7.082264574278721
2020-08-23,11650.01,11648.13,1.8800000000010186,1.6139929756975313,5.110720821004394,6.729472858241224
2020-08-24,11753.85,11748.2,5.649999999999636,4.809247374064629,5.035352459269452,6.605587343133057
2020-08-25,11324.92,11318.42,6.5,5.7428510339785355,5.212227102946723,6.54992693609083
2020-08-26,11463.27,11461.43,1.8400000000001455,1.6053843194097084,4.310516407062469,6.230924186627532
2020-08-27,11330.06,11330.38,-0.31999999999970896,-0.2824265382095348,3.162280670744468,5.8107080108315925
2020-08-28,11535.0,11526.91,8.090000000000146,7.01835964712183,4.126300414838808,5.888621019624511
2020-08-29,11474.31,11465.84,8.469999999999345,7.387160469707332,4.941515428555939,5.985300984145984
2020-08-30,11716.01,11711.16,4.850000000000364,4.141348935544631,4.741473805303111,5.866336335849122
2020-08-31,11655.0,11649.51,5.489999999999782,4.712644566167157,4.7342664955191225,5.791904608772866
2020-09-01,11924.22,11921.97,2.25,1.8872719860896225,4.0225178681617475,5.539992826664269
2020-09-02,11395.48,11388.54,6.93999999999869,6.093845216330607,4.540349705203963,5.575725238900808
2020-09-03,10172.52,10140.85,31.670000000000073,31.230123707579605,11.212793205797874,7.230847720751053
2020-09-04,10500.05,10446.25,53.79999999999927,51.501735072394524,21.285028672447037,10.087034001502245
2020-09-05,10168.36,10166.69,1.6700000000000728,1.642619180874938,16.374426299554013,9.542233045332742
2020-09-06,10257.86,10256.2,1.6599999999998545,1.618533179930104,12.685453019648035,9.031026602403537
2020-09-07,10375.0,10373.44,1.5599999999994907,1.5038405774747687,9.890049909104718,8.545401697569424
2020-09-08,10125.69,10126.65,-0.9599999999991269,-0.947993660291857,7.180539016755574,7.932924577707406
2020-09-09,10224.56,10219.2,5.359999999998763,5.245028965084053,6.696661503837694,7.759511957538157
2020-09-10,10343.23,10336.87,6.359999999998763,6.152732887225731,6.560679349684704,7.6558487917115485
2020-09-11,10394.41,10387.89,6.520000000000437,6.276539316454333,6.489644341377112,7.566861083630438
2020-09-12,10446.52,10440.92,5.600000000000364,5.363512027676265,6.2081112629519,7.424709531633394
2020-09-13,10336.76,10332.83,3.930000000000291,3.8034110693785372,5.606936214558559,7.191077372778242
2020-09-14,10679.95,10671.77,8.180000000000291,7.6650827369784125,6.121472845163523,7.221658364016963
2020-09-15,10783.75,10785.31,-1.5599999999994907,-1.4464118323898045,4.22950167577519,6.662428028764913
2020-09-16,10959.61,10954.01,5.600000000000364,5.1122830817207365,4.450197027261576,6.562418677342708
2020-09-17,10943.61,10939.99,3.6200000000008004,3.3089609771130846,4.164888014724453,6.3525181805537
2020-09-18,10937.52,10933.39,4.130000000001019,3.777419446302499,4.068020872618964,6.186382778343946
2020-09-19,11080.0,11080.65,-0.6499999999996362,-0.5866081863425965,2.9043636078785737,5.74941561933191
2020-09-20,10920.89,10920.28,0.6099999999987631,0.5585937356911153,2.317921139831709,5.414523884903472
2020-09-21,10416.82,10417.22,-0.3999999999996362,-0.38397960300362577,1.6424459541228753,5.04042688568366
2020-09-22,10531.13,10529.61,1.5199999999986176,1.4435482415775525,1.5927215259865446,4.808370198967137
2020-09-23,10235.1,10241.46,-6.359999999998763,-6.210052082417095,-0.3579718761143656,4.097504245329445
2020-09-24,10740.01,10736.32,3.6900000000005093,3.436931835116841,0.5907540516934363,4.054886670477019
2020-09-25,10690.53,10686.67,3.860000000000582,3.6119764154785017,1.3460596426397027,4.026311815315824
2020-09-26,10730.0,10728.6,1.3999999999996362,1.3049232891515494,1.3357755542676644,3.850738362014903
2020-09-27,10778.2,10774.25,3.9500000000007276,3.6661484558098145,1.918368779653202,3.838829335808123
2020-09-28,10695.55,10696.12,-0.570000000001528,-0.5329035201562249,1.3055507047008452,3.5567820547781652
2020-09-29,10840.73,10840.48,0.25,0.2306170944454955,1.0368173021370077,3.3421907670147672
2020-09-30,10779.63,10776.59,3.039999999999054,2.820929440574549,1.482845336746393,3.3085610040186246
2020-10-01,10617.63,10619.13,-1.5,-1.4125450955027041,0.7589977286841185,3.0039735137269266
2020-10-02,10573.12,10570.4,2.720000000001164,2.5732233406494665,1.2125541316754556,2.976183179979994
2020-10-03,10551.65,10542.06,9.590000000000146,9.096893775979442,3.183639042751453,3.3710677345606035
2020-10-04,10671.11,10666.63,4.480000000001382,4.200014437552024,3.437732891451596,3.424548167011663
2020-10-05,10795.0,10792.21,2.790000000000873,2.585198027096336,3.224599175362781,3.370396545081642
2020-10-06,10602.66,10599.66,3.0,2.8302794617940386,3.126019246970596,3.3355502816437324
2020-10-07,10670.47,10666.39,4.079999999999927,3.8250992135102635,3.300789238605513,3.3671340836996375
2020-10-08,10933.09,10925.57,7.520000000000437,6.882936084799951,4.196325950154123,3.5939600192544963
2020-10-09,11057.07,11050.64,6.430000000000291,5.818667516088727,4.601911341637774,3.7374895351792854
2020-10-10,11299.5,11293.22,6.280000000000655,5.560858639077626,4.841648165997737,3.855126251559824
2020-10-11,11374.01,11369.02,4.989999999999782,4.389120610219788,4.72851627705325,3.889577500505628
2020-10-12,11535.46,11528.25,7.209999999999127,6.254201635111922,5.109937616567918,4.042133896286679
2020-10-13,11428.22,11420.56,7.6599999999998545,6.707201748425984,5.509253649532434,4.214073757715021
2020-10-14,11427.7,11417.89,9.81000000000131,8.591780092470636,6.279885260266985,4.496506424473448
2020-10-15,11509.34,11505.12,4.219999999999345,3.6679321901900153,5.626896992747742,4.443050022261613
2020-10-16,11328.95,11319.32,9.630000000001019,8.507578193743814,6.347067292996761,4.705277646228207
2020-10-17,11367.89,11360.2,7.68999999999869,6.769247020297353,6.45261222482191,4.83843696068428
2020-10-18,11514.2,11503.14,11.06000000000131,9.614766055181523,7.243150682411813,5.146587224845393
2020-10-19,11760.45,11751.47,8.980000000001382,7.641597178906778,7.342762306535555,5.307555608978386
2020-10-20,11923.83,11909.99,13.840000000000146,11.62049674265031,8.412195915564244,5.7148421337314135
2020-10-21,12808.0,12780.96,27.040000000000873,21.156470249497072,11.59826449904745,6.711076205716295
2020-10-22,12987.02,12968.52,18.5,14.26531323543534,12.265026683144423,7.198446336665911
2020-10-23,12937.09,12923.07,14.020000000000437,10.84881533567561,11.91097384627722,7.433954014021375
2020-10-24,13126.24,13111.73,14.510000000000218,11.066426779684502,11.69983707962904,7.6683070956770605
2020-10-25,13045.0,13028.83,16.170000000000073,12.410937896956131,11.877612283960813,7.974283276404742
2020-10-26,13068.79,13052.19,16.600000000000364,12.718172199455147,12.087752262834398,8.280340626278964
2020-10-27,13698.18,13636.17,62.01000000000022,45.47464573996906,20.434475632118065,10.67997321425897
2020-10-28,13281.05,13266.4,14.649999999999636,11.042935536391685,18.08659060818647,10.703390138267533
2020-10-29,13460.0,13455.7,4.299999999999272,3.1956717227643594,14.363860886830942,10.21902120823507
2020-10-30,13571.51,13560.1,11.409999999999854,8.414392224245226,12.876493721184513,10.10259353184863
2020-10-31,13804.81,13791.0,13.80999999999949,10.013777101007815,12.160814566140338,10.09686343953632
2020-11-01,13771.59,13761.5,10.090000000000146,7.332049558550491,10.953623314242874,9.918488350440459
2020-11-02,13563.22,13549.37,13.849999999998545,10.221877474745344,10.77068685436849,9.938061842331097
2020-11-03,14035.8,14023.53,12.269999999998618,8.749580169900018,10.26541018325137,9.86138560540006
2020-11-04,14161.48,14144.01,17.469999999999345,12.35151841662896,10.786937241595767,10.022039335156762
2020-11-05,15608.21,15590.02,18.18999999999869,11.667720759818145,11.00713312115136,10.128212330296206
2020-11-06,15599.95,15579.92,20.030000000000655,12.856291945015919,11.4694228271175,10.304217466729735
2020-11-07,14834.09,14818.3,15.790000000000873,10.655743236405169,11.266002929439415,10.32689654864428
2020-11-08,15482.9,15475.1,7.799999999999272,5.040355151177955,9.70959098487405,9.985829361710968
2020-11-09,15342.25,15328.41,13.840000000000146,9.028986046171195,9.539439750198335,9.924097534901948
2020-11-10,15315.03,15297.21,17.820000000001528,11.649183086328563,10.06687558423089,10.035393376929472
2020-11-11,15705.79,15684.24,21.55000000000109,13.739907065946078,10.985133454659687,10.274394260091833
2020-11-12,16310.81,16291.86,18.94999999999891,11.6315755229901,11.146743971742291,10.36195434156914
2020-11-13,16339.56,16320.7,18.859999999998763,11.55587689253501,11.24902720194047,10.438981602921778
2020-11-14,16082.01,16070.45,11.55999999999949,7.193326882570794,10.23510212209805,10.229584524189457
2020-11-15,15966.89,15957.0,9.889999999999418,6.197906874725323,9.225803310254868,9.96947628874016
2020-11-16,16726.64,16713.57,13.069999999999709,7.819992975768297,8.874350726633226,9.83079994596778
2020-11-17,17679.36,17659.38,19.979999999999563,11.314100495034562,9.48428816873356,9.92649675558499
2020-11-18,17782.91,17776.12,6.790000000000873,3.8197311899335062,8.068148924033546,9.53251188038167
2020-11-19,17821.58,17802.82,18.760000000002037,10.53765639376314,8.685525791465944,9.597359913503055
2020-11-20,18675.25,18655.67,19.580000000001746,10.49546866984663,9.138011511061114,9.655302413912317
2020-11-21,18721.21,18703.8,17.409999999999854,9.30826890792158,9.18057586027623,9.632913155461303
2020-11-22,18437.66,18414.43,23.229999999999563,12.615106739659598,10.039208580122072,9.825312741538612
2020-11-23,18384.82,18368.0,16.81999999999971,9.157229965157665,9.818713926380969,9.782210626933388
2020-11-24,19172.84,19160.01,12.830000000001746,6.696238676284771,9.03809511385692,9.583115662375413
2020-11-25,18721.93,18719.11,2.819999999999709,1.506481878679189,7.155191805062487,9.062042515040172
2020-11-26,17170.0,17149.47,20.529999999998836,11.971215436978877,8.359197713041585,9.249731090649119
2020-11-27,17153.95,17139.52,14.430000000000291,8.419138925710445,8.3741830162088,9.196144499362752
2020-11-28,17739.85,17719.85,20.0,11.28677725827254,9.102331576724735,9.331024032195641
2020-11-29,18202.04,18184.99,17.049999999999272,9.375864380458676,9.17071477765822,9.33391695789003
2020-11-30,19713.94,19695.87,18.06999999999971,9.174512220073705,9.171664138262091,9.323632781256718
2020-12-01,18782.97,18764.96,18.010000000002037,9.597675667840644,9.27816702065673,9.341312967487939
2020-12-02,19225.63,19204.09,21.540000000000873,11.216360681500781,9.762715435867742,9.462283787746832
2020-12-03,19448.64,19421.9,26.739999999997963,13.767962969635228,10.764027319309614,9.74006954141705
2020-12-04,18658.1,18650.52,7.579999999998108,4.064229844529255,9.089077950614522,9.373886335166224
2020-12-05,19158.96,19147.66,11.299999999999272,5.901504413594605,8.292184566359543,9.14986169506483
2020-12-06,19375.6,19359.4,16.19999999999709,8.368027934748667,8.311145408456824,9.099420807302497
2020-12-07,19177.71,19166.9,10.809999999997672,5.6399313399646545,7.643341891333781,8.87622793844199
2020-12-08,18316.22,18324.11,-7.889999999999418,-4.305802573767448,4.656055775058474,8.025774357009123
2020-12-09,18546.55,18541.28,5.270000000000437,2.8423064642790763,4.202618447363624,7.691357073607184
2020-12-10,18253.44,18254.63,-1.1900000000023283,-0.6518894110707496,2.9889914827550297,7.153083106853768
2020-12-11,18042.15,18036.53,5.620000000002619,3.1158986789603382,3.020718281806357,6.892619595376773
2020-12-12,18821.28,18808.69,12.590000000000146,6.693714447949528,3.93896732334215,6.879787005220177
2020-12-13,19166.65,19174.99,-8.340000000000146,-4.349415566839987,1.8668716007966153,6.155322323151779
2020-12-14,19272.37,19273.14,-0.7700000000004366,-0.3995197461337252,1.30027376406403,5.732429286423683
2020-12-15,19444.6,19426.43,18.169999999998254,9.353236801614706,3.3135145234516994,5.966029771274717
2020-12-16,21359.65,21335.52,24.13000000000102,11.309778247730051,5.312580454521288,6.310787737497641
2020-12-17,22826.48,22797.16,29.31999999999971,12.861251138298613,7.19974812546562,6.7333982794848
2020-12-18,23137.76,23107.39,30.36999999999898,13.142981531015785,8.685556476853161,7.146919779583573
2020-12-19,23849.99,23821.61,28.38000000000102,11.913552442508468,9.492555468266987,7.454444467514212
2020-12-20,23476.51,23455.52,20.989999999997963,8.948852977890276,9.356629845672808,7.550857919796539
2020-12-21,22729.4,22719.71,9.690000000002328,4.265019227798206,8.083727191204156,7.338868326764389
2020-12-22,23823.27,23810.79,12.479999999999563,5.24132126653587,7.373125710037084,7.203542709975453
2020-12-23,23228.35,23232.76,-4.4099999999998545,-1.8981817054886108,5.05529885615566,6.61633468317132
2020-12-24,23717.96,23729.2,-11.2400000000016,-4.736780001012297,2.60727914186367,5.883875671288506
2020-12-25,24704.71,24712.47,-7.760000000002037,-3.1401150916932075,1.1704305834744502,5.301682718838073
2020-12-26,26475.35,26493.39,-18.040000000000873,-6.809245626928639,-0.8244884691263227,4.520332502982155
2020-12-27,26258.65,26281.66,-23.0099999999984,-8.755154735278214,-2.807155035664296,3.6638494553524543
2020-12-28,27040.36,27079.41,-39.04999999999927,-14.420550521595521,-5.710503907147102,2.497113972968714
2020-12-29,27366.35,27385.0,-18.650000000001455,-6.8102976081796385,-5.985452332405236,1.896635806443014
2020-12-30,28897.42,28875.54,21.87999999999738,7.577347471250384,-2.5947523814913303,2.2631333332047796
2020-12-31,28990.08,28923.63,66.45000000000073,22.97429472026824,3.797509393948564,3.599337293660487
2021-01-01,29412.84,29331.69,81.15000000000146,27.666322670123478,9.764712712992294,5.152046027625841
2021-01-02,32225.91,32178.33,47.57999999999811,14.786348452513476,11.020121647872589,5.773613926005688
2021-01-03,33080.66,33000.05,80.61000000000058,24.427235716308893,14.371900164981666,6.977073396347831
2021-01-04,32019.99,31988.71,31.280000000002474,9.778449959376712,13.223537613580426,7.157807368156146
2021-01-05,34030.64,33949.53,81.11000000000058,23.891346949427295,15.890489947542143,8.237390566947834
2021-01-06,36859.26,36769.36,89.90000000000146,24.449704862963273,18.030293676397424,9.283346327981087
2021-01-07,39505.56,39432.28,73.27999999999884,18.58375929568279,18.168660081218764,9.883372971058618
2021-01-08,40665.15,40582.81,82.34000000000378,20.28937868028491,18.6988397309853,10.554728178105474
2021-01-09,40257.43,40088.22,169.20999999999913,42.20940715252475,24.576481586370164,12.596965531293815
2021-01-10,38171.57,38150.02,21.55000000000291,5.648751953473141,19.844549178145904,12.14869368756345
2021-01-11,35452.59,35404.47,48.11999999999534,13.591504123631193,18.281287914517225,12.241778231825885
2021-01-12,34038.98,34051.24,-12.259999999994761,-3.6004562535740803,12.810851872494398,11.219698587606533
2021-01-13,37393.66,37371.38,22.280000000006112,5.9617814487999965,11.098584266570796,10.88047812703837
2021-01-14,39125.14,39144.5,-19.360000000000582,-4.945777823193165,7.087493744129806,9.859429356055688
2021-01-15,36754.67,36742.22,12.44999999999709,3.3884724439614544,6.162738419087718,9.441948264952835
2021-01-16,36006.94,35994.98,11.959999999999127,3.322685552262783,5.452725202381484,9.047157122198639
2021-01-17,35820.0,35828.61,-8.610000000000582,-2.403107460769993,3.488767036593614,8.30843037491034
2021-01-18,36624.23,36631.27,-7.039999999993597,-1.9218552892086294,2.136111455143053,7.648411944967182
2021-01-19,35917.28,35891.49,25.790000000000873,7.185547326120645,3.3984704228874514,7.618549711493212
2021-01-20,35503.09,35468.23,34.859999999993306,9.828514137861788,5.005981351631036,7.761128061581506
2021-01-21,30855.95,30850.13,5.819999999999709,1.8865398622303076,4.226120979280853,7.382122371300785
2021-01-22,32984.93,32945.17,39.76000000000204,12.068536905409655,6.186724960813054,7.684471696082002
2021-01-23,32112.01,32078.0,34.0099999999984,10.602281937777125,7.290614205054072,7.872717518126849
2021-01-24,32288.56,32259.9,28.659999999999854,8.884094495023032,7.688984277546312,7.937967645668539
2021-01-25,32261.87,32254.2,7.669999999998254,2.3779848825888905,6.361234428806957,7.579259080308561
2021-01-26,32510.82,32467.77,43.04999999999927,13.259302994939048,8.08575157033998,7.945713526413754
2021-01-27,30407.13,30366.15,40.97999999999956,13.495289985723247,9.438136174185797,8.303750717336946
2021-01-28,33488.99,33364.86,124.12999999999738,37.20381263401018,16.379555289141894,10.168270840993284
2021-01-29,34262.11,34252.2,9.910000000003492,2.8932448134733058,13.007977670224747,9.698914323088768
2021-01-30,34315.63,34262.88,52.75,15.395670183009358,13.6049007984209,10.066446959212678
2021-01-31,33137.74,33092.98,44.75999999999476,13.525527166182716,13.585057390361353,10.289613424178487
2021-02-01,33533.19,33526.37,6.819999999999709,2.0342196306954996,10.697347950444888,9.757007372986036
2021-02-02,35512.67,35466.24,46.43000000000029,13.09132290313375,11.295841688617102,9.972124503963308
2021-02-03,37678.37,37618.87,59.5,15.816530374250792,12.426013860025527,10.349182947207662
2021-02-04,36975.0,36936.66,38.33999999999651,10.379931482704663,11.91449326569531,10.351166723691339
2021-02-05,38311.49,38290.24,21.25,5.54971710806651,10.323299226288109,10.041395780747802
2021-02-06,39265.43,39186.94,78.48999999999796,20.029632321381108,12.74988250006136,10.685798138208016
2021-02-07,38871.42,38795.69,75.72999999999593,19.520209590291326,14.442464272618853,11.25576016737468
2021-02-08,46448.1,46374.87,73.22999999999593,15.790879845052341,14.779568165727227,11.548348533676464
2021-02-09,46514.73,46420.42,94.31000000000495,20.31649002744995,16.163798631157906,12.11403508166185
2021-02-10,44850.0,44807.58,42.419999999998254,9.46714819233696,14.489636021452668,11.943268185576374
2021-02-11,47997.91,47969.51,28.400000000001455,5.9204273714708044,12.347333858957203,11.554697810472787
2021-02-12,47408.34,47287.6,120.73999999999796,25.53312073355407,15.643780577606421,12.456531547445772
2021-02-13,47232.45,47153.69,78.75999999999476,16.702828559120864,15.90854257298503,12.730486193360296
2021-02-14,48680.69,48577.79,102.90000000000146,21.18251983056485,17.227036887379985,13.27577868608317
2021-02-15,47936.37,47911.1,25.270000000004075,5.274351872530669,14.238865633667654,12.759557601337848
2021-02-16,49158.71,49133.45,25.260000000002037,5.141100411227839,11.9644243280577,12.268044234233978
2021-02-17,52170.01,52119.71,50.30000000000291,9.65085953087641,11.386033128762376,12.099193608210909
2021-02-18,51601.73,51552.6,49.13000000000466,9.530072198105088,10.922042896098054,11.933443839816984
2021-02-19,55983.56,55906.0,77.55999999999767,13.87328730368731,11.659853997995368,12.058595031034425
2021-02-20,55923.52,55841.19,82.32999999999447,14.743596975637097,12.430789742405802,12.231820962944274
2021-02-21,57489.16,57408.57,80.59000000000378,14.037973772906831,12.83258575003106,12.348346950683794
2021-02-22,54142.13,54087.67,54.45999999999913,10.068838239842837,12.141648872484005,12.201281872565023
2021-02-23,48899.99,48891.0,8.989999999997963,1.8387842343159377,9.565932712941986,11.532733637839275
2021-02-24,49737.82,49676.2,61.62000000000262,12.404330443955836,10.275532145695449,11.588965689846797
2021-02-25,47058.48,47073.73,-15.25,-3.2395988165800915,6.896749405126563,10.632284108786997
2021-02-26,46326.2,46276.87,49.32999999999447,10.659752917601129,7.8375002832452045,10.634056290000812
2021-02-27,46180.75,46106.43,74.31999999999971,16.11922675427202,9.907931901001907,10.987938255437664
2021-02-28,45231.75,45135.66,96.08999999999651,21.28915363151851,12.75323733363106,11.652532795829977
2021-03-01,49639.4,49587.03,52.37000000000262,10.561229418257767,12.205235354787737,11.582126126309188
2021-03-02,48511.6,48440.65,70.94999999999709,14.64678942169284,12.815623871514013,11.779846338914584
2021-03-03,50360.0,50349.37,10.62999999999738,2.111247866656285,10.13952987029958,11.156065792317277
2021-03-04,48368.52,48374.09,-5.569999999999709,-1.1514428488468287,7.316786690512977,10.362032976758302
2021-03-05,48769.47,48751.71,17.760000000002037,3.6429491396305913,6.398327302792381,9.928543696943612
2021-03-06,48909.84,48882.2,27.639999999999418,5.654409989730436,6.212347974526895,9.652793135187922
2021-03-07,50978.61,50971.75,6.860000000000582,1.3458435309754435,4.995721863639032,9.116860902658084
2021-03-08,52415.23,52375.17,40.06000000000495,7.648662524628591,5.658957028886422,9.02213842665618
2021-03-09,54916.38,54884.5,31.87999999999738,5.808561615756602,5.696358175603967,8.81481089046911
2021-03-10,55890.69,55851.59,39.10000000000582,7.00069595154007,6.022442619587993,8.697771216989816
2021-03-11,57815.47,57773.16,42.30999999999767,7.323469929634285,6.347699447099567,8.609106617805589
2021-03-12,57225.91,57221.72,4.190000000002328,0.7322394363540319,4.9438344444131825,8.100921638357102
2021-03-13,61178.5,61188.39,-9.889999999999418,-1.616319697249624,3.303795908997481,7.474002842511507
2021-03-14,58972.7,58968.31,4.389999999999418,0.7444676640733228,2.663963847766441,7.039839282612269
2021-03-15,55636.15,55605.2,30.950000000004366,5.566026198988716,3.38947943557201,6.944754567539781
2021-03-16,56927.11,56900.75,26.360000000000582,4.632627865186478,3.700266542975627,6.795585102871826
2021-03-17,58925.54,58912.97,12.569999999999709,2.133655797695866,3.308613856655687,6.494815470279828
2021-03-18,57644.95,57648.16,-3.210000000006403,-0.5568260981803075,2.342253867946688,6.039870852959819
2021-03-19,58039.66,58030.01,9.650000000001455,1.662932679142859,2.172423570745731,5.757487744971628
2021-03-20,58116.7,58102.28,14.419999999998254,2.4818303171580958,2.2497752573488223,5.5461550076933355
2021-03-21,57363.32,57351.56,11.760000000002037,2.050510918971682,2.199959172754537,5.320629582614519
2021-03-22,54110.07,54083.25,26.81999999999971,4.959021508508243,2.8897247566929636,5.297300029446372
2021-03-23,54345.54,54340.89,4.650000000001455,0.8557092090333285,2.381220869778055,5.010745782968112
2021-03-24,52276.16,52303.65,-27.489999999997963,-5.2558473452613,0.47195381601821584,4.348384935985568
2021-03-25,51325.01,51293.78,31.2300000000032,6.08845750888376,1.8760797392346023,4.4606476826241614
2021-03-26,55072.44,55025.59,46.85000000000582,8.514220383644133,3.5356149003369852,4.722168502044805
2021-03-27,55856.53,55817.14,39.38999999999942,7.05697210570122,4.415954201678044,4.872800992603283
2021-03-28,55778.82,55777.63,1.1900000000023283,0.21334717878795928,3.365302445955523,4.572191069131327
2021-03-29,57613.48,57635.47,-21.989999999997963,-3.8153588406575345,1.5701371243022582,4.031058816886883
2021-03-30,58786.46,58746.57,39.88999999999942,6.7901836651906855,2.875148759524365,4.2090668716161606
2021-03-31,58800.0,58740.55,59.44999999999709,10.120776873896453,4.686555788117388,4.590467516924567
2021-04-01,58726.48,58720.44,6.040000000000873,1.0286026467110077,3.7720675027657924,4.360669783362401
2021-04-02,58981.04,58950.01,31.029999999998836,5.263781973912085,4.144996120552366,4.41893508597851
2021-04-03,57094.34,57051.94,42.39999999999418,7.43182440421819,4.966703191468822,4.613315041993974
2021-04-04,58215.94,58202.01,13.930000000000291,2.3933881321291928,4.323374426633914,4.470093951034955
2021-04-05,59123.02,59129.99,-6.970000000001164,-1.1787588666933857,2.9478411033020886,4.105651833762159
2021-04-06,58019.98,57991.15,28.830000000001746,4.971448229600384,3.4537428848766627,4.161509665751722
2021-04-07,55955.75,55953.45,2.3000000000029104,0.41105597599511157,2.6930711576562745,3.919544911573876
2021-04-08,58083.1,58077.52,5.580000000001746,0.9607848268999852,2.259999574967202,3.7286571641755604
2021-04-09,58092.68,58142.54,-49.86000000000058,-8.575476750757316,-0.4488695064639282,2.9348420728895683
2021-04-10,59778.6,59769.13,9.470000000001164,1.5844299557321584,0.05945535908509354,2.8477187104923165
2021-04-11,59985.26,60002.43,-17.169999999998254,-2.8615507738605217,-0.6707961741513104,2.4793787437598755
2021-04-12,59839.82,59860.0,-20.18000000000029,-3.3711994654195276,-1.3458969969683647,2.1019220851031397
2021-04-13,63588.22,63575.0,13.220000000001164,2.0794337396767837,-0.48956431280707735,2.1004712241078907
2021-04-14,62971.8,62959.53,12.270000000004075,1.9488709652071279,0.12004450669647407,2.0906905622433256
2021-04-15,63229.04,63159.98,69.05999999999767,10.934138991176567,2.8235681278164977,2.6612356221745026
2021-04-16,61427.27,61334.8,92.46999999999389,15.07626991528399,5.886743574683371,3.462205576568663
2021-04-17,60058.86,60006.66,52.19999999999709,8.699034407180228,6.589816282807586,3.800065501124248
2021-04-18,56274.41,56150.01,124.40000000000146,22.154938173652994,10.481096755518939,4.98425083483578
2021-04-19,55696.83,55633.14,63.69000000000233,11.448212342499708,10.72287565226413,5.401280609523775
2021-04-20,56499.29,56425.0,74.29000000000087,13.166149756314027,11.333694178276604,5.9022399093166955
2021-04-21,53800.86,53787.63,13.230000000003201,2.4596733486870193,9.115188970879206,5.680138840888975
2021-04-22,51701.59,51690.96,10.62999999999738,2.0564524241750703,7.350504834203172,5.44635262045582
2021-04-23,51187.27,51125.14,62.12999999999738,12.152533958831313,8.551012115360207,5.879009480996175
2021-04-24,50089.15,50047.84,41.31000000000495,8.254102474754,8.476784705208654,6.032241287045066
2021-04-25,49121.0,49066.77,54.2300000000032,11.052286506734177,9.120660155590036,6.356115172186299
2021-04-26,54053.6,54001.39,52.20999999999913,9.66826965009604,9.257562529216537,6.569802557857894
2021-04-27,55069.62,55011.97,57.650000000001455,10.479537453393917,9.56305626026088,6.822043518860219
2021-04-28,54894.03,54846.22,47.80999999999767,8.717100285124957,9.3515672664769,6.944305245716008
2021-04-29,53580.0,53555.0,25.0,4.66809821678682,8.18070000405438,6.79745317933348
2021-04-30,57798.77,57694.27,104.5,18.11271725944419,10.663704317901832,7.527470216759976
2021-05-01,57859.28,57800.37,58.90999999999622,10.191976279736448,10.545772308360485,7.6993738337262005
2021-05-02,56625.2,56578.21,46.98999999999796,8.305317541859036,9.985658616735122,7.738466976186383
2021-05-03,57212.73,57169.39,43.34000000000378,7.580979961478995,9.38448895292109,7.728306523624616
2021-05-04,53241.92,53200.01,41.90999999999622,7.877818068078302,9.007821231710393,7.737952429718401
2021-05-05,57515.69,57436.11,79.58000000000175,13.855395151238792,10.219714711592493,8.13262615368746
2021-05-06,56440.66,56393.68,46.9800000000032,8.330720747431464,9.747466220552235,8.14540645005804
2021-05-07,57380.39,57314.75,65.63999999999942,11.452549300137171,10.17373699044847,8.358770504901853
2021-05-08,58958.05,58862.05,96.0,16.30931984190065,11.707632703311514,8.871709171805001
2021-05-09,58312.57,58240.84,71.7300000000032,12.316099836473526,11.859749486602016,9.093927924364262
2021-05-10,55866.41,55816.14,50.270000000004075,9.0063555093578,11.146400992290962,9.088278091138038
2021-05-11,56753.19,56670.02,83.17000000000553,14.676190338385187,12.028848328814519,9.44878855870237
2021-05-12,49498.77,49631.32,-132.5500000000029,-26.706926190962488,2.344904698870264,7.1161618006594765
2021-05-13,49690.11,49670.97,19.139999999999418,3.8533574037313834,2.7220178750855437,6.905658291180244
2021-05-14,49893.48,49841.45,52.03000000000611,10.439102393691169,4.65128900473695,7.133622426826111
2021-05-15,46775.51,46762.99,12.520000000004075,2.6773309405592194,4.157799488692517,6.846119750292763
2021-05-16,46450.79,46431.5,19.290000000000873,4.154507177240863,4.1569764108296035,6.672467326224898
2021-05-17,43580.5,43538.04,42.45999999999913,9.752391242232594,5.555830118680351,6.871172094999588
2021-05-18,42857.15,42849.78,7.370000000002619,1.7199621561658773,4.596863128051733,6.538835969913543
2021-05-19,36731.75,36690.09,41.66000000000349,11.354564679455503,6.286288515902676,6.8495281447227025
2021-05-20,40623.33,40526.64,96.69000000000233,23.85838056152778,10.679311527308952,7.946873461935933
2021-05-21,37340.77,37252.01,88.75999999999476,23.826902226213864,13.96620920203518,8.971391446728058
2021-05-22,37476.83,37449.73,27.099999999998545,7.236367258187659,12.283748716073301,8.859454402306097
2021-05-23,34758.67,34655.25,103.41999999999825,29.842520253062776,16.673441600320672,10.213200586225883
2021-05-24,38878.56,38796.29,82.2699999999968,21.205635899721464,17.806490175170868,10.922389961290113
2021-05-25,38361.81,38324.72,37.08999999999651,9.67782673950257,15.774324316253793,10.842095559884465
2021-05-26,39293.23,39241.91,51.31999999999971,13.07785477312473,15.10020693047153,10.986338089770934
2021-05-27,38556.88,38529.98,26.89999999999418,6.981576424383018,13.070549303949402,10.727966369423326
2021-05-28,35680.47,35663.49,16.9800000000032,4.761171719314117,10.99320490779058,10.343011875867893
2021-05-29,34627.82,34605.15,22.669999999998254,6.551048037646279,9.882665690254504,10.098369047595531
2021-05-30,35669.44,35641.27,28.17000000000553,7.903758760561264,9.387938957831194,9.956781287141707
2021-05-31,37279.31,37253.81,25.5,6.844937470824597,8.752188586079544,9.756017169959957
2021-06-01,36685.0,36693.09,-8.089999999996508,-2.2047747954712094,6.012947740691856,8.984353172190206
2021-06-02,37577.91,37568.68,9.230000000003201,2.4568337242625304,5.123919236584524,8.56322288522713
2021-06-03,39248.55,39246.79,1.7600000000020373,0.4484443186303366,3.955050507095977,8.03968878415637
2021-06-04,36856.52,36829.0,27.5199999999968,7.472372315293629,4.83438095914539,8.003087721649097
2021-06-05,35539.49,35513.2,26.290000000000873,7.402881182207999,5.476506014911043,7.96436471910451
2021-06-06,35800.48,35796.31,4.17000000000553,1.1649245411060605,4.3986106464597965,7.525691159233642
2021-06-07,33575.91,33552.79,23.12000000000262,6.890634132066253,5.0216165178614105,7.484719738126069
2021-06-08,33402.13,33380.81,21.31999999999971,6.386903133865918,5.362938171862537,7.413892860431866
2021-06-09,37403.86,37388.05,15.809999999997672,4.228623851738611,5.0793595918315555,7.208391634064559
2021-06-10,36694.05,36675.72,18.330000000001746,4.997856892789976,5.058983917071161,7.065776489466199
2021-06-11,37338.44,37331.98,6.459999999999127,1.7304198705780927,4.226842905447893,6.721559933408901
2021-06-12,35557.33,35546.11,11.220000000001164,3.1564635342662406,3.9592480626524797,6.491553714109375
2021-06-13,39015.24,39020.57,-5.330000000001746,-1.3659462175974468,2.6279494925899978,5.984618234644419
2021-06-14,40539.47,40516.29,23.18000000000029,5.721155614197837,3.401251022991958,5.967620646228511
2021-06-15,40162.37,40144.04,18.330000000001746,4.566057626487208,3.6924526738657706,5.87719722560004
2021-06-16,38351.0,38349.01,1.9899999999979627,0.5189182197917752,2.8990690603472715,5.531501805870474
2021-06-17,38095.17,38092.97,2.1999999999970896,0.5775343849534487,2.3186853914988155,5.2118910045209885
2021-06-18,35841.81,35819.84,21.970000000001164,6.133472399654227,3.2723821435376688,5.271347868723132
2021-06-19,35484.79,35483.72,1.069999999999709,0.30154673748894467,2.5296732920254876,4.950715537675765
2021-06-20,35585.78,35600.16,-14.380000000004657,-4.039307688505911,0.8874280468926377,4.370714039212431
2021-06-21,31609.82,31608.93,0.8899999999994179,0.2815660004928944,0.7359625352927017,4.106898036714396
2021-06-22,32538.37,32509.56,28.80999999999767,8.862008590702075,2.7674740491450454,4.413679362778117
2021-06-23,33688.35,33678.07,10.279999999998836,3.0524314487134774,2.8387133990371534,4.32585691670943
2021-06-24,34654.58,34663.09,-8.509999999994761,-2.4550609885021224,1.5152698021523343,3.8883783421796525
2021-06-25,31594.63,31584.45,10.180000000000291,3.2231050406128503,1.9422286117674634,3.845457484014052
2021-06-26,32275.19,32283.65,-8.460000000002765,-2.620521533346354,0.8015410754890089,3.4282975474101547
2021-06-27,34709.23,34700.34,8.890000000006694,2.561934551652545,1.2416394445298928,3.3724031605870834
2021-06-28,34493.22,34494.89,-1.6699999999982538,-0.4841296783375526,0.8101971638130314,3.123594590333881
2021-06-29,35904.28,35911.73,-7.450000000004366,-2.0745310794001437,0.08901510300973749,2.7882316438994277
2021-06-30,35060.0,35045.0,15.0,4.28021115708388,1.1368141165282732,2.884488386685521
2021-07-01,33516.11,33504.69,11.419999999998254,3.408478036954765,1.7047300966348964,2.9182941705738594
2021-07-02,33805.02,33786.55,18.469999999993888,5.466672388863003,2.645215669691923,3.0827056685279977
2021-07-03,34682.16,34669.13,13.030000000006112,3.758386783863088,2.9235084482347142,3.1262979985496164
2021-07-04,35284.05,35286.51,-2.459999999999127,-0.6971502707409094,2.018343768490808,2.879623916659905
2021-07-05,33697.78,33690.14,7.639999999999418,2.2677258093906083,2.080689278715758,2.8401466194167244
2021-07-06,34225.73,34220.01,5.720000000001164,1.6715366243325036,1.9784011151199443,2.7647524261854843
2021-07-07,33878.56,33862.12,16.439999999995052,4.854982499618021,2.6975464612444635,2.899605979310164
2021-07-08,32875.95,32875.71,0.23999999999796273,0.07300222565564951,2.04141040234726,2.7172444468163244
2021-07-09,33824.26,33815.81,8.450000000004366,2.498831168025184,2.155765593766741,2.7031532675394767
2021-07-10,33515.35,33502.87,12.479999999995925,3.725054002834405,2.5480876960336567,2.7690823472359236
2021-07-11,34259.23,34258.99,0.2400000000052387,0.07005460464615254,1.9285794231867806,2.5949515251333577
2021-07-12,33091.1,33086.63,4.470000000001164,1.3509988777937743,1.784184286838529,2.514696515627578
2021-07-13,32734.14,32729.77,4.369999999998981,1.335175896439722,1.6719321892388272,2.4385984111638455
2021-07-14,32816.39,32820.02,-3.6299999999973807,-1.106032232764953,0.977441083737882,2.209912563168439
2021-07-15,31868.68,31880.0,-11.319999999999709,-3.5508155583441336,-0.15462307678262213,1.8382526843611762
2021-07-16,31388.06,31383.87,4.190000000002328,1.3350807277756616,0.2178028743569489,1.8057899774846915
2021-07-17,31533.91,31520.07,13.840000000000146,4.390853192901556,1.2610654539931008,1.97256824944707
2021-07-18,31788.25,31778.56,9.68999999999869,3.04922564143828,1.7081055008543957,2.0420300166723093
2021-07-19,30842.03,30839.65,2.3799999999973807,0.7717337907520161,1.4740125733288008,1.9600754214516454
2021-07-20,29796.16,29790.35,5.81000000000131,1.9502959851092072,1.5930834262739024,1.9594444900747139
2021-07-21,32135.19,32144.51,-9.319999999999709,-2.8994064616316706,0.46996095429750884,1.645970235125915
2021-07-22,32287.74,32287.83,-0.09000000000014552,-0.02787427956563171,0.3455021458317237,1.5379802664361377
2021-07-23,33647.26,33634.09,13.17000000000553,3.915670083538547,1.2380441302584297,1.6913796094750027
2021-07-24,34283.01,34258.14,24.87000000000262,7.259588524071159,2.7434302287116124,2.0506188942876578
2021-07-25,35428.26,35381.02,47.24000000000524,13.351791440723293,5.395520531714532,2.7797268005093114
2021-07-26,37262.77,37237.6,25.169999999998254,6.759297054590441,5.736464662433509,3.0364732685145452
2021-07-27,39470.48,39457.87,12.610000000000582,3.1958136615073407,5.101301912201967,3.046753293868919
2021-07-28,40035.1,40019.56,15.540000000000873,3.8831011635309665,4.796751725034216,3.10071122094389
2021-07-29,40039.44,40016.48,22.959999999999127,5.737636093929854,5.031972817258126,3.2708354062978233
2021-07-30,42237.95,42206.37,31.57999999999447,7.482282887629754,5.644550334851032,3.5425416954160123
2021-07-31,41495.01,41461.83,33.18000000000029,8.002541132410279,6.234048034240844,3.8302835945769327
2021-08-01,39865.41,39845.44,19.970000000001164,5.011865849642305,5.928502488091209,3.906514707806957
2021-08-02,39149.59,39147.82,1.7699999999967986,0.4521324559059181,4.559409980044886,3.6836513367165673
2021-08-03,38191.44,38207.05,-15.610000000000582,-4.085633410587652,2.3981491323867505,3.182407159471134
2021-08-04,39722.41,39723.18,-0.7699999999967986,-0.19384147996182044,1.7501514792996078,2.964584666604492
2021-08-05,40888.74,40862.46,26.279999999998836,6.431330859668627,2.9204463243918624,3.188245711318307
2021-08-06,42869.58,42836.87,32.70999999999913,7.6359453900343155,4.0993210908024755,3.4751940776870818
2021-08-07,44637.34,44572.54,64.79999999999563,14.538099017915584,6.709015572580753,4.188929880282469
2021-08-08,43829.14,43794.37,34.7699999999968,7.939376682435384,7.016605850044411,4.430894190098787
2021-08-09,46285.48,46253.4,32.080000000001746,6.935706348074611,6.996380974551961,4.592494974484324
2021-08-10,45595.66,45584.99,10.67000000000553,2.340682755443968,5.832456419774962,4.447216766804301
2021-08-11,45553.49,45511.0,42.48999999999796,9.336204434091666,6.7083934233541385,4.762635325984131
2021-08-12,44422.14,44399.0,23.139999999999418,5.211829095250753,6.334252341328292,4.791615569162622
2021-08-13,47833.64,47800.0,33.63999999999942,7.037656903765566,6.510103481937611,4.936521461717651
2021-08-14,47109.65,47068.51,41.13999999999942,8.740450887441131,7.067690333313491,5.18193626337723
2021-08-15,47014.49,46973.82,40.669999999998254,8.658014187477026,7.465271296854375,5.4061993552546355
2021-08-16,45902.46,45901.29,1.1699999999982538,0.25489479707374585,5.662677171909217,5.073857125694579
2021-08-17,44671.58,44695.95,-24.369999999995343,-5.452395574989666,2.8839089851844952,4.394744048231079
2021-08-18,44707.98,44705.29,2.6900000000023283,0.6017184990869673,2.313361363660113,4.150032722479845
2021-08-19,46765.87,46760.62,5.25,1.1227396043933524,2.015705923843423,3.9547234890549103
2021-08-20,49342.4,49322.47,19.93000000000029,4.040754649958789,2.5219681053722645,3.9602738865325797
2021-08-21,48867.02,48821.87,45.14999999999418,9.247904678784113,4.203452248725227,4.301411357000421
2021-08-22,49284.63,49239.22,45.40999999999622,9.222323180586578,5.458169981690564,4.618889539167269
2021-08-23,49506.5,49488.85,17.650000000001455,3.566459919759346,4.985242466207759,4.550990854044178
2021-08-24,47682.45,47674.01,8.439999999995052,1.770356636665582,4.181521008822215,4.371595098084269
2021-08-25,48987.33,48973.32,14.010000000002037,2.860741317927129,3.8513260860984433,4.274120660654775
2021-08-26,46851.47,46843.87,7.599999999998545,1.6224107871520843,3.2940972613618538,4.103042604299763
2021-08-27,49077.57,49069.9,7.669999999998254,1.563076346191572,2.861342032569283,3.9391738134540737
2021-08-28,48942.94,48895.35,47.59000000000378,9.733031873175868,4.57926449272093,4.312971107629673
2021-08-29,48802.58,48767.83,34.75,7.125598986053028,5.215848116053954,4.49443097075376
2021-08-30,46993.71,46982.91,10.799999999995634,2.298708189849563,4.486563134502856,4.352771436501877
2021-08-31,47112.5,47100.89,11.610000000000582,2.4649215757910348,3.9811527448249007,4.230974671294725
2021-09-01,48839.86,48810.52,29.340000000003783,6.010999268191153,4.488614375666464,4.345814967868688
2021-09-02,49279.37,49246.64,32.7300000000032,6.646138701036364,5.027995457008939,4.4942229506536995
2021-09-03,50025.0,49999.14,25.860000000000582,5.172088959930488,5.064018832739326,4.537956241574783
2021-09-04,49942.98,49915.64,27.340000000003783,5.477241201354843,5.167324424893205,4.598555271238013
2021-09-05,51789.17,51756.88,32.29000000000087,6.238784099814598,5.435189343623553,4.704376485984889
2021-09-06,52698.81,52663.9,34.90999999999622,6.628829235966194,5.7335993167092125,4.828534727919166
2021-09-07,46894.5,46863.73,30.7699999999968,6.56584527095827,5.941660805271477,4.940619279082979
2021-09-08,46060.36,46048.31,12.05000000000291,2.6168169906792826,5.110449851623428,4.790696550798869
2021-09-09,46400.0,46395.14,4.860000000000582,1.047523512160975,4.094718266757814,4.549201516048038
2021-09-10,44851.45,44850.91,0.5399999999935972,0.12039889491610722,3.1011384237973876,4.263472314684688
2021-09-11,45171.83,45173.69,-1.860000000000582,-0.4117440926343363,2.2229177946894563,3.9618454496963644
2021-09-12,46024.23,46025.24,-1.0099999999947613,-0.2194448089776202,1.6123271437726872,3.69208478784643
2021-09-13,44947.72,44940.73,6.989999999997963,1.555381944173817,1.5980908438729697,3.554232991480455
2021-09-14,47127.22,47111.52,15.700000000004366,3.3325182460686165,2.0316976944218816,3.5399288143571104
2021-09-15,48148.12,48121.41,26.709999999999127,5.550543926289286,2.9114092523887325,3.6696459183527343
2021-09-16,47753.16,47737.82,15.340000000003783,3.2133851105897726,2.9869032169389924,3.640209737206737
2021-09-17,47303.5,47299.98,3.5199999999967986,0.7441863611767907,2.426224002998442,3.4533695193983536
2021-09-18,48314.56,48292.74,21.81999999999971,4.518277488501088,2.9492373743741034,3.5220732593404653
2021-09-19,47255.92,47241.75,14.169999999998254,2.999465515143296,2.9617944095664015,3.4883566306825835
2021-09-20,43012.97,43015.62,-2.650000000001455,-0.6160552841039113,2.0673319861488233,3.2235558619866804
2021-09-21,40719.6,40734.38,-14.779999999998836,-3.6283846716211876,0.6434028217063202,2.7814951823990754
2021-09-22,43575.1,43543.61,31.489999999997963,7.231830342040446,2.290509701789852,3.068613579795293
2021-09-23,44897.59,44865.26,32.32999999999447,7.206020872272401,3.5193874944104895,3.3355430825357515
2021-09-24,42848.92,42810.57,38.349999999998545,8.958068065900715,4.879057637283046,3.6982866298496204
2021-09-25,42705.51,42670.64,34.87000000000262,8.171895242257143,5.70226703852657,3.9869065403275252
2021-09-26,43178.02,43160.9,17.119999999995343,3.966553060754663,5.268338544083593,3.985593412613147
2021-09-27,42171.76,42147.35,24.410000000003492,5.79158594787188,5.399150395030665,4.1021090600491945
2021-09-28,41026.07,41026.54,-0.47000000000116415,-0.11455998970455461,4.020722798846859,3.830065895548953
2021-09-29,41522.16,41524.28,-2.1199999999953434,-0.5105446741027198,2.8879059306094637,3.5500265039585224
2021-09-30,43824.43,43824.1,0.33000000000174623,0.07530103299346891,2.1847547062054646,3.325850667122068
2021-10-01,48165.76,48141.61,24.150000000001455,5.016450426149621,2.8926786361915036,3.4349216193173935
2021-10-02,47657.69,47634.9,22.790000000000873,4.784307304097624,3.3655858031680337,3.5219787602709567
2021-10-03,48233.99,48200.01,33.979999999995925,7.049791068507449,4.286637119502887,3.7495795543507304
2021-10-04,49245.54,49224.94,20.599999999998545,4.184870514825079,4.261195468333435,3.7776628421232687
2021-10-05,51493.99,51471.99,22.0,4.274169310336529,4.264438928834209,3.809695517491866
2021-10-06,55339.48,55315.0,24.4800000000032,4.425562686432016,4.3047198682336605,3.84942888322994
2021-10-07,53797.82,53785.22,12.599999999998545,2.342651010815988,3.814202653879242,3.7522174075903303
2021-10-08,53963.82,53951.43,12.389999999999418,2.2965100276306494,3.434779497317094,3.6583008024316412
2021-10-09,54962.29,54949.72,12.569999999999709,2.28754577821233,3.147971067540903,3.5698649944174923
2021-10-10,54690.53,54659.0,31.529999999998836,5.76849192264639,3.803101281317275,3.711711893012905
2021-10-11,57487.44,57471.35,16.090000000003783,2.799655828513714,3.552239918116385,3.652869566271022
2021-10-12,56005.1,55996.93,8.169999999998254,1.4590085563614963,3.0289320776776627,3.511330146276859
2021-10-13,57367.32,57367.0,0.31999999999970896,0.05578119824933836,2.285644357820581,3.2883915044686325
2021-10-14,57359.51,57347.94,11.569999999999709,2.017509260141548,2.2186105834008227,3.2063991016088207
2021-10-15,61695.39,61672.42,22.970000000001164,3.724517377459158,2.5950872819154065,3.239826087147552
2021-10-16,60877.42,60875.57,1.8499999999985448,0.30389859183133083,2.0222901093943872,3.0504114100303767
2021-10-17,61527.11,61528.33,-1.2200000000011642,-0.1982826447588515,1.4671469208560772,2.8408182452052655
2021-10-18,62042.41,62009.84,32.570000000006985,5.252392200980616,2.4134582408872123,2.996403661706901
2021-10-19,64303.14,64280.59,22.55000000000291,3.508057408931897,2.6871080328983834,3.029413580882707
2021-10-20,66026.54,66001.41,25.129999999990105,3.807494415648538,2.9672046285859217,3.079612344415987
2021-10-21,62204.02,62193.15,10.869999999995343,1.7477809051302806,2.6623486977220114,2.993687735429812
2021-10-22,60687.64,60688.22,-0.5800000000017462,-0.09557044184260732,1.9728689128308565,2.7943807562509466
2021-10-23,61300.01,61286.75,13.260000000002037,2.163599799305249,2.0205516344494545,2.753685210641547
2021-10-24,60854.48,60852.22,2.2600000000020373,0.3713915449599092,1.608261612077068,2.5999888451136997
2021-10-25,63083.54,63078.78,4.760000000002037,0.7546119313017741,1.3948491918832444,2.4809322700290593
2021-10-26,60337.62,60328.81,8.810000000004948,1.4603304789218008,1.4112195136428833,2.41508699318343
2021-10-27,58455.47,58413.44,42.029999999998836,7.195261912327222,2.857230113313968,2.723485375063674
2021-10-28,60591.65,60575.89,15.760000000002037,2.601695162878226,2.793346375705032,2.715627942019452
2021-10-29,62276.72,62253.71,23.010000000002037,3.696165256656947,3.019051095943011,2.7788884139315484
2021-10-30,61892.41,61859.19,33.220000000001164,5.370261071959703,3.606853589947184,2.946073746707558
2021-10-31,61343.68,61299.8,43.87999999999738,7.158261527768772,4.494705574402581,3.2178277970986042
2021-11-01,60949.54,60911.11,38.43000000000029,6.3091938400061665,4.948327640803478,3.4172707676087697
2021-11-02,63266.51,63219.99,46.520000000004075,7.358432040245333,5.550853740663942,3.6715392368111286
2021-11-03,62935.41,62896.48,38.93000000000029,6.1895355670138485,5.710524197251418,3.8339906129532397
2021-11-04,61444.5,61395.01,49.48999999999796,8.0609156998257,6.298122072894989,4.106695457267592
2021-11-05,61006.15,60937.12,69.02999999999884,11.328070640685972,7.555609214842735,4.572590630391359
2021-11-06,61539.31,61470.61,68.69999999999709,11.176072597944842,8.46072506061826,4.998621725072229
2021-11-07,63309.13,63273.59,35.54000000000087,5.616877436542822,7.749763154599401,5.038509190328396
2021-11-08,67554.84,67525.83,29.00999999999476,4.296133790580026,6.886355813594557,4.990614003247856
2021-11-09,66944.66,66947.66,-3.0,-0.44811125586741163,5.052739046229065,4.639728502659774
2021-11-10,64912.2,64882.43,29.7699999999968,4.5882991743684265,4.936629078263905,4.636410481479687
2021-11-11,64807.59,64774.26,33.32999999999447,5.145562450268315,4.988862421265007,4.669258995595082
2021-11-12,64147.9,64122.23,25.669999999998254,4.003291838103884,4.742469775474726,4.626293372531134
2021-11-13,64400.01,64380.0,20.010000000002037,3.1081081081074657,4.3338793586329105,4.528345936116704
2021-11-14,65505.02,65519.1,-14.080000000001746,-2.1489916680783594,2.7131616019550924,4.097549961652507
2021-11-15,63624.59,63606.74,17.849999999998545,2.8063063757066686,2.736447795392986,4.014243923849549
2021-11-16,60107.98,60058.87,49.11000000000058,8.176977022711363,4.096580102222581,4.28280734958257
2021-11-17,60351.51,60344.87,6.639999999999418,1.1003420837596423,3.347520597606846,4.077487009852058
2021-11-18,56898.0,56891.62,6.379999999997381,1.1214305375717437,2.7909980825980703,3.88677368905978
2021-11-19,58122.16,58052.24,69.92000000000553,12.04432421556989,5.104329615841025,4.4130672714152706
2021-11-20,59760.76,59707.51,53.25,8.918476084498472,6.057866233005388,4.7037388077432185
2021-11-21,58671.21,58622.02,49.19000000000233,8.391044866757902,6.6411608914435165,4.9416295212280374
2021-11-22,56280.81,56247.18,33.62999999999738,5.9789664121834285,6.475612271628495,5.008554481934836
2021-11-23,57566.85,57541.27,25.580000000001746,4.445504939325495,5.968085438552745,4.972228704992299
2021-11-24,57162.66,57138.29,24.37000000000262,4.2650908873898,5.542336800762008,4.926606910308267
2021-11-25,58987.27,58960.36,26.909999999996217,4.564083394333895,5.29777344915498,4.903218296374436
2021-11-26,53757.67,53726.53,31.139999999999418,5.796019210619896,5.422334889521209,4.960818355358015
2021-11-27,54759.05,54721.03,38.020000000004075,6.947968632902146,5.803743325366443,5.08902159907054
2021-11-28,57317.17,57274.88,42.29000000000087,7.383690720959013,6.198730174264586,5.237064768224634
2021-11-29,57838.06,57776.25,61.80999999999767,10.698167499620936,7.323589505603674,5.589393976701815
2021-11-30,56987.97,56950.56,37.41000000000349,6.568855512572025,7.134906007345761,5.652585043532151
2021-12-01,57226.5,57184.07,42.43000000000029,7.4198985836448905,7.206154151420543,5.7666052719265215
2021-12-02,56521.46,56480.34,41.12000000000262,7.280409430963086,7.2247179713061795,5.8642700563804935
2021-12-03,53638.04,53601.05,36.98999999999796,6.900984215794104,7.14378453242816,5.931154840858791
2021-12-04,49241.12,49152.47,88.65000000000146,18.035716211211028,9.866767452123877,6.712094284107321
2021-12-05,49484.22,49396.33,87.88999999999942,17.79281983094627,11.848280546829477,7.426979803258222
2021-12-06,50529.56,50441.92,87.63999999999942,17.374437769219764,13.229819852427049,8.06875128493316
2021-12-07,50625.48,50588.95,36.53000000000611,7.2209444947968215,11.72760101301949,8.0140540726663
2021-12-08,50519.68,50471.19,48.48999999999796,9.607461207077339,11.19756606153395,8.116854532950882
2021-12-09,47568.43,47545.59,22.840000000003783,4.8038104059711095,9.59912714764324,7.903109750565089
2021-12-10,47170.94,47140.54,30.400000000001455,6.448801816865135,8.811545814948714,7.809283432261867
2021-12-11,49407.75,49389.99,17.760000000002037,3.595870337289586,7.507626945533931,7.537450329360429
2021-12-12,50089.64,50053.9,35.73999999999796,7.140302753632088,7.41579589755847,7.511827905119891
2021-12-13,46727.89,46702.75,25.139999999999418,5.382980659596193,6.907592088067901,7.374482921537718
2021-12-14,48367.43,48343.28,24.150000000001455,4.9955236798160385,6.429574986004935,7.221001680136319
2021-12-15,48884.78,48864.98,19.799999999995634,4.051981603183652,5.835176640299614,7.016548771945824
2021-12-16,47634.22,47632.38,1.8400000000037835,0.386291846010689,4.4729554417273825,6.588790260595171
2021-12-17,46166.5,46131.2,35.30000000000291,7.652087957825682,5.267738570751957,6.657390112029397
2021-12-18,46859.46,46834.48,24.979999999995925,5.333677239502954,5.284223237939706,6.571989281543819
2021-12-19,46687.19,46681.23,5.959999999999127,1.276744421687681,4.282353533876699,6.230360580907939
2021-12-20,46926.07,46914.16,11.909999999996217,2.5386791535852993,3.846434938803849,5.992187585596801
2021-12-21,48914.7,48889.88,24.81999999999971,5.076715262954945,4.154005019841622,5.933124855103778
2021-12-22,48608.62,48588.16,20.459999999999127,4.2109024091474545,4.16822936716808,5.8220137295582095
2021-12-23,50842.2,50838.81,3.389999999999418,0.6668134049547803,3.292875376614755,5.489420160228955
2021-12-24,50851.38,50820.0,31.37999999999738,6.174734356552136,4.013340121599101,5.53363397934658
2021-12-25,50428.31,50399.66,28.64999999999418,5.684562157759476,4.431145630639194,5.54337128117967
2021-12-26,50801.79,50775.49,26.30000000000291,5.1796644404622505,4.6182753330949575,5.51990632371403
2021-12-27,50717.77,50701.44,16.32999999999447,3.2208158190361047,4.2689104545802445,5.37157790405739
2021-12-28,47543.09,47543.74,-0.6500000000014552,-0.1367162112198006,3.167503788130233,5.0162040901685385
2021-12-29,46471.24,46464.66,6.57999999999447,1.4161300222559348,2.729660346661658,4.7839412470774025
2021-12-30,47122.08,47120.87,1.2099999999991269,0.256786430301581,2.1114418675716387,4.491866742769284
2021-12-31,46211.24,46216.93,-5.690000000002328,-1.2311505762074848,1.2757937566268576,4.122639818964331
2022-01-01,47733.43,47722.65,10.779999999998836,2.2588854558569516,1.5215666814343813,4.002397601989662
2022-01-02,47299.07,47286.18,12.889999999999418,2.7259550253377896,1.8226637674102335,3.9200464680121216
2022-01-03,46459.56,46446.1,13.459999999999127,2.8979828231001648,2.0914935313327163,3.854106878017802
2022-01-04,45814.61,45832.01,-17.400000000001455,-3.7964732509010446,0.6195018357742758,3.360521063248844
2022-01-05,43436.04,43451.13,-15.089999999996508,-3.472867103800903,-0.40359039911951916,2.919657310535957
2022-01-06,43083.76,43082.31,1.4500000000043656,0.3365650541953258,-0.21855153579080788,2.753006197223658
2022-01-07,41565.18,41566.48,-1.3000000000029104,-0.3127520059442723,-0.242101653329174,2.5552153454063715
2022-01-08,41684.84,41679.74,5.099999999998545,1.2236160782186367,0.12432777955777877,2.469305715265227
2022-01-09,41876.52,41864.62,11.89999999999418,2.8424956442929528,0.8038697457415724,2.493382484879919
2022-01-10,41824.07,41822.49,1.5800000000017462,0.3777871666654775,0.6973491009725487,2.3568924643499547
2022-01-11,42753.44,42729.29,24.150000000001455,5.651860819593235,1.9359770306277206,2.569471067914037
2022-01-12,43920.37,43902.66,17.709999999999127,4.033924140358636,2.4604638080604495,2.6639519112975596
2022-01-13,42581.65,42560.11,21.540000000000873,5.06107714477233,3.11061714223842,2.8186051521668993
2022-01-14,43090.72,43059.96,30.760000000002037,7.143527304716013,4.1188446828578185,3.0976323878152288
2022-01-15,43098.2,43084.29,13.909999999996217,3.2285550022970178,3.896272262717618,3.1060790081043765
2022-01-16,43104.34,43071.66,32.679999999993015,7.587355583693611,4.819043092961617,3.3951936258843274
2022-01-17,42218.01,42201.62,16.389999999999418,3.883737164591672,4.58521661086913,3.4267125638654465
2022-01-18,42369.74,42352.12,17.619999999995343,4.160358442504286,4.479002068777919,3.474044556035694
2022-01-19,41674.27,41660.01,14.259999999994761,3.4229468499868965,4.214988264080163,3.4707479298389976
2022-01-20,40670.97,40680.91,-9.940000000002328,-2.443406501969614,2.550389572567718,3.0891895793997324
2022-01-21,36456.94,36445.31,11.630000000004657,3.191082748370544,2.7105628665184245,3.0957633322365585
2022-01-22,35066.43,35071.42,-4.989999999997963,-1.42281093836516,1.6772194152975284,2.804242411552577
2022-01-23,36282.47,36244.55,37.919999999998254,10.462262602239925,3.8734802120331278,3.298308230306599
2022-01-24,36693.32,36660.35,32.970000000001164,8.993367493763671,5.153452032465764,3.6657314085941524
2022-01-25,36980.0,36958.32,21.68000000000029,5.866067505233552,5.331605900657711,3.807688576119275
2022-01-26,36840.63,36809.34,31.290000000000873,8.50055991223897,6.123844403553026,4.110454468772159
2022-01-27,37188.37,37160.1,28.270000000004075,7.60762215387123,6.494788841132577,4.336078190391453
2022-01-28,37741.9,37716.56,25.340000000003783,6.718534245966357,6.550725192341022,4.4897850326866084
2022-01-29,38191.1,38166.84,24.260000000002037,6.3563030106772445,6.502119646925078,4.610205547395682
2022-01-30,37901.35,37881.76,19.589999999996508,5.171354234860814,6.169428293909013,4.646408688522465
2022-01-31,38491.93,38466.9,25.029999999998836,6.50689293912432,6.25379445521284,4.7664399304967775
2022-02-01,38716.88,38694.59,22.290000000000873,5.760495201008187,6.130469641661677,4.8305725285942875
2022-02-02,36923.39,36896.36,27.029999999998836,7.325925917895937,6.429333710720242,4.991563069839555
2022-02-03,37329.91,37311.61,18.30000000000291,4.904639601455152,6.04816018340397,4.985955104137335
2022-02-04,41614.64,41574.25,40.38999999999942,9.71514819870567,6.964907187229396,5.291064336044969
2022-02-05,41404.85,41382.59,22.260000000002037,5.379073663587253,6.568448806318861,5.296742357176729
2022-02-06,42415.16,42380.87,34.29000000000087,8.090914603688937,6.94906525566138,5.477011534371066
2022-02-07,43868.07,43839.99,28.080000000001746,6.405110950071791,6.813076679263983,5.536888916029176
2022-02-08,44085.59,44042.99,42.599999999998545,9.672367838786666,7.527899469144654,5.803694007819982
2022-02-09,44416.35,44372.72,43.62999999999738,9.832617878731131,8.104079071541273,6.06362458013683
2022-02-10,43527.71,43495.44,32.2699999999968,7.4191685381275185,7.932851438187834,6.1510790290394555
2022-02-11,42386.47,42373.73,12.739999999997963,3.0065797842193653,6.701283524695717,5.948208110018805
2022-02-12,42244.97,42217.87,27.099999999998545,6.419082724922198,6.630733324752338,5.9785871174319265
2022-02-13,42074.99,42053.66,21.32999999999447,5.07209122820651,6.241072800615881,5.920103511675448
2022-02-14,42548.71,42535.94,12.769999999996799,3.0021671085678214,5.431346377603866,5.7318495501846325
2022-02-15,44583.52,44544.86,38.65999999999622,8.678891346833861,6.243232619911366,5.921981279000712
2022-02-16,43895.56,43873.56,22.0,5.014409589738644,5.936026862368185,5.863428266790256
2022-02-17,40536.73,40515.7,21.030000000006112,5.190580441658543,5.749665257190774,5.820018729684985
2022-02-18,39983.56,39974.44,9.119999999995343,2.281457851565083,4.882613405784351,5.5917244794837
2022-02-19,40101.94,40079.17,22.770000000004075,5.681255375300509,5.082273898163391,5.597500666310591
2022-02-20,38389.03,38386.89,2.139999999999418,0.5574819945031173,3.951075922248322,5.27233817135527
2022-02-21,37023.0,37008.16,14.839999999996508,4.009926459460633,3.9657885565514,5.190892254458841
2022-02-22,38251.48,38230.33,21.150000000001455,5.532256718683293,4.357405597084373,5.212915768279774
2022-02-23,37268.19,37250.01,18.18000000000029,4.880535602540537,4.488188098448414,5.191471886619178
2022-02-24,38347.3,38327.21,20.090000000003783,5.241706870915408,4.676567791565162,5.194712853347967
2022-02-25,39238.48,39219.17,19.310000000004948,4.923612610874262,4.738328996392437,5.177222515123857
2022-02-26,39137.8,39116.72,21.080000000001746,5.3889998956968554,4.900996721218541,5.190885571935018
2022-02-27,37717.08,37699.07,18.010000000002037,4.777306177579099,4.870074085308681,5.164203030363669
2022-02-28,43192.66,43160.0,32.66000000000349,7.567191844302101,5.544353525057036,5.319234566746793
2022-03-01,44439.95,44421.2,18.75,4.220957560803207,5.213504533993579,5.248377985718174
2022-03-02,43912.34,43892.98,19.359999999993306,4.410728093648952,5.012810423907422,5.194336057197579
2022-03-03,42464.41,42454.0,10.410000000003492,2.452065765299327,4.3726242592553985,5.017415393204144
2022-03-04,39166.51,39148.66,17.849999999998545,4.5595430341682786,4.419353952983618,4.987875241008281
2022-03-05,39402.43,39397.96,4.470000000001164,1.134576511068186,3.5981595925047603,4.73927532294763
2022-03-06,38408.38,38420.81,-12.430000000000291,-3.235225910125372,1.8898132168472266,4.2247913724267905
2022-03-07,37994.0,37988.0,6.0,1.5794461408868976,1.8122214478571443,4.054123938133895
2022-03-08,38749.38,38730.63,18.75,4.841129617565443,2.569448490284219,4.104898498097221
2022-03-09,41953.97,41941.71,12.260000000002037,2.923104470466953,2.657862485329902,4.028653722121074
2022-03-10,39433.71,39422.0,11.709999999999127,2.970422606665135,2.7360025156637104,3.9603807469303685
2022-03-11,38732.04,38729.57,2.470000000001164,0.6377555960468406,2.2114407857594927,3.746017833970141
2022-03-12,38813.02,38807.36,5.6599999999962165,1.4584862252919883,2.0232021456426166,3.5984351495392928
2022-03-13,37793.01,37777.34,15.67000000000553,4.14798924434745,2.554398920318825,3.6338902524301413
2022-03-14,39674.17,39671.37,2.7999999999956344,0.7057986653835613,2.0922488565850093,3.444981117781975
2022-03-15,39298.1,39280.33,17.7699999999968,4.523892747336777,2.7001598292729514,3.514588319688737
2022-03-16,41127.97,41114.0,13.970000000001164,3.397869338912507,2.87458720668284,3.507058062864464
2022-03-17,40950.33,40917.9,32.43000000000029,7.925626681721809,4.137347075442583,3.792127006016551
2022-03-18,41774.98,41757.51,17.470000000001164,4.183678576621386,4.148929950737283,3.817388397668476
2022-03-19,42232.26,42201.13,31.130000000004657,7.376579726656729,4.955842394717145,4.047013644699977
2022-03-20,41287.24,41262.11,25.12999999999738,6.090333237926959,5.239465105519598,4.17884071523075
2022-03-21,41017.71,41002.25,15.459999999999127,3.770524788273555,4.872230026208087,4.152497752201254
2022-03-22,42378.26,42364.13,14.130000000004657,3.335368860402088,4.488014734756587,4.099779759181953
2022-03-23,42899.71,42882.76,16.94999999999709,3.9526373768850043,4.354170395288691,4.090286702259569
2022-03-24,44012.29,43991.46,20.830000000001746,4.735009931473577,4.449380279334913,4.1318817493056335
2022-03-25,44331.85,44313.16,18.689999999995052,4.21770868969773,4.391462381925617,4.137418971266413
2022-03-26,44539.42,44511.27,28.150000000001455,6.324241029294075,4.874657043767732,4.278504265332714
2022-03-27,46850.01,46827.76,22.25,4.751455119784698,4.843856562771973,4.309017223684455
2022-03-28,47144.92,47122.21,22.709999999999127,4.819383471190708,4.837738289876657,4.341944078362277
2022-03-29,47454.19,47434.8,19.389999999999418,4.0877161914876226,4.650232765279398,4.325542279209073
2022-03-30,47078.03,47067.99,10.040000000000873,2.133084501803051,4.020945699410311,4.184093390344168
2022-03-31,45528.45,45510.34,18.110000000000582,3.979315469846423,4.010538142019339,4.170881911602378
2022-04-01,46296.34,46283.49,12.849999999998545,2.7763679878067826,3.7019956034662,4.080913271357501
2022-04-02,45826.27,45811.0,15.269999999996799,3.333260570603791,3.6098118452505976,4.032677613244358
2022-04-03,46422.16,46407.35,14.810000000004948,3.1913048256382304,3.505185090347506,3.9783954979149305
2022-04-04,46596.83,46580.51,16.31999999999971,3.503611274329188,3.5047916363429263,3.947764257683592
2022-04-05,45506.5,45497.55,8.94999999999709,1.9671388898956366,3.120378449731104,3.819981975890821
2022-04-06,43166.7,43170.47,-3.7700000000040745,-0.8732821301238314,2.12196330476737,3.517190743244714
2022-04-07,43452.18,43444.19,7.989999999997963,1.8391412062235268,2.0512577801314094,3.4089294827917342
2022-04-08,42262.02,42252.01,10.009999999994761,2.369118060892017,2.130722850321561,3.3418448749272365
2022-04-09,42766.93,42753.97,12.959999999999127,3.031297444424652,2.355866498847334,3.321809556830295
2022-04-10,42165.96,42158.85,7.110000000000582,1.686478639715272,2.1885195340643184,3.216304336371262
2022-04-11,39535.87,39530.45,5.42000000000553,1.3710949407363948,1.9841633857323375,3.0972585689109478
2022-04-12,40086.23,40074.94,11.290000000000873,2.8172219347055716,2.1924280229756463,3.0791916892847944
2022-04-13,41146.68,41147.79,-1.110000000000582,-0.2697593236478113,1.5768811863197818,2.863130333611723
2022-04-14,39954.08,39942.38,11.700000000004366,2.9292195407504273,1.9149657749274434,2.867394153427124
2022-04-15,40554.58,40551.9,2.680000000000291,0.6608814876729596,1.6014447031138224,2.7250384975720165
2022-04-16,40387.6,40378.71,8.889999999999418,2.201655278240011,1.7514973468953696,2.6912718382602745
2022-04-17,39683.54,39678.12,5.419999999998254,1.365992138739891,1.6551210448565,2.6057699221621853
2022-04-18,40803.58,40801.13,2.4500000000043656,0.6004735653175608,1.391459174971765,2.4763959636560804
2022-04-19,41503.85,41493.18,10.669999999998254,2.5715069319831585,1.6864711142246136,2.4825321551610533
2022-04-20,41377.61,41358.19,19.419999999998254,4.695563321315266,2.4387441659972766,2.625308359429067
2022-04-21,40480.81,40480.01,0.7999999999956344,0.19762840967496587,1.8784652269166988,2.468683846541706
2022-04-22,39712.25,39709.18,3.069999999999709,0.7731209760564184,1.6021291642016287,2.359292693607171
2022-04-23,39465.87,39441.6,24.270000000004075,6.153401484727539,2.739947244333106,2.604073905937517
2022-04-24,39464.56,39450.13,14.430000000000291,3.657782623276429,2.9694060890689364,2.6720551135077693
2022-04-25,40439.22,40426.08,13.139999999999418,3.2503769843628127,3.039648812892406,2.7093662019500306
2022-04-26,38113.82,38112.65,1.1699999999982538,0.3069846888092975,2.3564827818716285,2.5543738462635313
2022-04-27,39251.11,39235.72,15.389999999999418,3.922446179145389,2.7479736311900687,2.6426365774171994
2022-04-28,39743.22,39742.07,1.1500000000014552,0.2893659036895535,2.1333216993149398,2.490812662983158
2022-04-29,38593.1,38596.11,-3.0100000000020373,-0.7798713393658563,1.4050234396447405,2.2798007918638667
2022-04-30,37644.1,37630.8,13.299999999995634,3.5343388926079022,1.937352302885531,2.3607387338473527
2022-05-01,38473.05,38468.35,4.700000000004366,1.2217836221206646,1.7584601326943146,2.2872577588972436
2022-05-02,38510.89,38525.16,-14.270000000004075,-3.7040728708215287,0.3928268818153534,1.9007202989153873
2022-05-03,37719.59,37728.95,-9.360000000000582,-2.4808535620524097,-0.3255932291515875,1.6180381143368197
2022-05-04,39669.56,39690.0,-20.44000000000233,-5.149911816578756,-1.53167287600838,1.1813961833100082
2022-05-05,36537.22,36552.97,-15.75,-4.308815398584853,-2.2259585066524985,0.8271889844780815
2022-05-06,35999.1,36013.77,-14.669999999998254,-4.07344190846981,-2.687829357106826,0.5110192494491852
2022-05-07,35458.0,35472.39,-14.389999999999418,-4.056676192385478,-3.0300410659264894,0.21632922094372306
2022-05-08,34027.91,34038.4,-10.489999999997963,-3.0818134812438114,-3.04298416975582,0.0035458208025917963
2022-05-09,30078.27,30076.31,1.9599999999991269,0.6516756876084884,-2.119319205414743,0.045360650919101256
2022-05-10,31002.39,31017.1,-14.709999999999127,-4.742545241173124,-2.775125714354338,-0.2635365034094294
2022-05-11,28972.34,29103.94,-131.59999999999854,-45.217245500093206,-13.385655660789059,-3.16377579351806
2022-05-12,28941.95,29029.75,-87.79999999999927,-30.244835039915372,-17.600450505570638,-4.910940906188854
2022-05-13,29232.18,29287.05,-54.86999999999898,-18.735243051108963,-17.884148641955218,-5.802831367151442
2022-05-14,30041.88,30086.74,-44.86000000000058,-14.910222908829374,-17.140667208673754,-6.3904050150016305
2022-05-15,31290.05,31328.89,-38.840000000000146,-12.397502752251599,-15.954876094568215,-6.777959707727435
2022-05-16,29839.89,29874.01,-34.11999999999898,-11.421298981957317,-14.821481816415492,-7.077529983484202
2022-05-17,30412.12,30444.93,-32.81000000000131,-10.776835420545083,-13.81032021744789,-7.316194850391356
2022-05-18,28672.94,28715.32,-42.38000000000102,-14.75867237418993,-14.0474082566334,-7.796354690636425
2022-05-19,30274.59,30319.23,-44.63999999999942,-14.723329055520429,-14.216388456355158,-8.243256262564426
2022-05-20,29155.75,29201.01,-45.2599999999984,-15.499463888406506,-14.537157314367995,-8.711398690038108
2022-05-21,29408.26,29445.06,-36.80000000000291,-12.497851931699833,-14.027330968700955,-8.955685995951766
2022-05-22,30260.87,30293.94,-33.06999999999971,-10.916374694081021,-13.249591900045973,-9.082182040992363
2022-05-23,29082.52,29109.15,-26.63000000000102,-9.148326213579416,-12.224275478429334,-9.086449406965722
2022-05-24,29626.44,29654.58,-28.140000000003056,-9.489259331949551,-11.540521441809387,-9.112437144061452
2022-05-25,29503.49,29542.15,-38.659999999999854,-13.086386738947464,-11.926987766093907,-9.368820988892807
2022-05-26,29166.06,29201.35,-35.289999999997235,-12.085057711371805,-11.96650525241338,-9.54406206776242
2022-05-27,28598.31,28629.8,-31.489999999997963,-10.999028983785797,-11.724636185256484,-9.63793090105425
2022-05-28,29008.99,29031.33,-22.340000000000146,-7.695134876700704,-10.71726085811754,-9.5125892220637
2022-05-29,29447.07,29468.1,-21.029999999998836,-7.136530689118015,-9.822078315867659,-9.359295123163978
2022-05-30,31711.42,31734.22,-22.80000000000291,-7.184673201359182,-9.162727037240538,-9.218996934660442
2022-05-31,31784.05,31801.04,-16.9900000000016,-5.342592569299587,-8.2076934202553,-8.968906330443613
2022-06-01,29788.79,29805.83,-17.040000000000873,-5.717002344843847,-7.585020651402436,-8.759106073308145
2022-06-02,30433.75,30452.62,-18.86999999999898,-6.1965111704676,-7.237893281168727,-8.593777369899078
2022-06-03,29670.85,29700.21,-29.360000000000582,-9.885451988387306,-7.899782957973372,-8.677111216253156
2022-06-04,29843.18,29864.04,-20.860000000000582,-6.984989304863465,-7.671084544695895,-8.567942060679627
2022-06-05,29901.54,29919.21,-17.669999999998254,-5.905904601090084,-7.229789558794442,-8.396197708448042
2022-06-06,31343.61,31373.1,-29.489999999997963,-9.399772416496255,-7.772285273219896,-8.460944463805992
2022-06-07,31106.9,31125.33,-18.43000000000029,-5.921222361336964,-7.309519545249163,-8.297091424937022
2022-06-08,30177.0,30204.77,-27.770000000000437,-9.193912087395173,-7.7806176807856655,-8.354950822514969
2022-06-09,30079.62,30109.93,-30.31000000000131,-10.06644651781019,-8.352074890041797,-8.465369899630788
2022-06-10,29063.11,29091.88,-28.770000000000437,-9.889357442695035,-8.736395528205106,-8.55724006369945
2022-06-11,28388.63,28424.7,-36.06999999999971,-12.689667788929881,-9.7247135933863,-8.823848304036897
2022-06-12,26555.2,26574.53,-19.32999999999811,-7.273882172139645,-9.112005738074636,-8.723850489075785
2022-06-13,22460.97,22487.41,-26.43999999999869,-11.757690191978032,-9.773426851550484,-8.919582082811415
2022-06-14,22120.25,22136.41,-16.159999999999854,-7.3001900488833815,-9.155117650883708,-8.815105177396704
2022-06-15,22562.33,22583.72,-21.389999999999418,-9.471424548302965,-9.234194375238522,-8.857448362616465
2022-06-16,20372.0,20401.31,-29.31000000000131,-14.366724489751626,-10.517326903866797,-9.212885532109055
2022-06-17,20447.86,20468.81,-20.950000000000728,-10.23508450173738,-10.446766303334442,-9.278833852730239
2022-06-18,18948.89,18970.79,-21.900000000001455,-11.544063267793225,-10.721090544449137,-9.42497768596011
2022-06-19,20552.44,20574.0,-21.56000000000131,-10.479245649850366,-10.660629320799442,-9.49299497395303
2022-06-20,20549.75,20573.89,-24.139999999999418,-11.733318298094986,-10.928801565123328,-9.63753196260735
2022-06-21,20696.96,20723.52,-26.56000000000131,-12.81635552261462,-11.40069005449615,-9.842617353575562
2022-06-22,19968.46,19987.99,-19.530000000002474,-9.770867405878292,-10.993234392341686,-9.837988324691867
2022-06-23,21104.45,21110.13,-5.680000000000291,-2.6906513602709126,-8.917588634323991,-9.376869810858258
2022-06-24,21223.72,21237.69,-13.969999999997526,-6.577928202171623,-8.3326735262859,-9.196292932878475
2022-06-25,21478.04,21491.19,-13.149999999997817,-6.11878634919627,-7.779201732013492,-8.997744121028008
2022-06-26,21027.92,21038.07,-10.150000000001455,-4.824587046245998,-7.040548060571619,-8.72850818071949
2022-06-27,20725.17,20742.56,-17.390000000003056,-8.383728912922939,-7.376343273659449,-8.706264356990681
2022-06-28,20252.89,20281.29,-28.400000000001455,-14.00305404636537,-9.03302096683593,-9.047992724047113
2022-06-29,20094.79,20123.01,-28.219999999997526,-14.023746944417104,-10.280702461231222,-9.369009125361305
2022-06-30,19985.62,19942.21,43.409999999999854,21.767898342259784,-2.2685522603584682,-7.360176385514784
2022-07-01,19252.76,19279.8,-27.040000000000873,-14.025041753545908,-5.207674633655329,-7.790167699581308
2022-07-02,19224.03,19252.81,-28.780000000002474,-14.948467262702048,-7.642872790917009,-8.251993477847163
2022-07-03,19291.33,19315.83,-24.5,-12.683897093730412,-8.90312886662036,-8.53792274338802
2022-07-04,20211.35,20236.71,-25.360000000000582,-12.531681286138685,-9.81026697149994,-8.795584584855805
2022-07-05,20153.51,20175.83,-22.320000000003347,-11.062741904548368,-10.123385704762047,-8.941852799029517
2022-07-06,20542.67,20564.51,-21.840000000000146,-10.62023845936566,-10.247598893412949,-9.050135744857654
2022-07-07,21614.6,21624.98,-10.380000000001019,-4.80000443931039,-8.885700279887308,-8.775933725144926
2022-07-08,21582.2,21594.75,-12.549999999999272,-5.8115977262984675,-8.117174641490097,-8.584686241348379
2022-07-09,21583.99,21591.83,-7.8400000000001455,-3.6310030229025347,-6.995631736843206,-8.265093775642196
2022-07-10,20850.65,20862.47,-11.819999999999709,-5.665676211876747,-6.663142855601592,-8.097389416689586
2022-07-11,19942.43,19963.61,-21.18000000000029,-10.609303627950872,-7.649683048688912,-8.259448398061283
2022-07-12,19303.65,19328.75,-25.099999999998545,-12.985837159670277,-8.983721576434254,-8.564376705261862
2022-07-13,20220.23,20234.87,-14.639999999999418,-7.23503536222303,-8.546550022881448,-8.478612747646455
2022-07-14,20577.02,20588.84,-11.819999999999709,-5.740974236527752,-7.845156076293024,-8.301990908219443
2022-07-15,20827.55,20830.04,-2.4900000000016007,-1.1953889670890394,-6.182714298992028,-7.843500460404578
2022-07-16,21189.68,21195.6,-5.919999999998254,-2.7930325161817926,-5.3352938532894685,-7.517663818841818
2022-07-17,20791.74,20798.16,-6.419999999998254,-3.086811525634392,-4.773173271375699,-7.231802380570371
2022-07-18,22427.56,22432.58,-5.020000000000437,-2.237816604242493,-4.139334104592398,-6.90960974983954
2022-07-19,23395.06,23396.62,-1.5599999999976717,-0.6667629768730698,-3.2711913226625655,-6.50684544190622
2022-07-20,23226.99,23223.3,3.6900000000023283,1.5889214711095612,-2.0561631242195335,-5.984537899131008
2022-07-21,23153.96,23152.19,1.7700000000004366,0.7645065110462035,-1.350995715403099,-5.549115679119575
2022-07-22,22687.68,22684.83,2.849999999998545,1.2563462014036908,-0.6991602362014012,-5.110053622311623
2022-07-23,22450.69,22451.07,-0.38000000000101863,-0.16925696637248855,-0.566684418744173,-4.791292547734905
2022-07-24,22583.43,22579.68,3.75,1.6607852724215277,-0.009816995952747655,-4.375029462563523
2022-07-25,21313.41,21310.9,2.5099999999983993,1.1778010313956422,0.28708751088434986,-4.016782333920996
2022-07-26,21261.57,21254.67,6.900000000001455,3.2463453913900153,1.0269019810107665,-3.54819344841706
2022-07-27,22962.59,22952.45,10.139999999999418,4.417829033500631,1.8746337441332328,-3.0342565140997895
2022-07-28,23851.7,23842.93,8.770000000000437,3.678239209694567,2.325535110523566,-2.601192273854992
2022-07-29,23784.5,23773.75,10.75,4.5217939954778075,2.874599831762126,-2.141644772607715
2022-07-30,23650.13,23643.51,6.620000000002619,2.799922684915135,2.855930545050378,-1.8228339688965634
2022-07-31,23307.44,23293.32,14.119999999998981,6.061823733156668,3.657403842076951,-1.3141463752157097
2022-08-01,23273.86,23268.01,5.850000000002183,2.5141814878026914,3.371598253508386,-1.0671574808274258
2022-08-02,22989.4,22987.79,1.610000000000582,0.7003718060771824,2.703791641650585,-0.953123333285193
2022-08-03,22825.0,22818.37,6.630000000001019,2.9055537271061027,2.754232163014464,-0.7041764261631739
2022-08-04,22623.94,22622.98,0.9599999999991269,0.4243472787401892,2.1717609419458954,-0.6313684452016666
2022-08-05,23320.81,23312.42,8.390000000003056,3.598939964191139,2.528555697507206,-0.35844532201503393
2022-08-06,22960.93,22954.21,6.720000000001164,2.9275675355422415,2.628308657015965,-0.1464444924952097
2022-08-07,23177.39,23174.39,3.0,1.294532455871078,2.294864606729743,-0.0534782377619008
2022-08-08,23815.65,23810.0,5.650000000001455,2.3729525409499352,2.314386590284791,0.10306568344531444
2022-08-09,23158.27,23149.95,8.319999999999709,3.593960246133232,2.6342800042469015,0.3282846874896962
2022-08-10,23962.18,23954.05,8.130000000001019,3.393998092180439,2.8242095262302858,0.5260726490826474
2022-08-11,23944.86,23934.39,10.470000000001164,4.374458676406068,3.2117718137742317,0.7743556185873842
2022-08-12,24415.18,24403.68,11.5,4.71240403086659,3.5869298680473216,1.0284232580892685
2022-08-13,24456.49,24441.38,15.110000000000582,6.182138651744662,4.235732063971657,1.3609210254218747
2022-08-14,24316.71,24305.24,11.469999999997526,4.7191469822949195,4.3565857935524726,1.5775807645749744
2022-08-15,24097.82,24094.82,3.0,1.245080892906536,3.5787095683909884,1.5561291599512042
2022-08-16,23857.93,23854.74,3.1899999999986903,1.3372604354522366,3.0183472851563007,1.542008597080303
2022-08-17,23341.17,23342.66,-1.4900000000016007,-0.6383162844347812,2.10418139275853,1.4013424756922332
2022-08-18,23189.46,23191.2,-1.7400000000016007,-0.7502845907070288,1.3905648968921398,1.2625278262471196
2022-08-19,20834.94,20834.39,0.5499999999992724,0.26398661059801043,1.1089203253186073,1.1981058123342738
2022-08-20,21139.23,21140.07,-0.8400000000001455,-0.39734967764992746,0.7323528245764734,1.0951732000772285
2022-08-21,21518.62,21515.61,3.0099999999983993,1.3989842723494128,0.8990106865197084,1.1147739144173694
2022-08-22,21398.25,21399.83,-1.5800000000017462,-0.738323622198056,0.4896771093402672,0.995219234635729
2022-08-23,21528.34,21529.12,-0.7799999999988358,-0.36229999182402217,0.2766828340491948,0.9076373490576806
2022-08-24,21367.12,21368.08,-0.9600000000027649,-0.4492682543322246,0.09519506195383992,0.8200950520647834
2022-08-25,21561.86,21559.04,2.819999999999709,1.3080359793393725,0.3984052913002232,0.8515751118889505
2022-08-26,20240.72,20241.05,-0.32999999999810825,-0.1630350204151476,0.2580452133713804,0.7861163936757829
2022-08-27,20036.69,20037.6,-0.9099999999998545,-0.4541462051343981,0.07999735874493576,0.7060994518170615
2022-08-28,19554.03,19555.61,-1.5800000000017462,-0.807952296042469,-0.14199005495191547,0.6084186938906402
2022-08-29,20286.97,20285.73,1.2400000000016007,0.6112671321178986,0.04632424181553809,0.6086024640988504
2022-08-30,19813.17,19811.66,1.5099999999983993,0.7621774248089963,0.22528753756390268,0.6185105260801502
2022-08-31,20048.26,20050.02,-1.7600000000020373,-0.8778046106694415,-0.050485499494433414,0.5219740656446926
2022-09-01,20133.65,20131.46,2.1900000000023283,1.0878495648114495,0.23409826658203736,0.5584821623651285
2022-09-02,19953.74,19951.86,1.8800000000010186,0.942268039170191,0.4111407097290758,0.5832425415138422
2022-09-03,19835.47,19831.9,3.569999999999709,1.8001300934344933,0.7583880556554303,0.6617514158313036
2022-09-04,20004.73,20000.3,4.430000000000291,2.2149667754978175,1.122532735616027,0.7619588583904335
2022-09-05,19794.58,19796.84,-2.2599999999983993,-1.1415963355765335,0.5565004678178868,0.6391488458764356
2022-09-06,18790.91,18790.61,0.2999999999992724,0.15965421026775672,0.4572889034303542,0.6082137080952306
2022-09-07,19293.52,19292.84,0.680000000000291,0.3524623642769953,0.4310822686420145,0.5917136213972799
2022-09-08,19321.87,19319.77,2.099999999998545,1.0869694618520498,0.5950540669445233,0.6236656111040392
2022-09-09,21364.5,21360.11,4.389999999999418,2.0552328616285642,0.9600987656155336,0.7160247885572344
2022-09-10,21651.52,21648.34,3.180000000000291,1.4689348005436642,1.0873077743475663,0.7645996280402299
2022-09-11,21831.72,21826.87,4.850000000002183,2.2220318350729684,1.3709887895289168,0.8586275123649226
2022-09-12,22402.71,22395.74,6.969999999997526,3.11219901641957,1.8062913462515802,1.0040192223039321
2022-09-13,20174.78,20173.57,1.2099999999991269,0.5997946818525612,1.5046671801518254,0.9779402196941662
2022-09-14,20227.77,20226.71,1.0600000000013097,0.5240595232747225,1.2595152659325495,0.9486575941187182
2022-09-15,19703.67,19701.88,1.7899999999972351,0.908542738051743,1.171772133962348,0.9460695388885908
2022-09-16,19801.04,19803.3,-2.2599999999983993,-1.1412239374242183,0.5935231161157062,0.8114054436426031
2022-09-17,20113.37,20113.62,-0.25,-0.12429388643098171,0.4140688654790342,0.7510377449281783
2022-09-18,19417.64,19416.18,1.4599999999991269,0.7519501776354076,0.4985391935181276,0.7510966115544512
2022-09-19,19540.38,19537.02,3.360000000000582,1.719811926281789,0.8038573767090431,0.8135943737949246
2022-09-20,18876.91,18875.0,1.9099999999998545,1.0119205298009248,0.8558731649820136,0.8263896096662795
2022-09-21,18462.64,18461.36,1.2799999999988358,0.6933400356201602,0.8152398826415503,0.8178057661794331
2022-09-22,19401.25,19401.63,-0.38000000000101863,-0.19585983239589488,0.562464953882189,0.7524079856261862
2022-09-23,19286.01,19289.91,-3.900000000001455,-2.021782372235714,-0.08359687764728697,0.5734279625383216
2022-09-24,18923.2,18920.5,2.7000000000007276,1.427023598743471,0.2940582414504026,0.6284986487451054
2022-09-25,18808.61,18807.38,1.2299999999995634,0.6539985899145506,0.38404332856643963,0.6301438062399083
2022-09-26,19228.0,19227.82,0.18000000000029104,0.09361435669763551,0.3114360855992386,0.5955290030436327
2022-09-27,19077.57,19079.13,-1.5600000000013097,-0.8176473455556721,0.029165227810510848,0.5043563353920646
2022-09-28,19412.07,19412.82,-0.75,-0.38634263337278263,-0.07471173748531254,0.44689188579433253
2022-09-29,19595.57,19591.51,4.06000000000131,2.072326227025023,0.4620477536422715,0.5517586174866351
2022-09-30,19426.11,19422.61,3.5,1.8020235179516675,0.7970416947196206,0.6324208691295404
2022-10-01,19315.27,19310.95,4.319999999999709,2.237072748880742,1.157049458259901,0.7359467968554243
2022-10-02,19059.17,19056.8,2.3699999999989814,1.2436505604296322,1.1786997338023337,0.768701878376341
2022-10-03,19633.46,19629.08,4.379999999997381,2.2313832334464045,1.4418706087133513,0.8630684174131192
2022-10-04,20345.19,20337.82,7.369999999998981,3.6237905537550574,1.987350594973778,1.041179522983567
2022-10-05,20161.62,20158.26,3.360000000000582,1.6668105282890977,1.907215578302608,1.08154281364844
2022-10-06,19965.64,19960.67,4.970000000001164,2.4898963812347574,2.052885779035645,1.1724043341378798
2022-10-07,19533.05,19530.09,2.959999999999127,1.515610015110358,1.9185668380543233,1.1945466361361041
2022-10-08,19419.39,19417.96,1.430000000000291,0.7364316333946519,1.6230330368894055,1.1649908295076232
2022-10-09,19443.47,19439.02,4.450000000000728,2.289210052770496,1.7895772908596783,1.2375211019761958
2022-10-10,19132.83,19131.87,0.9600000000027649,0.501780536874552,1.4676281023633966,1.1900539687438316
2022-10-11,19058.11,19060.0,-1.889999999999418,-0.9916054564529375,0.8528197126593129,1.0493017477633948
2022-10-12,19155.92,19155.53,0.3899999999994179,0.20359655932278287,0.6905139243251803,0.9947401227027101
2022-10-13,19378.65,19375.13,3.5200000000004366,1.8167620036613208,0.9720759441592155,1.0477737924419752
2022-10-14,19178.0,19176.93,1.069999999999709,0.5579620929929696,0.868547481367654,1.0161730376388136
2022-10-15,19070.24,19069.39,0.8500000000021828,0.44574052971979583,0.7628457434556896,0.9793709403537156
2022-10-16,19264.44,19262.98,1.4599999999991269,0.7579304967353373,0.7616169317756015,0.9650844601202719
2022-10-17,19550.4,19549.86,0.5400000000008731,0.2762168117831365,0.6402669017774852,0.9206413860340051
2022-10-18,19328.76,19327.44,1.319999999999709,0.6829668078123241,0.650941878286195,0.9053075422777677
2022-10-19,19124.18,19123.97,0.20999999999912689,0.10980983550901158,0.515658867591899,0.8539851095830092
2022-10-20,19042.48,19041.92,0.5600000000013097,0.2940879911284,0.46026614847602426,0.8178627148440021
2022-10-21,19166.45,19164.37,2.0800000000017462,1.0853474442429345,0.6165364724177519,0.8351197941600622
2022-10-22,19209.1,19204.35,4.75,2.473397954110279,1.0807518428408838,0.9408151593181407
2022-10-23,19572.44,19570.4,2.039999999997235,1.0423905489909124,1.0711615193783908,0.9473684102647713
2022-10-24,19330.41,19329.72,0.6899999999986903,0.35696326692757907,0.8926119562656878,0.9092777558559202
2022-10-25,20086.28,20080.07,6.209999999999127,3.092618701030503,1.4426136424568916,1.0501384619962157
2022-10-26,20775.4,20771.59,3.8100000000013097,1.8342360888112808,1.540519254045489,1.100725405661704
2022-10-27,20296.97,20295.11,1.860000000000582,0.9164769247371751,1.3845086717184105,1.0888384068923795
2022-10-28,20597.91,20591.84,6.069999999999709,2.947769601939765,1.7753239042737492,1.2087694517341465
2022-10-29,20823.53,20809.67,13.860000000000582,6.660365109105726,2.9965842054817435,1.560485300596829
2022-10-30,20630.68,20627.48,3.2000000000007276,1.5513286160029338,2.635270308112041,1.5598945467520617
2022-10-31,20489.94,20490.74,-0.8000000000029104,-0.39042025812729975,1.8788476665522056,1.4340677851469417
2022-11-01,20479.63,20483.62,-3.9899999999979627,-1.9478978813303183,0.9221612795815743,1.2158764518258283
2022-11-02,20151.4,20151.84,-0.4399999999986903,-0.21834234491646676,0.637035373457064,1.1233462068747126
2022-11-03,20206.88,20207.82,-0.9399999999986903,-0.46516645536121004,0.36148491625249535,1.0208615189885242
2022-11-04,21144.2,21148.52,-4.319999999999709,-2.042696131927535,-0.23956034579251234,0.8232126382842623
2022-11-05,21300.45,21299.37,1.0800000000017462,0.5070572509890958,-0.05290594659711027,0.8028155165232839
2022-11-06,20909.17,20905.58,3.5899999999965075,1.7172448695501608,0.3896317574397076,0.8618109586540501
2022-11-07,20593.49,20591.13,2.360000000000582,1.1461245691712918,0.5787549603726038,0.8801537722358076
2022-11-08,18550.25,18547.23,3.0200000000004366,1.6282754891161488,0.8411350925584902,0.9284196894538941
2022-11-09,15891.96,15922.81,-30.850000000000364,-19.3747209192352,-4.212828910389934,-0.38146034981637017
2022-11-10,17553.89,17601.15,-47.26000000000204,-26.85051828999918,-9.872251255292246,-2.0891415072475192
2022-11-11,17013.62,17070.31,-56.69000000000233,-33.20970738082796,-15.706615286676175,-4.096919950704322
2022-11-12,16783.33,16812.08,-28.75,-17.100798949326588,-16.055161202338777,-4.935879886099308
2022-11-13,16301.39,16329.85,-28.460000000000946,-17.428206627740916,-16.39842255868931,-5.741836450076186
2022-11-14,16590.73,16619.46,-28.729999999999563,-17.286963595688487,-16.620557817939105,-6.486683362696335
2022-11-15,16877.93,16900.57,-22.639999999999418,-13.39599788646173,-15.81441783506976,-6.932445590036037
2022-11-16,16645.24,16662.76,-17.5199999999968,-10.514464590497541,-14.489429523926704,-7.163543590065812
2022-11-17,16680.47,16692.56,-12.090000000000146,-7.242747667224325,-12.67775905975111,-7.168653530527651
2022-11-18,16680.59,16700.45,-19.860000000000582,-11.891895128575136,-12.481293076957117,-7.473378794917811
2022-11-19,16683.02,16700.68,-17.659999999999854,-10.574419724226347,-12.004574738774425,-7.673445951647394
2022-11-20,16252.53,16280.23,-27.69999999999891,-17.014501637875323,-13.257056463549649,-8.276094705597583
2022-11-21,15760.14,15781.29,-21.150000000001455,-13.401946228731587,-13.293278904845135,-8.606794803864293
2022-11-22,16199.71,16226.94,-27.230000000001382,-16.780736232463454,-14.165143236749715,-9.134145863773917
2022-11-23,16587.0,16603.11,-16.110000000000582,-9.703001425637181,-13.049607783971583,-9.170846222603805
2022-11-24,16587.61,16598.95,-11.340000000000146,-6.831757430439955,-11.495145195588675,-9.019937268270652
2022-11-25,16510.9,16522.14,-11.239999999997963,-6.802992832646293,-10.32210710485308,-8.876908595004565
2022-11-26,16450.93,16458.57,-7.639999999999418,-4.641958566266036,-8.902069970206318,-8.603686012505305
2022-11-27,16419.88,16428.78,-8.899999999997817,-5.417322527904167,-8.03088310963078,-8.398114174789102
2022-11-28,16206.3,16212.91,-6.610000000000582,-4.076997898588841,-7.0424118068702946,-8.119332479550376
2022-11-29,16438.0,16442.53,-4.529999999998836,-2.755050469726017,-5.970571472584225,-7.773249769239127
2022-11-30,17167.33,17163.64,3.6900000000023283,2.1498936123109935,-3.94045520136042,-7.133046970429442
2022-12-01,16980.08,16977.37,2.710000000002765,1.5962425275550807,-2.5562807691315443,-6.569867002817538
2022-12-02,17094.71,17092.74,1.9699999999975262,1.1525361059705475,-1.6290765503560212,-6.071647447411856
2022-12-03,16888.53,16885.2,3.3299999999981083,1.9721412834905472,-0.7287720918943789,-5.5526933357407335
2022-12-04,17108.9,17105.7,3.2000000000007276,1.8707214554214424,-0.07889870506542342,-5.073763349214142
2022-12-05,16966.05,16966.35,-0.2999999999992724,-0.17682058898849107,-0.10337917604619035,-4.757831558231842
2022-12-06,17089.05,17088.96,0.09000000000014552,0.05266558058547588,-0.06436798688827378,-4.447476904114596
2022-12-07,16840.0,16836.64,3.360000000000582,1.9956475876425905,0.4506359067444424,-4.031791453033486
2022-12-08,17226.01,17224.1,1.9099999999998545,1.108911350955477,0.6152047677972011,-3.7001332076148437
2022-12-09,17130.59,17128.56,2.029999999998836,1.1851550860075832,0.7576923473497967,-3.384953317703719
2022-12-10,17128.1,17127.49,0.6099999999969441,0.3561525944539845,0.6573074091258436,-3.14359164595161
2022-12-11,17085.21,17085.05,0.15999999999985448,0.09364912598952557,0.5163928383417641,-2.934737402600569
2022-12-12,17211.66,17209.83,1.8299999999981083,1.0633457738973284,0.6531310722306551,-2.67679655250393
2022-12-13,17773.18,17774.7,-1.5200000000004366,-0.8551480475060824,0.27606129229647064,-2.559270842504069
2022-12-14,17804.97,17803.15,1.819999999999709,1.022290999064257,0.4626187189884173,-2.3282023365964353
2022-12-15,17357.96,17356.34,1.6199999999989814,0.9333765067975897,0.5803081659407104,-2.1177778950871438
2022-12-16,16632.64,16632.12,0.5200000000004366,0.3126480568926837,0.5133931386787037,-1.9609762207658645
2022-12-17,16782.25,16776.52,5.729999999999563,3.415487836571085,1.2389168131517991,-1.614107571905416
2022-12-18,16741.16,16738.21,2.9500000000007276,1.7624345733513458,1.3697962532016856,-1.3962661431791734
2022-12-19,16439.74,16438.88,0.8600000000005821,0.5231499956215302,1.1581346888066466,-1.2724328439017087
2022-12-20,16897.65,16895.56,2.0900000000001455,1.2370113805038052,1.1778538617309362,-1.1105332165207078
2022-12-21,16826.56,16824.67,1.890000000003056,1.1233504134122718,1.16422799965127,-0.9664116920089028
2022-12-22,16815.51,16821.43,-5.920000000001892,-3.5193202956007585,-0.006659074161737279,-1.1311154728857966
2022-12-23,16777.21,16778.5,-1.2900000000008731,-0.7688410763784237,-0.19720457471590894,-1.1077429311756435
2022-12-24,16837.12,16836.12,1.0,0.5939610789185146,0.0005868386926969894,-0.9979555756856978
2022-12-25,16829.02,16832.11,-3.0900000000001455,-1.8357769762678,-0.4585041150474274,-1.05200856927164
2022-12-26,16917.96,16919.39,-1.430000000000291,-0.8451841348888767,-0.5551741200077897,-1.0386650573759781
2022-12-27,16698.73,16706.36,-7.630000000001019,-4.567122940006829,-1.55816132500755,-1.2663075014166782
2022-12-28,16539.66,16547.31,-7.650000000001455,-4.623107925095793,-2.3243979750296107,-1.4828752706862984
2022-12-29,16627.54,16633.47,-5.930000000000291,-3.565100968108137,-2.634573723299242,-1.6172124124554494
2022-12-30,16600.1,16607.48,-7.380000000001019,-4.443780754215254,-3.0868754810282453,-1.7995716603109206
2022-12-31,16530.35,16542.4,-12.05000000000291,-7.284311828998913,-4.136234568020913,-2.153425864742404
2023-01-01,16611.58,16616.75,-5.169999999998254,-3.1113183986031245,-3.8800055256664656,-2.2152253830559983
2023-01-02,16666.95,16672.87,-5.919999999998254,-3.550678437485022,-3.7976737536211047,-2.3013836446320646
2023-01-03,16669.47,16675.18,-5.709999999999127,-3.424250892642977,-3.704318038376573,-2.3738266928908334
2023-01-04,16844.42,16850.36,-5.940000000002328,-3.5251472372122006,-3.65952533808548,-2.44810543768576
2023-01-05,16825.69,16831.85,-6.1599999999998545,-3.6597284315154077,-3.659576111442962,-2.526274663094125
2023-01-06,16948.06,16950.65,-2.5900000000001455,-1.5279650042920867,-3.1266733346552433,-2.4618675883327032
2023-01-07,16942.37,16943.57,-1.2000000000007276,-0.7082332707930572,-2.5220633186896966,-2.34872989042692
2023-01-08,17125.18,17127.83,-2.650000000001455,-1.5471895739282981,-2.2783448824993466,-2.297017611943138
2023-01-09,17177.98,17178.26,-0.27999999999883585,-0.16299671794395287,-1.749507841360498,-2.1593388445883517
2023-01-10,17443.5,17440.66,2.8400000000001455,1.6283787425486196,-0.9050361953832184,-1.9149699679988696
2023-01-11,17944.27,17943.26,1.0100000000020373,0.5628854511408043,-0.5380557837522126,-1.7551083280543747
2023-01-12,18847.75,18846.62,1.1300000000010186,0.5995770063815797,-0.2536475862187645,-1.603193145187539
2023-01-13,19934.88,19930.01,4.870000000002619,2.443551207451655,0.4206521121988406,-1.342112864372107
2023-01-14,20957.02,20954.92,2.100000000002183,1.0021512847591119,0.5660269053389084,-1.1908700160410606
2023-01-15,20879.7,20871.5,8.200000000000728,3.9288024339412253,1.4067207874894878,-0.8605685676551067
2023-01-16,21187.5,21185.65,1.8499999999985448,0.8732325890403736,1.2733487378772093,-0.7487104285134628
2023-01-17,21136.33,21134.81,1.5200000000004366,0.7191926494720668,1.1348097157759236,-0.6540070041272996
2023-01-18,20674.29,20677.47,-3.180000000000291,-1.5379057495912285,0.46663084943413546,-0.7110327296411014
2023-01-19,21084.22,21071.59,12.630000000001019,5.993852386081411,1.8484362335959545,-0.2784594963686812
2023-01-20,22669.81,22667.21,2.600000000002183,1.1470313285144584,1.6730850073255805,-0.1864923463762206
2023-01-21,22789.37,22783.55,5.819999999999709,2.554474609970381,1.8934324079867806,-0.009655768547407633
2023-01-22,22714.87,22707.88,6.989999999997963,3.0782265891837746,2.1896309532860294,0.18956244808041056
2023-01-23,22920.29,22916.45,3.8400000000001455,1.675652206165612,2.0611362665059247,0.2854392066665526
2023-01-24,22636.17,22632.89,3.279999999998836,1.4492183720227203,1.9081567928851235,0.3605217334637247
2023-01-25,23062.36,23060.94,1.4200000000018917,0.6157598085776428,1.5850575468082533,0.3769887060517194
2023-01-26,23010.47,23009.65,0.819999999999709,0.3563722177424289,1.277886214541797,0.3756586100317652
2023-01-27,23084.4,23074.16,10.2400000000016,4.437864693667137,2.0678808343231325,0.6377364218792085
2023-01-28,23028.95,23022.6,6.350000000002183,2.758159373834612,2.240450469201002,0.7745379026505249
2023-01-29,23745.8,23742.3,3.5,1.474162149412983,2.0488783892539972,0.819674950828748
2023-01-30,22836.03,22826.15,9.87999999999738,4.32836899783684,2.6187510413997077,1.0460423087002377
2023-01-31,23128.86,23125.13,3.7299999999995634,1.612963905499587,2.3673042574246774,1.0826178955905181
2023-02-01,23735.97,23732.66,3.3100000000013097,1.3947024901561633,2.124153815607549,1.1027523855624952
2023-02-02,23493.84,23488.94,4.900000000001455,2.086088175967671,2.114637405697579,1.1661934042983129
2023-02-03,23433.54,23431.9,1.639999999999418,0.6999005629082511,1.760953195000247,1.1361099951763736
2023-02-04,23328.87,23326.84,2.029999999998836,0.87024217596543,1.5382754402415428,1.1189572326466353
2023-02-05,22936.34,22932.91,3.430000000000291,1.495667143855961,1.5276233661451475,1.1432610978859465
2023-02-06,22764.07,22762.52,1.5499999999992724,0.6809439376653792,1.3159535090252052,1.1134341843233293
2023-02-07,23244.67,23240.46,4.209999999999127,1.8114959858794855,1.4398391282387752,1.1584704295850168
2023-02-08,22964.38,22963.0,1.3800000000010186,0.60096677263477,1.230121039337774,1.122502451717259
2023-02-09,21800.63,21796.35,4.280000000002474,1.9636315254634162,1.4134986608691846,1.1767688435718497
2023-02-10,21628.97,21625.19,3.780000000002474,1.7479615208015886,1.4971143758522856,1.2136199840382844
2023-02-11,21863.73,21862.55,1.180000000000291,0.5397357581804485,1.2577697214343262,1.170143582370037
2023-02-12,21789.8,21783.54,6.259999999998399,2.873729430570293,1.6617596487183182,1.2800523467700535
2023-02-13,21789.14,21773.97,15.169999999998254,6.967034491183188,2.9880783593345357,1.646954420603159
2023-02-14,22206.27,22199.84,6.430000000000291,2.8964172714762704,2.965163087369969,1.7275649271111018
2023-02-15,24329.04,24324.05,4.990000000001601,2.0514675804395033,2.7367392106373525,1.7484618724871277
2023-02-16,23516.15,23517.72,-1.569999999999709,-0.6675817213575019,1.8856589776386388,1.5925880922390874
2023-02-17,24577.6,24569.97,7.629999999997381,3.105416897128954,2.1905984575112174,1.6901899506190787
2023-02-18,24636.23,24631.95,4.279999999998836,1.7375806625130608,2.077344008761678,1.6932474159025614
2023-02-19,24281.31,24271.76,9.55000000000291,3.9346137239348877,2.5416614375549806,1.8378516938401308
2023-02-20,24844.97,24842.2,2.7700000000004366,1.1150381206181947,2.185005608320784,1.7912185600838768
2023-02-21,24454.43,24452.16,2.2700000000004366,0.9283433447193623,1.8708400424204283,1.7355491913506824
2023-02-22,24184.44,24182.21,2.2299999999995634,0.9221655092739311,1.633671409133804,1.6830728247650855
2023-02-23,23943.32,23940.2,3.1199999999989814,1.3032472577512166,1.5510653712881572,1.658567949473868
2023-02-24,23186.88,23185.29,1.5900000000001455,0.6857796473536126,1.334743940304521,1.5958074138532066
2023-02-25,23159.71,23157.07,2.639999999999418,1.1400406009909325,1.2860681054761238,1.566403103345963
2023-02-26,23556.83,23554.85,1.9800000000032014,0.8405912158226947,1.1746988830627665,1.5195765299573651
2023-02-27,23489.52,23492.09,-2.569999999999709,-1.0939852520575055,0.6075278492826983,1.3509596407951154
2023-02-28,23145.32,23141.57,3.75,1.6204604959813018,0.8607610109573494,1.3683467927426114
2023-03-01,23631.52,23628.97,2.5499999999992724,1.0791837308188335,0.9153666909227204,1.3496911113281742
2023-03-02,23468.24,23465.32,2.9200000000018917,1.24438959281159,0.9976224163949378,1.3428974649722656
2023-03-03,22358.18,22354.34,3.8400000000001455,1.7177872395257587,1.1776636221776429,1.367083902040233
2023-03-04,22350.95,22346.57,4.380000000001019,1.9600323450097434,1.3732558028856678,1.4053386402963304
2023-03-05,22432.69,22430.24,2.4499999999970896,1.0922754281716962,1.3030107092071748,1.3851410137076443
2023-03-06,22410.31,22410.0,0.3100000000013097,0.1383311021863065,1.0118408074519576,1.3047016645772356
2023-03-07,22198.48,22197.96,0.5200000000004366,0.23425576043845098,0.8174445456985809,1.2356406385037657
2023-03-08,21698.37,21705.44,-7.069999999999709,-3.2572479525871945,-0.2012285788728631,0.9457768584333812
2023-03-09,20367.01,20362.22,4.789999999997235,2.3523957603832635,0.43717750594116866,1.036526465010793
2023-03-10,20230.08,20150.69,79.39000000000306,39.39815460413776,10.177421780490318,3.5114702159222104
2023-03-11,20620.54,20455.73,164.8100000000013,80.56911193098593,27.775344318114225,8.482930971732774
2023-03-12,22219.08,21997.11,221.97000000000116,100.90871028057835,46.05868580873025,14.445884475529263
2023-03-13,24220.0,24113.48,106.52000000000044,44.17446175334349,45.58762979488356,16.363857203130184
2023-03-14,24762.65,24670.41,92.2400000000016,37.38892057327136,43.53795248948051,17.720312904429615
2023-03-15,24377.16,24285.66,91.5,37.676554806416185,42.07260306871443,19.007812381977136
2023-03-16,25051.85,24998.78,53.06999999999971,21.229035976955135,36.861711295774604,19.15111713004023
2023-03-17,27453.62,27395.13,58.48999999999796,21.350510108912868,32.98391099905917,19.29301345125782
2023-03-18,26980.35,26907.49,72.85999999999694,27.077962307149317,31.507423826081705,19.795268216154046
2023-03-19,28054.46,27972.87,81.59000000000015,29.167546983916992,30.922454615540527,20.39993136246133
2023-03-20,27823.32,27717.01,106.31000000000131,38.35550804361709,32.780717972559664,21.558355664471378
2023-03-21,28207.33,28105.47,101.86000000000058,36.24205537213987,33.646052322454715,22.505691129482248
2023-03-22,27325.15,27250.97,74.18000000000029,27.221049379160256,32.0398015866311,22.809907790751797
2023-03-23,28352.94,28295.41,57.529999999998836,20.331919558684852,29.112831079644536,22.65003758223135
2023-03-24,27489.24,27454.47,34.77000000000044,12.66460434311778,25.00077439551285,22.005816082933702
2023-03-25,27488.18,27462.95,25.229999999999563,9.186922745008097,21.04731148288666,21.178790706293338
2023-03-26,27992.9,27968.05,24.850000000002183,8.885138577769958,18.006768256607483,20.38565185929183
2023-03-27,27142.87,27124.91,17.959999999999127,6.6212201257065395,15.160381223882247,19.497624005512133
2023-03-28,27274.15,27261.07,13.080000000001746,4.798050846868129,12.569798629628718,18.549264446889943
2023-03-29,28359.54,28348.6,10.940000000002328,3.859097098271036,10.392123246789296,17.60151171472098
2023-03-30,28035.48,28028.53,6.950000000000728,2.479616305244292,8.413996511403043,16.625905559270873
2023-03-31,28474.4,28465.36,9.040000000000873,3.175789802061235,7.104444834067591,15.758156155579929
2023-04-01,28471.46,28452.73,18.729999999999563,6.58284811334342,6.974045653886549,15.166200798016284
2023-04-02,28188.34,28171.87,16.470000000001164,5.846257277206668,6.6920985597165785,14.564914119254372
2023-04-03,27811.77,27800.0,11.770000000000437,4.2338129496410914,6.077527157197707,13.898391463150288
2023-04-04,28179.64,28165.47,14.169999999998254,5.0309829731221,5.8158911111788045,13.326300592825888
2023-04-05,28175.37,28170.01,5.360000000000582,1.9027327288845264,4.837601515605234,12.58929621450709
2023-04-06,28053.46,28033.82,19.639999999999418,7.0058236801129325,5.379657056732159,12.22907218003005
2023-04-07,27931.94,27906.33,25.609999999996944,9.177129346638058,6.329025129208635,12.032172642391856
2023-04-08,27958.81,27938.38,20.43000000000029,7.312521341609202,6.574899182308776,11.727679010083298
2023-04-09,28340.99,28323.76,17.2300000000032,6.0832318872927615,6.451982358554773,11.363521131193584
2023-04-10,29660.41,29637.34,23.06999999999971,7.784099382737164,6.7850116146003705,11.1325906958093
2023-04-11,30227.19,30200.42,26.770000000000437,8.864115134823436,7.3047874946561375,10.986237433810214
2023-04-12,29912.2,29888.07,24.13000000000102,8.073455395414264,7.49695446984567,10.798316011978217
2023-04-13,30406.78,30373.84,32.93999999999869,10.844858602006013,8.333930502885755,10.801318759721946
2023-04-14,30492.92,30466.93,25.989999999997963,8.530560840884771,8.383088087385508,10.654818248829224
2023-04-15,30324.11,30295.09,29.020000000000437,9.579110014197312,8.682093569088458,10.58541771756265
2023-04-16,30326.09,30304.65,21.43999999999869,7.074821850772128,8.280275639509375,10.358927661640681
2023-04-17,29449.91,29430.27,19.639999999999418,6.6734012294134,7.878557036985381,10.121151762787308
2023-04-18,30393.4,30380.01,13.390000000003056,4.407503486669739,7.01079364940647,9.75252929336037
2023-04-19,28809.72,28797.1,12.62000000000262,4.38238572634031,6.3536916686399305,9.406068418068752
2023-04-20,28248.18,28243.65,4.529999999998836,1.603900345741316,5.166243837915276,8.90270273598311
2023-04-21,27253.85,27262.84,-8.9900000000016,-3.2975287974401635,3.050300679076416,8.11559102414935
2023-04-22,27821.41,27816.85,4.56000000000131,1.6392941688225804,2.697549051512957,7.69776542057988
2023-04-23,27592.98,27590.6,2.3800000000010186,0.8626126289401626,2.238814945869758,7.256787821119252
2023-04-24,27515.05,27510.93,4.119999999998981,1.497586595582412,2.053507858297922,6.885226451729777
2023-04-25,28304.42,28300.79,3.6299999999973807,1.2826497069506893,1.8607933204611136,6.523769887550482
2023-04-26,28426.08,28415.29,10.790000000000873,3.7972514093653764,2.3449078426871792,6.347865469603055
2023-04-27,29483.72,29472.77,10.950000000000728,3.715293811881182,2.6875043349856798,6.178022136846805
2023-04-28,29338.63,29311.7,26.93000000000029,9.187457568138324,4.312492643273841,6.3721792614462585
2023-04-29,29249.35,29230.45,18.899999999997817,6.465860087681019,4.850834504375635,6.3782231857194684
2023-04-30,29247.14,29233.21,13.930000000000291,4.7651284275662675,4.829407985173293,6.274152556161197
2023-05-01,28077.27,28068.26,9.010000000002037,3.2100315445271477,4.424563875011756,6.076467329604162
2023-05-02,28684.4,28669.86,14.540000000000873,5.071528078617327,4.586304925913149,6.011632539217914
2023-05-03,29038.75,29026.16,12.590000000000146,4.337466616322061,4.5240953485153765,5.903621834514956
2023-05-04,28857.23,28838.16,19.06999999999971,6.612765863009962,5.046262977139023,5.949373062159795
2023-05-05,29536.76,29505.61,31.149999999997817,10.557314354795455,6.424025821553132,6.246659597168548
2023-05-06,28902.66,28848.2,54.45999999999913,18.878127578150217,9.537551260702402,7.061593015296397
2023-05-07,28474.53,28430.1,44.43000000000029,15.627802927178358,11.06011417732139,7.614251719288782
2023-05-08,27695.06,27668.79,26.270000000000437,9.494452052294378,10.668698646064636,7.735554966579465
2023-05-09,27647.29,27628.27,19.020000000000437,6.884252977112926,9.722587228826706,7.680632257581624
2023-05-10,27624.01,27598.75,25.2599999999984,9.152588432446152,9.580087529731566,7.775597172089013
2023-05-11,26986.56,26968.62,17.94000000000233,6.65217575092969,8.848109585031096,7.703118370723895
2023-05-12,26808.84,26795.01,13.830000000001746,5.161408784695176,7.926434384947116,7.539137107109138
2023-05-13,26789.48,26775.28,14.200000000000728,5.303399254834584,7.270675602418984,7.394895955349489
2023-05-14,26929.98,26917.62,12.360000000000582,4.591787832655125,6.600953659978019,7.214050270014369
2023-05-15,27171.13,27162.14,8.9900000000016,3.3097539442783486,5.778153731053101,6.962160184483013
2023-05-16,27037.68,27033.84,3.8400000000001455,1.4204419349961306,4.688725782038858,6.604629974838698
2023-05-17,27407.77,27405.61,2.1599999999998545,0.7881597964787268,3.7135842856488255,6.229373834299344
2023-05-18,26820.49,26821.28,-0.7899999999972351,-0.2945422440681078,2.711552653219592,5.8084760227917664
2023-05-19,26890.27,26880.26,10.010000000002037,3.723922313252359,2.9646450682277834,5.673988686692449
2023-05-20,27113.61,27102.43,11.180000000000291,4.125091366347089,3.2547566427576102,5.574059827315329
2023-05-21,26752.65,26747.78,4.870000000002619,1.8207118497315378,2.896245444501092,5.331908344890568
2023-05-22,26854.73,26849.27,5.459999999999127,2.0335748420707844,2.680577793893515,5.119112635031227
2023-05-23,27223.22,27219.61,3.610000000000582,1.3262497148192054,2.3419957741249373,4.874411801469161
2023-05-24,26321.4,26329.01,-7.609999999996944,-2.890347946997718,1.0339098438442733,4.373459559632587
2023-05-25,26479.06,26473.79,5.270000000000437,1.9906481089404515,1.2730944101183177,4.2197297886201905
2023-05-26,26714.86,26705.92,8.940000000002328,3.347572373466612,1.7917139009553913,4.163461568287702
2023-05-27,26867.99,26854.27,13.720000000001164,5.109057144356832,2.621049711805752,4.22446773448571
2023-05-28,28070.04,28065.0,5.040000000000873,1.7958311063615007,2.4147450604446887,4.067781500413181
2023-05-29,27744.82,27736.4,8.419999999998254,3.0357220115084793,2.5699892982106363,4.00119701725804
2023-05-30,27700.15,27694.4,5.75,2.0762320180245375,2.446549978164111,3.8770057269849105
2023-05-31,27223.08,27210.35,12.730000000003201,4.678366871431194,3.0045042014808825,3.928706445981445
2023-06-01,26828.42,26817.93,10.489999999997963,3.911562152634218,3.2312686892692164,3.9276003625396885
2023-06-02,27250.69,27242.59,8.099999999998545,2.9732855796749114,3.1667729118706403,3.866031666870993
2023-06-03,27077.6,27069.22,8.37999999999738,3.095767074188238,3.14902145245004,3.8163371770204924
2023-06-04,27122.04,27115.21,6.830000000001746,2.5188814691090577,2.991486456614794,3.732630357155239
2023-06-05,25741.5,25728.2,13.299999999999272,5.169424988922255,3.53597108969166,3.825326785011175
2023-06-06,27243.63,27230.08,13.549999999999272,4.97611464968184,3.8960069796892047,3.8995711633770243
2023-06-07,26346.41,26339.34,7.069999999999709,2.684197857654169,3.593054699180446,3.8211599823626465
2023-06-08,26508.32,26498.61,9.709999999999127,3.6643431485638978,3.610876811526309,3.8110427672788565
2023-06-09,26482.81,26477.81,5.0,1.8883736985797483,3.180251033289669,3.6869996015563333
2023-06-10,25856.1,25841.21,14.889999999999418,5.762114080571923,3.8257167951102327,3.8208779550412104
2023-06-11,25937.02,25925.55,11.470000000001164,4.424207008144609,3.975339348368827,3.859802410080139
2023-06-12,25905.82,25905.19,0.6300000000010186,0.24319451044307883,3.04230313888739,3.6264728681680705
2023-06-13,25930.23,25934.25,-4.020000000000437,-1.550073744179814,1.8942089181205888,3.292502118984336
2023-06-14,25123.34,25128.6,-5.259999999998399,-2.0932324124700585,0.8973485854729268,2.9450353750195366
2023-06-15,25569.99,25598.49,-28.5,-11.133469200722557,-2.1103558610759445,2.036744757229724
2023-06-16,26329.6,26345.0,-15.400000000001455,-5.845511482255317,-3.044144766370788,1.528212096617786
2023-06-17,26506.56,26516.99,-10.430000000000291,-3.933327274324716,-3.2664403933592703,1.1758547178473018
2023-06-18,26336.46,26339.97,-3.5100000000020373,-1.3325755496307323,-2.7829741824271355,1.0140205070422674
2023-06-19,26837.78,26844.35,-6.569999999999709,-2.447442385454801,-2.6990912331840518,0.7907003204295534
2023-06-20,28320.43,28307.99,12.43999999999869,4.394519003292352,-0.9256886740649504,1.023204751581992
2023-06-21,29995.08,29993.89,1.1900000000023283,0.3967474709032359,-0.5950796378229037,0.9827881528285238
2023-06-22,29886.31,29884.92,1.390000000003056,0.4651175241576766,-0.3300303473277586,0.9493900477529853
2023-06-23,30707.61,30688.5,19.110000000000582,6.227088322987573,1.3092493202510747,1.2898867106713459
2023-06-24,30547.18,30527.43,19.75,6.469591446118805,2.5993348517180075,1.6240612097324723
2023-06-25,30480.24,30462.66,17.580000000001746,5.770999643499586,3.392251049663402,1.8916056248142215
2023-06-26,30272.18,30267.99,4.18999999999869,1.38430070843798,2.890263464357046,1.858876275370593
2023-06-27,30697.38,30692.44,4.940000000002328,1.6095168712570995,2.5700768160820595,1.8427885718794
2023-06-28,30074.94,30077.41,-2.470000000001164,-0.8212143266328464,1.722254030403333,1.670917417136674
2023-06-29,30446.47,30447.31,-0.8400000000001455,-0.2758864412000239,1.2227189125024935,1.5453171682117257
2023-06-30,30466.72,30472.0,-5.279999999998836,-1.7327382515086587,0.4838546214997054,1.3338297217781523
2023-07-01,30587.21,30585.9,1.3099999999976717,0.4283019299733404,0.46996644861811415,1.2754085739197774
2023-07-02,30613.51,30617.03,-3.5200000000004366,-1.1496869552662936,0.06505309764701213,1.1189507978432567
2023-07-03,31161.8,31156.2,5.599999999998545,1.797395061013951,0.498138588488747,1.1627213954671725
2023-07-04,30771.25,30766.51,4.740000000001601,1.5406362307590626,0.758762999056326,1.1871029977440686
2023-07-05,30499.27,30504.81,-5.540000000000873,-1.8161070336120133,0.11504549088924101,0.9933475118501279
2023-07-06,29899.38,29895.43,3.9500000000007276,1.3212721810651473,0.41660216343321765,1.0145039421220645
2023-07-07,30352.08,30344.7,7.380000000001019,2.432055680234857,0.9204655426336277,1.1059588929680513
2023-07-08,30291.69,30284.63,7.059999999997672,2.331215537385578,1.2731530413216154,1.185007708736924
2023-07-09,30168.38,30160.71,7.670000000001892,2.5430435821971464,1.5906256765404985,1.272622926379519
2023-07-10,30419.89,30411.57,8.319999999999709,2.735800881046302,1.8769194776669493,1.3670215040999567
2023-07-11,30626.55,30622.1,4.450000000000728,1.4531988335231283,1.770989316630994,1.3725813318046773
2023-07-12,30381.81,30380.0,1.8100000000013097,0.5957867017780671,1.4771886629177622,1.3224655492223154
2023-07-13,31471.83,31454.23,17.600000000002183,5.595431838580911,2.5067494568335493,1.5981407936970635
2023-07-14,30330.52,30312.01,18.510000000002037,6.106490463682057,3.4066847085456766,1.8890020627283535
2023-07-15,30301.65,30289.52,12.130000000001019,4.004685448961709,3.556184893649685,2.0254977650659893
2023-07-16,30247.64,30231.99,15.649999999997817,5.176635742469848,3.961297605854726,2.2287969894146253
2023-07-17,30143.08,30138.0,5.080000000001746,1.6855796668657774,3.3923681211074888,2.1937507105405065
2023-07-18,29861.93,29859.13,2.7999999999992724,0.9377366319784919,2.7787102488252393,2.112717544181667
2023-07-19,29916.72,29909.21,7.510000000002037,2.510932251302833,2.7117657494446377,2.1384088156088388
2023-07-20,29809.13,29800.0,9.130000000001019,3.0637583892612064,2.79976390939878,2.19810878810254
2023-07-21,29907.98,29901.72,6.259999999998399,2.093525054744916,2.6232041957353136,2.191361450466564
2023-07-22,29795.03,29794.0,1.0299999999988358,0.34570718936643985,2.053829944143095,2.072286982008492
2023-07-23,30081.61,30083.75,-2.139999999999418,-0.7113474882614046,1.36253558604197,1.892697661345918
2023-07-24,29176.98,29176.5,0.47999999999956344,0.164515963190226,1.063030680329034,1.7812020679165186
2023-07-25,29225.14,29228.91,-3.7700000000004366,-1.2898188813748046,0.4748182899030742,1.5830716840912717
2023-07-26,29353.23,29351.96,1.2700000000004366,0.43267979378480703,0.4642836658735074,1.5088528524585965
2023-07-27,29214.92,29222.78,-7.860000000000582,-2.689682501118007,-0.3242078758743714,1.2379796038407511
2023-07-28,29316.15,29314.14,2.0100000000020373,0.6856759229512122,-0.07173692616797543,1.2023471082994905
2023-07-29,29355.71,29352.9,2.8099999999976717,0.9573159721854019,0.18552629842036894,1.186538647905033
2023-07-30,29281.39,29281.09,0.2999999999992724,0.10245520231544347,0.16475852439413757,1.1165977804476401
2023-07-31,29230.67,29232.25,-1.5800000000017462,-0.5404989352519873,-0.011555840517393697,1.0096883149186318
2023-08-01,29697.27,29705.99,-8.720000000001164,-2.935434907236356,-0.7425256071971345,0.7551642360699229
2023-08-02,29164.22,29186.01,-21.789999999997235,-7.465905754160396,-2.42337064393795,0.22477262379699905
2023-08-03,29174.18,29193.64,-19.459999999999127,-6.665835435388789,-3.48398684180066,-0.21978273486014857
2023-08-04,29076.48,29113.99,-37.51000000000204,-12.883840380518707,-5.833950226480172,-1.0368187119994103
2023-08-05,29047.12,29072.13,-25.010000000002037,-8.602740838047351,-6.526147879371967,-1.5249427201315355
2023-08-06,29040.01,29088.42,-48.409999999999854,-16.642361462052556,-9.055201275042114,-2.5002600583199883
2023-08-07,29179.21,29211.06,-31.850000000002183,-10.903404395459226,-9.517252055146391,-3.042398402651552
2023-08-08,29770.01,29770.42,-0.4099999999998545,-0.13772059648475832,-7.172369190480983,-2.854999834511759
2023-08-09,29562.76,29581.99,-19.2300000000032,-6.500576871266706,-7.004421110677414,-3.0901983530120782
2023-08-10,29424.03,29455.75,-31.720000000001164,-10.76869541600578,-7.9454896870095055,-3.585585260301994
2023-08-11,29400.45,29426.03,-25.57999999999811,-8.692983729030601,-8.13236319751478,-3.9150948389296465
2023-08-12,29416.96,29430.17,-13.209999999999127,-4.488591129442332,-7.221420180496667,-3.9520945996078845
2023-08-13,29275.94,29303.84,-27.900000000001455,-9.520936505250654,-7.796299261685164,-4.311374722552579
2023-08-14,29405.49,29430.93,-25.43999999999869,-8.643967417950593,-8.00821630075152,-4.5908968319330965
2023-08-15,29170.14,29200.0,-29.860000000000582,-10.226027397260973,-8.562669074878883,-4.954453642599412
2023-08-16,28700.51,28730.51,-30.0,-10.441861282657339,-9.032467126823496,-5.308479941957988
2023-08-17,26627.57,26623.41,4.1599999999998545,1.5625346264802609,-6.3837166884975565,-4.865188679478102
2023-08-18,26048.89,26054.0,-5.110000000000582,-1.9613111230520897,-5.27811529713619,-4.677841740353843
2023-08-19,26096.42,26100.01,-3.5900000000001455,-1.3754784001995812,-4.302456072902038,-4.464786040989052
2023-08-20,26189.14,26189.99,-0.8500000000021828,-0.3245514794014692,-3.3079799245268955,-4.197674133789853
2023-08-21,26125.18,26126.92,-1.7399999999979627,-0.6659797634001041,-2.647479884245197,-3.969822884087289
2023-08-22,26042.11,26056.0,-13.889999999999418,-5.330825913416604,-3.3183163915380494,-4.057629531140793
2023-08-23,26427.54,26432.72,-5.180000000000291,-1.9596923812603695,-2.978660388968629,-3.92227874727754
2023-08-24,26163.49,26180.05,-16.55999999999767,-6.325427185966959,-3.8153520882182117,-4.077320582031696
2023-08-25,26049.39,26060.01,-10.619999999998981,-4.075209487639508,-3.8803164380735358,-4.07718438239349
2023-08-26,26009.61,26017.37,-7.759999999998399,-2.9826227631768454,-3.6558930193493633,-4.0065675037343516
2023-08-27,26091.16,26101.77,-10.610000000000582,-4.064858436803043,-3.758134373712783,-4.010328209093622
2023-08-28,26101.04,26120.0,-18.959999999999127,-7.258805513016275,-4.633302158538656,-4.219907389991857
2023-08-29,27717.98,27716.34,1.639999999999418,0.5917087176721125,-3.3270494394859633,-3.909480544336117
2023-08-30,27306.06,27299.99,6.069999999999709,2.223444037892097,-1.9394260701414479,-3.5138079906439743
2023-08-31,25932.45,25940.78,-8.329999999998108,-3.2111601887063745,-2.2573595997826796,-3.4942823260028386
2023-09-01,25794.88,25805.05,-10.169999999998254,-3.941089050398805,-2.678291962436711,-3.5231085662864494
2023-09-02,25867.83,25869.51,-1.679999999996653,-0.6494131508472112,-2.171072259539336,-3.337708862064563
2023-09-03,25969.83,25971.21,-1.3799999999973807,-0.5313576071341863,-1.7611435964380484,-3.156653942391635
2023-09-04,25816.13,25826.02,-9.889999999999418,-3.8294712077202586,-2.278225499258601,-3.2000615078967076
2023-09-05,25783.91,25792.1,-8.18999999999869,-3.1753909142717696,-2.502516853011893,-3.1984698566950986
2023-09-06,25747.63,25759.95,-12.319999999999709,-4.782617978683623,-3.072542134429826,-3.3006729613395196
2023-09-07,26276.3,26255.0,21.299999999999272,8.112740430394894,-0.27622149322364514,-2.56432371025988
2023-09-08,25906.34,25910.5,-4.1599999999998545,-1.6055267169678977,-0.6085477991597084,-2.5024658397249135
2023-09-09,25897.82,25901.61,-3.790000000000873,-1.4632295058114586,-0.822218225822646,-2.435418334311142
2023-09-10,25831.76,25841.61,-9.850000000002183,-3.811682012073714,-1.5695841723854134,-2.524209539328082
2023-09-11,25152.14,25162.52,-10.380000000001019,-4.125183010287303,-2.208483881860886,-2.627498150357709
2023-09-12,25840.61,25840.1,0.5100000000020373,0.1973676572464278,-1.6070209970840574,-2.4452487434155064
2023-09-13,26226.65,26222.0,4.650000000001455,1.7733201128833365,-0.7619357195922087,-2.173083010751065
2023-09-14,26532.76,26522.73,10.029999999998836,3.781661993316199,0.3739637086348934,-1.7889059137144674
2023-09-15,26602.42,26600.0,2.4199999999982538,0.9097744360886395,0.50791639049833,-1.6147975040497509
2023-09-16,26569.69,26559.67,10.020000000000437,3.7726372353263926,1.3240966017053457,-1.26722106925129
2023-09-17,26530.95,26527.51,3.4400000000023283,1.2967670165808798,1.3172642054242292,-1.1018024830685693
2023-09-18,26764.49,26762.51,1.9800000000032014,0.739840919257162,1.1729083838824623,-0.9829867796927156
2023-09-19,27216.13,27210.26,5.870000000002619,2.157274498664208,1.4189999125778987,-0.7803892778632366
2023-09-20,27123.94,27125.0,-1.0600000000013097,-0.390783410139095,0.9665540818986502,-0.755253415429421
2023-09-21,26564.54,26568.08,-3.540000000000873,-1.3324259788438653,0.3918090667130213,-0.7924903550045465
2023-09-22,26578.4,26580.14,-1.7399999999979627,-0.654624091520617,0.13020077715461167,-0.783595757360422
2023-09-23,26579.6,26575.96,3.639999999999418,1.3696588947298416,0.44006530654841924,-0.6446761023868566
2023-09-24,26250.24,26248.38,1.860000000000582,0.7086151602497814,0.5072027699737598,-0.5573669886683638
2023-09-25,26296.08,26304.81,-8.729999999999563,-3.3187846633375706,-0.44929408835407303,-0.7355229676792804
2023-09-26,26208.44,26221.67,-13.229999999999563,-5.0454452367065805,-1.5983318754422002,-1.0135824689068482
2023-09-27,26357.62,26372.99,-15.37000000000262,-5.827932289816928,-2.6557319790358824,-1.3241856831591112
2023-09-28,27027.14,27021.39,5.75,2.1279438252430616,-1.459813027966146,-1.101467650358971
2023-09-29,26907.0,26906.96,0.040000000000873115,0.014866042095107446,-1.0911432604508327,-1.0294461218135467
2023-09-30,26961.0,26962.56,-1.5600000000013097,-0.5785800754831705,-0.9630024642089171,-1.0003579897922321
2023-10-01,27995.46,27992.57,2.889999999999418,1.0324168163200476,-0.46414764407667586,-0.8692112281075689
2023-10-02,27504.04,27494.51,9.530000000002474,3.466146514341517,0.5184258955278725,-0.5895107285947246
2023-10-03,27428.96,27426.46,2.5,0.9115285020389052,0.6167015471556306,-0.492669487908684
2023-10-04,27786.75,27778.57,8.180000000000291,2.9447160166995445,1.1987051645416091,-0.270902681159766
2023-10-05,27412.96,27410.39,2.569999999999709,0.9376006689443273,1.1334290406422887,-0.19293472308853418
2023-10-06,27945.17,27931.09,14.079999999998108,5.04097763459832,2.110316189131297,0.14473704192352094
2023-10-07,27976.43,27956.67,19.760000000002037,7.0680807120449,3.349757319859698,0.5914043754797389
2023-10-08,27933.55,27917.05,16.5,5.910366603920636,3.9899096408749326,0.9345632289275386
2023-10-09,27596.67,27590.12,6.549999999999272,2.3740382426740148,3.585941791324703,1.0274325846531178
2023-10-10,27393.29,27390.12,3.1700000000018917,1.1573516289820063,2.9787942507390284,1.035814458480788
2023-10-11,26869.19,26875.52,-6.330000000001746,-2.355303264830466,1.6452698718466547,0.817032669880062
2023-10-12,26750.51,26759.63,-9.12000000000262,-3.4081188715995303,0.38192268598510826,0.5444422478491204
2023-10-13,26863.53,26862.0,1.5299999999988358,0.5695778423042697,0.42883647506489864,0.5460638991042913
2023-10-14,26851.71,26852.48,-0.7700000000004366,-0.28675191267257816,0.2499393781305294,0.4923338467315901
2023-10-15,27186.13,27154.15,31.979999999999563,11.777205325889106,3.1317558650701747,1.2203900711933653
2023-10-16,28520.24,28500.78,19.460000000002765,6.8278833070545275,4.055787725566263,1.5821638283456985
2023-10-17,28408.83,28395.91,12.920000000001892,4.549951031680433,4.1793285520948045,1.7736339704963264
2023-10-18,28326.51,28320.0,6.509999999998399,2.29872881355897,3.7091786174608457,1.8075110571455293
2023-10-19,28735.34,28713.71,21.63000000000102,7.532986855407486,4.6651306769475065,2.1768965925172683
2023-10-20,29684.73,29669.04,15.68999999999869,5.2883409776649515,4.820933252126868,2.3776349399461507
2023-10-21,29924.84,29909.8,15.040000000000873,5.028452212987311,4.872812992341978,2.5486554091746125
2023-10-22,30004.15,29992.46,11.690000000002328,3.897646275097255,4.629021313030797,2.6356870779438153
2023-10-23,33087.58,33069.99,17.590000000003783,5.319021868468443,4.801521451890208,2.8088054515260494
2023-10-24,33922.52,33922.73,-0.21000000000640284,-0.061905394997952,3.585664740168168,2.623598300137404
2023-10-25,34506.35,34496.05,10.299999999995634,2.9858491044620905,3.4357108312416487,2.646969319771255
2023-10-26,34154.71,34151.66,3.0499999999956344,0.8930751828750694,2.8000519191500035,2.53381485932634
2023-10-27,33906.09,33892.02,14.069999999999709,4.151419714728544,3.137893868044639,2.6381764629006756
2023-10-28,34085.42,34081.0,4.419999999998254,1.2969103019266903,2.6776479765151513,2.5516431621926765
2023-10-29,34534.48,34525.89,8.590000000003783,2.487987999730823,2.630232982319069,2.547536377517718
2023-10-30,34493.79,34474.73,19.05999999999767,5.528687244249486,3.3548465478016736,2.739868691500413
2023-10-31,34656.4,34639.77,16.630000000004657,4.800840190337663,3.716344958435671,2.872834594651203
2023-11-01,35440.1,35421.43,18.669999999998254,5.270820517409014,4.104963848179007,3.0275433638613842
2023-11-02,34950.0,34941.59,8.410000000003492,2.4068738715099514,3.6804413540117427,2.9875001708064532
2023-11-03,34731.27,34716.78,14.489999999997963,4.17377418066911,3.8037745606760844,3.064033977894367
2023-11-04,35087.01,35062.07,24.94000000000233,7.113099711455462,4.631105848370929,3.325264025220889
2023-11-05,35035.42,35011.88,23.540000000000873,6.723432160740117,5.154187426463226,3.5445006791253553
2023-11-06,35059.46,35046.09,13.37000000000262,3.8149762213146587,4.819384625176084,3.5619507141053104
2023-11-07,35416.28,35399.12,17.159999999996217,4.847578131885744,4.826433001853498,3.6448944184782417
2023-11-08,35639.13,35624.72,14.409999999996217,4.044944072540968,4.631060769525366,3.6707040735790626
2023-11-09,36706.59,36701.09,5.5,1.4985930935562664,3.847943850533091,3.530567881319527
2023-11-10,37324.83,37301.63,23.200000000004366,6.219567348666466,4.4408497250664345,3.7040517179225554
2023-11-11,37139.12,37130.0,9.12000000000262,2.456234850525263,3.9446960064311414,3.6235474038969238
2023-11-12,37086.03,37064.13,21.900000000001455,5.908677743144963,4.435691440609597,3.7709751677193784
2023-11-13,36475.67,36462.93,12.739999999997963,3.4939594815885933,4.200258450854347,3.753103187969005
2023-11-14,35554.09,35551.19,2.8999999999941792,0.8157251557516787,3.3541251270786794,3.5635949278259518
2023-11-15,37885.35,37858.2,27.150000000001455,7.1714978525139195,4.308468308437489,3.7963628584509816
2023-11-16,36161.15,36163.51,-2.360000000000582,-0.6525915211219591,3.068203351047627,3.5093335436398245
2023-11-17,36630.38,36613.92,16.459999999999127,4.495557973578368,3.4250420066803122,3.572960926216505
2023-11-18,36594.89,36568.1,26.790000000000873,7.326057410694808,4.400295857683937,3.8150961832796213
2023-11-19,37391.19,37359.86,31.330000000001746,8.386005729144053,5.396723325548966,4.109993573335391
2023-11-20,37475.64,37448.78,26.860000000000582,7.172463295199716,5.840658317961653,4.307572265068574
2023-11-21,35751.89,35741.65,10.239999999997963,2.8650048332967692,5.0967449467954316,4.214503398502651
2023-11-22,37424.31,37408.34,15.970000000001164,4.269101489133842,4.889834082380034,4.218025855962728
2023-11-23,37304.05,37294.28,9.770000000004075,2.6197046839371296,4.322301732769308,4.114908360993335
2023-11-24,37745.84,37713.57,32.2699999999968,8.556601774905026,5.380876743303237,4.401469226406992
2023-11-25,37805.99,37780.67,25.31999999999971,6.7018398562024295,5.711117521528035,4.5498802347808915
2023-11-26,37462.79,37447.43,15.360000000000582,4.1017501067508455,5.308775667833737,4.520968613617662
2023-11-27,37241.63,37242.7,-1.069999999999709,-0.28730462614090513,3.9097555943400764,4.210757436859045
2023-11-28,37838.26,37818.87,19.389999999999418,5.127070163650771,4.21408423666775,4.26987438697464
2023-11-29,37863.84,37854.64,9.19999999999709,2.4303493574362456,3.768150516859874,4.1511953528108725
2023-11-30,37732.27,37723.96,8.309999999997672,2.2028440280386086,3.3768238946545575,4.025495267341694
2023-12-01,38703.54,38682.52,21.020000000004075,5.433978965176944,3.8911126622851544,4.116365183331065
2023-12-02,39478.95,39450.35,28.599999999998545,7.249618824674009,4.730739202882368,4.318510579546739
2023-12-03,39984.81,39972.26,12.549999999995634,3.1396773662528688,4.332973743724993,4.24245682385036
2023-12-04,41987.24,41991.1,-3.860000000000582,-0.9192424108916963,3.01991970507082,3.9094439699960337
2023-12-05,44084.39,44073.32,11.069999999999709,2.5117236459615278,2.892870690293497,3.819268465219614
2023-12-06,43764.05,43762.69,1.360000000000582,0.3107670026691878,2.2473447683874195,3.5929135321518446
2023-12-07,43280.95,43273.14,7.809999999997672,1.8048147187843533,2.136712255986653,3.4775523183862
2023-12-08,44192.87,44170.99,21.880000000004657,4.9534773841397595,2.8409035380249295,3.5727732903703004
2023-12-09,43723.25,43713.6,9.650000000001455,2.207550968120753,2.682565395548885,3.4846944308703294
2023-12-10,43793.68,43789.51,4.169999999998254,0.9522828640928793,2.2499947626848833,3.3213130394653327
2023-12-11,41229.61,41253.4,-23.790000000000873,-5.766797403365942,0.2457967211721766,2.7349833334762184
2023-12-12,41477.39,41492.39,-15.0,-3.615120748647893,-0.719432646282841,2.325299199145631
2023-12-13,42885.54,42869.03,16.510000000002037,3.851265120764502,0.4232417954789951,2.4237486134436224
2023-12-14,43027.77,43022.26,5.509999999994761,1.280732346462532,0.6376144332248793,2.350005628477101
2023-12-15,41933.89,41940.3,-6.4100000000034925,-1.528362934934968,0.09612009118491735,2.0997883018053547
2023-12-16,42237.29,42278.03,-40.73999999999796,-9.636210580293847,-2.3369625766847744,1.3426270836054064
2023-12-17,41349.59,41374.65,-25.060000000004948,-6.056848819265825,-3.2669341373300376,0.8652415414846817
2023-12-18,42650.01,42657.8,-7.790000000000873,-1.8261607490310805,-2.906740790255298,0.6916026840320518
2023-12-19,42266.22,42275.99,-9.769999999996799,-2.311004425915586,-2.75780669917037,0.49788609629349456
2023-12-20,43674.77,43668.93,5.8399999999965075,1.3373352633094804,-1.7340212085504074,0.5520441070687195
2023-12-21,43875.32,43861.8,13.519999999996799,3.082408838670503,-0.5299136967451795,0.7152934445914153
2023-12-22,44013.73,43969.04,44.69000000000233,10.163969920653493,2.143557207604489,1.3248854753050976
2023-12-23,43726.35,43702.16,24.189999999995052,5.5351955143634335,2.991466784294225,1.5965183810507968
2023-12-24,43025.03,42991.5,33.529999999998836,7.799216124118047,4.193404119250181,1.9966924289906194
2023-12-25,43589.67,43576.13,13.540000000000873,3.1072057110170803,3.921854517191906,2.068338447185875
2023-12-26,42515.53,42508.93,6.599999999998545,1.5526149446709603,3.3295446240616697,2.0350659631526544
2023-12-27,43474.4,43428.85,45.55000000000291,10.488419564413931,5.119263359149735,2.5804436148469305
2023-12-28,42581.23,42563.76,17.470000000001164,4.104430623610433,4.86555517526491,2.6787653573478014
2023-12-29,42063.45,42066.95,-3.5,-0.8320070744372021,3.4411646128393816,2.452263910135866
2023-12-30,42141.03,42140.28,0.75,0.17797698544042007,2.6253677059896408,2.305535721445837
2023-12-31,42288.06,42283.58,4.4799999999959255,1.0595129362256372,2.23390401354864,2.2251471546574373
2024-01-01,44220.78,44179.55,41.229999999995925,9.332372104287057,4.008521036233245,2.6836777965690257
2024-01-02,44972.8,44946.91,25.889999999999418,5.760129005532022,4.4464230285579385,2.8821585197279287
2024-01-03,42862.44,42845.23,17.209999999999127,4.016783198503848,4.339013071044415,2.9553601119070203
2024-01-04,44193.29,44151.1,42.19000000000233,9.55582080627737,5.643215004852654,3.3811962857373654
2024-01-05,44186.59,44145.11,41.479999999995925,9.396284209053363,6.581482305902831,3.7692664743383975
2024-01-06,43992.44,43968.32,24.12000000000262,5.485767934731989,6.307553713110121,3.88000850404121
2024-01-07,43950.28,43929.02,21.260000000002037,4.839625377484058,5.940571629203604,3.9419192700697803
2024-01-08,46995.1,46951.04,44.05999999999767,9.384243671706205,6.801489639829255,4.293036973401163
2024-01-09,46124.08,46110.0,14.080000000001746,3.0535675558440722,5.864509118832959,4.2130712045265115
2024-01-10,46666.11,46653.99,12.12000000000262,2.5978485441435772,5.047843975160613,4.108863290953419
2024-01-11,46342.66,46339.16,3.5,0.7553007003147094,3.974708156449137,3.8925044141380187
2024-01-12,42773.03,42782.73,-9.700000000004366,-2.2672699942249963,2.4142136187806034,3.4950996135984695
2024-01-13,42839.33,42847.99,-8.659999999996217,-2.0210983058943643,1.305385637611861,3.1392158768569964
2024-01-14,41697.33,41732.35,-35.0199999999968,-8.391571526644714,-1.1188536534522833,2.3952941088891446
2024-01-15,42490.16,42511.1,-20.939999999995052,-4.9257723276963095,-2.07058332201329,1.9229672420126636
2024-01-16,43130.45,43137.95,-7.5,-1.7386083483339476,-1.9875895785934543,1.6867365587644951
2024-01-17,42739.49,42776.1,-36.61000000000058,-8.558517489907214,-3.6303215564218947,1.025752426592127
2024-01-18,41293.5,41327.5,-34.0,-8.22696751557661,-4.779483046210574,0.42880275290382136
2024-01-19,41624.07,41659.03,-34.95999999999913,-8.391938074410188,-5.682596803260478,-0.140277300471276
2024-01-20,41666.67,41696.04,-29.37000000000262,-7.0438343785173,-6.0229061970746836,-0.5856680797000517
2024-01-21,41554.05,41580.33,-26.279999999998836,-6.320296159265659,-6.097253687622428,-0.9556440848333168
2024-01-22,39524.27,39568.02,-43.75,-11.056909089713907,-7.337167538145298,-1.607338601277226
2024-01-23,39878.3,39897.6,-19.299999999995634,-4.837383702276377,-6.712221579178068,-1.8157286077933004
2024-01-24,40077.78,40084.88,-7.099999999998545,-1.771241425694292,-5.476976540807123,-1.812858467012719
2024-01-25,39941.66,39961.09,-19.429999999993015,-4.862229733971768,-5.323289839098284,-2.0095920971391092
2024-01-26,41814.8,41823.51,-8.709999999999127,-2.082560741554218,-4.513107564712267,-2.014299751617503
2024-01-27,42126.55,42120.63,5.92000000000553,1.405487049934706,-3.0334589110505235,-1.7936683450657478
2024-01-28,42034.59,42031.06,3.529999999998836,0.839855097634068,-2.065130408879375,-1.62376360682705
2024-01-29,43306.18,43302.7,3.4800000000032014,0.803645038300882,-1.3479365470843105,-1.4671565974639575
2024-01-30,42942.78,42941.1,1.680000000000291,0.39123357342907283,-0.9131440169559646,-1.3472604574063427
2024-01-31,42548.08,42580.0,-31.919999999998254,-7.496477219350872,-2.558977317554692,-1.74398411946728
2024-02-01,43078.81,43082.94,-4.130000000004657,-0.9586161018737549,-2.1588870136344576,-1.6933152151064075
2024-02-02,43181.66,43200.0,-18.339999999996508,-4.245370370369317,-2.6805078528181725,-1.8579639348007888
2024-02-03,43010.67,43011.09,-0.41999999999825377,-0.09764923418531524,-2.034793198159958,-1.7443952444385002
2024-02-04,42568.55,42582.88,-14.32999999999447,-3.365202165751535,-2.367395440057852,-1.8489634329103088
2024-02-05,42657.67,42708.7,-51.029999999998836,-11.948385223619074,-4.762642885948158,-2.5005390323108743
2024-02-06,43095.79,43098.95,-3.1599999999962165,-0.7331965163870358,-3.755281293557877,-2.386516934509336
2024-02-07,44343.61,44349.6,-5.989999999997963,-1.3506322492196077,-3.15411903247331,-2.319685664490644
2024-02-08,45305.2,45288.65,16.549999999995634,3.654337234604288,-1.45200496570391,-1.934264832290971
2024-02-09,47160.41,47132.77,27.640000000006694,5.864285082333165,0.3770675463053591,-1.431132579734575
2024-02-10,47767.06,47751.09,15.970000000001164,3.3444262738302477,1.1189072281865815,-1.1230320085368446
2024-02-11,48316.3,48299.99,16.310000000004948,3.3768122933364175,1.6833834944740407,-0.8327194729321181
2024-02-12,49941.81,49917.27,24.540000000000873,4.916134235706249,2.4915711797820927,-0.4618256852780299
2024-02-13,49725.36,49699.59,25.770000000004075,5.185153438891366,3.164966744559411,-0.09750445146064958
2024-02-14,51858.59,51795.17,63.419999999998254,12.244384949406939,5.434821295771293,0.698746477627582
2024-02-15,51934.29,51880.0,54.29000000000087,10.464533538936394,6.692249356562569,1.3287972557765375
2024-02-16,52162.64,52124.11,38.529999999998836,7.391972735841801,6.867180201382378,1.7199698673936512
2024-02-17,51666.22,51642.64,23.580000000001746,4.565994302383469,6.291883726632651,1.9035843470704137
2024-02-18,52153.63,52137.67,15.959999999999127,3.0611264369895252,5.484194404221869,1.9782644819039048
2024-02-19,51787.05,51774.73,12.319999999999709,2.3795392076397803,4.708030605076346,2.0041531738868645
2024-02-20,52277.52,52258.82,18.69999999999709,3.5783433303682166,4.425608786399313,2.105713829143726
2024-02-21,51851.67,51849.39,2.279999999998836,0.43973516371087484,3.4291403807272034,1.998231334599671
2024-02-22,51258.7,51288.42,-29.720000000001164,-5.794680358646165,1.1231851958838608,1.49546283826123
2024-02-23,50747.05,50744.15,2.900000000001455,0.5714944481294282,0.9852625089452526,1.435851974381759
2024-02-24,51570.65,51568.22,2.430000000000291,0.471220453217569,0.8567519950133317,1.3736176826937467
2024-02-25,51731.0,51728.85,2.150000000001455,0.4156288028833721,0.7464711969808417,1.3118119485124324
2024-02-26,54533.48,54476.47,57.01000000000204,10.46506868011221,3.1761205677636846,1.9023446408737084
2024-02-27,57077.07,57037.34,39.7300000000032,6.965612351488293,4.123493513694837,2.229007073816585
2024-02-28,62518.9,62432.1,86.80000000000291,13.9031043325466,6.568396218407779,2.982174638895941
2024-02-29,61179.03,61130.98,48.049999999995634,7.860171716533859,6.891340092939299,3.2968841277758067
2024-03-01,62436.72,62387.9,48.81999999999971,7.825235342109327,7.1248139052318065,3.5890358190231306
2024-03-02,62045.78,61987.28,58.5,9.437420064244417,7.702965444984959,3.9663509316180523
2024-03-03,63154.49,63113.97,40.5199999999968,6.420131707765009,7.382257010679972,4.124659368788824
2024-03-04,68360.14,68245.71,114.42999999999302,16.767354314284333,9.728531336581062,4.94031710720789
2024-03-05,63800.78,63724.01,76.7699999999968,12.047264445536054,10.308214613819809,5.398829838712933
2024-03-06,66122.28,66074.04,48.24000000000524,7.300900626026063,9.556386116871371,5.521544083055716
2024-03-07,66938.21,66823.17,115.04000000000815,17.215585552137203,11.47118597568783,6.275998371383554
2024-03-08,68289.16,68124.19,164.97000000000116,24.216067743336733,14.657406417600058,7.433422201832146
2024-03-09,68480.0,68313.27,166.72999999999593,24.406678233965806,17.094724371691495,8.528470978098833
2024-03-10,69032.12,68955.88,76.23999999999069,11.05634501365138,15.585129532181465,8.691559625553836
2024-03-11,72110.98,72078.1,32.879999999990105,4.561718469269227,12.829276766453408,8.42511826063225
2024-03-12,71475.93,71452.01,23.919999999998254,3.3477014852345555,10.458882946148693,8.09754298480014
2024-03-13,73135.04,73072.41,62.629999999990105,8.570950376480813,9.986899803731722,8.128085397166636
2024-03-14,71364.58,71388.94,-24.360000000000582,-3.4122932768021474,6.637101533598255,7.383544837555747
2024-03-15,69506.88,69499.85,7.029999999998836,1.0115129744892037,5.230704393820991,6.972446007680486
2024-03-16,65254.22,65300.63,-46.40999999999622,-7.107128981757027,2.1462460499264857,6.064086330942582
2024-03-17,68343.64,68393.48,-49.83999999999651,-7.287244339664323,-0.2121265474712169,5.202710158645362
2024-03-18,67613.04,67609.99,3.0499999999883585,0.45111676543418966,-0.046315719244865224,4.896155746180125
2024-03-19,61906.27,61937.4,-31.130000000004657,-5.026042423480481,-1.2912473953037695,4.256013928782667
2024-03-20,67858.8,67840.51,18.29000000000815,2.6960292603939173,-0.29442823137934754,4.155369756628554
2024-03-21,65484.7,65501.27,-16.56999999999971,-2.5297219427955486,-0.853251659233398,3.724073517956031
2024-03-22,63814.56,63796.64,17.919999999998254,2.8089253603313935,0.06229259565780011,3.665031701335087
2024-03-23,63998.86,63990.01,8.849999999998545,1.383028382087037,0.3924765422651094,3.517805680738438
2024-03-24,67204.93,67209.99,-5.060000000012224,-0.7528642691378984,0.10614133941435741,3.2422785871980295
2024-03-25,69890.28,69880.01,10.270000000004075,1.4696620678789074,0.447021521530495,3.1279162311129247
2024-03-26,69992.4,69988.0,4.399999999994179,0.6286792021481524,0.4924359416849094,2.966675132470036
2024-03-27,69435.96,69469.99,-34.029999999998836,-4.898518050743261,-0.8553025564221336,2.45924331419821
2024-03-28,70801.18,70780.6,20.579999999987194,2.9075763697949952,0.08541717513214876,2.488168027462519
2024-03-29,69903.75,69850.54,53.2100000000064,7.617693435155726,1.9684862401380434,2.8191051505395
2024-03-30,69626.87,69582.18,44.69000000000233,6.422621424049257,3.082020036115847,3.051590071411097
2024-03-31,71288.9,71280.01,8.889999999999418,1.2471939888891725,2.6233135243091783,2.9351774209258115
2024-04-01,69681.82,69649.8,32.020000000004075,4.597285275766971,3.116806462173627,3.0424101857542736
2024-04-02,65464.14,65463.99,0.1500000000014552,0.022913360460119492,2.34333318674525,2.847603938961102
2024-04-03,65987.92,65963.28,24.639999999999418,3.7354115805032784,2.691352785184757,2.9048818513186623
2024-04-04,68525.23,68487.79,37.44000000000233,5.466667854225893,3.385181552445041,3.0701583676352575
2024-04-05,67856.51,67820.62,35.88999999999942,5.291900899755397,3.8618613892726303,3.213496595513976
2024-04-06,68919.89,68896.0,23.889999999999418,3.467545285646967,3.7632823633662147,3.229886833587072
2024-04-07,69350.34,69360.39,-10.05000000000291,-1.4489537904849303,2.460223324903428,2.9280261481630716
2024-04-08,71622.53,71620.0,2.529999999998836,0.3532532812067224,1.9334808139792516,2.761911769649759
2024-04-09,69117.01,69146.0,-28.99000000000524,-4.192578023314297,0.40196610465586413,2.3132350088133684
2024-04-10,70634.04,70631.08,2.959999999991851,0.41907896636939057,0.40624432008424577,2.1910313931718215
2024-04-11,70020.73,70006.23,14.5,2.0712442306924927,0.8224942977363077,2.183303189140897
2024-04-12,67148.61,67116.52,32.08999999999651,4.78123716783907,1.8121800152619985,2.3509118329278764
2024-04-13,64024.77,63924.51,100.25999999999476,15.684124915464892,5.280166240312722,3.2111191285754255
2024-04-14,65777.05,65661.84,115.2100000000064,17.54595972333517,8.346614611068334,4.135947554043796
2024-04-15,63452.18,63419.99,32.19000000000233,5.0756867038304065,7.528882634258852,4.196575886288094
2024-04-16,63814.94,63793.39,21.55000000000291,3.3780929340809784,6.491185209214383,4.143770534532796
2024-04-17,61279.36,61277.37,1.9899999999979627,0.32475284105659696,4.949577117174936,3.897382296244009
2024-04-18,63513.85,63470.08,43.7699999999968,6.896162727381139,5.436223519726487,4.0908520014786625
2024-04-19,63848.37,63818.01,30.360000000000582,4.757277765321533,5.2664870811252475,4.1338472120491705
2024-04-20,64968.87,64940.59,28.280000000006112,4.354749471786601,5.038552678790586,4.148098970741907
2024-04-21,64952.92,64941.15,11.769999999996799,1.8124101590433206,4.232017048853769,3.99740936998716
2024-04-22,66859.17,66819.32,39.84999999999127,5.963843990031137,4.664973784148111,4.1242761196674165
2024-04-23,66414.16,66414.0,0.16000000000349246,0.024091306050078032,3.5047531646236023,3.859748067175975
2024-04-24,64255.78,64289.59,-33.80999999999767,-5.259016273084782,1.3138108051965054,3.2714406903849587
2024-04-25,64484.44,64498.34,-13.89999999999418,-2.155094224129961,0.44658454786488866,2.921341663642061
2024-04-26,63742.39,63770.01,-27.62000000000262,-4.3311895356457075,-0.7478589730127606,2.453436424978334
2024-04-27,63422.0,63461.98,-39.9800000000032,-6.299834956300376,-2.135852968834665,1.8887092390893847
2024-04-28,63108.94,63118.62,-9.680000000000291,-1.533620348480591,-1.9852948137461464,1.6679137818268057
2024-04-29,63844.85,63866.0,-21.150000000001455,-3.3116212069017603,-2.31687641203505,1.3466534599733497
2024-04-30,60622.1,60672.0,-49.900000000001455,-8.22455168776437,-3.79379523096738,0.7291563536676905
2024-05-01,58265.59,58364.97,-99.38000000000466,-17.02733677409696,-7.102180616749775,-0.4164238481235772
2024-05-02,59071.89,59060.61,11.279999999998836,1.9099023867164,-4.849159865883231,-0.2663382845855141
2024-05-03,62913.03,62882.01,31.0199999999968,4.933048418775954,-2.403607794718434,0.06910601885716124
2024-05-04,63902.88,63892.04,10.839999999996508,1.6966119723194062,-1.378552852958974,0.17410640295149962
2024-05-05,64023.45,64012.0,11.44999999999709,1.7887271136651783,-0.5867328613029356,0.27827548106205957
2024-05-06,63162.24,63165.19,-2.9500000000043656,-0.4670293875475018,-0.5568069928640771,0.23019129599047497
2024-05-07,62315.76,62312.08,3.680000000000291,0.5905756957558239,-0.2699613207091018,0.2534419024269491
2024-05-08,61169.53,61193.03,-23.5,-3.840306649303127,-1.1625476528576082,-0.010670907362088068
2024-05-09,63073.57,63074.01,-0.4400000000023283,-0.0697593192511281,-0.8893505694559881,-0.014483062967832586
2024-05-10,60787.47,60799.99,-12.519999999996799,-2.0592108650008267,-1.1818156433421978,-0.14640098567963863
2024-05-11,60814.63,60825.99,-11.360000000000582,-1.86762270536045,-1.3532674088467609,-0.257447548239691
2024-05-12,61453.02,61483.99,-30.970000000001164,-5.037083637545736,-2.2742214660215048,-0.5658111669045972
2024-05-13,62932.37,62940.08,-7.709999999999127,-1.2249746107728665,-2.011909752209345,-0.60833784070255
2024-05-14,61539.84,61577.49,-37.650000000001455,-6.114247267954287,-3.037494131145581,-0.9635578037510492
2024-05-15,66244.69,66206.5,38.19000000000233,5.768315799807855,-0.8360416484072217,-0.5292433777149909
2024-05-16,65252.18,65235.21,16.970000000001164,2.6013559242010764,0.02330774474485298,-0.3272692292042768
2024-05-17,67046.33,67024.0,22.330000000001746,3.3316423967533204,0.8503914077469701,-0.09121041462636731
2024-05-18,66923.87,66915.2,8.669999999998254,1.2956697431976139,0.961710991609631,-0.0017342754119169166
2024-05-19,66261.62,66274.01,-12.389999999999418,-1.869511140188962,0.25390545865998265,-0.12223600862333918
2024-05-20,71432.17,71446.62,-14.44999999999709,-2.0224889574893545,-0.31519314537735177,-0.2448329730663079
2024-05-21,70142.84,70148.34,-5.5,-0.7840527658953267,-0.4324080505068455,-0.27962134679721234
2024-05-22,69109.93,69166.62,-56.69000000000233,-8.196150108246147,-2.3733435649416714,-0.7903651378584339
2024-05-23,67940.45,67969.65,-29.19999999999709,-4.296035068592774,-2.8540164408544473,-1.0165373914541977
2024-05-24,68547.8,68549.99,-2.1900000000023283,-0.31947488249084444,-2.2203810512635465,-0.9715656166823685
2024-05-25,69289.67,69290.57,-0.9000000000087311,-0.12988780435874148,-1.697757739537345,-0.9172638223389088
2024-05-26,68473.72,68507.67,-33.94999999999709,-4.955649491509284,-2.51223067753033,-1.1778048332531266
2024-05-27,69368.72,69436.43,-67.70999999999185,-9.751365385575195,-4.322014354541547,-1.730937772112615
2024-05-28,68321.98,68398.39,-76.41000000000349,-11.171315582135799,-6.034339661440111,-2.3399944050173365
2024-05-29,67569.45,67652.42,-82.97000000000116,-12.26415847356277,-7.5917943644707755,-2.9802630546009126
2024-05-30,68338.58,68352.17,-13.589999999996508,-1.988232414567026,-6.190903876994838,-2.9162610778245326
2024-05-31,67472.41,67540.01,-67.59999999999127,-10.008882142598097,-7.145398443395653,-3.3738495336163754
2024-06-01,67719.29,67766.85,-47.560000000012224,-7.018180718155742,-7.1135940120856755,-3.608967674554399
2024-06-02,67735.52,67765.63,-30.110000000000582,-4.443255378869804,-6.446009353781708,-3.6627926877360384
2024-06-03,68791.0,68809.9,-18.89999999999418,-2.7466977862189434,-5.5211814618910156,-3.603689790863968
2024-06-04,70542.32,70537.84,4.480000000010477,0.6351201000787121,-3.982106071398583,-3.330218184996698
2024-06-05,71121.11,71108.0,13.110000000000582,1.8436744107552805,-2.5256609508601167,-2.9964186626901186
2024-06-06,70773.64,70799.06,-25.419999999998254,-3.5904431499511613,-2.791856500632878,-3.034742823158573
2024-06-07,69324.53,69355.6,-31.070000000006985,-4.479811291374647,-3.2138451983183205,-3.1279730469144487
2024-06-08,69304.05,69310.46,-6.4100000000034925,-0.9248243338744189,-2.641589982207345,-2.9858344202667046
2024-06-09,69637.87,69648.14,-10.270000000004075,-1.4745548122330199,-2.3498311897137634,-2.8883325100709833
2024-06-10,69497.73,69540.0,-42.270000000004075,-6.078515962036901,-3.2820023827945484,-3.094150797294591
2024-06-11,67316.53,67314.24,2.289999999993597,0.3401954772108695,-2.3764529177931935,-2.872580069907142
2024-06-12,68248.6,68263.99,-15.389999999999418,-2.2544829272352906,-2.3459604201537174,-2.832702834896055
2024-06-13,66738.85,66773.01,-34.15999999998894,-5.115839468670114,-3.038430182282817,-2.9800019725588975
2024-06-14,66004.39,66043.99,-39.60000000000582,-5.996003572771302,-3.7778235299049383,-3.1745827209596977
2024-06-15,66192.0,66228.25,-36.25,-5.473495071967038,-4.2017414154204635,-3.322899646831139
2024-06-16,66628.75,66676.87,-48.11999999999534,-7.216895454149608,-4.955529925102749,-3.5741251827871694
2024-06-17,66481.81,66504.33,-22.520000000004075,-3.38624567753798,-4.563208863211557,-3.562003924383996
2024-06-18,65152.8,65175.32,-22.5199999999968,-3.455295654858359,-4.286230561123257,-3.555119519898471
2024-06-19,64943.79,64974.37,-30.580000000001746,-4.706471182406302,-4.391290716444018,-3.6294002723183314
2024-06-20,64840.88,64869.99,-29.110000000000582,-4.4874371030423355,-4.415327313093597,-3.684757487203751
2024-06-21,64120.28,64143.56,-23.279999999998836,-3.629358894330359,-4.218835208402788,-3.681183384437726
2024-06-22,64235.01,64262.01,-27.0,-4.2015492512603725,-4.214513719117184,-3.714755375845639
2024-06-23,63171.43,63210.01,-38.580000000001746,-6.103463676085941,-4.6867512083593725,-3.868865588764368
2024-06-24,60263.0,60293.3,-30.30000000000291,-5.025434003447238,-4.771421907131338,-3.943482905840682
2024-06-25,61789.71,61806.01,-16.30000000000291,-2.637283979342042,-4.237887425184014,-3.859212007356899
2024-06-26,60816.68,60864.99,-48.30999999999767,-7.93723945407665,-5.162725432407172,-4.122310552306561
2024-06-27,61615.39,61706.47,-91.08000000000175,-14.760202617326579,-7.562094728637025,-4.808626169404627
2024-06-28,60313.35,60427.84,-114.48999999999796,-18.946565026980444,-10.40821230322288,-5.720751256990163
2024-06-29,60885.67,60986.68,-101.01000000000204,-16.56263302085015,-11.946817482629697,-6.42022749981984
2024-06-30,62668.26,62772.01,-103.75,-16.52806720702449,-13.092129913728396,-7.072346190607237
2024-07-01,62830.13,62899.99,-69.86000000000058,-11.106520048731472,-12.595727447479167,-7.332615471776542
2024-07-02,62040.22,62135.47,-95.25,-15.329408468303107,-13.279147702685153,-7.848537600584707
2024-07-03,60145.01,60208.58,-63.56999999999971,-10.558295844212973,-12.598934738067108,-8.023360713076853
2024-07-04,57042.14,57050.01,-7.870000000002619,-1.3794914321663132,-9.794073911591907,-7.594723985276174
2024-07-05,56639.43,56628.79,10.639999999999418,1.8789029396537593,-6.87582969878049,-6.98352224818392
2024-07-06,58244.75,58230.13,14.62000000000262,2.510727693720849,-4.5291903506551545,-6.370989993867483
2024-07-07,55854.09,55857.81,-3.720000000001164,-0.6659767004835171,-3.563386938112245,-6.002924620100775
2024-07-08,56699.43,56714.62,-15.190000000002328,-2.678321744904455,-3.3421206398102976,-5.788434112023594
2024-07-09,58047.86,58050.0,-2.139999999999418,-0.3686477174846825,-2.5987524092288936,-5.438770473666244
2024-07-10,57712.59,57725.85,-13.260000000002037,-2.297064486708189,-2.5233304285987175,-5.23607976483024
2024-07-11,57340.77,57339.89,0.8799999999973807,0.15347082109817833,-1.8541301161744934,-4.888366823802601
2024-07-12,57909.03,57889.1,19.93000000000029,3.442789747982733,-0.5299001501351864,-4.3508728514293535
2024-07-13,59224.58,59204.02,20.560000000004948,3.472737155350014,0.47075917623611396,-3.846123818733911
2024-07-14,60808.42,60797.91,10.509999999994761,1.7286778443525996,0.7852388432652355,-3.486459195308975
2024-07-15,64757.16,64724.14,33.020000000004075,5.101651408578878,1.8643419845936462,-2.9323875434452424
2024-07-16,65088.99,65043.99,45.0,6.918394766373126,3.127855180038517,-2.296853200876315
2024-07-17,64085.81,64087.99,-2.180000000000291,-0.34015733681114213,2.260852050826102,-2.170614758033401
2024-07-18,63982.86,63987.92,-5.059999999997672,-0.7907742586410471,1.4979454734593143,-2.0815927903306686
2024-07-19,66707.61,66660.0,47.61000000000058,7.142214221422805,2.909012660450187,-1.4865084669917348
2024-07-20,67163.83,67139.96,23.869999999995343,3.555259788656784,3.0705744425018366,-1.1612330956595724
2024-07-21,68181.28,68165.34,15.940000000002328,2.338431818869058,2.8875387865936415,-0.9354482624641769
2024-07-22,67558.22,67532.01,26.210000000006403,3.881122448452512,3.1359347020583592,-0.6247017649856809
2024-07-23,65939.24,65936.01,3.2300000000104774,0.48986888955049324,2.4744182489313924,-0.5527939808220567
2024-07-24,65366.4,65376.0,-9.599999999998545,-1.468428781203901,1.4887064913975687,-0.6118671937499175
2024-07-25,65795.42,65799.95,-4.529999999998836,-0.6884503711623857,0.9444172757575799,-0.6168080439055607
2024-07-26,67924.08,67907.99,16.089999999996508,2.369382454110447,1.3006585703457967,-0.42415059242065695
2024-07-27,67899.41,67896.5,2.9100000000034925,0.42859352102242454,1.0826423080149536,-0.3691348431662646
2024-07-28,68244.3,68249.88,-5.580000000001746,-0.817583855092785,0.6075857672380188,-0.3980670374841046
2024-07-29,66771.45,66784.69,-13.240000000005239,-1.9824902983012205,-0.039933249146791146,-0.5002878930206928
2024-07-30,66169.68,66188.0,-18.320000000006985,-2.7678733305136483,-0.7219182694885056,-0.6465837276976576
2024-07-31,64609.62,64628.0,-18.37999999999738,-2.8439685585190944,-1.252430841746153,-0.7883504909764599
2024-08-01,65288.18,65354.02,-65.83999999999651,-10.074361148709743,-3.457913418487051,-1.387447952765704
2024-08-02,61418.06,61498.33,-80.27000000000407,-13.052386950995754,-5.856531801614227,-2.1400246623289325
2024-08-03,60674.93,60697.99,-23.05999999999767,-3.799137335519509,-5.342183185090547,-2.24706418963155
2024-08-04,58130.95,58161.0,-30.05000000000291,-5.1666924571458495,-5.298310503104372,-2.4354273036647305
2024-08-05,54029.12,54018.81,10.310000000004948,1.9085944322005943,-3.4965842692781304,-2.1551678368347096
2024-08-06,56048.08,56022.01,26.06999999999971,4.65352814010167,-1.4590561669331799,-1.7158971286452658
2024-08-07,55148.1,55134.16,13.939999999995052,2.5283780509210985,-0.46219761246961,-1.4420729235119518
2024-08-08,61705.58,61685.99,19.590000000003783,3.1757616275607248,0.4472921975379739,-1.1441481137653275
2024-08-09,60862.13,60837.99,24.139999999999418,3.9679154423089003,1.3274480087307057,-0.8143375617605386
2024-08-10,60935.02,60923.51,11.509999999994761,1.8892542468407214,1.4678995682582097,-0.6399122837862637
2024-08-11,58722.49,58712.59,9.900000000001455,1.6861800850542785,1.522469697457227,-0.4898418083771965
2024-08-12,59358.78,59346.64,12.139999999999418,2.0456086477693702,1.653254435035263,-0.326264359593547
2024-08-13,60603.19,60587.15,16.040000000000873,2.6474260631181856,1.9017973420559937,-0.13441336457988684
2024-08-14,58690.62,58683.39,7.230000000003201,1.2320351636141424,1.734356797445531,-0.04625539501898172
2024-08-15,57543.61,57541.06,2.5500000000029104,0.4431618048061914,1.4115580492856958,-0.014680091804454422
2024-08-16,58888.99,58874.6,14.389999999999418,2.4441779646910966,1.6697130281370463,0.14395591184041984
2024-08-17,59497.49,59491.99,5.5,0.9244942050190552,1.4834083223575483,0.19431322107775115
2024-08-18,58437.9,58427.35,10.55000000000291,1.80566121859016,1.5639715464157014,0.29827115640113233
2024-08-19,59452.67,59438.5,14.169999999998254,2.3839767154276714,1.768972838668694,0.43283280537058644
2024-08-20,59017.59,59013.8,3.789999999993597,0.642222666562553,1.4872852956421585,0.44634182867329397
2024-08-21,61163.28,61156.03,7.25,1.1854922564458192,1.4118370358430736,0.494028953045715
2024-08-22,60383.29,60375.84,7.450000000004366,1.2339372835223905,1.3673620977629029,0.5417649743667909
2024-08-23,64086.72,64037.24,49.4800000000032,7.726753995018765,2.9572100720768684,1.0053126531185312
2024-08-24,64179.63,64157.01,22.619999999995343,3.525725403972224,3.0993389050507076,1.1679199273671566
2024-08-25,64251.93,64220.0,31.93000000000029,4.971971348488591,3.5674970159101784,1.4133425996975717
2024-08-26,62840.0,62834.0,6.0,0.9548970302697413,2.914347019500069,1.3837654661860987
2024-08-27,59439.64,59415.0,24.639999999999418,4.147100900446787,3.2225354897367486,1.5620451716222723
2024-08-28,59045.88,59034.9,10.979999999995925,1.8599167611021983,2.881880807578111,1.581262693524203
2024-08-29,59364.47,59359.01,5.459999999999127,0.9198266615295658,2.3913672710659744,1.5385894011374521
2024-08-30,59112.77,59123.99,-11.220000000001164,-1.8977068360914728,1.3190987442766122,1.316892869703328
2024-08-31,58968.37,58973.99,-5.619999999995343,-0.9529624839688111,0.7510834372152563,1.1704505888212544
2024-09-01,57299.0,57301.86,-2.860000000000582,-0.49911119813561555,0.4385347783775383,1.0627369251466177
2024-09-02,59139.83,59132.13,7.700000000004366,1.3021685503300517,0.6544432213656667,1.0781841267713552
2024-09-03,57468.84,57487.73,-18.890000000006694,-3.28591857775673,-0.3306472284149327,0.7966291135759949
2024-09-04,57971.0,57970.9,0.09999999999854481,0.017250034067828324,-0.24367291279424244,0.7463465923174035
2024-09-05,56156.82,56180.0,-23.18000000000029,-4.126023495906184,-1.214260558572228,0.43200013501265594
2024-09-06,53950.01,53962.97,-12.959999999999127,-2.4016469071286295,-1.5111071457113285,0.2491841968099924
2024-09-07,54156.33,54160.86,-4.529999999998836,-0.8363973541036795,-1.3424296978094161,0.1791466773962071
2024-09-08,54881.11,54869.95,11.160000000003492,2.033900158466828,-0.49834723374035483,0.2988081923039891
2024-09-09,57053.9,57042.0,11.900000000001455,2.0861821114270818,0.14778510255150443,0.4141226386990273
2024-09-10,57645.59,57635.99,9.599999999998545,1.6656259396263806,0.5272453118202235,0.49486478714595333
2024-09-11,57352.79,57338.0,14.790000000000873,2.579441208274691,1.0402942859338404,0.6293535885090977
2024-09-12,58137.54,58132.32,5.220000000001164,0.8979514321816318,1.0047085724957883,0.6466824816492612
2024-09-13,60543.35,60498.0,45.349999999998545,7.496115574068263,2.627560322888907,1.0885813908375839
2024-09-14,60012.35,59993.03,19.31999999999971,3.2203741001235464,2.775763767197567,1.226116404339904
2024-09-15,59122.33,59132.0,-9.669999999998254,-1.6353243590605526,1.6729917356330368,1.041507322830197
2024-09-16,58208.75,58213.99,-5.239999999997963,-0.9001272718123232,1.0297119837716966,0.9162405747887441
2024-09-17,60312.6,60313.99,-1.389999999999418,-0.23046062779141785,0.7146688308809178,0.8422598520416369
2024-09-18,61769.18,61759.99,9.190000000002328,1.4880183756504906,0.9080062170733111,0.8839216922744662
2024-09-19,62960.14,62947.99,12.150000000001455,1.9301648869163301,1.1635458845340658,0.9514212532191025
2024-09-20,63210.69,63201.05,9.639999999999418,1.5252911146257375,1.2539821920569836,0.9884451152453371
2024-09-21,63362.74,63348.96,13.779999999998836,2.1752527586871295,1.48429983371452,1.0650133503060977
2024-09-22,63577.66,63578.76,-1.0999999999985448,-0.17301375490830218,1.0699714365588142,0.9851406338406525
2024-09-23,63338.87,63339.99,-1.1199999999953434,-0.17682352017933667,0.7582726973742765,0.9101752045490403
2024-09-24,64272.93,64262.7,10.230000000003201,1.5919032346922712,0.9666803317037752,0.9541576581066681
2024-09-25,63130.89,63152.01,-21.12000000000262,-3.344311606234829,-0.11106765278087607,0.6768370604072167
2024-09-26,65177.21,65173.99,3.220000000001164,0.4940621250892896,0.04021479168666537,0.6650451290963827
2024-09-27,65789.0,65769.95,19.05000000000291,2.8964595533365056,0.7542759820991256,0.8090073500151003
2024-09-28,65858.99,65858.0,0.9900000000052387,0.15032342312260027,0.6032878423549942,0.7665116127962293
2024-09-29,65600.01,65602.01,-2.0,-0.30486870752910455,0.3762487048839695,0.6973903018074981
2024-09-30,63301.25,63327.59,-26.339999999996508,-4.159324553484334,-0.7576446097081067,0.38405385953060567
2024-10-01,60790.0,60805.78,-15.779999999998836,-2.595148027045857,-1.2170204640425444,0.1918472862030919
2024-10-02,60631.37,60649.28,-17.909999999996217,-2.9530441251723882,-1.6510263793250055,-0.011048933885648739
2024-10-03,60744.99,60752.71,-7.720000000001164,-1.270725207155321,-1.5559510862825845,-0.09231837087078888
2024-10-04,62090.71,62086.0,4.709999999999127,0.758625132879498,-0.9773070314920638,-0.0374187899836736
2024-10-05,62051.29,62058.0,-6.709999999999127,-1.0812465757836787,-1.0032919175649675,-0.10476251809980297
2024-10-06,62810.86,62819.91,-9.05000000000291,-1.4406260690280615,-1.1126254554307409,-0.19094726332098094
2024-10-07,62200.28,62224.0,-23.720000000001164,-3.8120339418878935,-1.787477577045029,-0.4245657587123947
2024-10-08,62122.02,62160.49,-38.470000000001164,-6.188818653134476,-2.887812846067391,-0.7964530422234968
2024-10-09,60578.28,60636.02,-57.73999999999796,-9.52239279556899,-4.546457833442791,-1.3594168972780447
2024-10-10,60279.53,60326.39,-46.86000000000058,-7.767744763113038,-5.351779565860353,-1.7728574047512702
2024-10-11,62518.75,62540.0,-21.25,-3.397825391748821,-4.8632910223324695,-1.8776940490736929
2024-10-12,63187.47,63206.22,-18.75,-2.9664801976769795,-4.389088316168597,-1.9479383167255178
2024-10-13,62845.3,62870.02,-24.719999999993888,-3.931921764935842,-4.274796678360408,-2.075937248868119
2024-10-14,66065.65,66083.99,-18.34000000001106,-2.775256155085337,-3.8999115475416404,-2.1210545976563266
2024-10-15,67056.6,67074.14,-17.539999999993597,-2.615016756084554,-3.578687849677369,-2.1529231240065347
2024-10-16,67608.44,67620.01,-11.569999999992433,-1.7110319859447998,-3.1117738837442266,-2.1244140183251323
2024-10-17,67402.33,67421.78,-19.44999999999709,-2.8848244588020044,-3.0550365275086713,-2.173472756420414
2024-10-18,68426.11,68428.0,-1.889999999999418,-0.2762027240310605,-2.3603280766392682,-2.051068238201746
2024-10-19,68363.73,68378.0,-14.270000000004075,-2.086928544269284,-2.2919781935467722,-2.053381806335136
2024-10-20,69014.86,69031.99,-17.130000000004657,-2.4814582340748625,-2.3393482036787945,-2.08099964038286
2024-10-21,67346.15,67377.5,-31.35000000000582,-4.652888575563674,-2.9177332966500145,-2.246927958781622
2024-10-22,67380.08,67426.0,-45.919999999998254,-6.8104292112836085,-3.8909072753084133,-2.5413473944269116
2024-10-23,66601.11,66668.65,-67.5399999999936,-10.13069861171556,-5.4508551094102,-3.0309829568326307
2024-10-24,68156.84,68198.28,-41.44000000000233,-6.076399580752234,-5.607241227245708,-3.2274614486984112
2024-10-25,66564.51,66698.33,-133.82000000000698,-20.063470854518872,-9.221298634064,-4.313655603912634
2024-10-26,67012.56,67092.76,-80.19999999999709,-11.953599762477563,-9.90437391616739,-4.806555227045855
2024-10-27,67943.19,68021.7,-78.50999999999476,-11.541905009724296,-10.313756689556618,-5.241093922702529
2024-10-28,69924.5,69962.21,-37.7100000000064,-5.390052715602556,-9.082830696068102,-5.250704167405756
2024-10-29,72724.35,72736.42,-12.069999999992433,-1.6594162869154605,-7.226977093779942,-5.019008175116059
2024-10-30,72322.91,72344.74,-21.830000000001746,-3.0174965035467682,-6.174606946221649,-4.889878389853524
2024-10-31,70197.83,70292.01,-94.17999999999302,-13.39839335935844,-7.9805535495058475,-5.438814839499003
2024-11-01,69467.29,69496.01,-28.720000000001164,-4.1326113542350384,-7.018568000688146,-5.354543646901328
2024-11-02,69358.94,69374.74,-15.80000000000291,-2.2774860129204377,-5.833297503746218,-5.156023799547722
2024-11-03,68738.18,68775.99,-37.810000000012224,-5.497558086769994,-5.749362649502161,-5.178058269691094
2024-11-04,67807.48,67850.01,-42.529999999998836,-6.268237838137347,-5.879081446660957,-5.248392435397305
2024-11-05,69380.73,69372.01,8.720000000001164,1.2569911121218524,-4.095063306965255,-4.82869027104123
2024-11-06,75646.55,75571.99,74.55999999999767,9.866089274610523,-0.6047751615713094,-3.880639977773375
2024-11-07,75920.0,75857.89,62.11000000000058,8.187678302151724,1.5933382043594495,-3.1020387984233686
2024-11-08,76566.73,76509.78,56.94999999999709,7.44349284496737,3.05587686451143,-2.421681918204611
2024-11-09,76716.06,76677.46,38.59999999999127,5.0340738986376365,3.550426123042982,-1.9406654138922077
2024-11-10,80428.92,80370.01,58.91000000000349,7.329848534298744,4.495281725856922,-1.3425677398153721
2024-11-11,88770.73,88647.99,122.73999999999069,13.845773604115319,6.832904695421522,-0.36267474988435977
2024-11-12,88035.43,87952.01,83.41999999999825,9.484717859205016,7.495857986367396,0.2726409023149548
2024-11-13,90493.82,90375.2,118.6200000000099,13.125282157053775,8.90321402903899,1.1018435639110078
2024-11-14,87340.4,87325.59,14.809999999997672,1.6959518968029386,7.101398495979977,1.1401731337750032
2024-11-15,91058.36,91032.07,26.289999999993597,2.8879932094261207,6.048047174341513,1.2529357193008817
2024-11-16,90636.24,90586.92,49.320000000006985,5.444494635649111,5.897159039668412,1.523358875194316
2024-11-17,89886.69,89855.99,30.69999999999709,3.416578015555949,5.277013783640296,1.6455020455402276
2024-11-18,90520.3,90464.08,56.220000000001164,6.214621317102154,5.5114156670057595,1.9402839340280937
2024-11-19,92435.89,92310.79,125.10000000000582,13.552045215949882,7.521573054241791,2.689429823184338
2024-11-20,94393.15,94286.56,106.58999999999651,11.30489859848538,8.467404440302689,3.245266518365051
2024-11-21,98439.09,98317.12,121.97000000000116,12.405774294446115,9.451996903838545,3.8362670200477
2024-11-22,99024.03,98892.0,132.02999999999884,13.350928285402741,10.426729749229594,4.450116133941574
2024-11-23,97778.77,97672.4,106.3700000000099,10.890486974826086,10.542669055628716,4.865623930127671
2024-11-24,98028.18,97900.04,128.13999999999942,13.088860842140893,11.17921700225676,5.396155343805943
2024-11-25,93000.01,93010.01,-10.0,-1.075153093736958,8.11562447825833,4.978651573641885
2024-11-26,91929.54,91965.16,-35.620000000009895,-3.873205896668397,5.1184168845266464,4.40756399491219
2024-11-27,95951.19,95863.11,88.08000000000175,9.188101658708092,6.135838078072009,4.715985779673216
2024-11-28,95665.53,95643.98,21.55000000000291,2.2531475582687754,5.1651654481212,4.55709299119551
2024-11-29,97490.56,97460.0,30.55999999999767,3.135645392982056,4.657785434336414,4.465386694536577
2024-11-30,96465.42,96407.99,57.429999999993015,5.956975142826781,4.982582861459005,4.561618207329493
2024-12-01,97263.18,97185.18,78.0,8.025915062357392,5.743415911683601,4.785121230234519
2024-12-02,95862.89,95840.62,22.270000000004075,2.3236494087797155,4.88847428595763,4.626316596592273
2024-12-03,95924.52,95849.69,74.83000000000175,7.807015338285872,5.61810954903969,4.831522967024117
2024-12-04,98746.24,98587.32,158.91999999999825,16.119720061362752,8.243512177120456,5.55979374730403
2024-12-05,97044.23,96945.63,98.59999999999127,10.170649259795272,8.72529644778916,5.857268296497013
2024-12-06,99891.35,99740.84,150.5100000000093,15.09010752265727,10.316499216506188,6.452935343346062
2024-12-07,99929.32,99831.99,97.33000000000175,9.749379933225999,10.17471939568614,6.665609187854445
2024-12-08,101174.99,101109.59,65.40000000000873,6.468229175888851,9.248096840736816,6.652874993534084
2024-12-09,97324.81,97276.47,48.33999999999651,4.969341506737557,8.178408007237001,6.544259929869792
2024-12-10,96660.76,96593.0,67.75999999999476,7.015001087034012,7.8875562771862535,6.574630327106194
2024-12-11,101202.11,101125.0,77.11000000000058,7.625216316440309,7.8219712869997675,6.642410068353555
2024-12-12,100030.47,100004.29,26.180000000007567,2.6178876926197248,6.520950388404757,6.382763463467502
2024-12-13,101428.75,101424.25,4.5,0.4436808751351329,5.0016330100873505,5.999596844865414
2024-12-14,101399.99,101420.0,-20.00999999999476,-1.9729836324189343,3.257978849460779,5.4852368140728744
2024-12-15,104447.76,104463.99,-16.230000000010477,-1.5536454236542152,2.05507278118203,5.031115379380804
2024-12-16,106099.81,106058.66,41.14999999999418,3.879928333998528,2.5112866693861546,4.956845247420657
2024-12-17,106136.99,106133.74,3.25,0.3062174196433176,1.9600193569504452,4.656804742402763
2024-12-18,100150.73,100204.01,-53.279999999998836,-5.31715247723108,0.14072639840506354,4.013323631458644
2024-12-19,97372.21,97461.86,-89.64999999999418,-9.198470047667717,-2.1940727131131323,3.1609498457085565
2024-12-20,97765.0,97805.44,-40.44000000000233,-4.134739335562854,-2.6792393687255625,2.690260221110401
2024-12-21,97230.08,97291.99,-61.91000000000349,-6.363319323615668,-3.6002593574480892,2.1061583149990413
2024-12-22,95087.75,95186.27,-98.52000000000407,-10.350232234124235,-5.287752576617126,1.3025202150556041
2024-12-23,94764.56,94881.47,-116.91000000000349,-12.321689366744382,-7.046236774148941,0.4235389517136696
2024-12-24,98594.47,98663.58,-69.11000000000058,-7.004611022628504,-7.035830336268832,-0.0556965305019545
2024-12-25,99346.28,99429.6,-83.32000000000698,-8.379798369902991,-7.371822344677373,-0.5927353588504085
2024-12-26,95669.49,95791.6,-122.11000000000058,-12.747464287056198,-8.71573283027208,-1.376911418734653
2024-12-27,94171.89,94299.03,-127.13999999999942,-13.482641337879686,-9.90745995717398,-2.157926252227881
2024-12-28,95130.82,95300.0,-169.17999999999302,-17.752360965371807,-11.868685209223438,-3.164018814366199
2024-12-29,93563.35,93738.2,-174.84999999999127,-18.653014459418806,-13.56476752177228,-4.163308855982496
2024-12-30,92620.71,92792.05,-171.3399999999965,-18.464943925691202,-14.789811622752012,-5.08599498951209
2024-12-31,93354.22,93576.0,-221.77999999999884,-23.700521501239802,-17.01748909237396,-6.286932183817104
2025-01-01,94383.59,94591.79,-208.1999999999971,-22.01036686164781,-18.265708534692422,-7.301347324322311
2025-01-02,96903.19,96984.79,-81.59999999999127,-8.413690435375987,-15.802704009863312,-7.3731113960031935
2025-01-03,98136.51,98174.18,-37.669999999998254,-3.83705776814236,-12.811292449433074,-7.144978903883139
2025-01-04,98209.85,98220.5,-10.64999999999418,-1.0842950300593568,-9.879543094589645,-6.753967041055798
2025-01-05,98345.33,98363.61,-18.279999999998836,-1.8584108492969431,-7.874260033266468,-6.438124706103614
2025-01-06,102279.41,102235.6,43.80999999999767,4.2852000672954915,-4.834395008125978,-5.746297301368188
2025-01-07,96941.98,96954.61,-12.630000000004657,-1.3026714253194793,-3.951464112424353,-5.459611760977948
2025-01-08,95036.63,95060.61,-23.979999999995925,-2.5226011068091303,-3.5942483610205476,-5.270127202644477
2025-01-09,92547.44,92552.49,-5.05000000000291,-0.5456363194555891,-2.8320953506293076,-4.965321339212936
2025-01-10,94701.18,94726.11,-24.930000000007567,-2.6317981388668255,-2.782021047688687,-4.814771455319638
2025-01-11,94565.02,94599.99,-34.970000000001164,-3.696617726914875,-3.0106702174952344,-4.7426325050999765
2025-01-12,94509.62,94545.06,-35.44000000000233,-3.748477181145793,-3.1951219584078743,-4.678493451941642
2025-01-13,94506.45,94536.1,-29.65000000000873,-3.136368011797952,-3.1804334717553937,-4.5790014880614045
2025-01-14,96534.96,96560.86,-25.89999999999418,-2.682246202031502,-3.055886654324421,-4.456630179285281
2025-01-15,100510.23,100497.35,12.879999999990105,1.2816258339132247,-1.9715085322650094,-4.086420113917636
2025-01-16,99981.78,99987.3,-5.5200000000040745,-0.5520701129047012,-1.6166489274249325,-3.858397533207124
2025-01-17,104107.0,104077.48,29.520000000004075,2.83634845886116,-0.5033995808534092,-3.4264784369446537
2025-01-18,104435.0,104556.23,-121.22999999999593,-11.594717980937252,-3.276229180874371,-3.953461633331273
2025-01-19,101211.13,101331.57,-120.44000000000233,-11.885733143185417,-5.428605171452133,-4.465221085579928
2025-01-20,102145.43,102260.01,-114.58000000000175,-11.204771053708873,-6.872646642016319,-4.900030760943085
2025-01-21,106159.26,106143.82,15.439999999987776,1.4546301423856711,-4.790827445915821,-4.490052638147682
2025-01-22,103667.11,103706.66,-39.55000000000291,-3.8136412839828715,-4.546530905432584,-4.446413195943501
2025-01-23,103926.36,103910.34,16.020000000004075,1.5417137505280287,-3.0244697414424304,-4.060082425203403
2025-01-24,104850.27,104870.5,-20.229999999995925,-1.929045823181319,-2.7506137618771525,-3.922596192814881
2025-01-25,104733.56,104746.85,-13.290000000008149,-1.2687732375726846,-2.3801536308010354,-3.7513818086057067
2025-01-26,102563.0,102620.0,-57.0,-5.554472812316913,-3.1737334261800054,-3.8677102604580424
2025-01-27,102062.42,102082.83,-20.410000000003492,-1.9993567968290549,-2.8801392688422673,-3.747171327320688
2025-01-28,101290.0,101335.52,-45.520000000004075,-4.492008330346797,-3.2831065342184003,-3.7952253275159213
2025-01-29,103747.25,103733.24,14.009999999994761,1.3505796213442167,-2.124684995327746,-3.4632379114604284
2025-01-30,104742.64,104722.94,19.69999999999709,1.8811542151131455,-1.1232251927175227,-3.1184384194234234
2025-01-31,102411.26,102429.56,-18.30000000000291,-1.7865936356653567,-1.289067303454481,-3.032512949503548
2025-02-01,100623.85,100635.65,-11.799999999988358,-1.1725467068568474,-1.2599371543050726,-2.9125151273973096
2025-02-02,97676.52,97700.59,-24.069999999992433,-2.463649400683554,-1.560865215899693,-2.883556048254487
2025-02-03,101460.2,101328.52,131.67999999999302,12.995354121425606,2.0781896184316326,-1.8591102308557714
2025-02-04,97795.05,97763.13,31.919999999998254,3.2650345789875246,2.3749008585706055,-1.5285202431239457
2025-02-05,96638.33,96612.43,25.90000000000873,2.6808144666290445,2.4513792605852154,-1.2569502618495594
2025-02-06,96564.62,96554.35,10.269999999989523,1.0636496439553333,2.1044468564277445,-1.107234138894405
2025-02-07,96537.08,96506.8,30.279999999998836,3.13760273887409,2.3627358270393306,-0.8333736951674052
2025-02-08,96476.25,96444.74,31.50999999999476,3.2671558863639483,2.588840841870485,-0.5688233995847373
2025-02-09,96475.82,96462.75,13.070000000006985,1.354927161003605,2.280362421653765,-0.444710460191941
2025-02-10,97444.41,97430.82,13.589999999996508,1.3948358435245112,2.0589807771214512,-0.32603005350055697
2025-02-11,95774.08,95778.2,-4.119999999995343,-0.43016051669342303,1.4366954536677323,-0.3327481479000967
2025-02-12,97862.53,97869.99,-7.460000000006403,-0.7622356965608645,0.8869626661105829,-0.360457022007243
2025-02-13,96625.29,96608.14,17.14999999999418,1.7752127305215026,1.109025182213313,-0.2226718766828078
2025-02-14,97509.03,97500.48,8.55000000000291,0.8769187597845729,1.0509985766061278,-0.1517305452978155
2025-02-15,97596.94,97569.66,27.279999999998836,2.795951118410578,1.4872367120572403,0.03844246526401634
2025-02-16,96119.88,96118.12,1.7600000000093132,0.18310803415744203,1.1612045425822906,0.047775727773269605
2025-02-17,95781.8,95780.0,1.8000000000029104,0.18793067446232214,0.9178860755522984,0.056817982398369764
2025-02-18,95607.4,95671.74,-64.34000000001106,-6.725078899998405,-0.9928551683353778,-0.38072375194980923
2025-02-19,96632.03,96644.37,-12.339999999996508,-1.2768462353263121,-1.0638529350831114,-0.4385381057160352
2025-02-20,98347.2,98305.0,42.19999999999709,4.292762321347343,0.27530087902450256,-0.1332929168732366
2025-02-21,96157.03,96181.98,-24.94999999999709,-2.5940410043545636,-0.44203459182026417,-0.2920508580010642
2025-02-22,96582.12,96551.01,31.110000000000582,3.2221309751179206,0.47400679991428224,-0.06532944941274257
2025-02-23,96265.98,96258.0,7.9799999999959255,0.8290220033657647,0.5627606007771528,-0.007629355685096946
2025-02-24,91510.82,91552.88,-42.05999999999767,-4.594066292616938,-0.7264461225713702,-0.30352851290650606
2025-02-25,88583.74,88680.4,-96.65999999998894,-10.899815517294575,-3.269788471252172,-0.9871599325444461
2025-02-26,84111.78,84250.09,-138.30999999999767,-16.41659967366205,-6.556491271854642,-1.9826076577778398
2025-02-27,84625.19,84708.58,-83.38999999999942,-9.844339262917723,-7.3784532696204135,-2.4898161484320256
2025-02-28,84297.73,84349.94,-52.2100000000064,-6.189690235701706,-7.0812625111407375,-2.728517702449424
2025-03-01,86018.76,86064.53,-45.770000000004075,-5.318102591160834,-6.640472531145762,-2.8955876952695148
2025-03-02,94265.48,94270.0,-4.5200000000040745,-0.479473851703327,-5.100222861285153,-2.739709382781373
2025-03-03,86161.1,86220.61,-59.50999999999476,-6.902062047576818,-5.5506826578580695,-3.0082482643810793
2025-03-04,87249.96,87281.98,-32.01999999998952,-3.668569388548537,-5.080154340530686,-3.0508496272305927
2025-03-05,90603.73,90606.01,-2.279999999998836,-0.2516389365336824,-3.8730254895314347,-2.8702553891211147
2025-03-06,89921.85,89931.89,-10.039999999993597,-1.1164004225860946,-3.1838692227950998,-2.757103455796275
2025-03-07,86756.98,86801.75,-44.770000000004075,-5.157730114888626,-3.6773344458184813,-2.9119825950925557
2025-03-08,86206.69,86222.45,-15.759999999994761,-1.8278302228702525,-3.2149583900814243,-2.842037280755633
2025-03-09,80699.17,80734.37,-35.19999999999709,-4.3599770457114495,-3.5012130539889306,-2.9399688784947178
2025-03-10,78544.71,78595.86,-51.14999999999418,-6.507976374326985,-4.2529038840734446,-3.170162910483896
2025-03-11,82914.51,82932.99,-18.480000000010477,-2.2283050448335118,-3.746754174263461,-3.109397886893549
2025-03-12,83659.43,83680.12,-20.69000000000233,-2.472510794678806,-3.4281933293672973,-3.0683083970732428
2025-03-13,81073.43,81115.78,-42.35000000000582,-5.220932351264196,-3.876378084841522,-3.2071873618597557
2025-03-14,83980.49,83983.2,-2.709999999991851,-0.3226835843350706,-2.987954459714909,-3.0210903439549375
2025-03-15,84351.46,84338.44,13.020000000004075,1.5437800367190668,-1.8550208356064148,-2.72658257745984
2025-03-16,82562.57,82574.53,-11.959999999991851,-1.4483885042992917,-1.753362752779634,-2.6441184437075465
2025-03-17,84011.4,84010.03,1.3699999999953434,0.16307576607088592,-1.2742531230670038,-2.4630091398508736
2025-03-18,82698.76,82715.03,-16.270000000004075,-1.9669943902578257,-1.4474384398647093,-2.4310081882642254
2025-03-19,86877.96,86845.94,32.020000000004075,3.6869887066681706,-0.163831653231489,-2.036298711171813
2025-03-20,84183.42,84223.39,-39.970000000001164,-4.7457125627459185,-1.3093018806100964,-2.2110996048217553
2025-03-21,84061.96,84088.79,-26.829999999987194,-3.190674999603571,-1.779645160358465,-2.274298017388324
2025-03-22,83852.03,83840.59,11.440000000002328,1.3644942145574213,-0.9936103166294934,-2.039537228230534
2025-03-23,86092.94,86082.5,10.440000000002328,1.2127900560510163,-0.4420102234593659,-1.8297096615026922
2025-03-24,87523.62,87498.16,25.45999999999185,2.909775474135845,0.39593620093943704,-1.5239364269453672
2025-03-25,87427.88,87392.87,35.01000000000931,4.006047632949539,1.2984640589419627,-1.1671632617908572
2025-03-26,86926.01,86909.17,16.839999999996508,1.9376551404182152,1.4582618293110257,-0.9668523971322074
2025-03-27,87217.48,87232.01,-14.529999999998836,-1.6656729565212025,0.6772781328529683,-1.0119375945121425
2025-03-28,84381.8,84424.38,-42.580000000001746,-5.0435667990689215,-0.7529331001275045,-1.2720427044835476
2025-03-29,82616.83,82648.54,-31.70999999999185,-3.836728392296873,-1.523881923169847,-1.4375062972456976
2025-03-30,82379.98,82389.99,-10.010000000009313,-1.214953418492426,-1.4466497970004917,-1.4231480470035511
2025-03-31,82534.32,82550.01,-15.689999999987776,-1.9006660326248426,-1.5601538559065795,-1.4539556589791183
2025-04-01,85170.37,85158.34,12.029999999998836,1.412662576560919,-0.8169497477897047,-1.2690125470087932
2025-04-02,82490.08,82516.29,-26.20999999999185,-3.176342513701025,-1.4067979392675347,-1.3920660932470017
2025-04-03,83174.33,83213.09,-38.75999999999476,-4.657921007379384,-2.2195787062954975,-1.6027664102878005
2025-04-04,83860.16,83889.87,-29.70999999999185,-3.541547984279303,-2.5500710257914485,-1.7278490924808005
2025-04-05,83498.25,83537.99,-39.74000000000524,-4.757117091278573,-3.10183254216323,-1.9232857375645278
2025-04-06,78370.75,78430.0,-59.25,-7.554507203876293,-4.215001207591496,-2.2865903482943195
2025-04-07,79140.01,79163.24,-23.230000000010477,-2.9344428045152693,-3.894861606822439,-2.3283872809537356
2025-04-08,76251.64,76322.42,-70.77999999999884,-9.273814955028659,-5.239599943873994,-2.7764793889585695
2025-04-09,82594.75,82615.22,-20.470000000001164,-2.477751678201523,-4.549137877455876,-2.7572066334258567
2025-04-10,79552.34,79607.3,-54.9600000000064,-6.903889467424484,-5.137825774948028,-3.024734558199962
2025-04-11,83380.47,83423.84,-43.36999999999534,-5.198753737539752,-5.153057765595959,-3.1649938600928516
2025-04-12,85271.01,85276.9,-5.889999999999418,-0.6906911484816369,-4.037466111317378,-3.0053614270856763
2025-04-13,83733.07,83760.0,-26.929999999993015,-3.21513849092514,-3.831884206219318,-3.018895431204352
2025-04-14,84590.36,84591.58,-1.2200000000011642,-0.1442223918746155,-2.909968752633142,-2.833432654473401
2025-04-15,83629.78,83643.99,-14.210000000006403,-1.698866828329093,-2.6071932715571298,-2.760234859238284
2025-04-16,84028.72,84030.38,-1.6600000000034925,-0.1975476012372468,-2.004781853977159,-2.5949001974317656
2025-04-17,84961.97,84947.91,14.059999999997672,1.6551319508617546,-1.0898034027674304,-2.3207045749612156
2025-04-18,84466.47,84474.69,-8.220000000001164,-0.9730725262202533,-1.060620683630636,-2.2337605718166373
2025-04-19,85074.99,85077.01,-2.0199999999895226,-0.23743194548009328,-0.8548234990930003,-2.1049651765691184
2025-04-20,85177.34,85179.24,-1.9000000000087311,-0.2230590458440762,-0.6968823857807692,-1.983551877812664
2025-04-21,87522.07,87516.23,5.8400000000110595,0.6673047959226963,-0.3558355903549027,-1.8125288666039312
2025-04-22,93489.1,93442.99,46.11000000000058,4.934559564071517,0.9667631982517024,-1.3772328388184183
2025-04-23,93740.92,93691.08,49.83999999999651,5.319609935119374,2.0549748824686205,-0.9451784663063028
2025-04-24,94021.96,93980.47,41.49000000000524,4.414747021377341,2.6449179171958006,-0.5993768219396161
2025-04-25,94708.79,94638.68,70.11000000000058,7.408176022742907,3.8357324435825775,-0.0827605093794533
2025-04-26,94666.64,94628.0,38.63999999999942,4.0833579912913365,3.8976388305097673,0.18602132937350088
2025-04-27,93780.57,93749.3,31.270000000004075,3.335491571669902,3.757102015799801,0.38921295790875254
2025-04-28,95042.57,95011.18,31.39000000001397,3.30382171866761,3.6437819415167536,0.5772522327964208
2025-04-29,94271.09,94256.82,14.269999999989523,1.5139488049764616,3.1113236573816807,0.6376842697112621
2025-04-30,94182.54,94172.0,10.539999999993597,1.1192286454564382,2.6132999044003697,0.668751648791596
2025-05-01,96524.98,96489.91,35.06999999999243,3.6345769210477386,2.8686191585622116,0.8600952147436052
2025-05-02,96929.81,96887.14,42.669999999998254,4.404093257370789,3.252487683264356,1.0887402497518104
2025-05-03,95861.33,95856.42,4.9100000000034925,0.5122244289945677,2.5674218696969087,1.051545680670698
2025-05-04,94272.55,94277.62,-5.069999999992433,-0.5377734397615797,1.7911230423322864,0.9490089632234543
2025-05-05,94733.99,94733.68,0.3100000000122236,0.03272331445591803,1.3515231103631942,0.8898937600771616
2025-05-06,96839.17,96834.02,5.149999999994179,0.5318378809415769,1.1466018030077898,0.8667933807780916
2025-05-07,97058.32,97030.5,27.820000000006985,2.86713971380248,1.5767362807064624,0.9958479829086974
2025-05-08,103253.49,103261.6,-8.110000000000582,-0.7853839181259925,0.9862062309983486,0.8809297957451689
2025-05-09,102986.96,102971.99,14.970000000001164,1.4537934053726609,1.1031030245919267,0.9178887383017813
2025-05-10,104821.19,104809.53,11.660000000003492,1.1124942550555517,1.105450832207833,0.9304439329310568
2025-05-11,104137.62,104118.0,19.619999999995343,1.8844003918627728,1.300188222121568,0.9919895109266513
2025-05-12,102800.21,102791.32,8.889999999999418,0.8648590172777304,1.1913559209106086,0.9837875435944629
2025-05-13,104131.06,104103.72,27.339999999996508,2.626226997459735,1.5500736900478904,1.0897513793277063
2025-05-14,103545.38,103507.82,37.55999999999767,3.6287113379440683,2.0697331020219347,1.253555247625536
2025-05-15,103786.43,103763.71,22.719999999986612,2.1895901756008307,2.0996973704166586,1.3139445978174904
2025-05-16,103500.03,103463.9,36.13000000000466,3.4920392523396515,2.4477828408974065,1.4544668335931137
2025-05-17,103161.07,103126.65,34.420000000012806,3.3376435674004057,2.670248022523156,1.5759621067419711
2025-05-18,106473.46,106454.26,19.20000000001164,1.8035915143288506,2.4535838954745794,1.5906478749733828
2025-05-19,105616.18,105573.74,42.439999999987776,4.019939049235699,2.8451726839148592,1.7473763378290161
2025-05-20,106883.24,106849.99,33.25,3.111839317906373,2.9118393424127373,1.8354062075114261
2025-05-21,109699.54,109643.99,55.54999999998836,5.066397164130709,3.4504787978422304,2.0438572369707346
2025-05-22,111722.53,111696.21,26.319999999992433,2.3563915015545334,3.1769569737703063,2.064020737911625
2025-05-23,107329.61,107318.3,11.309999999997672,1.0538743159371755,2.6461863093120233,1.9988500010100476
2025-05-24,107794.01,107761.91,32.09999999999127,2.9787890730581523,2.7293370002485555,2.0620718766260544
2025-05-25,109048.68,109004.19,44.48999999999069,4.081494482000014,3.0673763706864206,2.192357206005019
2025-05-26,109464.32,109434.79,29.530000000013388,2.698410624264458,2.9751349340809297,2.225005813634661
2025-05-27,108978.46,108938.17,40.29000000000815,3.6984282001450985,3.155958250596972,2.3200653224417858
2025-05-28,107819.29,107781.78,37.50999999999476,3.4801800452721743,3.237013699265773,2.394911433592133
2025-05-29,105572.58,105589.75,-17.169999999998254,-1.6261048065746575,2.0212340728056652,2.135491031000727
2025-05-30,104033.26,103985.48,47.779999999998836,4.594872284091611,2.6646436256271517,2.2941607892646547
2025-05-31,104645.87,104591.88,53.98999999999069,5.161968596414379,3.288974868323959,2.4791806477904434
2025-06-01,105697.94,105642.93,55.01000000000931,5.207163413587512,3.7685220046398475,2.6551795359063832
2025-06-02,105904.94,105857.99,46.94999999999709,4.435187178595257,3.9351882981287,2.770018738660504
2025-06-03,105447.82,105376.89,70.93000000000757,6.731077373796079,4.634160567045545,3.0255709086692506
2025-06-04,104753.38,104696.86,56.520000000004075,5.39844270401213,4.825231101287192,3.178659411594597
2025-06-05,101570.2,101508.68,61.520000000004075,6.060565461003531,5.134064691216277,3.3645888341371086
2025-06-06,104397.99,104288.44,109.55000000000291,10.504519964054104,6.476678509425734,3.82522955219627
2025-06-07,105619.02,105552.15,66.8700000000099,6.335257026977015,6.441323138813555,3.987166808633737
2025-06-08,105784.4,105734.0,50.39999999999418,4.766678646415112,6.022662015713944,4.037457894942213
2025-06-09,110301.15,110263.02,38.129999999990105,3.458095016806162,5.381520265986998,4.000079644739887
2025-06-10,110300.24,110274.39,25.85000000000582,2.3441526178480387,4.622178353952258,3.8932456430049287
2025-06-11,108669.37,108645.12,24.25,2.232037665381714,4.024643181809622,3.786070934771173
2025-06-12,105721.05,105671.73,49.320000000006985,4.667284239598946,4.1853034462569525,3.842923406050384
2025-06-13,106118.7,106066.59,52.11000000000058,4.91295138271175,4.367215430370652,3.9119574690607943
2025-06-14,105465.42,105414.64,50.779999999998836,4.817167710291503,4.4797035003508645,3.970358129785356
2025-06-15,105599.25,105594.01,5.240000000005239,0.4962402696895296,3.4838376926855306,3.746221493650141
2025-06-16,106853.38,106794.53,58.85000000000582,5.510581862198105,3.9905237350636744,3.8600511948467844
2025-06-17,104590.44,104551.17,39.270000000004075,3.756055527643909,3.9319066832087333,3.8533417969627277
2025-06-18,104915.6,104886.78,28.820000000006985,2.7477247370932822,3.6358611966798704,3.7820116640679244
2025-06-19,104671.9,104658.59,13.309999999997672,1.2717541866358317,3.0448344441688606,3.620059568749725
2025-06-20,103317.8,103297.99,19.80999999999767,1.917752707483178,2.7630640099974397,3.5102333196357542
2025-06-21,102160.03,102120.01,40.020000000004075,3.9189185351640177,3.0520276412890843,3.536600107734352
2025-06-22,100996.87,100963.87,33.0,3.268495948105521,3.106144717993194,3.519303065177653
2025-06-23,105419.39,105333.93,85.4600000000064,8.11324518130263,4.357919833820554,3.8156864275082967
2025-06-24,106141.0,106083.0,58.0,5.46741702251996,4.635294130995406,3.9222496917025977
2025-06-25,107400.22,107340.58,59.63999999999942,5.556146612959445,4.865507251486416,4.027662396299814
2025-06-26,107029.64,106947.06,82.58000000000175,7.7215773860461745,5.579524785126355,4.265979492412482
2025-06-27,107113.38,107047.59,65.79000000000815,6.14586465701894,5.721109753099501,4.38726240625806
2025-06-28,107352.2,107296.79,55.41000000000349,5.164180587322598,5.581877461655275,4.4373861598751265
2025-06-29,108386.44,108356.93,29.510000000009313,2.723406800100303,4.867259796266532,4.326806846341268
2025-06-30,107173.21,107146.5,26.710000000006403,2.49284857648302,4.273656991320654,4.208486957963316
2025-07-01,105711.78,105681.14,30.639999999999418,2.8992874225242105,3.930064599121543,4.124022471805954
2025-07-02,108888.32,108849.6,38.720000000001164,3.5572018638552194,3.836848915304962,4.087453400325262
2025-07-03,109628.83,109584.78,44.05000000000291,4.019718796717253,3.8825663856580346,4.083083425898939
2025-07-04,108028.6,107984.24,44.36000000000058,4.108006872114434,3.9389265072721344,4.0846913901709065
2025-07-05,108246.65,108198.12,48.529999999998836,4.485290502274086,4.0755175060226225,4.110536494177563
2025-07-06,109217.98,109203.84,14.139999999999418,1.2948262625189777,3.3803446951467113,3.9288777695544286
2025-07-07,108269.84,108262.94,6.899999999994179,0.637337208835298,2.6945928235688577,3.7165203140241623
2025-07-08,108958.04,108922.98,35.05999999999767,3.21878817491017,2.8256416614041857,3.684408563113582
2025-07-09,111282.85,111233.99,48.86000000000058,4.392542243607522,3.2173668069550203,3.7300946070164165
2025-07-10,116031.3,116010.0,21.30000000000291,1.8360486164992196,2.8720372593410697,3.607898091499178
2025-07-11,117582.16,117527.66,54.5,4.637206254254345,3.3133295080693888,3.6743050697414468
2025-07-12,117472.65,117420.0,52.64999999999418,4.483903934593414,3.605973114700395,3.726537254570606
2025-07-13,119130.81,119086.64,44.169999999998254,3.709064257753081,3.6317459004635664,3.7254099644533465
2025-07-14,119863.71,119841.18,22.530000000013388,1.8799881643372096,3.1938064664319774,3.6063504934781117
2025-07-15,117781.64,117758.09,23.55000000000291,1.9998625996731079,2.89532049974226,3.5027061132326276
2025-07-16,118681.68,118630.43,51.25,4.320139444828897,3.2515252360139195,3.555443747529161
2025-07-17,119273.69,119177.56,96.13000000000466,8.066115802338736,4.455172877595124,3.846454847839456
2025-07-18,118023.05,117924.84,98.2100000000064,8.328185986938852,5.423426154931056,4.135598792297482
2025-07-19,117914.17,117840.0,74.16999999999825,6.294127630686042,5.641101523869802,4.2748587173548085
2025-07-20,117312.7,117265.12,47.580000000001746,4.05747250333377,5.245194268735793,4.260833800321193
2025-07-21,117428.79,117380.36,48.429999999993015,4.125903174942991,4.9653714952875925,4.25212859868389
2025-07-22,120026.42,119954.42,72.0,6.002279865968685,5.224598587957865,4.365041583670005
2025-07-23,118810.44,118755.99,54.44999999999709,4.585031879233981,5.064706910776894,4.3792345059644555
2025-07-24,118397.04,118340.99,56.04999999998836,4.736313258828506,4.982608497789797,4.402271844858911
2025-07-25,117633.27,117614.31,18.960000000006403,1.6120487379467363,4.1399685578290315,4.222257450864578
2025-07-26,117969.63,117919.99,49.63999999999942,4.209634006921981,4.157384920102269,4.221443035126345
2025-07-27,119465.52,119415.55,49.970000000001164,4.184547154872931,4.164175478794934,4.219062655755157
2025-07-28,118070.59,118062.32,8.269999999989523,0.7004775105201588,3.2982509867262397,3.992057162514189
2025-07-29,117933.39,117950.76,-17.369999999995343,-1.4726484170168863,2.1055261357904578,3.6394955122218615
2025-07-30,117830.15,117840.3,-10.150000000008731,-0.861335213845349,1.3638107983815058,3.3491193363465577
2025-07-31,115761.13,115764.08,-2.9499999999970896,-0.2548286135040101,0.9591509454101268,3.1166065653884565
2025-08-01,113248.73,113297.93,-49.19999999999709,-4.342533001264748,-0.36627004125859214,2.635371754636637
2025-08-02,112542.74,112546.35,-3.610000000000582,-0.32075673711329244,-0.3548917152222672,2.444653787426964
2025-08-03,114215.73,114208.8,6.929999999993015,0.6067833652045884,-0.11447294511555325,2.3260815021222943
2025-08-04,115051.85,115055.03,-3.179999999993015,-0.2763894807544798,-0.15495207902528488,2.158180148388309
2025-08-05,114112.95,114129.75,-16.80000000000291,-1.4720088320530067,-0.4842162672822154,1.9239744077146756
2025-08-06,115028.83,114992.27,36.55999999999767,3.1793441420013835,0.43167383503868456,2.0049660034751082
2025-08-07,117515.49,117472.01,43.48000000001048,3.7013072305480677,1.2490821839160304,2.114407372963686
2025-08-08,116683.79,116674.74,9.049999999988358,0.7756606099995622,1.1307267904369134,2.028036614062775
2025-08-09,116492.51,116462.25,30.25999999999476,2.5982668203639037,1.497611797918661,2.0648256596305896
2025-08-10,119309.37,119294.01,15.360000000000582,1.2875751263630164,1.4451026300297498,2.0146804639359073
2025-08-11,118701.84,118686.0,15.839999999996508,1.3346140235581672,1.417480478411854,1.9708052097179884
2025-08-12,120113.18,120134.08,-20.90000000000873,-1.739722816374023,0.6281796547153845,1.7314163048088265
2025-08-13,123365.63,123306.43,59.20000000001164,4.801047277096515,1.6713965603106675,1.9294570126983548
2025-08-14,118389.79,118295.09,94.69999999999709,8.00540411271422,3.2548984484115566,2.3214535997961527
2025-08-15,117436.96,117342.05,94.91000000000349,8.08831957512357,4.46325373008956,2.693509469172115
2025-08-16,117455.68,117380.66,75.01999999998952,6.3911721062037685,4.945233324118113,2.932068348980609
2025-08-17,117488.6,117405.01,83.59000000001106,7.119798379984221,5.48887458808464,3.2022444800131002
2025-08-18,116286.76,116227.05,59.70999999999185,5.13735829998252,5.400995516059109,3.3270905329143527
2025-08-19,112856.19,112872.94,-16.75,-1.483969497029225,3.679754262787025,3.0166995632405738
2025-08-20,114276.0,114271.24,4.759999999994761,0.41655275640595235,2.8639538861917564,2.8489481563480177
2025-08-21,112480.3,112500.0,-19.69999999999709,-1.7511111111112587,1.7101876368660025,2.552170139092581
2025-08-22,116908.68,116935.99,-27.310000000012224,-2.3354657535301637,0.6987742892669607,2.236838791181436
2025-08-23,115383.87,115438.05,-54.18000000000757,-4.693426474200457,-0.649275901599894,1.7897249030922817
2025-08-24,113478.0,113493.59,-15.589999999996508,-1.3736458596469436,-0.8303683911116565,1.585636466786525
2025-08-25,110127.74,110111.98,15.760000000009313,1.431270239624638,-0.26495873342758275,1.5756773553567258
2025-08-26,111788.01,111763.22,24.789999999993597,2.218082120395426,0.3558014800281695,1.6171228240689
2025-08-27,111253.21,111262.01,-8.799999999988358,-0.7909258515093054,0.06911964714380071,1.4617648449993381
2025-08-28,112574.85,112566.9,7.9500000000116415,0.7062466853047233,0.22840140668403142,1.413021737922266
2025-08-29,108378.32,108377.4,0.9200000000128057,0.08488854687627168,0.19252319173209148,1.327335725596718
2025-08-30,108827.93,108816.33,11.599999999991269,1.0660164701370434,0.4108965113333295,1.310476418792868
2025-08-31,108247.95,108246.35,1.5999999999912689,0.14781098854443897,0.34512513063610684,1.2354657458736142
2025-09-01,109240.55,109237.42,3.1300000000046566,0.2865318496181324,0.3304768103816132,1.1742442041797123
2025-09-02,111247.94,111240.01,7.930000000007567,0.7128730031591424,0.4260758585759955,1.1444783202429014
2025-09-03,111756.41,111705.71,50.69999999999709,4.538711584214372,1.4542347899855899,1.3634611114668673
2025-09-04,110720.79,110730.87,-10.080000000001746,-0.9103152535516745,0.8630972791012737,1.2167658621108326
2025-09-05,110670.02,110659.99,10.029999999998836,0.9063799843112008,0.8739179554037555,1.1967409667689208
2025-09-06,110212.6,110187.97,24.630000000004657,2.2352712369611005,1.214256275793092,1.2637429196845453
2025-09-07,111129.61,111137.34,-7.7299999999959255,-0.6955358118154731,0.7368082538909505,1.1373378402329313
2025-09-08,112072.57,112065.23,7.3400000000110595,0.6549756780049876,0.7163501099194597,1.1062177007343543
2025-09-09,111549.32,111546.39,2.930000000007567,0.2626709837949548,0.6029303283883334,1.0517953318995543
2025-09-10,113983.97,113960.0,23.970000000001164,2.1033696033700977,0.9780401471337745,1.1196388332847507
2025-09-11,115540.0,115482.69,57.30999999999767,4.9626485146814225,1.9741922390206867,1.3675749417619554
2025-09-12,116106.03,116029.42,76.61000000000058,6.602635779786592,3.1313031242121636,1.7053208022796738
2025-09-13,115968.35,115918.29,50.060000000012224,4.318559219602669,3.42811714805979,1.8739168292037378
2025-09-14,115314.13,115268.01,46.120000000009895,4.001110108520223,3.5713653881748986,2.011155105288672
2025-09-15,115381.08,115349.71,31.369999999995343,2.71955603529328,3.358413049954494,2.056858391095421
2025-09-16,116832.56,116788.96,43.59999999999127,3.7332295792325,3.4521171822739958,2.1650113709752326
2025-09-17,116484.4,116447.59,36.80999999999767,3.1610787307823074,3.379357569401074,2.2292737812853667
2025-09-18,117117.99,117073.53,44.4600000000064,3.7976133460748684,3.483921513569523,2.3304569790137215
2025-09-19,115690.55,115632.38,58.169999999998254,5.030597830815164,3.8705905928809337,2.5046596146138143
2025-09-20,115752.4,115685.63,66.76999999998952,5.771676222880995,4.345862000380949,2.71543487966331
2025-09-21,115282.27,115232.29,49.98000000001048,4.337325935293013,4.343727984108965,2.820073012284581
2025-09-22,112736.59,112650.99,85.59999999999127,7.598690433168187,5.1574685963737705,3.128370910406104
2025-09-23,112017.21,111998.8,18.410000000003492,1.6437676117964095,4.27904335022943,3.032590052431285
2025-09-24,113348.17,113307.0,41.169999999998254,3.633491311216819,4.117655340476277,3.071357875578739
2025-09-25,109035.72,108994.49,41.229999999995925,3.782760027593035,4.033931512255466,3.1172547886119193
2025-09-26,109697.29,109643.46,53.829999999987194,4.909549552702952,4.252836022367338,3.232886708875857
2025-09-27,109681.16,109635.85,45.30999999999767,4.132772263816253,4.222820082729567,3.290943841452657
2025-09-28,112197.67,112163.95,33.720000000001164,3.006313525870663,3.9186934435148406,3.2725805952860765
2025-09-29,114365.07,114311.96,53.11000000000058,4.646058032773404,4.100534590829482,3.361192042865904
2025-09-30,114067.71,114048.93,18.780000000013388,1.6466616565380399,3.487066357256621,3.2505771792318483
2025-10-01,118659.97,118594.99,64.97999999999593,5.479152196901094,3.9850878171677393,3.3943562126298636
2025-10-02,120621.32,120529.35,91.97000000000116,7.630506594451525,4.896442511488686,3.667656237263519
2025-10-03,122318.4,122232.0,86.39999999999418,7.068525427056382,5.43946324038061,3.887067152734026
2025-10-04,122458.56,122391.0,67.55999999999767,5.520013726498796,5.459600861910156,3.992418544589818
2025-10-05,123520.79,123482.31,38.479999999995925,3.1162358397729406,4.8737596063758515,3.935890628150019
2025-10-06,124720.09,124658.54,61.55000000000291,4.937487636227367,4.88969161383873,4.000509789961461
2025-10-07,121393.95,121332.95,61.0,5.027488411020187,4.924140813134094,4.066766475191056
2025-10-08,123343.25,123306.0,37.25,3.0209397758418355,4.448340553811029,3.999293784910461
2025-10-09,121714.51,121662.4,52.11000000000058,4.283163902734088,4.407046391041794,4.017607986060373
2025-10-10,112980.28,112774.5,205.77999999999884,18.2470327955353,7.867042992165171,4.935635393123271
2025-10-11,110768.89,110644.4,124.49000000000524,11.251360213440087,8.7131222974839,5.3431015105630655
2025-10-12,115067.98,114958.8,109.17999999999302,9.497315560009767,8.909170613115366,5.611115320204788
2025-10-13,115274.03,115166.0,108.02999999999884,9.380372679437254,9.026971129695838,5.854293214348818
2025-10-14,113068.0,113028.14,39.86000000000058,3.526555422392885,7.6518672028701,5.704116582609726
2025-10-15,110804.12,110763.28,40.83999999999651,3.6871425259343837,6.66068603363617,5.573989224114543
2025-10-16,108198.0,108194.28,3.720000000001164,0.34382593978143916,5.081471010172487,5.23655933480273
2025-10-17,106463.3,106431.68,31.620000000009895,2.9709199366223515,4.553833241784953,5.090389051049157
2025-10-18,107208.91,107185.01,23.90000000000873,2.2297894080525182,3.972822283351844,4.905834235371954
2025-10-19,108676.78,108642.78,34.0,3.1295222747429463,3.7619972811996196,4.79123346371847
2025-10-20,110568.06,110532.09,35.970000000001164,3.2542585596639917,3.6350626008157128,4.692073792489149
2025-10-21,108362.27,108297.67,64.60000000000582,5.965040614448469,4.217557104223902,4.774200684228459
2025-10-22,107585.98,107567.44,18.539999999993597,1.723569883227416,3.5940602989747803,4.577385793841295
2025-10-23,110116.03,110078.18,37.85000000000582,3.4384652798591375,3.5551615441958697,4.503907051003738
2025-10-24,111042.13,111004.89,37.24000000000524,3.354807162099238,3.505072948671712,4.429771574300221
2025-10-25,111666.21,111646.27,19.94000000000233,1.7859978662970732,3.0753041780780523,4.2592055286226
2025-10-26,114548.09,114559.4,-11.309999999997672,-0.9872607573013781,2.0596629442331946,3.9207238327565364
2025-10-27,114087.06,114107.65,-20.589999999996508,-1.8044364247271627,1.093638101993105,3.5513586548543623
2025-10-28,112906.75,112898.45,8.30000000000291,0.7351739550021108,1.0040220652453564,3.3696693193800233
2025-10-29,110032.13,110021.29,10.84000000001106,0.9852638521157253,0.9993325119629486,3.2158367085887787
2025-10-30,108308.18,108322.88,-14.700000000011642,-1.357054022198545,0.41023587842257514,2.920811500150887
2025-10-31,109555.27,109608.01,-52.73999999999069,-4.811692138192436,-0.8952461257311779,2.4219402976771245
2025-11-01,110052.25,110098.1,-45.85000000000582,-4.164467870018118,-1.7125515618029132,1.9970107384709797
2025-11-02,110536.01,110540.68,-4.669999999998254,-0.42246890466057785,-1.3900308975173292,1.8409152776237827
2025-11-03,106557.98,106583.04,-25.05999999999767,-2.3512183551899213,-1.6303277619354775,1.570455043248705
2025-11-04,101468.15,101497.22,-29.070000000006985,-2.8641178546573443,-1.9387752851159443,1.2843535659644438
2025-11-05,103869.0,103885.16,-16.160000000003492,-1.5555638553188533,-1.8429724276666717,1.1011330871719731
2025-11-06,101290.5,101346.04,-55.5399999999936,-5.480233860147843,-2.7522877857869648,0.6765287679900495
2025-11-07,103284.27,103339.08,-54.80999999999767,-5.303898583187694,-3.3901904851371474,0.2906947453334208
2025-11-08,102285.57,102312.94,-27.369999999995343,-2.67512594203545,-3.211424349361723,0.09935147518059045
2025-11-09,104694.95,104722.96,-28.010000000009313,-2.674676116871666,-3.077237291239209,-0.07961804688729705
2025-11-10,105979.38,106011.13,-31.75,-2.994968547170851,-3.0566701052221195,-0.2677051759378489
2025-11-11,103009.35,103058.99,-49.63999999999942,-4.816658886332981,-3.4966673004998348,-0.5611860604794704
2025-11-12,101639.01,101654.37,-15.360000000000582,-1.511002429113173,-3.0002510826531696,-0.6224645358751931
2025-11-13,99614.54,99692.02,-77.48000000001048,-7.771936008520441,-4.193172314119988,-1.0837207599168222
2025-11-14,94503.96,94594.0,-90.0399999999936,-9.518574116751388,-5.524522764777838,-1.6279048474545361
2025-11-15,95544.94,95596.24,-51.30000000000291,-5.366319846890066,-5.484972035305895,-1.8690929119342479
2025-11-16,94183.97,94261.44,-77.47000000000116,-8.21863107544285,-6.168386795340134,-2.278740535386416
2025-11-17,92100.6,92215.14,-114.5399999999936,-12.420953869396456,-7.731528563854215,-2.933076879516096
2025-11-18,92914.46,92960.83,-46.36999999999534,-4.988122416720309,-7.045677027070738,-3.065660462561529
2025-11-19,91461.6,91554.96,-93.36000000000058,-10.197153709641249,-7.833546197713366,-3.5257568010828013
2025-11-20,86536.88,86637.23,-100.34999999999127,-11.582780289719485,-8.770854720714896,-4.045564768091619
2025-11-21,85068.88,85129.43,-60.54999999998836,-7.1126988633651855,-8.356315756377468,-4.243444387141527
2025-11-22,84684.0,84739.74,-55.74000000000524,-6.577787470201102,-7.911683684833376,-4.394047166693757
2025-11-23,86808.28,86830.0,-21.720000000001164,-2.501439594609911,-6.55912266227751,-4.271943452365767
2025-11-24,88266.2,88300.01,-33.80999999999767,-3.828991638845647,-5.876589906419543,-4.243365916009631
2025-11-25,87325.01,87369.96,-44.95000000001164,-5.1447888954070375,-5.693639653666417,-4.301522237261076
2025-11-26,90468.84,90484.02,-15.180000000007567,-1.6776442956456528,-4.689640814161225,-4.132239789414919
2025-11-27,91316.7,91333.95,-17.25,-1.8886733793954669,-3.9893989554697855,-3.9874935694136644
2025-11-28,90902.7,90890.7,12.0,1.320267090032523,-2.661982444094208,-3.6450573978364913
2025-11-29,90828.06,90802.44,25.619999999995343,2.8215100827688744,-1.2911093123784372,-3.2278594958619515
2025-11-30,90369.51,90360.0,9.509999999994761,1.0524568393077693,-0.7052177744568854,-2.9517100548832604
2025-12-01,86282.36,86286.01,-3.6499999999941792,-0.42301179530634947,-0.6346662796692514,-2.78856823168475
2025-12-02,91308.05,91277.88,30.169999999998254,3.305291490116602,0.35032316277721215,-2.3954159915685342
2025-12-03,93453.84,93429.95,23.889999999999418,2.556995909770432,0.9019913495255172,-2.0759055463208584
2025-12-04,92093.54,92078.06,15.479999999995925,1.6811822490603312,1.0967890744092206,-1.8335127853285236
2025-12-05,89345.29,89330.04,15.25,1.707152487562258,1.2493799276974797,-1.6050827677226667
2025-12-06,89267.97,89236.79,31.180000000007567,3.4940745851574917,1.810553592062483,-1.276104873988463
2025-12-07,90402.29,90395.31,6.9799999999959255,0.7721639540814174,1.5509561825672165,-1.1439584979839545
2025-12-08,90653.86,90634.34,19.520000000004075,2.1537090687706595,1.7016444041180774,-0.9312057517417214
2025-12-09,92690.0,92678.8,11.19999999999709,1.2084748615648344,1.5783520184797668,-0.7931618412058146
2025-12-10,92035.99,92015.37,20.620000000009895,2.240929966375038,1.7439965054535846,-0.5974139826522111
2025-12-11,92542.0,92513.38,28.619999999995343,3.093606568043139,2.081399021100973,-0.3592836245428337
2025-12-12,90278.0,90268.42,9.580000000001746,1.0612792380770841,1.8263690753450008,-0.2676344075996132
2025-12-13,90255.32,90240.01,15.310000000012224,1.6965866914264716,1.7939234793653684,-0.14091046572696259
2025-12-14,88171.61,88172.17,-0.5599999999976717,-0.063512103648522,1.3295645836118957,-0.13591702301222447
2025-12-15,86417.5,86432.08,-14.580000000001746,-1.6868736700537124,0.5754550201954934,-0.23597874217619144
2025-12-16,87854.01,87863.42,-9.410000000003492,-1.0709803920683214,0.16384616712953962,-0.28984981636278045
2025-12-17,86209.77,86243.22,-33.44999999999709,-3.8785657585604927,-0.8467568142929687,-0.5213798771497297
2025-12-18,85460.02,85516.41,-56.38999999999942,-6.594056041407947,-2.2835816210717135,-0.9131654361341309
2025-12-19,88092.65,88136.94,-44.29000000000815,-5.025134750538118,-2.9689699034383144,-1.1784537789989045
2025-12-20,88324.0,88360.9,-36.89999999999418,-4.1760552461544975,-3.2707412391173603,-1.3718474220412007
2025-12-21,88639.95,88658.86,-18.910000000003492,-2.132894557859144,-2.986279568802806,-1.4209472372552616
2025-12-22,88556.77,88620.79,-64.01999999998952,-7.224038512857467,-4.045719304816472,-1.7953402227779847
2025-12-23,87429.32,87486.0,-56.679999999993015,-6.478750885855478,-4.6539772000762225,-2.0974957494281457
2025-12-24,87609.03,87669.45,-60.419999999998254,-6.891796401140571,-5.213432000342309,-2.4068054688934635
2025-12-25,87171.68,87225.27,-53.59000000001106,-6.143861750157464,-5.446039437796098,-2.647905874136302
2025-12-26,87296.01,87369.56,-73.55000000000291,-8.418263752273392,-6.189095516415422,-3.0201870275645013
2025-12-27,87808.0,87877.01,-69.00999999999476,-7.853020943702216,-6.605076873237121,-3.3319827640895148
2025-12-28,87877.29,87952.71,-75.4200000000128,-8.575062667200983,-7.0975733217280865,-3.670245983645093
2025-12-29,87110.78,87237.13,-126.35000000000582,-14.4835117799047,-8.944057936272241,-4.36787603501668
2025-12-30,88397.5,88485.49,-87.99000000000524,-9.944003248443245,-9.194044264314991,-4.727626177818395
2025-12-31,87497.94,87648.22,-150.27999999999884,-17.145813115200248,-11.181986477036306,-5.528799528617223
2026-01-01,88738.34,88839.04,-100.69999999999709,-11.335106727852207,-11.22026653974028,-5.903399993083997
2026-01-02,89957.99,89995.13,-37.13999999999942,-4.1268899772684,-9.44692239912231,-5.788786443676539
2026-01-03,90598.02,90628.01,-29.989999999990687,-3.309131470501381,-7.912474666967077,-5.62880870347169
2026-01-04,91494.0,91529.73,-35.729999999995925,-3.903649666615605,-6.910268416879209,-5.517508120448717
2026-01-05,93870.06,93859.71,10.349999999991269,1.1027095651572338,-4.907023921370097,-5.090397302022526
2026-01-06,93722.01,93747.97,-25.960000000006403,-2.7691266274887383,-4.3725495978997575,-4.9406379036655075
2026-01-07,91279.73,91364.16,-84.43000000000757,-9.241041563782249,-5.58967258937038,-5.218083301092395
2026-01-08,91026.0,91099.99,-73.99000000000524,-8.121845018863594,-6.222715696743684,-5.405422766755053
2026-01-09,90515.45,90641.28,-125.83000000000175,-13.88219583836392,-8.137585732148743,-5.95231135202014
2026-01-10,90385.54,90504.7,-119.16000000000349,-13.166167060937317,-9.394731064345887,-6.417721397756732
2026-01-11,90872.01,91013.65,-141.63999999999942,-15.562500789716438,-10.936673495688526,-7.007707164979938
2026-01-12,91188.09,91296.2,-108.11000000000058,-11.841675776209648,-11.162924065818805,-7.31957610763992
2026-01-13,95384.23,95414.0,-29.770000000004075,-3.120087198944521,-9.152214849100234,-7.04864133933699
2026-01-14,96955.16,96951.78,3.3800000000046566,0.3486269153607502,-6.777004407984988,-6.571398226130685
2026-01-15,95587.65,95604.8,-17.15000000000873,-1.7938429869635009,-5.531214052729616,-6.263168855861834
2026-01-16,95504.0,95550.94,-46.94000000000233,-4.912562869606729,-5.376551256948894,-6.17603298578086
2026-01-17,95109.99,95147.77,-37.779999999998836,-3.9706658390414873,-5.025079902472042,-6.033751234378319
2026-01-18,93633.53,93673.14,-39.61000000000058,-4.228533387479194,-4.825943273723829,-5.91728556683644
2026-01-19,92559.66,92631.0,-71.33999999999651,-7.7015254072609896,-5.5448388071081185,-6.0323978146057655
2026-01-20,88310.6,88427.66,-117.05999999999767,-13.237939350650985,-7.468113942993835,-6.497271462092554
2026-01-21,89363.71,89454.73,-91.01999999998952,-10.174979008934493,-8.144830209478998,-6.734542916727517
2026-01-22,89463.5,89559.67,-96.16999999999825,-10.738092268539612,-8.793145724244152,-6.99283642329604
2026-01-23,89474.93,89600.26,-125.33000000000175,-13.987682625028475,-10.091779949440232,-7.444116823407809
2026-01-24,89082.17,89225.34,-143.16999999999825,-16.045890102519557,-11.580307487710064,-7.999069938189212
2026-01-25,86561.94,86670.36,-108.41999999999825,-12.509466904255806,-11.8125973418465,-8.290063290838669
2026-01-26,88250.01,88347.08,-97.07000000000698,-10.987346723854152,-11.606284687348412,-8.464081576839668
2026-01-27,89116.96,89250.0,-133.0399999999936,-14.906442577029555,-12.4313241597687,-8.879717770400307
2026-01-28,89162.4,89299.99,-137.59000000001106,-15.407616507012722,-13.175397246579706,-9.300872527601108
2026-01-29,84513.2,84650.16,-136.9600000000064,-16.179532324570587,-13.926431016077427,-9.744657030631398
2026-01-30,84110.99,84260.49,-149.5,-17.742597983942954,-14.880472758043808,-10.260653221167626
2026-01-31,78648.0,78741.09,-93.08999999999651,-11.822289988618895,-14.115927065687579,-10.36140398035803
2026-02-01,76895.53,76968.21,-72.68000000000757,-9.442859590993447,-12.947660197014045,-10.302143052011926
2026-02-02,78666.85,78738.61,-71.75999999999476,-9.11369911152815,-11.98916992564257,-10.22546924940007
2026-02-03,75661.49,75770.21,-108.72000000000116,-14.348647047435215,-12.579039206090732,-10.491480720241046
2026-02-04,72998.0,73165.83,-167.83000000000175,-22.93830330360569,-15.168855230469472,-11.294501532071024
2026-02-05,62791.0,62909.86,-118.86000000000058,-18.89369965216936,-16.100066335894443,-11.784772378528983
2026-02-06,70527.7,70580.26,-52.55999999999767,-7.4468413689599,-13.936760094160807,-11.504905861782591
2026-02-07,69244.74,69289.38,-44.63999999999942,-6.44254574077574,-12.063206505814541,-11.178301983007954
2026-02-08,70279.33,70330.38,-51.05000000000291,-7.258598631203483,-10.862054537161775,-10.92541789579476
2026-02-09,70101.99,70138.0,-36.00999999999476,-5.134164076534553,-9.43008192200497,-10.55178861713281
2026-02-10,68803.65,68841.29,-37.63999999999942,-5.467648848532791,-8.439473653636925,-10.223779599803779
2026-02-11,67024.93,67082.52,-57.59000000001106,-8.5849488063372,-8.475842441811993,-10.11804858087045
2026-02-12,66208.0,66272.17,-64.16999999999825,-9.68279746988765,-8.777581198830907,-10.08996786403285
2026-02-13,68812.0,68853.96,-41.9600000000064,-6.0940576257351164,-8.10670030555696,-9.832167203497512
2026-02-14,69786.96,69822.95,-35.98999999999069,-5.154465687856602,-7.36864165113187,-9.530380008940034
2026-02-15,68792.0,68832.58,-40.580000000001746,-5.895464037524167,-7.000347247729945,-9.295869301106752
2026-02-16,68858.13,68892.43,-34.29999999998836,-4.978776332899004,-6.49495451902221,-9.017347174125607
2026-02-17,67466.7,67503.52,-36.820000000006985,-5.454530371158395,-6.234848482056257,-8.787488025547077
2026-02-18,66419.79,66461.0,-41.2100000000064,-6.200628940281616,-6.226293596612598,-8.62059389101382
2026-02-19,66972.5,67003.73,-31.229999999995925,-4.660934547972007,-5.83495383445245,-8.36513199791435
2026-02-20,67984.42,68020.01,-35.58999999999651,-5.2322838529417215,-5.6842863390747675,-8.163012762754827
2026-02-21,67955.78,67975.93,-20.14999999999418,-2.9642845636679294,-5.004285895223057,-7.827610943458898
2026-02-22,67617.98,67643.4,-25.419999999998254,-3.757942386101165,-4.692700017942584,-7.565051681693883
2026-02-23,64625.78,64656.02,-30.239999999997963,-4.677058686878288,-4.68878968517651,-7.378729552996102
2026-02-24,64068.33,64058.15,10.180000000000291,1.589181080003943,-3.1192969938813966,-6.800154673447712
2026-02-25,67992.68,67988.04,4.639999999999418,0.6824729761301107,-2.1688545013785197,-6.317404502507207
2026-02-26,67490.51,67485.18,5.330000000001746,0.789803035274872,-1.4291901172151715,-5.858874983940621
2026-02-27,65859.94,65872.1,-12.160000000003492,-1.8460015697085996,-1.5333929803385287,-5.5999799249579105
2026-02-28,66967.85,66973.26,-5.4099999999889405,-0.8077850772070239,-1.3519910045556522,-5.290806063812692
2026-03-01,65769.0,65776.47,-7.470000000001164,-1.1356644708970798,-1.297909371141009,-5.022732412656846
2026-03-02,68832.01,68830.06,1.9499999999970896,0.28330645069907234,-0.9026054156809886,-4.6804073246983995
2026-03-03,68335.99,68338.0,-2.0099999999947613,-0.2941262547917489,-0.7504856254586787,-4.397421449220551
2026-03-04,72683.26,72666.77,16.489999999990687,2.2692628281117955,0.0044514879339400135,-3.967312786166852
2026-03-05,70887.6,70890.72,-3.1199999999953434,-0.44011402338672845,-0.10668988989622713,-3.7397515756649082
2026-03-06,68108.24,68114.02,-5.779999999998836,-0.848577135807993,-0.29216170137416864,-3.5532241924483334
2026-03-07,67259.62,67262.91,-3.290000000008149,-0.48912543331947056,-0.3414026343604941,-3.355540401536794
2026-03-08,65970.56,65971.2,-0.6399999999994179,-0.09701202949186083,-0.2803049831433358,-3.145312764630669
2026-03-09,68432.17,68432.16,0.00999999999476131,0.0014613012355724209,-0.20986341204860873,-2.9422950829618792
2026-03-10,69960.83,69948.63,12.19999999999709,1.7441370903181763,0.27863671354308767,-2.6399446201696177
2026-03-11,70208.0,70191.86,16.139999999999418,2.2994119261121604,0.783830516685356,-2.3212764558933734
2026-03-12,70531.56,70541.34,-9.779999999998836,-1.3864210688374623,0.24126762030465126,-2.260963205115573
2026-03-13,70944.33,70930.0,14.330000000001746,2.020301705907279,0.6860261417053083,-1.9847525656947436
2026-03-14,71232.02,71211.95,20.070000000006985,2.818347201558602,1.219106406668632,-1.6748751613558182
2026-03-15,72830.01,72815.24,14.769999999989523,2.028421522746182,1.4214351856880194,-1.43595279463956
2026-03-16,74886.47,74884.67,1.8000000000029104,0.24036962438467313,1.1261687953621828,-1.3278029611541258
2026-03-17,73934.11,73909.36,24.75,3.3486962950290966,1.6818006702789114,-1.0260933317229501
2026-03-18,71245.02,71246.54,-1.5199999999895226,-0.2133436936013755,1.2080145793088395,-0.9736578711989776
2026-03-19,69918.3,69930.0,-11.69999999999709,-1.673101673100863,0.48773551620641376,-1.0187832777732928
2026-03-20,70497.01,70510.73,-13.720000000001164,-1.9458031423025268,-0.1206491484208215,-1.0785910109687273
2026-03-21,68912.02,68918.12,-6.099999999991269,-0.885108299528703,-0.3117639361977919,-1.0661082553919516
2026-03-22,67844.94,67859.0,-14.059999999997672,-2.071943294182921,-0.7518087756940743,-1.131000838539756
2026-03-23,70874.23,70906.45,-32.220000000001164,-4.544015389291722,-1.6998604290934867,-1.3511953256850444
2026-03-24,70533.49,70556.74,-23.25,-3.2952202723657287,-2.098700389911547,-1.4766162899870239
2026-03-25,71301.53,71336.53,-35.0,-4.90632218864584,-2.80060583959512,-1.6978876382875925
2026-03-26,68769.02,68820.31,-51.2899999999936,-7.452741785091144,-3.963639825969126,-2.069168550984596
2026-03-27,66353.34,66407.28,-53.94000000000233,-8.122603425407826,-5.003380725828801,-2.459712736431256
2026-03-28,66320.15,66377.03,-56.88000000000466,-8.569229445789528,-5.894842905818982,-2.8538751047769506
2026-03-29,65956.94,66010.93,-53.98999999999069,-8.178948546853082,-6.465869316077508,-3.1974282300721852
2026-03-30,66737.18,66797.37,-60.19000000000233,-9.010833809774965,-7.102110439501873,-3.5724866545691385
2026-03-31,68221.85,68284.48,-62.629999999990105,-9.171923107562652,-7.619563606517068,-3.9337406192783972
2026-04-01,68112.35,68113.92,-1.569999999992433,-0.23049620400561466,-5.7722967558892035,-3.69482162474467
2026-04-02,66894.48,66901.99,-7.510000000009313,-1.1225376106160923,-4.6098569695709255,-3.5288678173815358
2026-04-03,66959.99,66964.3,-4.309999999997672,-0.6436265293596755,-3.618299359518113,-3.3427232181543194
2026-04-04,67291.73,67300.42,-8.690000000002328,-1.2912252256380707,-3.0365308260481023,-3.2103685089597227
2026-04-05,69005.0,69034.18,-29.179999999993015,-4.226891664389498,-3.3341210356334514,-3.275950648019708
2026-04-06,68853.61,68853.66,-0.05000000000291038,-0.007261778096623317,-2.502406221249244,-3.0650674951214443
2026-04-07,71910.2,71924.22,-14.020000000004075,-1.9492738329318637,-2.364123124169899,-2.9930808072382455
2026-04-08,71085.99,71069.93,16.060000000012224,2.259746140176322,-1.2081558080833434,-2.654188746114725
2026-04-09,71798.01,71787.97,10.039999999993597,1.3985630182866693,-0.5564761014908401,-2.3927208903468933
2026-04-10,72997.88,72962.7,35.18000000000757,4.821641742973615,0.7880533596252739,-1.9272781398100862
2026-04-11,73086.0,73043.16,42.83999999999651,5.865025554754322,2.0572964084075362,-1.4245488691930275
2026-04-12,70755.35,70740.98,14.370000000009895,2.031354386100581,2.0508109028307975,-1.2015873688515044
2026-04-13,74446.0,74417.99,28.00999999999476,3.763874837252601,2.4790768864362485,-0.8812349684576912
2026-04-14,74179.04,74131.55,47.48999999999069,6.4061792853364885,3.4608524861613086,-0.4110792101483893
2026-04-15,74836.31,74809.99,26.319999999992433,3.518246694056426,3.475201038135088,-0.15757431310291733
2026-04-16,75163.09,75154.29,8.80000000000291,1.1709245074364993,2.8991319054604405,-0.07186471177779369
2026-04-17,77098.01,77072.0,26.00999999999476,3.3747664521488474,3.0180405421325425,0.1504985891206993
2026-04-18,75736.82,75691.76,45.060000000012224,5.9530918557060275,3.7518033705259137,0.5248594450294302
2026-04-19,73823.14,73801.79,21.35000000000582,2.8928837633901416,3.537073468741971,0.6776352075043148
2026-04-20,75864.86,75840.97,23.889999999999418,3.1500124536898433,3.440308214978939,0.8371434169356392
2026-04-21,76348.58,76336.15,12.430000000007567,1.6283241950243443,2.9873122099902902,0.8881873381026525
2026-04-22,78208.52,78178.23,30.29000000000815,3.8744801461998435,3.2091041940426788,1.080851390237955
2026-04-23,78281.32,78257.48,23.84000000001106,3.046354163207532,3.168416686333892,1.2076580207521213
2026-04-24,77461.8,77437.13,24.669999999998254,3.1858102179138648,3.1727650692288853,1.3352807431496532
2026-04-25,77650.72,77625.0,25.720000000001164,3.313365539452384,3.2079151867847604,1.4628991171046681
2026-04-26,78673.83,78657.55,16.279999999998836,2.069731386242779,2.9233692366492647,1.5020495860813203
2026-04-27,77364.42,77371.32,-6.900000000008731,-0.8918033193705543,1.96957609764431,1.3476074631489412
2026-04-28,76317.99,76342.77,-24.779999999998836,-3.2458869386053912,0.6657103385818844,1.0512529856164035
2026-04-29,75752.88,75780.0,-27.119999999995343,-3.578780680917326,-0.39541241629291846,0.7525411361626145
2026-04-30,76305.78,76346.57,-40.79000000000815,-5.342741658205252,-1.6322447267710023,0.3592970849130747
2026-05-01,78234.05,78231.13,2.9199999999982538,0.3732529493061243,-1.1308703077517206,0.3601974632610134
2026-05-02,78682.31,78686.85,-4.540000000008149,-0.5769706119906903,-0.992395383811463,0.2997350067931615
2026-05-03,78558.89,78568.57,-9.680000000007567,-1.2320448240321635,-1.0523077438666382,0.2009105015786244
2026-05-04,79852.37,79861.01,-8.639999999999418,-1.0818796306233391,-1.0597007155558134,0.11814984788817513
2026-05-05,80907.72,80905.52,2.1999999999970896,0.2719221135949468,-0.7267950082681232,0.1280706392240959
2026-05-06,81438.1,81447.01,-8.90999999998894,-1.0939628109107868,-0.8185869589287892,0.0492297714734583
2026-05-07,80005.38,80006.0,-0.6199999999953434,-0.07749418793556728,-0.6333137661804836,0.041054032156746974
2026-05-08,80188.82,80193.17,-4.349999999991269,-0.5424402103060277,-0.6105953772118696,0.0034092423204389287
2026-05-09,80655.96,80678.4,-22.439999999987776,-2.781413612563677,-1.1532999360498215,-0.17625674831724594
2026-05-10,82199.99,82210.07,-10.080000000001746,-1.2261271642266536,-1.1715067430940296,-0.24399032353720773
2026-05-11,81727.06,81745.65,-18.589999999996508,-2.274127124807235,-1.4471618385223308,-0.3749668913610804
2026-05-12,80484.72,80504.47,-19.75,-2.453279923462226,-1.6986913597573048,-0.5090516031095415
2026-05-13,79288.26,79313.61,-25.35000000000582,-3.196172762783833,-2.073061710513937,-0.682414258572399
2026-05-14,81079.39,81089.99,-10.60000000000582,-1.3071897036864843,-1.8815937088070738,-0.7227223518055658
2026-05-15,79058.51,79113.21,-54.70000000001164,-6.914142404285117,-3.1397308826765853,-1.1221688068042466
2026-05-16,78105.45,78148.05,-42.60000000000582,-5.451191680407863,-3.717596082109405,-1.4014606051012541
2026-05-17,77407.59,77457.67,-50.080000000001746,-6.465466880168913,-4.404563781624282,-1.7281706873636837
2026-05-18,76943.98,77001.87,-57.88999999999942,-7.517999238200179,-5.182922645768256,-2.1017080132241026
2026-05-19,76767.48,76834.36,-66.88000000000466,-8.704439003591746,-6.06330173522413,-2.5276906577639506
2026-05-20,77475.99,77552.23,-76.23999999999069,-9.830794033903745,-7.005174809894033,-2.998858617514905
2026-05-21,77547.62,77615.52,-67.90000000000873,-8.74825034993143,-7.440943694903382,-3.3697871163804876
2026-05-22,75443.91,75539.5,-95.58999999999651,-12.654306687229777,-8.74428444298498,-3.9687883790159253
2026-05-23,76650.0,76752.01,-102.00999999999476,-13.290857138463785,-9.880927616854683,-4.570212169948045
2026-05-24,76975.99,77064.96,-88.97000000000116,-11.544805836530836,-10.29689717177372,-5.02018595488887
2026-05-25,77249.07,77322.01,-72.93999999998778,-9.433277795026784,-10.080992327586985,-5.304901557478413
2026-05-26,75826.1,75930.01,-103.90999999998894,-13.6849711991327,-10.981987045473414,-5.845551211778689
2026-05-27,74315.98,74449.3,-133.32000000000698,-17.907488720513285,-12.713362464233382,-6.623740728471243
2026-05-28,73512.56,73617.51,-104.94999999999709,-14.256119230329212,-13.099051655757341,-7.116152244720145
2026-05-29,73366.77,73460.78,-94.00999999999476,-12.797304902016915,-13.023614967322235,-7.482678222610259
2026-05-30,73770.69,73884.38,-113.69000000000233,-15.387555529329244,-13.614600107823989,-7.99267030691471
2026-05-31,73575.17,73674.39,-99.22000000000116,-13.46736633991874,-13.577791665847677,-8.345876502592388
2026-06-01,71314.42,71408.9,-94.47999999999593,-13.230843774374446,-13.491054692979368,-8.661035681417037
2026-06-02,66658.35,66760.83,-102.47999999999593,-15.35031844271506,-13.95587063041329,-9.092602311178199
2026-06-03,64040.0,64142.75,-102.75,-16.018957715407957,-14.471642401661958,-9.539463950160766
2026-06-04,63806.02,63885.99,-79.97000000000116,-12.517611451274835,-13.983134664065176,-9.731602498619738
2026-06-05,61032.0,61056.47,-24.470000000001164,-4.007765270412911,-11.489292315652108,-9.362322677445103
2026-06-06,60850.48,60884.62,-34.13999999999942,-5.607327433430065,-10.018801095096597,-9.120064919766714
2026-06-07,63302.73,63332.01,-29.279999999998836,-4.62325449642309,-8.66991444542822,-8.829948118260674
2026-06-08,63062.98,63085.99,-23.00999999999476,-3.647402537393374,-7.414286468419508,-8.49559033884988
2026-06-09,61685.8,61730.0,-44.19999999999709,-7.160213834439544,-7.350768309924517,-8.409437015984695
2026-06-10,61449.46,61510.99,-61.529999999998836,-10.003090504639989,-8.013848858603385,-8.51225337009149
2026-06-11,63563.42,63625.99,-62.56999999999971,-9.834031659075038,-8.468894558721297,-8.59752938873559
2026-06-12,63538.43,63580.01,-41.580000000001746,-6.539791358950442,-7.986618758778583,-8.464772096491387
2026-06-13,64429.99,64458.01,-28.020000000004075,-4.347015987617997,-7.076718065988437,-8.199110412047943
2026-06-14,65706.62,65746.45,-39.830000000001746,-6.058121769312308,-6.822068991819404,-8.060982112516612
2026-06-15,66276.8,66328.74,-51.94000000000233,-7.830692999746258,-7.074224993801118,-8.046124750402397
2026-06-16,65616.64,65675.01,-58.36999999999534,-8.887703252727919,-7.527594558532819,-8.100420137649206
2026-06-17,64446.04,64509.4,-63.36000000000058,-9.821824416286207,-8.101152022971165,-8.211478478206432
2026-06-18,62879.01,62958.01,-79.0,-12.548045911870975,-9.212875495196117,-8.491257022313823
2026-06-19,63475.2,63543.91,-68.7100000000064,-10.81299529726909,-9.61290544571436,-8.641046588439968
2026-06-20,64222.99,64298.01,-75.02000000000407,-11.667546165115006,-10.12656562556452,-8.836304625644809
2026-06-21,63235.63,63311.99,-76.36000000000058,-12.060906630797508,-10.610150876872767,-9.04434346468692
2026-06-22,63950.61,64020.01,-69.40000000000146,-10.840360693477047,-10.667703331023837,-9.160215543963702
2026-06-23,62644.86,62734.57,-89.70999999999913,-14.299930644300352,-11.575760159342966,-9.491810066566067
2026-06-24,60983.13,61077.99,-94.86000000000058,-15.530962954085625,-12.564560858028631,-9.881432833502812
2026-06-25,59703.65,59794.0,-90.34999999999854,-15.110211726928613,-13.200973575253627,-10.218773407272218
2026-06-26,60002.53,60097.27,-94.73999999999796,-15.764443210148915,-13.841840983977448,-10.576558555844908
2026-06-27,59934.84,60029.0,-94.16000000000349,-15.685751886588273,-14.302818709630154,-10.9061839320219
2026-06-28,59474.01,59577.01,-103.0,-17.288548048987053,-15.04925104446938,-11.317949358922878
2026-06-29,60162.73,60260.21,-97.47999999999593,-16.17651183094093,-15.331066241087267,-11.631405002278882
2026-06-30,58523.93,58624.71,-100.77999999999884,-17.190703374054817,-15.795975524329155,-11.9900694133612
2026-07-01,59961.45,60024.0,-62.55000000000291,-10.420831667333763,-14.452189560080308,-11.888828268456205
2026-07-02,61484.02,61560.0,-75.9800000000032,-12.342430149447914,-13.92474970742221,-11.918092905939542
2026-07-03,62520.22,62583.26,-63.04000000000087,-10.072981177394746,-12.961807574915344,-11.799053439581813
2026-07-04,63086.45,63144.01,-57.56000000000495,-9.115670670900577,-12.000273348911653,-11.625931970634637
2026-07-05,63580.44,63650.0,-69.55999999999767,-10.928515318145982,-11.732333841220235,-11.580937347893434
2026-07-06,64001.84,64042.02,-40.18000000000029,-6.274005723116982,-10.36775181169442,-11.238554662423985
2026-07-07,63323.27,63363.99,-40.720000000001164,-6.426362986295953,-9.382404605344803,-10.928090683318949
2026-07-08,62237.7,62290.0,-52.30000000000291,-8.39621126986767,-9.13585627147552,-10.76474362438661
2026-07-09,63175.25,63230.0,-54.75,-8.658864463071403,-9.01660831937449,-10.628880452688854
2026-07-10,64128.49,64161.72,-33.2300000000032,-5.179100560271932,-8.05723137959885,-10.277281749952278
2026-07-11,63773.04,63819.0,-45.95999999999913,-7.201617073284705,-7.843327803020314,-10.078851770812435
2026-07-12,63740.32,63780.0,-39.68000000000029,-6.221386014424457,-7.43784235587135,-9.829983012335791
2026-07-13,62264.94,62334.52,-69.57999999999447,-11.162354342344472,-8.368970352489631,-9.915942452981515
2026-07-14,64988.64,65043.98,-55.34000000000378,-8.50808944963144,-8.403750126775083,-9.825113226958928
2026-07-15,64716.63,64756.28,-39.650000000001455,-6.122958267522627,-7.833552161961969,-9.58626451989852
2026-07-16,63770.6,63830.2,-59.599999999998545,-9.337272952301134,-8.20948235954676,-9.570200547795464
2026-07-17,63894.0,63931.67,-37.669999999998254,-5.892228374450026,-7.630168863272576,-9.332912020482855
2026-07-18,64796.36,64834.22,-37.86000000000058,-5.839508827283346,-7.182503854275269,-9.107531169308693
2026-07-19,64681.78,64722.54,-40.76000000000204,-6.297651482776168,-6.961290761400494,-8.92624860888724
2026-07-20,65213.05,65255.51,-42.45999999999913,-6.506730236266467,-6.847650630116988,-8.770150649363318
2026-07-21,66516.18,66556.16,-39.98000000001048,-6.006957132144164,-6.637477255623782,-8.591880099865307
2026-07-22,66086.61,66114.49,-27.880000000004657,-4.216927333177134,-6.032339775012121,-8.309625082659618
2026-07-23,65051.23,65098.97,-47.73999999999796,-7.333449361794919,-6.357617171707821,-8.246646003894154
2026-07-24,64083.32,64139.99,-56.669999999998254,-8.835361527184116,-6.977053260576895,-8.284627650558024
2026-07-25,64295.61,64375.0,-79.38999999999942,-12.332427184466033,-8.31589674154918,-8.545776007584346
2026-07-26,65341.07,65399.99,-58.919999999998254,-9.009175689476123,-8.489216478530915,-8.575672761254785
2026-07-27,63694.43,63755.86,-61.43000000000029,-9.635192749340993,-8.775710546233434,-8.644028889518411
2026-07-28,63847.12,63915.0,-67.87999999999738,-10.62035515919546,-9.23687169947394,-8.771533810142737
2026-07-29,63896.14,63984.28,-88.13999999999942,-13.775258547881197,-10.371468411575755,-9.094354760964572
2026-07-30,64721.9,64780.02,-58.11999999999534,-8.971902138961152,-10.021576843422103,-9.086454591803063
2026-07-31,62825.9,62887.88,-61.979999999995925,-9.855635139870422,-9.980091417534181,-9.13607914329128
2026-08-01,62764.2,62823.64,-59.44000000000233,-9.461406566063646,-9.850420204666547,-9.157068009276594
2026-08-02,63499.49,63570.0,-70.51000000000204,-11.091709926066562,-10.16074263501655,-9.281883616811431
2026-08-03,63466.51,63520.0,-53.48999999999796,-8.420969773299536,-9.725799419587295,-9.22634078819776
2026-08-04,64050.51,64106.56,-56.049999999995634,-8.743254980456694,-9.480163309804643,-9.195173961891886
2026-08-05,64603.03,64665.23,-62.200000000004366,-9.618770396394583,-9.514815081452127,-9.222502764117866
2026-08-06,64267.3,64323.61,-56.30999999999767,-8.754172845708563,-9.324654522516235,-9.192287930672103
2026-08-07,64891.61,64923.19,-31.580000000001746,-4.864209537455144,-8.209543276250962,-8.91305706659359
2026-08-08,64908.72,64962.6,-53.87999999999738,-8.294003010962392,-8.23065820992882,-8.873118095262546
2026-08-09,64848.69,64901.59,-52.89999999999418,-8.150801852465639,-8.210694120563025,-8.826517047340165
2026-08-10,63911.88,63970.01,-58.13000000000466,-9.087070644510087,-8.42978825154979,-8.843326956834998
2026-08-11,63531.75,63600.0,-68.25,-10.73113207547216,-9.00512420753038,-8.96512083545675
2026-08-12,63411.72,63479.99,-68.2699999999968,-10.754570062155855,-9.442485671186748,-9.080569172663145
2026-08-13,63425.35,63490.86,-65.51000000000204,-10.318020578080622,-9.661369397910217,-9.160404747206208
2026-08-14,62975.19,63043.56,-68.36999999999534,-10.844882490772534,-9.957247671125797,-9.2690807306621
2026-08-15,63018.75,63086.01,-67.26000000000204,-10.661634806196085,-10.133344454893368,-9.358922929083647
2026-08-16,62836.66,62900.0,-63.33999999999651,-10.0699523052461,-10.11749641748155,-9.404795792061869
2026-08-17,64484.18,64532.1,-47.919999999998254,-7.425761752677396,-9.444562751280511,-9.27711617661771
2026-08-18,64681.33,64725.42,-44.08999999999651,-6.811852283075126,-8.786385134229166,-9.11806689316335
2026-08-19,69300.01,69334.79,-34.779999999998836,-5.0162407645570894,-7.843849041811146,-8.8534329493823
2026-08-20,73011.87,73025.15,-13.279999999998836,-1.8185515538138297,-6.337524669811817,-8.399569633539173
2026-08-21,78325.54,78338.03,-12.490000000005239,-1.5943724906031242,-5.151736625009643,-7.960524656575556
2026-08-22,77054.44,77074.93,-20.489999999990687,-2.658451976536025,-4.528415462891238,-7.618455451411715
2026-08-23,77729.36,77734.0,-4.639999999999418,-0.5969074021661136,-3.5455384477099567,-7.165452351460385
2026-08-24,78981.59,78992.75,-11.160000000003492,-1.4127878824321538,-3.012350806390506,-6.794312708297274
2026-08-25,78526.8,78539.14,-12.339999999996508,-1.5711911283977642,-2.65206088689232,-6.457337122497306
2026-08-26,79026.18,79023.75,2.429999999993015,0.30750249133904006,-1.9121700423344798,-6.02089585708851
2026-08-27,80275.34,80249.58,25.75999999999476,3.209985647276703,-0.6316311199316839,-5.425355114871398
2026-08-28,77839.19,77845.87,-6.679999999993015,-0.8581058956613763,-0.688249813864107,-5.130693874922366
2026-08-29,78233.93,78230.0,3.929999999993015,0.5023648216795351,-0.39059615497819644,-4.767270733206114
2026-08-30,77665.14,77682.0,-16.860000000000582,-2.170386962230264,-0.8355438567912135,-4.59972984475606
2026-08-31,78562.74,78581.29,-18.54999999998836,-2.360612812539742,-1.2168110957283456,-4.455270681387265
2026-09-01,77398.69,77439.0,-40.30999999999767,-5.205387466263867,-2.213955188362226,-4.503665312669627
2026-09-02,77307.36,77340.01,-32.64999999999418,-4.221618280110251,-2.7158709612992324,-4.485468729923861
2026-09-03,81263.99,81270.37,-6.379999999990105,-0.7850339551784824,-2.233161709769045,-4.246731002520933
2026-09-04,79675.12,79660.77,14.349999999991269,1.8013885630274729,-1.224524141569915,-3.856529740227488
2026-09-05,79831.57,79831.75,-0.17999999999301508,-0.0225474200421516,-0.9240299611879742,-3.609176042151015
2026-09-06,79916.67,79988.71,-72.04000000000815,-9.006271009996958,-2.9445902233902204,-3.9573757174959145
