open_time,open,high,low,close,volume,close_time,qav,num_trades,tbb,tbq,ignore
2026-08-27 01:15:00,2489.49000000,2505.64000000,2487.48000000,2503.04,2012.04220000,1787794199999,5025853.62980900,40295,1228.84510000,3070204.87732600,0
2026-08-27 01:30:00,2503.05000000,2505.74000000,2493.00000000,2493.0,2345.86740000,1787795099999,5863381.05376900,37608,1004.75190000,2511282.69750500,0
2026-08-27 01:45:00,2493.00000000,2506.15000000,2492.82000000,2497.87,3696.68360000,1787795999999,9250466.95494500,29957,2122.06830000,5310216.23591200,0
2026-08-27 02:00:00,2497.87000000,2504.95000000,2497.44000000,2502.12,1931.24250000,1787796899999,4831775.44354700,22399,1136.73060000,2843328.11246800,0
2026-08-27 02:15:00,2502.08000000,2502.48000000,2494.31000000,2495.97,1156.80920000,1787797799999,2889982.29748600,19117,413.01820000,1031892.85270600,0
2026-08-27 02:30:00,2495.97000000,2498.16000000,2493.12000000,2494.0,839.41530000,1787798699999,2094552.63471300,12146,351.30650000,876627.15745900,0
2026-08-27 02:45:00,2493.99000000,2495.92000000,2493.37000000,2494.73,899.66560000,1787799599999,2244337.76726200,11475,435.49740000,1086368.12901600,0
2026-08-27 03:00:00,2494.73000000,2497.00000000,2490.61000000,2491.09,967.42320000,1787800499999,2412935.26058200,15364,518.44370000,1293255.71221300,0
2026-08-27 03:15:00,2491.09000000,2499.03000000,2489.20000000,2497.91,3017.11560000,1787801399999,7526859.92142100,26451,1489.56910000,3716958.92435900,0
2026-08-27 03:30:00,2497.91000000,2498.45000000,2492.41000000,2492.46,1246.55170000,1787802299999,3109619.34342000,19006,424.58350000,1059255.69050200,0
2026-08-27 03:45:00,2492.47000000,2494.73000000,2489.32000000,2492.89,2477.30780000,1787803199999,6172226.47022900,18069,648.90530000,1616506.08547900,0
2026-08-27 04:00:00,2492.89000000,2494.99000000,2491.52000000,2494.17,1302.40620000,1787804099999,3247721.76427500,13829,372.42300000,928583.55767600,0
2026-08-27 04:15:00,2494.18000000,2495.75000000,2491.92000000,2491.92,948.94310000,1787804999999,2366936.44793000,10742,355.67320000,887096.25488100,0
2026-08-27 04:30:00,2491.92000000,2491.92000000,2484.41000000,2489.15,2796.13170000,1787805899999,6954987.04090300,26276,1129.45080000,2809306.84976100,0
2026-08-27 04:45:00,2489.16000000,2491.12000000,2484.24000000,2487.38,1223.61910000,1787806799999,3043141.19485000,16203,303.71130000,755329.63581000,0
2026-08-27 05:00:00,2487.39000000,2488.61000000,2483.50000000,2485.44,1221.73930000,1787807699999,3037370.24182000,15391,536.16580000,1332651.57127400,0
2026-08-27 05:15:00,2485.44000000,2491.36000000,2483.65000000,2485.28,1143.59690000,1787808599999,2844260.94018500,15203,488.82780000,1215725.00847500,0
2026-08-27 05:30:00,2485.27000000,2490.64000000,2481.74000000,2488.14,1352.08860000,1787809499999,3361368.69386100,22955,583.47620000,1450578.39493000,0
2026-08-27 05:45:00,2488.14000000,2497.94000000,2487.94000000,2496.63,2745.65210000,1787810399999,6850596.12959500,23473,1552.80580000,3873556.74566300,0
2026-08-27 06:00:00,2496.63000000,2496.63000000,2485.30000000,2488.5,1231.56020000,1787811299999,3066857.21696300,15024,438.83080000,1092184.59518300,0
2026-08-27 06:15:00,2488.50000000,2488.50000000,2484.20000000,2485.61,1783.67280000,1787812199999,4433496.18352500,19173,620.82540000,1543246.18850200,0
2026-08-27 06:30:00,2485.62000000,2488.71000000,2485.61000000,2488.39,744.13380000,1787813099999,1851077.31500100,13499,292.82560000,728395.94961400,0
2026-08-27 06:45:00,2488.39000000,2493.34000000,2488.39000000,2493.11,913.93940000,1787813999999,2276402.68564500,13327,433.70370000,1080170.58840400,0
2026-08-27 07:00:00,2493.11000000,2495.34000000,2490.79000000,2494.24,872.82230000,1787814899999,2175450.24116400,15305,416.51170000,1038072.55597100,0
2026-08-27 07:15:00,2494.24000000,2494.34000000,2488.86000000,2490.79,831.98220000,1787815799999,2073089.43950600,15541,377.46870000,940285.56708500,0
2026-08-27 07:30:00,2490.79000000,2494.42000000,2490.41000000,2491.65,2774.53160000,1787816699999,6913645.18338300,23588,736.97250000,1836543.93182400,0
2026-08-27 07:45:00,2491.64000000,2499.00000000,2491.29000000,2497.16,1788.92640000,1787817599999,4464182.53551100,17744,924.75160000,2307645.42959800,0
2026-08-27 08:00:00,2497.17000000,2529.00000000,2497.05000000,2520.0,15246.76560000,1787818499999,38359459.39046500,96909,9740.14790000,24504729.85817500,0
2026-08-27 08:15:00,2520.00000000,2535.00000000,2512.44000000,2533.88,9369.25960000,1787819399999,23633606.23088900,57806,5512.32970000,13911396.63099400,0
2026-08-27 08:30:00,2533.88000000,2546.84000000,2527.08000000,2536.42,10883.36760000,1787820299999,27612328.70924400,91062,6224.18710000,15797273.60976600,0
2026-08-27 08:45:00,2536.42000000,2540.58000000,2528.79000000,2531.05,4811.26510000,1787821199999,12197107.66343200,62113,2289.21950000,5804290.60742700,0
2026-08-27 09:00:00,2531.05000000,2536.91000000,2525.45000000,2535.61,5890.66060000,1787822099999,14908862.27546100,60414,3984.44300000,10085523.43744400,0
2026-08-27 09:15:00,2535.62000000,2566.53000000,2531.16000000,2554.44,18067.17700000,1787822999999,46087815.92832300,130807,9827.86520000,25064120.07963400,0
2026-08-27 09:30:00,2554.44000000,2556.58000000,2538.82000000,2541.54,5299.36340000,1787823899999,13500073.00837400,66293,2613.03160000,6658749.22871200,0
2026-08-27 09:45:00,2541.54000000,2545.54000000,2532.53000000,2534.94,2180.23920000,1787824799999,5533466.08276900,38080,858.22870000,2178894.84211600,0
2026-08-27 10:00:00,2534.94000000,2539.98000000,2525.57000000,2529.95,6095.36050000,1787825699999,15443383.50004100,64391,2944.58530000,7462924.19775600,0
2026-08-27 10:15:00,2529.96000000,2532.03000000,2486.97000000,2510.91,15149.66570000,1787826599999,37980265.53639900,102894,7531.10720000,18867922.88917600,0
2026-08-27 10:30:00,2510.91000000,2513.00000000,2496.98000000,2505.86,5713.71910000,1787827499999,14309703.75224300,83486,2891.76800000,7242572.48317800,0
2026-08-27 10:45:00,2505.85000000,2506.58000000,2501.09000000,2503.6,2770.86810000,1787828399999,6938904.36771000,34777,1210.86820000,3032182.03137800,0
2026-08-27 11:00:00,2503.60000000,2509.10000000,2501.81000000,2508.1,2538.12130000,1787829299999,6361152.80009300,36293,1271.79800000,3187148.36652300,0
2026-08-27 11:15:00,2508.10000000,2510.18000000,2499.07000000,2501.24,3862.62530000,1787830199999,9677484.39093800,28013,1174.10720000,2942252.95070600,0
2026-08-27 11:30:00,2501.23000000,2505.36000000,2498.39000000,2503.38,1850.32540000,1787831099999,4629136.17372000,34791,920.77660000,2303684.38637000,0
2026-08-27 11:45:00,2503.37000000,2503.37000000,2492.56000000,2501.73,3093.93170000,1787831999999,7733007.36368900,30417,824.77410000,2061313.45127300,0
2026-08-27 12:00:00,2501.74000000,2506.80000000,2500.00000000,2505.36,2223.03010000,1787832899999,5563758.34797800,33450,1078.54400000,2699900.38050500,0
2026-08-27 12:15:00,2505.36000000,2507.55000000,2502.74000000,2505.88,2150.37860000,1787833799999,5388090.87140700,27375,1178.45590000,2952722.80182900,0
2026-08-27 12:30:00,2505.89000000,2506.16000000,2496.27000000,2496.3,4724.22110000,1787834699999,11812299.48425900,31130,1060.97790000,2653185.75307100,0
2026-08-27 12:45:00,2496.30000000,2500.00000000,2492.28000000,2494.9,2240.62850000,1787835599999,5595138.33968700,16572,916.81480000,2289086.61393600,0
2026-08-27 13:00:00,2494.90000000,2500.00000000,2494.90000000,2497.94,1095.44610000,1787836499999,2735937.19654300,15784,564.14780000,1408936.66610000,0
2026-08-27 13:15:00,2497.94000000,2506.86000000,2496.87000000,2503.09,2996.02550000,1787837399999,7498632.72315700,32862,1842.31280000,4611127.52352700,0
2026-08-27 13:30:00,2503.09000000,2503.15000000,2484.61000000,2489.97,6779.65960000,1787838299999,16892678.84730500,111297,2736.37700000,6818619.32593100,0
2026-08-27 13:45:00,2489.96000000,2498.21000000,2482.54000000,2496.68,5384.33000000,1787839199999,13413685.29345300,102519,2637.19870000,6571306.65336400,0
2026-08-27 14:00:00,2496.69000000,2504.68000000,2489.04000000,2492.47,5926.07850000,1787840099999,14789258.50124700,85389,2410.47110000,6017613.51855500,0
2026-08-27 14:15:00,2492.47000000,2508.74000000,2490.58000000,2508.4,4829.24160000,1787840999999,12090486.41020600,53110,2363.28890000,5915526.66092300,0
2026-08-27 14:30:00,2508.40000000,2523.46000000,2504.45000000,2520.8,10009.91380000,1787841899999,25187429.59070300,75630,6674.70610000,16800092.93477700,0
2026-08-27 14:45:00,2520.79000000,2520.79000000,2511.35000000,2517.44,3989.85260000,1787842799999,10036690.52544900,50299,1301.39960000,3273069.14258300,0
2026-08-27 15:00:00,2517.44000000,2530.32000000,2513.62000000,2526.38,4950.66860000,1787843699999,12488109.39743500,68941,2774.48950000,6999953.58559000,0
2026-08-27 15:15:00,2526.38000000,2527.84000000,2516.46000000,2523.1,6679.81060000,1787844599999,16840808.65435300,64833,4527.52220000,11413448.64492900,0
2026-08-27 15:30:00,2523.10000000,2531.84000000,2515.23000000,2525.79,6587.61690000,1787845499999,16628888.47407400,71469,3407.89090000,8603056.23734600,0
2026-08-27 15:45:00,2525.79000000,2526.37000000,2519.78000000,2521.68,3402.93830000,1787846399999,8583713.64581900,48953,1701.36650000,4291002.04804900,0
2026-08-27 16:00:00,2521.68000000,2527.00000000,2516.32000000,2523.95,5176.28410000,1787847299999,13059505.98170300,34040,1831.06870000,4620380.05392400,0
2026-08-27 16:15:00,2523.95000000,2528.15000000,2522.02000000,2522.06,2820.34930000,1787848199999,7124223.66998200,29265,1385.30530000,3499468.96119400,0
2026-08-27 16:30:00,2522.06000000,2533.24000000,2518.82000000,2531.14,3030.47970000,1787849099999,7654536.67242000,30491,1577.77640000,3986424.23417800,0
2026-08-27 16:45:00,2531.13000000,2531.16000000,2522.18000000,2522.31,2272.09730000,1787849999999,5738313.82860100,30385,898.50100000,2269136.87972300,0
2026-08-27 17:00:00,2522.31000000,2531.54000000,2516.12000000,2529.27,3677.53960000,1787850899999,9281297.46939500,47918,1855.11240000,4682381.74845500,0
2026-08-27 17:15:00,2529.27000000,2533.78000000,2523.97000000,2523.98,5635.76530000,1787851799999,14260477.27579700,52742,2348.57680000,5943903.43255000,0
2026-08-27 17:30:00,2523.98000000,2526.35000000,2517.34000000,2518.31,2948.34040000,1787852699999,7437818.37321800,34273,1059.92620000,2675004.44758200,0
2026-08-27 17:45:00,2518.30000000,2522.13000000,2515.36000000,2518.07,2654.69400000,1787853599999,6688085.71027900,26518,824.26800000,2076632.79152300,0
2026-08-27 18:00:00,2518.07000000,2518.21000000,2494.36000000,2500.12,5786.47900000,1787854499999,14507569.85853800,48791,1853.91290000,4646263.42177700,0
2026-08-27 18:15:00,2500.12000000,2503.36000000,2488.74000000,2493.45,9896.62100000,1787855399999,24670818.51070900,50781,2694.73540000,6721286.88773700,0
2026-08-27 18:30:00,2493.45000000,2497.90000000,2491.39000000,2496.9,3864.44760000,1787856299999,9643064.40183500,29244,1830.70530000,4568261.58744700,0
2026-08-27 18:45:00,2496.89000000,2506.98000000,2495.48000000,2506.69,4456.20050000,1787857199999,11138558.71121600,26814,2416.83050000,6041367.16440700,0
2026-08-27 19:00:00,2506.69000000,2512.60000000,2505.05000000,2510.12,3376.70490000,1787858099999,8471803.35502400,29489,1868.12130000,4687031.52013500,0
2026-08-27 19:15:00,2510.12000000,2512.12000000,2507.58000000,2511.78,3263.29970000,1787858999999,8191135.38910300,21448,1578.12680000,3961331.76486100,0
2026-08-27 19:30:00,2511.78000000,2514.34000000,2507.82000000,2510.41,3622.88460000,1787859899999,9096792.97646300,24659,1711.46280000,4297228.33364600,0
2026-08-27 19:45:00,2510.40000000,2511.76000000,2497.51000000,2498.21,5199.95510000,1787860799999,13024282.90711000,31444,2355.96970000,5900345.29330800,0
2026-08-27 20:00:00,2498.22000000,2501.17000000,2495.06000000,2496.66,2034.78850000,1787861699999,5083597.44881900,29149,918.92580000,2295900.41540700,0
2026-08-27 20:15:00,2496.66000000,2505.50000000,2496.19000000,2502.95,1418.42510000,1787862599999,3549144.62010600,19527,610.01070000,1526381.04747600,0
2026-08-27 20:30:00,2502.95000000,2506.56000000,2502.73000000,2506.32,753.67920000,1787863499999,1887630.43371500,11492,405.20240000,1014821.50476700,0
2026-08-27 20:45:00,2506.33000000,2507.91000000,2501.72000000,2507.83,1166.04320000,1787864399999,2921564.88677300,13557,593.19380000,1486293.56977700,0
2026-08-27 21:00:00,2507.84000000,2508.79000000,2503.53000000,2505.87,1984.26790000,1787865299999,4974040.10220400,12477,754.48760000,1891186.88052900,0
2026-08-27 21:15:00,2505.87000000,2505.87000000,2500.43000000,2502.06,1381.77390000,1787866199999,3458358.06025100,10747,654.32690000,1637420.21386000,0
2026-08-27 21:30:00,2502.06000000,2504.87000000,2499.22000000,2499.62,1092.85240000,1787867099999,2733526.65903700,14389,477.20930000,1193616.79585400,0
2026-08-27 21:45:00,2499.63000000,2504.86000000,2499.22000000,2504.12,1428.97750000,1787867999999,3575251.34047100,15098,442.59880000,1107225.90647900,0
2026-08-27 22:00:00,2504.12000000,2512.68000000,2504.12000000,2509.9,1763.10030000,1787868899999,4424212.72842700,29608,1060.51740000,2661001.22096400,0
2026-08-27 22:15:00,2509.91000000,2516.98000000,2509.90000000,2512.96,4546.51120000,1787869799999,11429272.32688500,30593,2948.32940000,7412074.39336000,0
2026-08-27 22:30:00,2512.96000000,2514.36000000,2510.16000000,2513.05,1233.53420000,1787870699999,3099247.24075700,16897,503.08470000,1264023.32857900,0
2026-08-27 22:45:00,2513.05000000,2515.18000000,2511.23000000,2515.15,2379.91270000,1787871599999,5984302.37805700,11526,1836.25800000,4617733.10560800,0
2026-08-27 23:00:00,2515.16000000,2516.81000000,2510.67000000,2511.11,2038.04370000,1787872499999,5125231.94993400,17513,854.08600000,2147733.92033900,0
2026-08-27 23:15:00,2511.11000000,2515.93000000,2509.05000000,2514.17,1321.24810000,1787873399999,3320799.35560200,20938,624.13240000,1568631.63567100,0
2026-08-27 23:30:00,2514.16000000,2514.50000000,2510.69000000,2510.94,593.65340000,1787874299999,1491810.22077400,12564,241.30950000,606401.53420300,0
2026-08-27 23:45:00,2510.93000000,2512.64000000,2509.66000000,2510.94,781.55350000,1787875199999,1962397.11175200,12336,356.32880000,894653.62098400,0
2026-08-28 00:00:00,2510.94000000,2511.40000000,2506.02000000,2508.4,1017.47220000,1787876099999,2552155.99996800,20514,263.86070000,661879.44374000,0
2026-08-28 00:15:00,2508.40000000,2514.02000000,2508.20000000,2513.29,1305.77610000,1787876999999,3279099.90358200,26775,768.20900000,1928905.76529700,0
2026-08-28 00:30:00,2513.29000000,2518.80000000,2509.99000000,2515.23,2892.36290000,1787877899999,7275787.34176400,34336,1556.05920000,3913972.80683800,0
2026-08-28 00:45:00,2515.23000000,2519.91000000,2512.65000000,2515.61,1103.61450000,1787878799999,2776048.66230700,21518,539.47940000,1357174.72445400,0
2026-08-28 01:00:00,2515.61000000,2525.08000000,2515.60000000,2521.82,2745.05530000,1787879699999,6921162.60320000,27979,1801.23190000,4541592.34804400,0
2026-08-28 01:15:00,2521.82000000,2529.53000000,2520.10000000,2528.8,2926.08190000,1787880599999,7393952.45002000,29738,1584.76220000,4004212.92514800,0
2026-08-28 01:30:00,2528.79000000,2535.05000000,2518.01000000,2519.01,5552.31240000,1787881499999,14035743.13296300,37236,2983.08600000,7543654.32231300,0
2026-08-28 01:45:00,2519.00000000,2520.00000000,2507.83000000,2512.44,3440.96640000,1787882399999,8647645.31401600,44305,1550.87900000,3898076.18979400,0
2026-08-28 02:00:00,2512.44000000,2512.44000000,2502.77000000,2502.96,3049.70840000,1787883299999,7649112.21832400,38530,971.32210000,2436353.83925200,0
2026-08-28 02:15:00,2502.95000000,2504.93000000,2491.00000000,2494.72,5170.12340000,1787884199999,12913420.74278400,46510,1994.79200000,4982366.58793700,0
2026-08-28 02:30:00,2494.72000000,2499.90000000,2490.15000000,2496.56,2166.47970000,1787885099999,5407451.80815200,36303,1023.05870000,2553960.99137600,0
2026-08-28 02:45:00,2496.56000000,2496.57000000,2486.09000000,2492.26,4334.76990000,1787885999999,10797955.81379000,41548,2038.15780000,5077455.65683700,0
2026-08-28 03:00:00,2492.26000000,2493.39000000,2486.24000000,2490.54,1745.23290000,1787886899999,4344553.93741800,32439,649.32460000,1616420.63848100,0
2026-08-28 03:15:00,2490.54000000,2495.60000000,2490.20000000,2492.57,1163.10860000,1787887799999,2900499.68954900,20397,574.02240000,1431437.63928200,0
2026-08-28 03:30:00,2492.57000000,2494.91000000,2489.01000000,2489.26,1550.76670000,1787888699999,3863475.04860500,18845,545.24320000,1358357.47515000,0
2026-08-28 03:45:00,2489.27000000,2492.72000000,2488.93000000,2489.92,1201.26250000,1787889599999,2991839.77610400,14918,628.82100000,1566008.70539300,0
2026-08-28 04:00:00,2489.91000000,2492.23000000,2477.49000000,2492.23,4333.16470000,1787890499999,10762952.59818800,41773,1499.48690000,3724669.60873200,0
2026-08-28 04:15:00,2492.22000000,2496.17000000,2488.00000000,2490.69,1603.10710000,1787891399999,3996359.77532300,25781,783.12740000,1952148.50487300,0
2026-08-28 04:30:00,2490.69000000,2491.00000000,2483.56000000,2486.9,1345.97530000,1787892299999,3346866.34772800,24858,474.34520000,1179331.90897100,0
2026-08-28 04:45:00,2486.91000000,2489.00000000,2485.04000000,2486.18,1029.86470000,1787893199999,2561201.30843200,14338,415.46740000,1033210.92642900,0
2026-08-28 05:00:00,2486.18000000,2488.34000000,2482.23000000,2485.54,1172.14780000,1787894099999,2912905.15774800,20319,534.89660000,1329450.85002200,0
2026-08-28 05:15:00,2485.54000000,2491.00000000,2483.28000000,2490.17,1296.36830000,1787894999999,3224316.37061900,13670,618.13780000,1537600.69588200,0
2026-08-28 05:30:00,2490.18000000,2495.65000000,2489.67000000,2495.28,1822.94450000,1787895899999,4544515.33749100,21315,1027.04290000,2559952.69768800,0
2026-08-28 05:45:00,2495.29000000,2497.44000000,2492.00000000,2493.32,2067.48710000,1787896799999,5159279.32161000,19901,1004.80640000,2507546.33511100,0
2026-08-28 06:00:00,2493.32000000,2503.77000000,2493.31000000,2503.57,2506.76000000,1787897699999,6267384.89381000,24605,1493.13310000,3732769.89162400,0
2026-08-28 06:15:00,2503.56000000,2503.56000000,2500.91000000,2500.98,1099.13300000,1787898599999,2750164.99387600,14558,522.10870000,1306370.65508600,0
2026-08-28 06:30:00,2500.99000000,2502.84000000,2499.17000000,2501.32,1480.99970000,1787899499999,3703851.40067400,14910,845.41560000,2114346.37114400,0
2026-08-28 06:45:00,2501.32000000,2505.37000000,2501.10000000,2503.0,2086.74050000,1787900399999,5224503.72897300,12505,1248.45390000,3125619.53654900,0
2026-08-28 07:00:00,2503.01000000,2503.42000000,2494.10000000,2496.6,2270.13240000,1787901299999,5669302.87484100,17341,802.64770000,2004444.82808200,0
2026-08-28 07:15:00,2496.59000000,2498.96000000,2494.97000000,2498.61,1616.80610000,1787902199999,4036661.32040700,13817,1052.21300000,2626838.57175800,0
2026-08-28 07:30:00,2498.61000000,2498.94000000,2494.86000000,2494.86,2554.73990000,1787903099999,6378629.12674000,21431,934.34880000,2332728.58729000,0
2026-08-28 07:45:00,2494.86000000,2496.87000000,2494.77000000,2496.48,2858.90740000,1787903999999,7135049.31985300,14715,1294.02310000,3229477.56032700,0
2026-08-28 08:00:00,2496.47000000,2503.66000000,2496.47000000,2497.02,3126.26540000,1787904899999,7813587.84057600,19541,1516.95090000,3791507.65536400,0
2026-08-28 08:15:00,2497.02000000,2501.65000000,2497.02000000,2497.8,3288.50910000,1787905799999,8219204.90590500,18184,1287.65050000,3218037.94937400,0
2026-08-28 08:30:00,2497.80000000,2498.36000000,2494.13000000,2494.13,1703.34790000,1787906699999,4252440.27644700,15524,597.76460000,1492384.49012000,0
2026-08-28 08:45:00,2494.13000000,2495.00000000,2486.52000000,2488.05,2221.22530000,1787907599999,5530069.37454400,31672,790.15950000,1967127.12989200,0
2026-08-28 09:00:00,2488.05000000,2493.02000000,2483.40000000,2489.59,5400.58100000,1787908499999,13427769.45149300,33970,1136.91600000,2829398.77800900,0
2026-08-28 09:15:00,2489.58000000,2492.98000000,2489.58000000,2491.62,1184.87100000,1787909399999,2951042.89660800,8870,815.08170000,2029727.58851900,0
2026-08-28 09:30:00,2491.61000000,2493.24000000,2488.36000000,2489.05,966.22680000,1787910299999,2407237.40943500,16935,555.65290000,1384396.89899400,0
2026-08-28 09:45:00,2489.04000000,2491.52000000,2488.56000000,2489.58,1180.96620000,1787911199999,2940592.75928600,11998,567.44250000,1412827.59549400,0
2026-08-28 10:00:00,2489.57000000,2490.09000000,2482.17000000,2487.59,2021.37230000,1787912099999,5024666.51910900,27965,783.95000000,1949013.85407900,0
2026-08-28 10:15:00,2487.59000000,2489.29000000,2484.39000000,2489.06,762.52430000,1787912999999,1895981.09168200,12636,399.16350000,992419.21091800,0
2026-08-28 10:30:00,2489.06000000,2495.22000000,2489.06000000,2494.02,2314.83080000,1787913899999,5773107.83638000,14679,1707.15080000,4257583.59099500,0
2026-08-28 10:45:00,2494.01000000,2509.08000000,2493.83000000,2506.56,3374.41770000,1787914799999,8441803.94485000,28675,2690.32790000,6730183.23261100,0
2026-08-28 11:00:00,2506.57000000,2511.51000000,2505.79000000,2509.68,2924.11510000,1787915699999,7337259.32680200,34644,1503.99640000,3773952.31188900,0
2026-08-28 11:15:00,2509.68000000,2510.42000000,2504.30000000,2505.49,1716.24900000,1787916599999,4304828.48344800,23131,640.62030000,1606804.58035800,0
2026-08-28 11:30:00,2505.49000000,2508.11000000,2502.43000000,2505.61,1633.61890000,1787917499999,4092208.57523300,17722,504.06070000,1262731.10578400,0
2026-08-28 11:45:00,2505.61000000,2506.72000000,2503.01000000,2505.1,1141.20510000,1787918399999,2859065.48234500,14075,428.93080000,1074491.19411800,0
2026-08-28 12:00:00,2505.10000000,2506.54000000,2500.01000000,2501.61,1046.17910000,1787919299999,2619164.60013900,15413,506.01370000,1266849.02918800,0
2026-08-28 12:15:00,2501.61000000,2508.41000000,2500.81000000,2501.18,1455.50600000,1787920199999,3645173.31329900,19034,811.51550000,2032627.71698700,0
2026-08-28 12:30:00,2501.18000000,2501.28000000,2495.29000000,2498.96,1647.24970000,1787921099999,4114851.11477700,15188,819.98430000,2048284.35821200,0
2026-08-28 12:45:00,2498.97000000,2499.24000000,2496.54000000,2499.11,830.16780000,1787921999999,2073724.55183700,9758,479.19170000,1197055.12217100,0
2026-08-28 13:00:00,2499.10000000,2504.12000000,2497.28000000,2500.58,2727.54470000,1787922899999,6822384.19884500,23379,1917.49230000,4796861.80052900,0
2026-08-28 13:15:00,2500.58000000,2501.67000000,2495.22000000,2498.89,2354.43620000,1787923799999,5883566.52657700,25941,1608.94370000,4021053.11640300,0
2026-08-28 13:30:00,2498.89000000,2505.02000000,2496.24000000,2497.68,3491.79650000,1787924699999,8731656.89433800,40067,2121.92210000,5306024.48526900,0
2026-08-28 13:45:00,2497.67000000,2518.26000000,2496.24000000,2509.17,9653.35080000,1787925599999,24238202.86654900,58693,7132.35360000,17911601.97527700,0
2026-08-28 14:00:00,2509.17000000,2525.00000000,2468.00000000,2477.91,25469.84630000,1787926499999,63455434.65069900,240406,10255.49440000,25578147.38923300,0
2026-08-28 14:15:00,2477.91000000,2493.35000000,2472.01000000,2492.12,6177.15270000,1787927399999,15345902.48439000,89468,3044.97850000,7565712.84413300,0
2026-08-28 14:30:00,2492.11000000,2526.64000000,2486.67000000,2510.0,12973.40050000,1787928299999,32582237.59830200,153726,7661.44470000,19244714.99267900,0
2026-08-28 14:45:00,2510.01000000,2515.00000000,2500.00000000,2513.0,4590.02540000,1787929199999,11516758.55676400,74663,2675.43740000,6716811.25165800,0
2026-08-28 15:00:00,2513.00000000,2519.25000000,2502.28000000,2503.6,4779.83760000,1787930099999,12005568.17021400,69440,2896.47090000,7279725.97715700,0
2026-08-28 15:15:00,2503.60000000,2512.56000000,2502.64000000,2507.14,4035.02940000,1787930999999,10116532.06263800,48811,2253.29040000,5651370.34666100,0
2026-08-28 15:30:00,2507.14000000,2508.10000000,2487.68000000,2489.14,10692.34830000,1787931899999,26705617.36692000,71080,2822.99460000,7046993.81578700,0
2026-08-28 15:45:00,2489.14000000,2495.41000000,2470.00000000,2471.89,13508.62520000,1787932799999,33501948.00792600,93921,3487.64760000,8650824.48745600,0
2026-08-28 16:00:00,2471.89000000,2473.95000000,2444.59000000,2445.35,25181.22010000,1787933699999,61843443.31514100,179715,10411.52960000,25566580.46901700,0
2026-08-28 16:15:00,2445.35000000,2450.29000000,2405.97000000,2430.45,36051.42620000,1787934599999,87567082.72587600,245794,16585.91850000,40263717.52460500,0
2026-08-28 16:30:00,2430.45000000,2446.71000000,2429.47000000,2436.84,11420.94280000,1787935499999,27839897.44193600,124597,5238.30500000,12768981.40710900,0
2026-08-28 16:45:00,2436.85000000,2445.17000000,2436.64000000,2442.29,4386.90090000,1787936399999,10711411.12603500,74774,1783.92390000,4355980.73168200,0
2026-08-28 17:00:00,2442.30000000,2445.64000000,2437.50000000,2445.64,4968.29780000,1787937299999,12125648.11538000,69923,2396.07030000,5848709.05917300,0
2026-08-28 17:15:00,2445.64000000,2448.22000000,2438.19000000,2442.75,3784.98160000,1787938199999,9250033.76340900,50294,1485.65930000,3630442.48502600,0
2026-08-28 17:30:00,2442.75000000,2445.67000000,2437.43000000,2438.79,2234.13710000,1787939099999,5452450.48430900,30334,1089.10350000,2657531.74413100,0
2026-08-28 17:45:00,2438.78000000,2446.56000000,2438.78000000,2443.79,2257.78100000,1787939999999,5518203.71142300,23479,1113.49790000,2721207.88224200,0
2026-08-28 18:00:00,2443.79000000,2445.02000000,2438.03000000,2438.26,3188.10700000,1787940899999,7781985.15129400,31222,1170.66320000,2857728.66495800,0
2026-08-28 18:15:00,2438.27000000,2439.71000000,2430.00000000,2431.47,4874.86790000,1787941799999,11868648.69625300,39105,2270.77600000,5529870.16999900,0
2026-08-28 18:30:00,2431.46000000,2432.85000000,2419.42000000,2423.4,7928.54960000,1787942699999,19232366.24742500,43590,4081.22820000,9898570.04832200,0
2026-08-28 18:45:00,2423.40000000,2429.05000000,2418.08000000,2428.68,4805.45620000,1787943599999,11641852.00595300,31830,2185.95570000,5295710.35271400,0
2026-08-28 19:00:00,2428.67000000,2437.89000000,2428.62000000,2435.86,2889.69850000,1787944499999,7029322.41003400,36625,1399.10630000,3403878.34009500,0
2026-08-28 19:15:00,2435.86000000,2443.10000000,2434.13000000,2438.71,2590.44960000,1787945399999,6316956.50510000,23465,1326.06560000,3234320.96965700,0
2026-08-28 19:30:00,2438.70000000,2439.01000000,2435.42000000,2436.25,3804.83520000,1787946299999,9272443.01000900,26768,1095.61680000,2670219.38200100,0
2026-08-28 19:45:00,2436.25000000,2436.97000000,2431.07000000,2435.69,2358.34850000,1787947199999,5740639.17522700,22000,1018.43780000,2479159.44113000,0
2026-08-28 20:00:00,2435.68000000,2436.12000000,2430.77000000,2435.93,1702.20110000,1787948099999,4143757.36237400,16254,788.80250000,1920213.35934800,0
2026-08-28 20:15:00,2435.93000000,2435.93000000,2430.77000000,2432.4,908.24990000,1787948999999,2210066.13941700,7589,357.73290000,870472.77997400,0
2026-08-28 20:30:00,2432.39000000,2432.39000000,2424.03000000,2427.46,1973.98240000,1787949899999,4790744.52001300,16758,752.26610000,1825619.29751400,0
2026-08-28 20:45:00,2427.45000000,2431.12000000,2426.43000000,2427.61,1138.31240000,1787950799999,2764063.26118300,12280,455.69000000,1106667.44269300,0
2026-08-28 21:00:00,2427.61000000,2429.56000000,2425.62000000,2428.18,842.30510000,1787951699999,2044628.93159900,10918,277.91390000,674506.36395300,0
2026-08-28 21:15:00,2428.17000000,2430.06000000,2424.25000000,2428.21,934.22680000,1787952599999,2267742.85426100,9627,249.69500000,606161.01871400,0
2026-08-28 21:30:00,2428.21000000,2432.14000000,2426.82000000,2428.8,1247.78870000,1787953499999,3031513.31784300,12714,440.39600000,1069933.68794900,0
2026-08-28 21:45:00,2428.80000000,2428.80000000,2422.36000000,2424.9,1698.45490000,1787954399999,4118712.76699600,17879,839.64720000,2035965.46040100,0
2026-08-28 22:00:00,2424.91000000,2430.05000000,2422.68000000,2430.05,1298.12560000,1787955299999,3149340.76279300,14928,773.91700000,1877845.94986300,0
2026-08-28 22:15:00,2430.06000000,2436.57000000,2426.80000000,2434.38,1899.23400000,1787956199999,4617850.78845800,12761,953.68920000,2319071.50145700,0
2026-08-28 22:30:00,2434.37000000,2440.00000000,2433.75000000,2439.92,3095.27260000,1787957099999,7544081.14870400,16201,988.42380000,2408982.00782300,0
2026-08-28 22:45:00,2439.92000000,2445.00000000,2439.92000000,2442.01,3043.92560000,1787957999999,7434018.04952000,17238,1956.00810000,4776849.40905400,0
2026-08-28 23:00:00,2442.01000000,2442.01000000,2438.61000000,2441.79,2185.66540000,1787958899999,5333670.63782600,13354,1411.36750000,3444108.57492100,0
2026-08-28 23:15:00,2441.79000000,2442.10000000,2436.47000000,2437.88,1437.73320000,1787959799999,3506282.28224300,9656,637.50380000,1554313.51789600,0
2026-08-28 23:30:00,2437.88000000,2439.54000000,2437.83000000,2439.45,944.88050000,1787960699999,2304331.57560100,7917,502.45320000,1225293.31585400,0
2026-08-28 23:45:00,2439.45000000,2442.83000000,2437.28000000,2442.8,1102.91460000,1787961599999,2691624.82709600,13317,651.21370000,1589221.51074100,0
2026-08-29 00:00:00,2442.79000000,2445.37000000,2442.11000000,2442.19,1242.13210000,1787962499999,3035463.37975000,12896,712.68480000,1741586.23537600,0
2026-08-29 00:15:00,2442.18000000,2448.05000000,2442.18000000,2445.64,2388.14240000,1787963399999,5841659.08624900,14370,1878.42100000,4595081.10678400,0
2026-08-29 00:30:00,2445.65000000,2445.65000000,2442.57000000,2444.4,937.65070000,1787964299999,2291649.89354200,8894,444.16670000,1085634.96315700,0
2026-08-29 00:45:00,2444.40000000,2444.98000000,2441.02000000,2442.47,765.52120000,1787965199999,1870128.30808900,9502,313.13030000,764836.11134800,0
2026-08-29 01:00:00,2442.47000000,2442.76000000,2439.18000000,2439.78,1131.18740000,1787966099999,2761182.63515300,6770,256.02870000,624996.66559200,0
2026-08-29 01:15:00,2439.77000000,2444.16000000,2439.49000000,2444.16,993.77200000,1787966999999,2426244.38121500,8446,337.57650000,824391.65604300,0
2026-08-29 01:30:00,2444.16000000,2445.12000000,2442.21000000,2444.58,568.38110000,1787967899999,1389108.35254700,7579,254.96240000,623115.78792500,0
2026-08-29 01:45:00,2444.58000000,2445.92000000,2442.15000000,2443.78,1150.12220000,1787968799999,2810998.52824500,9388,549.78540000,1343654.44456500,0
2026-08-29 02:00:00,2443.77000000,2444.95000000,2441.81000000,2441.82,830.72490000,1787969699999,2029648.63972000,8058,385.38110000,941435.63925800,0
2026-08-29 02:15:00,2441.82000000,2441.92000000,2436.99000000,2438.4,1277.02110000,1787970599999,3114338.24931000,9693,492.05090000,1199906.17693600,0
2026-08-29 02:30:00,2438.39000000,2439.61000000,2435.59000000,2437.91,744.35200000,1787971499999,1814706.12255600,12218,305.99610000,745989.67800300,0
2026-08-29 02:45:00,2437.91000000,2440.32000000,2437.16000000,2438.73,1051.60810000,1787972399999,2564936.20798300,8525,689.55130000,1681819.05595700,0
2026-08-29 03:00:00,2438.72000000,2440.02000000,2438.72000000,2438.93,851.76910000,1787973299999,2077602.19563200,6836,630.59460000,1538091.38111000,0
2026-08-29 03:15:00,2438.93000000,2441.62000000,2437.19000000,2440.39,929.89380000,1787974199999,2268516.61536600,9572,479.16890000,1168847.38001900,0
2026-08-29 03:30:00,2440.39000000,2441.37000000,2437.30000000,2438.44,1144.65730000,1787975099999,2791995.30574900,9666,531.33270000,1295867.59672200,0
2026-08-29 03:45:00,2438.44000000,2438.45000000,2434.56000000,2435.23,902.42440000,1787975999999,2198596.88145000,8930,227.18850000,553462.46914900,0
2026-08-29 04:00:00,2435.24000000,2437.77000000,2434.65000000,2436.84,705.79170000,1787976899999,1719689.25003900,7494,265.84270000,647682.44661300,0
2026-08-29 04:15:00,2436.85000000,2438.35000000,2436.46000000,2438.01,229.81360000,1787977799999,560152.74522900,4333,99.17890000,241744.40691900,0
2026-08-29 04:30:00,2438.01000000,2439.61000000,2437.74000000,2438.94,1131.60370000,1787978699999,2759690.48280000,8499,852.01360000,2077805.05322900,0
2026-08-29 04:45:00,2438.93000000,2441.13000000,2438.11000000,2440.45,1108.18900000,1787979599999,2703718.47221500,8918,518.81950000,1265726.23290400,0
2026-08-29 05:00:00,2440.45000000,2442.03000000,2439.18000000,2441.41,930.76460000,1787980499999,2271921.03617700,10730,611.11740000,1491606.15535900,0
2026-08-29 05:15:00,2441.41000000,2441.42000000,2439.18000000,2439.76,1122.82380000,1787981399999,2739959.33522800,5640,568.87640000,1388061.26813200,0
2026-08-29 05:30:00,2439.76000000,2441.62000000,2438.72000000,2440.97,917.43840000,1787982299999,2238882.55823600,7522,542.42050000,1323611.16477800,0
2026-08-29 05:45:00,2440.97000000,2441.26000000,2437.98000000,2438.62,1001.54780000,1787983199999,2443039.13145700,6924,350.01650000,853613.87498600,0
2026-08-29 06:00:00,2438.62000000,2439.05000000,2430.45000000,2431.79,1493.65800000,1787984099999,3636822.96140600,12575,472.52120000,1150863.96753700,0
2026-08-29 06:15:00,2431.78000000,2434.05000000,2430.57000000,2431.58,1004.90940000,1787984999999,2443864.16642700,10733,344.29590000,837273.74204700,0
2026-08-29 06:30:00,2431.57000000,2434.95000000,2431.57000000,2433.94,468.44510000,1787985899999,1139807.09121500,7379,242.59690000,590235.65469600,0
2026-08-29 06:45:00,2433.94000000,2435.42000000,2433.94000000,2435.16,636.27590000,1787986799999,1549170.02662500,7403,316.59330000,770809.26445000,0
2026-08-29 07:00:00,2435.17000000,2437.68000000,2434.16000000,2434.7,883.57100000,1787987699999,2152752.64030100,7576,428.09160000,1043121.77698900,0
2026-08-29 07:15:00,2434.69000000,2436.60000000,2434.17000000,2435.31,613.28290000,1787988599999,1493500.11270900,6467,403.12730000,981607.00467600,0
2026-08-29 07:30:00,2435.31000000,2438.00000000,2434.71000000,2436.94,1049.11140000,1787989499999,2555845.99265100,9497,589.72330000,1436583.35680000,0
2026-08-29 07:45:00,2436.94000000,2438.00000000,2435.88000000,2436.41,811.74070000,1787990399999,1977962.23886600,6425,417.90770000,1018166.30157800,0
2026-08-29 08:00:00,2436.40000000,2436.40000000,2431.20000000,2433.56,1488.99390000,1787991299999,3622603.73274400,7797,815.87940000,1984913.89438800,0
2026-08-29 08:15:00,2433.57000000,2435.69000000,2432.53000000,2435.67,563.55530000,1787992199999,1371950.17309500,5076,315.89570000,769073.88053000,0
2026-08-29 08:30:00,2435.68000000,2435.68000000,2432.53000000,2433.03,820.16380000,1787993099999,1996119.87691200,5572,506.54620000,1232796.84443000,0
2026-08-29 08:45:00,2433.04000000,2434.38000000,2431.26000000,2434.15,930.46860000,1787993999999,2263446.84545700,9004,538.07710000,1308745.72097900,0
2026-08-29 09:00:00,2434.14000000,2436.38000000,2433.65000000,2435.58,1148.39050000,1787994899999,2796116.86588100,7975,462.94350000,1127094.44242600,0
2026-08-29 09:15:00,2435.58000000,2436.01000000,2434.10000000,2434.1,469.14980000,1787995799999,1142508.48386600,2899,201.12480000,489780.63520800,0
2026-08-29 09:30:00,2434.11000000,2437.29000000,2434.10000000,2435.83,965.76340000,1787996699999,2352793.06337800,4992,493.12590000,1201374.79193000,0
2026-08-29 09:45:00,2435.83000000,2436.68000000,2435.31000000,2435.44,1001.86930000,1787997599999,2440446.51850900,5461,672.56120000,1638208.54074200,0
2026-08-29 10:00:00,2435.43000000,2435.43000000,2431.43000000,2434.2,871.73840000,1787998499999,2120870.01962800,5767,508.38860000,1236783.24065200,0
2026-08-29 10:15:00,2434.20000000,2438.41000000,2434.20000000,2436.54,1054.58630000,1787999399999,2570062.80359900,9798,533.23660000,1299377.77216000,0
2026-08-29 10:30:00,2436.53000000,2436.82000000,2435.15000000,2435.35,448.71360000,1788000299999,1093083.09086100,3895,243.63850000,593501.82355100,0
2026-08-29 10:45:00,2435.35000000,2436.59000000,2434.71000000,2434.72,465.52960000,1788001199999,1133901.11973200,4328,283.82590000,691300.33431000,0
2026-08-29 11:00:00,2434.71000000,2438.42000000,2433.63000000,2438.02,534.38760000,1788002099999,1301310.28033100,6791,348.98360000,849855.12393000,0
2026-08-29 11:15:00,2438.03000000,2438.50000000,2437.01000000,2437.48,487.67360000,1788002999999,1188725.12346600,4663,277.05370000,675308.76283300,0
2026-08-29 11:30:00,2437.48000000,2437.49000000,2435.87000000,2435.88,659.45840000,1788003899999,1606958.20134900,4778,217.87970000,530903.33695500,0
2026-08-29 11:45:00,2435.87000000,2436.87000000,2435.19000000,2435.87,610.27000000,1788004799999,1486723.46592800,4944,356.79450000,869184.44477700,0
2026-08-29 12:00:00,2435.88000000,2436.75000000,2435.29000000,2436.73,352.17780000,1788005699999,857898.13917100,3545,237.66430000,578940.01352300,0
2026-08-29 12:15:00,2436.72000000,2438.96000000,2433.93000000,2435.72,1193.23770000,1788006599999,2907268.01117100,8074,676.81930000,1649216.66699900,0
2026-08-29 12:30:00,2435.72000000,2436.15000000,2434.15000000,2434.45,346.70580000,1788007499999,844208.27942100,4760,143.07900000,348395.06377000,0
2026-08-29 12:45:00,2434.46000000,2435.14000000,2433.14000000,2434.33,414.05190000,1788008399999,1007872.78192600,3778,159.10630000,387298.39408100,0
2026-08-29 13:00:00,2434.33000000,2434.90000000,2433.03000000,2434.0,3682.06520000,1788009299999,8961323.18473700,10408,563.07830000,1370475.17761900,0
2026-08-29 13:15:00,2433.99000000,2435.78000000,2432.42000000,2434.35,946.14170000,1788010199999,2302944.10990400,9583,385.58620000,938593.44578600,0
2026-08-29 13:30:00,2434.35000000,2436.00000000,2433.67000000,2434.55,607.41970000,1788011099999,1478762.81169100,6259,332.53290000,809548.63746600,0
2026-08-29 13:45:00,2434.56000000,2436.51000000,2434.38000000,2435.63,526.52190000,1788011999999,1282542.98984800,5199,317.21210000,772686.85162700,0
2026-08-29 14:00:00,2435.63000000,2436.74000000,2435.05000000,2436.08,686.07000000,1788012899999,1671347.43485700,6649,311.99640000,760028.89779300,0
2026-08-29 14:15:00,2436.08000000,2437.24000000,2435.48000000,2435.9,504.10240000,1788013799999,1228236.34178400,6082,315.58140000,768927.00559600,0
2026-08-29 14:30:00,2435.90000000,2448.68000000,2435.89000000,2444.69,3498.93490000,1788014699999,8549094.92741500,25049,2516.79690000,6149056.99166500,0
2026-08-29 14:45:00,2444.70000000,2452.64000000,2444.70000000,2448.58,2728.31590000,1788015599999,6680036.21137100,25031,1672.35510000,4094730.50863100,0
2026-08-29 15:00:00,2448.59000000,2449.35000000,2441.03000000,2444.85,1644.78910000,1788016499999,4020377.80511900,13958,583.89800000,1427371.16365400,0
2026-08-29 15:15:00,2444.84000000,2447.05000000,2441.31000000,2444.78,1068.11430000,1788017399999,2611252.23146300,10975,728.02490000,1779865.82817500,0
2026-08-29 15:30:00,2444.78000000,2446.07000000,2442.28000000,2443.89,834.59520000,1788018299999,2039947.63639000,7482,469.43950000,1147382.85919700,0
2026-08-29 15:45:00,2443.88000000,2446.94000000,2442.82000000,2444.76,1047.28260000,1788019199999,2560620.30279600,8835,606.10440000,1481697.86175600,0
2026-08-29 16:00:00,2444.75000000,2448.52000000,2444.52000000,2448.47,1255.64160000,1788020099999,3072076.50879400,12288,714.57540000,1748364.36904300,0
2026-08-29 16:15:00,2448.47000000,2457.77000000,2445.59000000,2447.99,3382.38770000,1788020999999,8291156.57065100,21120,1855.51890000,4548902.44983400,0
2026-08-29 16:30:00,2448.00000000,2451.66000000,2445.87000000,2450.6,1622.18210000,1788021899999,3973454.20160800,10077,941.62240000,2306289.21615600,0
2026-08-29 16:45:00,2450.60000000,2454.81000000,2449.75000000,2450.98,2545.75450000,1788022799999,6242983.76110000,13191,1668.53410000,4091431.72582600,0
2026-08-29 17:00:00,2450.99000000,2454.45000000,2450.99000000,2453.16,4398.99650000,1788023699999,10789032.65113000,12417,1609.72700000,3948161.95350100,0
2026-08-29 17:15:00,2453.16000000,2455.44000000,2448.12000000,2448.39,1527.01780000,1788024599999,3743388.54454900,11833,854.24410000,2094318.90276900,0
2026-08-29 17:30:00,2448.38000000,2450.00000000,2445.57000000,2449.35,967.89330000,1788025499999,2369568.63670300,10539,516.88110000,1265441.20262200,0
2026-08-29 17:45:00,2449.35000000,2450.78000000,2447.53000000,2450.74,1116.03990000,1788026399999,2733484.34367100,8701,624.41760000,1529287.77549000,0
2026-08-29 18:00:00,2450.74000000,2451.92000000,2448.08000000,2448.13,522.19350000,1788027299999,1279342.21351000,5634,306.05280000,749866.66506500,0
2026-08-29 18:15:00,2448.13000000,2449.35000000,2445.97000000,2447.01,667.79970000,1788028199999,1634712.04320500,8046,378.14740000,925580.93890000,0
2026-08-29 18:30:00,2447.00000000,2455.01000000,2445.60000000,2453.01,5984.21770000,1788029099999,14679555.73232400,15771,2979.08140000,7305018.80960200,0
2026-08-29 18:45:00,2453.02000000,2455.83000000,2451.96000000,2452.45,1364.90210000,1788029999999,3349513.95245500,12093,841.95710000,2066020.83800000,0
2026-08-29 19:00:00,2452.45000000,2457.01000000,2452.44000000,2457.0,1069.53580000,1788030899999,2624721.56384900,11695,809.95840000,1987558.11993500,0
2026-08-29 19:15:00,2457.01000000,2458.69000000,2456.00000000,2457.64,1289.77370000,1788031799999,3169645.08013000,11891,936.60840000,2301683.52798700,0
2026-08-29 19:30:00,2457.65000000,2458.90000000,2454.25000000,2455.66,1138.25450000,1788032699999,2795783.84656000,12492,585.38220000,1437633.78097200,0
2026-08-29 19:45:00,2455.67000000,2455.67000000,2451.70000000,2453.51,399.98090000,1788033599999,981465.74212000,6348,154.30900000,378643.01647200,0
2026-08-29 20:00:00,2453.51000000,2456.48000000,2452.22000000,2456.34,892.31730000,1788034499999,2190844.38200800,11535,620.23810000,1522968.23919500,0
2026-08-29 20:15:00,2456.35000000,2458.24000000,2453.24000000,2453.24,577.81350000,1788035399999,1419192.34616300,6247,226.78920000,557081.48335700,0
2026-08-29 20:30:00,2453.19000000,2453.78000000,2451.70000000,2453.34,578.45960000,1788036299999,1418886.73254200,6798,241.12680000,591427.77370000,0
2026-08-29 20:45:00,2453.34000000,2453.71000000,2452.41000000,2452.82,472.41090000,1788037199999,1158856.91069900,4127,200.22840000,491166.86596800,0
2026-08-29 21:00:00,2452.82000000,2454.09000000,2449.08000000,2451.64,1436.26610000,1788038099999,3521252.86451300,10619,725.14540000,1778233.97568800,0
2026-08-29 21:15:00,2451.64000000,2452.64000000,2450.26000000,2450.26,333.68020000,1788038999999,818025.66740300,3899,155.54320000,381332.63976100,0
2026-08-29 21:30:00,2450.27000000,2451.44000000,2450.15000000,2451.44,235.62300000,1788039899999,577449.03854500,5004,131.07280000,321212.30789400,0
2026-08-29 21:45:00,2451.44000000,2452.72000000,2450.70000000,2451.47,259.44730000,1788040799999,636117.73643100,8277,104.71360000,256731.12265600,0
2026-08-29 22:00:00,2451.47000000,2453.12000000,2450.28000000,2451.04,680.47150000,1788041699999,1668272.86111000,11161,436.30730000,1069662.98772700,0
2026-08-29 22:15:00,2451.04000000,2451.56000000,2449.37000000,2450.99,443.53160000,1788042599999,1086752.73243500,5230,339.70880000,832344.80661600,0
2026-08-29 22:30:00,2451.00000000,2451.60000000,2450.99000000,2451.38,321.46420000,1788043499999,788023.92198400,2383,234.54510000,574952.58463000,0
2026-08-29 22:45:00,2451.38000000,2453.25000000,2451.38000000,2452.64,418.38610000,1788044399999,1026105.63965600,3122,321.52700000,788569.43790500,0
2026-08-29 23:00:00,2452.63000000,2456.17000000,2452.63000000,2455.65,1542.96010000,1788045299999,3788090.67369300,11885,1014.65760000,2490898.09900800,0
2026-08-29 23:15:00,2455.65000000,2456.47000000,2452.74000000,2455.25,990.58310000,1788046199999,2431120.47803000,7342,460.13140000,1129351.16000500,0
2026-08-29 23:30:00,2455.25000000,2457.52000000,2453.44000000,2456.55,836.24570000,1788047099999,2053592.00365400,8351,439.47000000,1079324.86836900,0
2026-08-29 23:45:00,2456.55000000,2459.76000000,2456.54000000,2457.67,632.12900000,1788047999999,1553836.39878400,9408,412.89580000,1014922.08746100,0
2026-08-30 00:00:00,2457.67000000,2457.68000000,2454.53000000,2456.26,547.47190000,1788048899999,1344650.69888300,5793,332.35760000,816284.97445500,0
2026-08-30 00:15:00,2456.26000000,2467.93000000,2456.25000000,2462.63,2569.09460000,1788049799999,6329535.85290300,26233,1663.33900000,4097235.56833900,0
2026-08-30 00:30:00,2462.64000000,2465.32000000,2460.17000000,2460.82,1406.08320000,1788050699999,3462172.65879500,21016,784.96930000,1932715.04049600,0
2026-08-30 00:45:00,2460.83000000,2463.55000000,2458.83000000,2458.95,966.58670000,1788051599999,2379000.37670300,14345,350.03240000,861515.27976500,0
2026-08-30 01:00:00,2458.94000000,2460.62000000,2456.28000000,2456.39,601.15400000,1788052499999,1477854.09362300,13191,336.14230000,826527.65831000,0
2026-08-30 01:15:00,2456.39000000,2456.71000000,2453.08000000,2454.18,1346.00570000,1788053399999,3304580.02665700,14080,452.85790000,1111741.39850100,0
2026-08-30 01:30:00,2454.18000000,2458.21000000,2453.41000000,2456.29,873.21590000,1788054299999,2144773.14876600,8532,477.90840000,1173845.49128600,0
2026-08-30 01:45:00,2456.29000000,2459.41000000,2455.21000000,2456.37,1509.59200000,1788055199999,3709805.75036500,10291,1003.25930000,2465390.46203400,0
2026-08-30 02:00:00,2456.37000000,2458.57000000,2455.05000000,2458.35,752.72670000,1788056099999,1849803.61846100,8990,382.30770000,939415.15613600,0
2026-08-30 02:15:00,2458.36000000,2458.58000000,2453.60000000,2455.55,570.66620000,1788056999999,1401806.03583500,8277,262.24460000,644156.60864100,0
2026-08-30 02:30:00,2455.56000000,2458.04000000,2453.76000000,2456.18,994.24790000,1788057899999,2441621.68188000,10320,562.84610000,1382071.19647300,0
2026-08-30 02:45:00,2456.18000000,2458.99000000,2454.79000000,2454.97,1053.33630000,1788058799999,2587595.30504700,8850,522.14170000,1282512.15827300,0
2026-08-30 03:00:00,2454.97000000,2456.17000000,2454.17000000,2456.14,667.54850000,1788059699999,1638871.09627300,8375,379.48410000,931637.20426000,0
2026-08-30 03:15:00,2456.13000000,2459.11000000,2455.37000000,2459.11,1082.50660000,1788060599999,2659975.41188500,10940,876.63500000,2154190.82448700,0
2026-08-30 03:30:00,2459.11000000,2460.72000000,2458.17000000,2458.5,1308.76210000,1788061499999,3218768.04434600,10965,674.19760000,1657993.08325400,0
2026-08-30 03:45:00,2458.49000000,2458.50000000,2456.85000000,2457.15,354.24060000,1788062399999,870493.89158400,3907,141.91430000,348724.88445300,0
2026-08-30 04:00:00,2457.14000000,2458.75000000,2456.48000000,2457.21,599.90730000,1788063299999,1474207.58925300,4772,439.91280000,1081016.69454400,0
2026-08-30 04:15:00,2457.21000000,2458.69000000,2454.54000000,2455.55,1840.94820000,1788064199999,4521907.17977700,8631,731.54920000,1796708.27220200,0
2026-08-30 04:30:00,2455.54000000,2456.18000000,2452.92000000,2453.39,2982.87750000,1788065099999,7321618.34602900,12561,953.37340000,2339989.04612300,0
2026-08-30 04:45:00,2453.39000000,2455.87000000,2451.55000000,2455.87,1546.94410000,1788065999999,3794739.90916200,10521,543.86040000,1334165.45665300,0
2026-08-30 05:00:00,2455.86000000,2460.00000000,2455.67000000,2457.03,1382.44450000,1788066899999,3398377.89493300,9736,580.01120000,1425721.28165500,0
2026-08-30 05:15:00,2457.02000000,2457.03000000,2455.57000000,2455.87,385.22070000,1788067799999,946085.22086600,2808,128.45850000,315480.19225300,0
2026-08-30 05:30:00,2455.86000000,2456.88000000,2455.11000000,2455.86,736.08970000,1788068699999,1807778.04127500,5247,284.81320000,699474.67144400,0
2026-08-30 05:45:00,2455.85000000,2456.36000000,2455.19000000,2456.36,598.81980000,1788069599999,1470616.72360600,4550,376.57670000,924841.64835100,0
2026-08-30 06:00:00,2456.35000000,2456.43000000,2455.01000000,2455.87,515.64020000,1788070499999,1266153.35039300,4198,371.69060000,912669.13766700,0
2026-08-30 06:15:00,2455.87000000,2457.85000000,2455.87000000,2456.66,497.25760000,1788071399999,1221742.09209300,4175,132.99360000,326716.06219200,0
2026-08-30 06:30:00,2456.66000000,2460.26000000,2456.66000000,2459.42,1483.44160000,1788072299999,3647702.26400000,9105,649.52600000,1597016.80911400,0
2026-08-30 06:45:00,2459.43000000,2461.52000000,2458.89000000,2461.07,819.10490000,1788073199999,2015009.75170800,8224,578.78880000,1423846.02413700,0
2026-08-30 07:00:00,2461.07000000,2461.29000000,2458.70000000,2459.57,923.11560000,1788074099999,2270381.27827800,4383,455.21990000,1119632.90177300,0
2026-08-30 07:15:00,2459.57000000,2459.58000000,2458.00000000,2458.01,288.56220000,1788074999999,709360.39529900,2458,137.04860000,336877.53166800,0
2026-08-30 07:30:00,2458.01000000,2458.94000000,2456.15000000,2456.2,1179.91320000,1788075899999,2899725.18688700,7303,432.84850000,1063630.40208500,0
2026-08-30 07:45:00,2456.20000000,2457.47000000,2455.00000000,2455.28,1021.71140000,1788076799999,2509395.62549700,8031,505.91660000,1242480.63946300,0
2026-08-30 08:00:00,2455.28000000,2458.94000000,2455.28000000,2456.53,1093.93820000,1788077699999,2688175.42826000,7491,474.13500000,1165033.73419900,0
2026-08-30 08:15:00,2456.54000000,2459.90000000,2456.53000000,2458.6,550.95400000,1788078599999,1354484.38333000,8399,295.31010000,725956.63139600,0
2026-08-30 08:30:00,2458.60000000,2458.66000000,2455.00000000,2455.96,473.06710000,1788079499999,1162284.84905700,7435,209.28640000,514163.28734000,0
2026-08-30 08:45:00,2455.95000000,2457.16000000,2454.72000000,2456.86,496.36820000,1788080399999,1219130.28446100,5750,270.36880000,664121.52655500,0
2026-08-30 09:00:00,2456.87000000,2457.60000000,2455.89000000,2457.03,528.14670000,1788081299999,1297468.15452300,4636,185.67570000,456202.52848100,0
2026-08-30 09:15:00,2457.03000000,2458.24000000,2453.13000000,2453.34,964.85980000,1788082199999,2369744.20518400,10498,391.25650000,960884.15917500,0
2026-08-30 09:30:00,2453.34000000,2455.59000000,2451.79000000,2454.0,1381.37550000,1788083099999,3389985.03834600,9188,603.75090000,1481510.85210900,0
2026-08-30 09:45:00,2454.01000000,2455.77000000,2452.92000000,2453.54,940.36680000,1788083999999,2308074.50626800,5980,348.56260000,855430.79233200,0
2026-08-30 10:00:00,2453.54000000,2455.65000000,2452.58000000,2453.47,664.05700000,1788084899999,1629773.17987800,6103,284.59850000,698429.72120900,0
2026-08-30 10:15:00,2453.48000000,2458.75000000,2452.50000000,2455.5,1466.32560000,1788085799999,3601362.65621500,9943,843.18270000,2070752.15030000,0
2026-08-30 10:30:00,2455.49000000,2458.43000000,2455.31000000,2457.91,1003.55850000,1788086699999,2465655.20206800,7387,705.63970000,1733814.09885200,0
2026-08-30 10:45:00,2457.91000000,2459.80000000,2457.91000000,2459.68,735.66320000,1788087599999,1808975.16384900,8714,520.55560000,1279988.18134500,0
2026-08-30 11:00:00,2459.68000000,2460.29000000,2457.84000000,2459.02,758.03900000,1788088499999,1864230.01710200,9579,419.41640000,1031492.30778600,0
2026-08-30 11:15:00,2459.01000000,2461.81000000,2457.91000000,2461.36,1408.55710000,1788089399999,3465026.02668300,10993,596.34330000,1466899.15452500,0
2026-08-30 11:30:00,2461.36000000,2461.39000000,2457.79000000,2459.75,1324.87140000,1788090299999,3259117.05791000,11443,653.89520000,1608370.56425700,0
2026-08-30 11:45:00,2459.75000000,2460.42000000,2456.51000000,2460.41,996.30560000,1788091199999,2449155.05483800,8547,557.39240000,1370039.58065300,0
2026-08-30 12:00:00,2460.42000000,2473.30000000,2460.19000000,2470.1,5416.28330000,1788092099999,13367480.05725000,38957,3176.64510000,7841005.21513100,0
2026-08-30 12:15:00,2470.09000000,2470.09000000,2462.64000000,2466.29,1723.27420000,1788092999999,4249635.02572400,17641,479.49910000,1182303.97148500,0
2026-08-30 12:30:00,2466.29000000,2467.25000000,2458.73000000,2464.77,3182.79820000,1788093899999,7841314.04199200,33163,1468.53790000,3617395.62917800,0
2026-08-30 12:45:00,2464.77000000,2469.71000000,2462.69000000,2469.47,3285.71950000,1788094799999,8104291.27529200,22188,1909.82690000,4711110.49257600,0
2026-08-30 13:00:00,2469.47000000,2470.92000000,2462.11000000,2462.12,2147.58290000,1788095699999,5298216.43579800,29905,733.13140000,1808783.20338000,0
2026-08-30 13:15:00,2462.11000000,2467.08000000,2460.87000000,2466.72,785.90370000,1788096599999,1936881.34923100,12016,364.17500000,897527.95296100,0
2026-08-30 13:30:00,2466.73000000,2471.77000000,2465.16000000,2470.22,1897.15960000,1788097499999,4682746.83327700,24922,781.71170000,1929490.31158800,0
2026-08-30 13:45:00,2470.21000000,2478.44000000,2470.20000000,2475.59,4994.71730000,1788098399999,12361713.08605000,48326,2962.13470000,7331116.95852100,0
2026-08-30 14:00:00,2475.58000000,2479.61000000,2470.91000000,2478.7,3438.55090000,1788099299999,8511137.84480200,31631,1728.54610000,4278458.75756300,0
2026-08-30 14:15:00,2478.70000000,2479.45000000,2475.00000000,2476.75,2475.08120000,1788100199999,6130920.35280400,20067,978.15740000,2422797.75258000,0
2026-08-30 14:30:00,2476.76000000,2479.71000000,2473.52000000,2475.59,2692.06780000,1788101099999,6666824.65477100,19652,1196.61700000,2963671.03867400,0
2026-08-30 14:45:00,2475.59000000,2479.04000000,2474.40000000,2477.12,2477.27880000,1788101999999,6136193.12965800,16465,1518.39330000,3760902.93978100,0
2026-08-30 15:00:00,2477.13000000,2482.20000000,2473.15000000,2473.79,3844.75960000,1788102899999,9524732.73756500,23049,1575.38880000,3903066.23736900,0
2026-08-30 15:15:00,2473.79000000,2480.20000000,2471.86000000,2477.59,2970.54060000,1788103799999,7356673.79882000,18201,1127.48390000,2792362.41516500,0
2026-08-30 15:30:00,2477.58000000,2479.95000000,2476.15000000,2479.95,1012.60910000,1788104699999,2509816.10265200,10353,469.86340000,1164589.79969300,0
2026-08-30 15:45:00,2479.95000000,2484.00000000,2478.36000000,2481.11,1641.99830000,1788105599999,4073131.06595000,15699,871.50900000,2162000.53509700,0
2026-08-30 16:00:00,2481.11000000,2513.00000000,2479.28000000,2510.7,9332.43500000,1788106499999,23309434.37967900,73534,6194.21920000,15477111.50257500,0
2026-08-30 16:15:00,2510.70000000,2519.68000000,2507.02000000,2513.67,9962.83340000,1788107399999,25050604.91474000,66690,5678.32990000,14277576.75680400,0
2026-08-30 16:30:00,2513.68000000,2534.98000000,2512.34000000,2529.15,15832.02350000,1788108299999,39975072.43976200,80857,10947.39400000,27644823.07453000,0
2026-08-30 16:45:00,2529.15000000,2530.98000000,2520.45000000,2529.28,5548.03550000,1788109199999,14015012.47096100,63602,3207.39060000,8103883.48716900,0
2026-08-30 17:00:00,2529.27000000,2529.27000000,2519.25000000,2521.09,3864.11050000,1788110099999,9747741.83451700,46143,1394.63410000,3517831.20720300,0
2026-08-30 17:15:00,2521.09000000,2521.10000000,2494.36000000,2498.07,9091.25820000,1788110999999,22782143.91663600,97102,3326.73400000,8336240.21782600,0
2026-08-30 17:30:00,2498.08000000,2508.26000000,2494.84000000,2506.91,2854.00590000,1788111899999,7144143.80026900,39016,1547.95380000,3874827.16771100,0
2026-08-30 17:45:00,2506.91000000,2509.52000000,2501.45000000,2505.73,1769.94970000,1788112799999,4434229.67949800,21704,664.93150000,1665887.29667200,0
2026-08-30 18:00:00,2505.73000000,2508.34000000,2496.59000000,2499.69,2104.54920000,1788113699999,5265165.76508200,22001,786.29510000,1966525.63727300,0
2026-08-30 18:15:00,2499.69000000,2512.82000000,2498.69000000,2511.8,1886.97840000,1788114599999,4727574.62181600,17281,1060.75360000,2658161.28548500,0
2026-08-30 18:30:00,2511.81000000,2517.54000000,2510.70000000,2514.17,2961.99190000,1788115499999,7446176.50376800,29804,2036.90300000,5120265.16422900,0
2026-08-30 18:45:00,2514.17000000,2514.66000000,2509.21000000,2510.64,1058.80170000,1788116399999,2659548.04721500,16675,339.18980000,851851.68955300,0
2026-08-30 19:00:00,2510.64000000,2512.15000000,2506.11000000,2512.15,1304.12210000,1788117299999,3271615.12974100,14833,658.30440000,1651350.52899200,0
2026-08-30 19:15:00,2512.15000000,2513.33000000,2505.68000000,2506.17,899.76930000,1788118199999,2257541.59083100,14016,335.25500000,841097.60226900,0
2026-08-30 19:30:00,2506.17000000,2507.38000000,2499.37000000,2499.37,1636.35280000,1788119099999,4096279.79361000,24710,727.45950000,1821532.73854300,0
2026-08-30 19:45:00,2499.36000000,2503.83000000,2496.25000000,2503.83,1390.92060000,1788119999999,3477469.36000600,21189,721.64860000,1804484.43707700,0
2026-08-30 20:00:00,2503.82000000,2507.88000000,2503.52000000,2504.72,1121.72140000,1788120899999,2810871.52365300,16929,611.64480000,1532707.42293700,0
2026-08-30 20:15:00,2504.72000000,2508.60000000,2503.13000000,2503.58,1320.87150000,1788121799999,3309972.31449600,16337,537.68840000,1347329.59279600,0
2026-08-30 20:30:00,2503.58000000,2504.46000000,2485.28000000,2488.46,4994.71960000,1788122699999,12456187.31787300,42083,1204.74810000,3007790.50743200,0
2026-08-30 20:45:00,2488.46000000,2499.90000000,2487.37000000,2490.81,2309.84330000,1788123599999,5762234.49419600,32014,1139.84450000,2843057.99550700,0
2026-08-30 21:00:00,2490.82000000,2490.82000000,2460.18000000,2474.23,12118.50310000,1788124499999,29976708.10051000,104134,4911.12250000,12143677.08444700,0
2026-08-30 21:15:00,2474.24000000,2479.06000000,2471.48000000,2477.7,2011.84540000,1788125399999,4981727.69905500,36358,1119.60900000,2772441.50333400,0
2026-08-30 21:30:00,2477.70000000,2483.72000000,2476.77000000,2480.0,1934.65180000,1788126299999,4797356.90338600,32994,1164.97520000,2888715.66589300,0
2026-08-30 21:45:00,2479.99000000,2483.02000000,2474.97000000,2481.56,1515.49150000,1788127199999,3756932.06952700,25143,780.42100000,1934154.18434600,0
2026-08-30 22:00:00,2481.57000000,2488.77000000,2474.56000000,2474.57,3134.18540000,1788128099999,7774580.73935500,46218,1310.27840000,3251796.12468900,0
2026-08-30 22:15:00,2474.57000000,2476.13000000,2465.15000000,2467.41,2352.44280000,1788128999999,5809433.63049000,29571,1104.44490000,2727140.20690000,0
2026-08-30 22:30:00,2467.40000000,2475.26000000,2460.40000000,2471.66,3357.90350000,1788129899999,8283652.09718300,33231,1835.69890000,4529802.92807500,0
2026-08-30 22:45:00,2471.65000000,2473.11000000,2465.96000000,2470.63,3040.09510000,1788130799999,7508677.16765900,28109,1723.18320000,4255885.98610000,0
2026-08-30 23:00:00,2470.62000000,2470.62000000,2463.86000000,2464.73,2462.18240000,1788131699999,6072976.40297100,42153,1539.77340000,3797886.66338900,0
2026-08-30 23:15:00,2464.72000000,2465.88000000,2422.75000000,2426.74,21907.70770000,1788132599999,53520149.67620700,139798,6893.54000000,16843629.69435000,0
2026-08-30 23:30:00,2426.74000000,2435.72000000,2403.43000000,2412.07,22639.31060000,1788133499999,54762244.66044400,172110,7898.41340000,19103959.77461300,0
2026-08-30 23:45:00,2412.08000000,2420.01000000,2387.28000000,2416.88,18400.32140000,1788134399999,44225921.20032500,144677,7763.70440000,18673657.03044400,0
2026-08-31 00:00:00,2416.89000000,2421.74000000,2406.53000000,2420.35,7950.25210000,1788135299999,19203396.34465400,56599,3054.44850000,7378787.72159100,0
2026-08-31 00:15:00,2420.35000000,2432.33000000,2419.12000000,2430.48,5415.53550000,1788136199999,13148420.84865200,62010,3151.56500000,7651077.14951000,0
2026-08-31 00:30:00,2430.48000000,2441.90000000,2428.95000000,2432.32,5585.19850000,1788137099999,13605311.18613800,43588,3697.36570000,9009284.75911000,0
2026-08-31 00:45:00,2432.33000000,2433.59000000,2426.29000000,2428.25,2850.47320000,1788137999999,6925613.02110200,26822,1274.11440000,3095763.79928500,0
2026-08-31 01:00:00,2428.24000000,2430.75000000,2413.59000000,2418.0,7382.79290000,1788138899999,17858057.36968300,46447,3264.43020000,7892667.36882300,0
2026-08-31 01:15:00,2418.00000000,2423.15000000,2415.00000000,2420.08,4588.17930000,1788139799999,11103984.86223500,31170,3161.48490000,7652067.08687500,0
2026-08-31 01:30:00,2420.07000000,2426.66000000,2415.16000000,2418.44,2958.64120000,1788140699999,7159426.70519600,43550,1308.42480000,3166232.62721900,0
2026-08-31 01:45:00,2418.44000000,2421.81000000,2409.49000000,2412.95,2520.03370000,1788141599999,6089136.18178400,40348,990.55230000,2393558.76126600,0
2026-08-31 02:00:00,2412.95000000,2425.31000000,2408.18000000,2422.73,2941.98500000,1788142499999,7106921.95568400,45743,1696.71880000,4099585.32988200,0
2026-08-31 02:15:00,2422.72000000,2423.47000000,2415.00000000,2416.57,2076.94880000,1788143399999,5024364.85387000,26994,788.15630000,1906155.96781000,0
2026-08-31 02:30:00,2416.58000000,2418.95000000,2412.41000000,2413.3,1275.32550000,1788144299999,3080196.37041200,21086,524.22800000,1266281.59750700,0
2026-08-31 02:45:00,2413.31000000,2414.24000000,2401.35000000,2407.9,3301.09730000,1788145199999,7944701.52706100,38674,921.83170000,2218691.38964100,0
2026-08-31 03:00:00,2407.91000000,2416.71000000,2405.03000000,2415.41,2390.61390000,1788146099999,5764440.46015800,36695,1422.56800000,3430393.57839200,0
2026-08-31 03:15:00,2415.40000000,2422.40000000,2413.75000000,2420.13,1344.49900000,1788146999999,3252221.42528300,22105,825.39730000,1996966.98079200,0
2026-08-31 03:30:00,2420.12000000,2423.57000000,2418.45000000,2423.38,1319.03870000,1788147899999,3193576.92992000,23229,734.48240000,1778282.85318600,0
2026-08-31 03:45:00,2423.39000000,2424.24000000,2420.67000000,2420.94,1079.42530000,1788148799999,2614807.57018900,14899,369.55170000,895254.98126600,0
2026-08-31 04:00:00,2420.94000000,2421.29000000,2413.44000000,2414.74,1800.84010000,1788149699999,4350613.85825900,26411,701.82450000,1695258.77017400,0
2026-08-31 04:15:00,2414.75000000,2415.06000000,2411.34000000,2412.62,2229.70320000,1788150599999,5380865.36924400,26647,603.72460000,1456857.24628200,0
2026-08-31 04:30:00,2412.62000000,2416.20000000,2412.05000000,2415.37,2592.50150000,1788151499999,6258166.19201000,28110,1133.10450000,2735205.49792500,0
2026-08-31 04:45:00,2415.37000000,2418.46000000,2411.43000000,2417.68,1695.91240000,1788152399999,4095697.92120500,21043,653.17580000,1577565.66353300,0
2026-08-31 05:00:00,2417.67000000,2423.70000000,2414.10000000,2422.48,1850.02720000,1788153299999,4476038.78699800,22240,943.10680000,2281215.17797100,0
2026-08-31 05:15:00,2422.48000000,2441.93000000,2422.37000000,2434.99,5827.26450000,1788154199999,14174517.46866500,56965,2987.67360000,7266239.59860400,0
2026-08-31 05:30:00,2435.00000000,2437.73000000,2429.16000000,2435.72,3210.93200000,1788155099999,7815885.17962200,32912,1759.05520000,4282323.05019600,0
2026-08-31 05:45:00,2435.73000000,2438.59000000,2433.63000000,2435.99,1472.28760000,1788155999999,3587339.06512500,22782,677.25030000,1650083.79459300,0
2026-08-31 06:00:00,2436.00000000,2437.68000000,2431.32000000,2436.2,1627.49070000,1788156899999,3963029.50421800,20868,721.41370000,1756517.67030200,0
2026-08-31 06:15:00,2436.20000000,2444.83000000,2436.17000000,2441.59,3725.85430000,1788157799999,9093493.96248400,25135,2379.28100000,5807436.51371200,0
2026-08-31 06:30:00,2441.59000000,2444.38000000,2437.05000000,2442.37,2596.10660000,1788158699999,6336959.91264400,26794,1380.12010000,3368633.18696100,0
2026-08-31 06:45:00,2442.37000000,2443.60000000,2438.38000000,2438.66,1130.82390000,1788159599999,2759812.20426600,17145,401.38000000,979613.27920600,0
2026-08-31 07:00:00,2438.66000000,2441.79000000,2436.17000000,2439.7,1503.45790000,1788160499999,3667003.95856300,22057,553.04810000,1348691.55956600,0
2026-08-31 07:15:00,2439.69000000,2446.60000000,2439.69000000,2442.97,2508.85580000,1788161399999,6130583.60758300,23565,1126.70800000,2753123.26413000,0
2026-08-31 07:30:00,2442.97000000,2443.00000000,2438.83000000,2441.15,1771.45970000,1788162299999,4323961.90849000,23416,938.75610000,2291283.89220200,0
2026-08-31 07:45:00,2441.15000000,2441.67000000,2438.83000000,2440.38,1814.69420000,1788163199999,4427805.29012400,15639,1044.06650000,2547480.95522800,0
2026-08-31 08:00:00,2440.38000000,2445.83000000,2434.16000000,2440.81,3281.03680000,1788164099999,8003677.64535400,24251,1039.51230000,2536885.64202800,0
2026-08-31 08:15:00,2440.81000000,2440.81000000,2433.56000000,2436.25,2274.61790000,1788164999999,5541714.33439000,23285,834.17330000,2032032.61370700,0
2026-08-31 08:30:00,2436.24000000,2449.69000000,2435.54000000,2443.21,2925.77620000,1788165899999,7144019.60677600,33791,2023.75240000,4941671.27550100,0
2026-08-31 08:45:00,2443.21000000,2448.25000000,2442.63000000,2446.14,1593.56360000,1788166799999,3896709.76991000,24353,726.46180000,1776390.94433400,0
2026-08-31 09:00:00,2446.15000000,2453.13000000,2443.03000000,2445.7,2681.84980000,1788167699999,6566452.47260300,36424,1121.48470000,2746321.36609400,0
2026-08-31 09:15:00,2445.69000000,2452.32000000,2444.15000000,2446.97,2337.76000000,1788168599999,5725003.34974300,35313,1150.17320000,2816905.25735300,0
2026-08-31 09:30:00,2446.98000000,2449.64000000,2446.33000000,2449.27,1551.69360000,1788169499999,3797962.90074200,22003,538.05430000,1317002.71698100,0
2026-08-31 09:45:00,2449.27000000,2456.70000000,2446.32000000,2446.7,2781.81010000,1788170399999,6819486.32464400,26533,1451.18380000,3557832.02000200,0
2026-08-31 10:00:00,2446.71000000,2449.49000000,2440.82000000,2449.48,2671.21120000,1788171299999,6529538.95842800,32873,964.81420000,2358183.12515400,0
2026-08-31 10:15:00,2449.48000000,2449.49000000,2445.39000000,2449.19,1950.35940000,1788172199999,4774133.88258600,24724,518.80700000,1269940.38856700,0
2026-08-31 10:30:00,2449.19000000,2451.79000000,2446.08000000,2450.91,2470.05240000,1788173099999,6049380.22188800,24103,932.21000000,2283344.98838500,0
2026-08-31 10:45:00,2450.91000000,2456.90000000,2449.83000000,2455.63,5784.95870000,1788173999999,14197291.85479900,32496,2212.67140000,5430655.37636700,0
2026-08-31 11:00:00,2455.64000000,2458.02000000,2452.31000000,2454.64,2639.85280000,1788174899999,6480764.06812500,35193,1460.70490000,3585934.10283000,0
2026-08-31 11:15:00,2454.65000000,2457.00000000,2450.96000000,2452.19,2029.77150000,1788175799999,4982735.56342400,22880,940.61070000,2309241.30477500,0
2026-08-31 11:30:00,2452.19000000,2452.31000000,2446.64000000,2447.33,1665.35370000,1788176699999,4079495.29768600,14440,694.25120000,1700810.04612000,0
2026-08-31 11:45:00,2447.33000000,2448.38000000,2444.02000000,2446.35,1060.51510000,1788177599999,2594284.38200500,13631,360.46210000,881788.19354600,0
2026-08-31 12:00:00,2446.36000000,2457.25000000,2444.80000000,2453.21,3543.54780000,1788178499999,8694206.65293500,35394,1895.73310000,4650858.08007600,0
2026-08-31 12:15:00,2453.21000000,2464.27000000,2447.36000000,2454.62,4422.95670000,1788179399999,10864383.96836600,70624,2329.79000000,5723939.02296500,0
2026-08-31 12:30:00,2454.61000000,2458.92000000,2444.59000000,2450.94,4317.68760000,1788180299999,10587320.27679300,51859,1570.51770000,3851925.36154400,0
2026-08-31 12:45:00,2450.95000000,2452.21000000,2446.47000000,2451.55,1622.85730000,1788181199999,3975189.40869900,29426,636.38230000,1558771.22103800,0
2026-08-31 13:00:00,2451.55000000,2459.03000000,2451.43000000,2453.71,2082.13090000,1788182099999,5110915.29412300,33866,981.33380000,2408856.07913800,0
2026-08-31 13:15:00,2453.71000000,2454.79000000,2445.37000000,2450.46,2258.33170000,1788182999999,5532128.44333200,21409,853.70570000,2091250.13730300,0
2026-08-31 13:30:00,2450.46000000,2458.56000000,2445.12000000,2447.96,4048.31780000,1788183899999,9922958.74631800,58159,2269.57440000,5563626.99284200,0
2026-08-31 13:45:00,2447.96000000,2449.38000000,2437.05000000,2440.28,4783.78110000,1788184799999,11685926.20458800,62790,2137.89470000,5223328.51628600,0
2026-08-31 14:00:00,2440.29000000,2447.90000000,2438.28000000,2440.54,3230.77730000,1788185699999,7892214.57403500,53608,1725.60400000,4216157.82804600,0
2026-08-31 14:15:00,2440.55000000,2448.93000000,2437.75000000,2445.48,3916.50570000,1788186599999,9567122.95313500,68022,2315.78720000,5657732.61415700,0
2026-08-31 14:30:00,2445.48000000,2475.00000000,2444.00000000,2465.32,10925.97410000,1788187499999,26898370.12858800,123794,6798.40820000,16736632.18327100,0
2026-08-31 14:45:00,2465.32000000,2471.32000000,2460.75000000,2467.56,6017.08850000,1788188399999,14835882.63259000,82916,3266.20830000,8053425.47624600,0
2026-08-31 15:00:00,2467.57000000,2470.96000000,2458.89000000,2459.49,4397.86710000,1788189299999,10841328.01393100,52162,1970.38810000,4858004.57693900,0
2026-08-31 15:15:00,2459.49000000,2470.50000000,2458.28000000,2468.54,3655.16460000,1788190199999,9008577.72068100,54126,2187.51950000,5390876.39384100,0
2026-08-31 15:30:00,2468.54000000,2478.09000000,2465.96000000,2476.61,4689.09130000,1788191099999,11593497.92403600,51742,3078.86480000,7613866.78638200,0
2026-08-31 15:45:00,2476.62000000,2477.64000000,2467.14000000,2467.68,2731.52710000,1788191999999,6751946.38014700,23729,1366.90240000,3378931.80056200,0
2026-08-31 16:00:00,2467.68000000,2472.60000000,2464.59000000,2465.55,3086.53400000,1788192899999,7619297.30784100,28938,1675.60230000,4136347.83990800,0
2026-08-31 16:15:00,2465.55000000,2471.00000000,2462.05000000,2464.77,3154.49700000,1788193799999,7777966.41594500,26487,1701.99270000,4196646.01064600,0
2026-08-31 16:30:00,2464.78000000,2472.33000000,2464.00000000,2471.52,2804.47150000,1788194699999,6918889.96312400,24965,1648.46790000,4067156.83843200,0
2026-08-31 16:45:00,2471.52000000,2477.24000000,2468.50000000,2469.2,2705.42950000,1788195599999,6687685.90753900,23250,1760.16610000,4351334.09770300,0
2026-08-31 17:00:00,2469.19000000,2473.85000000,2468.18000000,2471.69,1579.36650000,1788196499999,3902242.64103300,23628,934.25060000,2308183.55947800,0
2026-08-31 17:15:00,2471.70000000,2472.05000000,2461.26000000,2463.73,2740.96350000,1788197399999,6761462.13728600,20102,1359.86460000,3354007.33567700,0
2026-08-31 17:30:00,2463.74000000,2474.63000000,2462.38000000,2471.28,2298.86500000,1788198299999,5674216.87839100,25817,1267.40970000,3129308.32603200,0
2026-08-31 17:45:00,2471.28000000,2477.37000000,2469.61000000,2475.42,2980.94850000,1788199199999,7374731.76090200,27375,1555.32300000,3849055.67669900,0
2026-08-31 18:00:00,2475.41000000,2475.41000000,2469.81000000,2473.47,1648.41200000,1788200099999,4075285.38116100,25014,844.78490000,2088472.69196500,0
2026-08-31 18:15:00,2473.47000000,2480.75000000,2468.98000000,2471.09,4452.51760000,1788200999999,11026445.84549100,31361,1993.92500000,4937681.70643000,0
2026-08-31 18:30:00,2471.09000000,2489.89000000,2470.24000000,2487.89,4163.37830000,1788201899999,10329308.12356400,27763,2475.99240000,6143717.92595900,0
2026-08-31 18:45:00,2487.89000000,2487.90000000,2476.26000000,2477.8,2576.42330000,1788202799999,6391854.06870800,29542,969.07650000,2403581.93520200,0
2026-08-31 19:00:00,2477.81000000,2489.95000000,2477.80000000,2486.44,3799.81760000,1788203699999,9442500.06146000,23407,2305.40920000,5728957.93408000,0
2026-08-31 19:15:00,2486.43000000,2486.44000000,2481.77000000,2485.53,2743.34580000,1788204599999,6814403.18794900,15901,1701.64540000,4226764.26917700,0
2026-08-31 19:30:00,2485.53000000,2486.05000000,2478.40000000,2480.37,3186.27600000,1788205499999,7910244.97799800,16401,1914.08520000,4752230.19516300,0
2026-08-31 19:45:00,2480.37000000,2485.40000000,2477.40000000,2481.84,2770.78940000,1788206399999,6875829.59307100,19067,1156.48640000,2870034.41525200,0
2026-08-31 20:00:00,2481.84000000,2483.35000000,2478.10000000,2480.0,954.26120000,1788207299999,2366812.86967800,14592,436.45410000,1082463.93429500,0
2026-08-31 20:15:00,2479.99000000,2487.00000000,2475.26000000,2476.12,1682.77360000,1788208199999,4175220.58686200,13822,793.66470000,1970204.55836300,0
2026-08-31 20:30:00,2476.11000000,2477.76000000,2470.06000000,2473.87,1844.37900000,1788209099999,4562213.37029500,14096,760.99760000,1882242.61836500,0
2026-08-31 20:45:00,2473.87000000,2475.06000000,2470.94000000,2472.62,1299.55250000,1788209999999,3213706.48768400,11027,567.92740000,1404350.63265600,0
2026-08-31 21:00:00,2472.63000000,2476.23000000,2467.64000000,2472.65,1988.87450000,1788210899999,4917040.89980600,23968,1010.88100000,2498818.24740700,0
2026-08-31 21:15:00,2472.64000000,2478.52000000,2470.58000000,2478.51,1172.61080000,1788211799999,2900672.60935600,9956,662.43390000,1638786.04077300,0
2026-08-31 21:30:00,2478.52000000,2483.51000000,2477.89000000,2481.48,1782.48640000,1788212699999,4421745.26693900,12970,789.04650000,1957298.53760200,0
2026-08-31 21:45:00,2481.48000000,2483.19000000,2478.26000000,2478.27,1341.57030000,1788213599999,3327370.44606600,10454,689.86810000,1711053.60974700,0
2026-08-31 22:00:00,2478.27000000,2480.91000000,2474.38000000,2474.7,956.47960000,1788214499999,2369180.91692700,18684,463.24900000,1147498.90602500,0
2026-08-31 22:15:00,2474.70000000,2474.96000000,2470.73000000,2471.12,1073.46900000,1788215399999,2653684.67875600,11747,412.17130000,1018844.31508500,0
2026-08-31 22:30:00,2471.13000000,2471.86000000,2468.00000000,2468.86,1024.80900000,1788216299999,2530894.76227200,14804,290.98250000,718543.93651300,0
2026-08-31 22:45:00,2468.86000000,2470.68000000,2467.72000000,2469.45,810.76760000,1788217199999,2002029.68909300,12042,448.15400000,1106591.86097400,0
2026-08-31 23:00:00,2469.45000000,2469.45000000,2462.00000000,2464.4,1798.21550000,1788218099999,4432419.91052000,24197,475.65660000,1172364.95509500,0
2026-08-31 23:15:00,2464.41000000,2466.80000000,2463.43000000,2466.49,601.66710000,1788218999999,1483278.88266800,10514,335.37850000,826762.36751500,0
2026-08-31 23:30:00,2466.49000000,2468.05000000,2464.52000000,2467.41,731.48270000,1788219899999,1804094.64891200,10605,485.31810000,1196997.54518600,0
2026-08-31 23:45:00,2467.41000000,2468.05000000,2465.99000000,2467.65,784.37930000,1788220799999,1935137.09775600,10010,573.42620000,1414651.88683700,0
2026-09-01 00:00:00,2467.64000000,2473.80000000,2465.42000000,2472.47,1734.69000000,1788221699999,4284573.43639500,20743,1243.56160000,3071273.36933600,0
2026-09-01 00:15:00,2472.47000000,2477.55000000,2471.58000000,2475.49,1703.49480000,1788222599999,4216745.86510100,19638,878.70750000,2175014.14826700,0
2026-09-01 00:30:00,2475.49000000,2476.80000000,2470.92000000,2472.04,1832.74000000,1788223499999,4532807.77963900,21604,807.87070000,1997852.38047000,0
2026-09-01 00:45:00,2472.04000000,2475.90000000,2468.75000000,2471.61,1284.83300000,1788224399999,3176517.00529300,16451,591.88140000,1463341.33779600,0
2026-09-01 01:00:00,2471.62000000,2476.22000000,2467.01000000,2467.84,1703.57910000,1788225299999,4211949.44056400,24675,822.88260000,2034603.07457600,0
2026-09-01 01:15:00,2467.84000000,2470.14000000,2458.18000000,2461.13,2413.48640000,1788226199999,5948620.57520800,32030,876.08650000,2159618.76440400,0
2026-09-01 01:30:00,2461.13000000,2468.00000000,2458.27000000,2467.4,1869.69570000,1788227099999,4604718.60620100,26567,902.46640000,2222487.98062600,0
2026-09-01 01:45:00,2467.40000000,2467.80000000,2461.45000000,2462.86,1195.51030000,1788227999999,2945743.51353100,16073,692.13020000,1705267.26500000,0
2026-09-01 02:00:00,2462.85000000,2462.85000000,2454.66000000,2457.94,2303.18500000,1788228899999,5662120.92837700,19006,800.43400000,1967605.83673600,0
2026-09-01 02:15:00,2457.94000000,2462.76000000,2455.00000000,2458.5,2393.10110000,1788229799999,5884780.93035900,17091,1058.84370000,2603623.98799000,0
2026-09-01 02:30:00,2458.50000000,2463.30000000,2458.50000000,2460.38,1129.73920000,1788230699999,2780805.10827200,17886,415.19990000,1021950.97981000,0
2026-09-01 02:45:00,2460.37000000,2465.34000000,2459.27000000,2465.08,1389.53440000,1788231599999,3421192.23811400,15218,975.64240000,2402233.70895000,0
2026-09-01 03:00:00,2465.09000000,2467.31000000,2464.15000000,2466.12,925.18720000,1788232499999,2281071.20779200,12915,521.71150000,1286267.95128800,0
2026-09-01 03:15:00,2466.11000000,2467.31000000,2463.30000000,2466.8,788.20690000,1788233399999,1943296.22038300,10809,439.90710000,1084505.94918700,0
2026-09-01 03:30:00,2466.79000000,2482.80000000,2466.39000000,2476.56,5192.55870000,1788234299999,12863296.06980000,51126,2784.99990000,6899229.70530900,0
2026-09-01 03:45:00,2476.55000000,2476.55000000,2471.03000000,2472.21,1637.50850000,1788235199999,4050971.65260800,14167,467.61740000,1156797.22727700,0
2026-09-01 04:00:00,2472.21000000,2475.18000000,2470.39000000,2473.03,1532.44890000,1788236099999,3788840.04956200,16275,765.10880000,1891693.46861300,0
2026-09-01 04:15:00,2473.04000000,2478.20000000,2473.03000000,2476.13,1230.97470000,1788236999999,3047310.73202100,15583,626.54310000,1551100.00548000,0
2026-09-01 04:30:00,2476.13000000,2477.00000000,2470.77000000,2471.21,1183.04630000,1788237899999,2927006.48628400,11071,485.14050000,1200422.08484500,0
2026-09-01 04:45:00,2471.21000000,2472.49000000,2468.72000000,2470.02,1976.32030000,1788238799999,4882148.59344600,10363,1060.44540000,2619422.38255200,0
2026-09-01 05:00:00,2470.02000000,2477.01000000,2468.73000000,2472.82,1568.33270000,1788239699999,3880474.31252400,13199,833.09040000,2061102.83313000,0
2026-09-01 05:15:00,2472.82000000,2475.79000000,2470.56000000,2475.53,1282.43440000,1788240599999,3171134.55172900,11510,675.20880000,1669706.07078200,0
2026-09-01 05:30:00,2475.53000000,2482.00000000,2475.28000000,2481.99,2044.54210000,1788241499999,5068194.10248900,17453,1433.74910000,3554000.20054400,0
2026-09-01 05:45:00,2481.99000000,2485.50000000,2479.55000000,2484.54,3877.93440000,1788242399999,9631221.95995600,16438,2431.70690000,6038671.29496500,0
2026-09-01 06:00:00,2484.54000000,2484.55000000,2478.39000000,2479.76,1736.63860000,1788243299999,4309444.64370400,11339,633.69650000,1572296.94626900,0
2026-09-01 06:15:00,2479.76000000,2479.77000000,2473.38000000,2475.69,1707.50710000,1788244199999,4227319.79867000,11165,839.34280000,2077895.55644500,0
2026-09-01 06:30:00,2475.68000000,2477.80000000,2475.35000000,2476.71,1411.85540000,1788245099999,3496879.84992000,16225,807.25690000,1999323.43268300,0
2026-09-01 06:45:00,2476.70000000,2476.71000000,2471.61000000,2471.61,1259.13410000,1788245999999,3115061.77519800,13594,459.70680000,1137291.15088700,0
2026-09-01 07:00:00,2471.61000000,2475.27000000,2471.29000000,2473.97,1414.38930000,1788246899999,3498179.67791400,21672,852.31240000,2108022.89393000,0
2026-09-01 07:15:00,2473.97000000,2477.22000000,2473.14000000,2475.13,1384.99640000,1788247799999,3427781.29695400,15984,636.75000000,1575957.30977100,0
2026-09-01 07:30:00,2475.13000000,2476.02000000,2466.57000000,2470.6,2229.86330000,1788248699999,5508746.67506300,25359,1251.39440000,3090997.04857800,0
2026-09-01 07:45:00,2470.59000000,2473.93000000,2468.74000000,2472.72,1404.81980000,1788249599999,3472709.13702000,12245,696.63520000,1721992.26012900,0
2026-09-01 08:00:00,2472.72000000,2473.62000000,2461.43000000,2464.15,3362.95790000,1788250499999,8293082.12394500,33234,1625.28390000,4006628.23520800,0
2026-09-01 08:15:00,2464.15000000,2464.99000000,2447.83000000,2448.11,6107.39310000,1788251399999,14999925.85863000,59735,2224.16760000,5463406.31797600,0
2026-09-01 08:30:00,2448.10000000,2455.67000000,2444.92000000,2451.65,6247.99820000,1788252299999,15304711.18499000,60560,3749.59080000,9185669.80036800,0
2026-09-01 08:45:00,2451.65000000,2454.36000000,2446.20000000,2448.17,5359.67620000,1788253199999,13132494.22602000,32806,2228.85200000,5462530.39134400,0
2026-09-01 09:00:00,2448.18000000,2450.09000000,2443.44000000,2444.73,1980.25840000,1788254099999,4844148.93083300,37834,864.09250000,2113703.38570300,0
2026-09-01 09:15:00,2444.72000000,2453.30000000,2444.25000000,2451.34,2911.34230000,1788254999999,7128149.46625700,29194,1811.38650000,4434664.21584200,0
2026-09-01 09:30:00,2451.34000000,2455.00000000,2449.15000000,2454.65,1872.55790000,1788255899999,4591583.77598000,20096,965.12360000,2366572.36430100,0
2026-09-01 09:45:00,2454.70000000,2454.92000000,2451.74000000,2452.44,1517.64700000,1788256799999,3722796.56483900,19163,734.24950000,1800972.77769800,0
2026-09-01 10:00:00,2452.44000000,2455.11000000,2449.30000000,2452.32,2252.19190000,1788257699999,5523795.59969200,21483,1310.35090000,3213627.45682600,0
2026-09-01 10:15:00,2452.33000000,2459.48000000,2448.35000000,2458.02,4132.71560000,1788258599999,10139986.96193600,27600,3052.86260000,7489355.50040300,0
2026-09-01 10:30:00,2458.01000000,2463.55000000,2458.01000000,2460.49,1648.37220000,1788259499999,4057247.65823100,22309,887.00960000,2183191.31142400,0
2026-09-01 10:45:00,2460.50000000,2462.61000000,2456.02000000,2456.97,1681.77200000,1788260399999,4135087.78189400,15063,813.42720000,2000215.09887900,0
2026-09-01 11:00:00,2456.97000000,2457.05000000,2453.16000000,2454.73,1906.22660000,1788261299999,4679424.59150400,15987,911.00930000,2236472.03154400,0
2026-09-01 11:15:00,2454.74000000,2457.02000000,2452.77000000,2456.43,968.51740000,1788262199999,2377963.52192800,12174,440.83660000,1082333.71757700,0
2026-09-01 11:30:00,2456.44000000,2463.56000000,2454.61000000,2460.23,1474.24220000,1788263099999,3627132.57331700,13252,793.66780000,1952656.47258400,0
2026-09-01 11:45:00,2460.23000000,2464.73000000,2458.14000000,2459.18,2035.36470000,1788263999999,5010336.19434400,15078,1140.25190000,2806963.91873500,0
2026-09-01 12:00:00,2459.18000000,2459.32000000,2453.39000000,2455.61,2076.34810000,1788264899999,5100152.85414700,16743,879.36920000,2159944.55175300,0
2026-09-01 12:15:00,2455.62000000,2458.58000000,2452.20000000,2455.3,1598.45270000,1788265799999,3925104.52078800,19932,631.94010000,1552025.07074700,0
2026-09-01 12:30:00,2455.29000000,2455.30000000,2438.43000000,2446.22,6221.46240000,1788266699999,15208505.27561200,59707,2110.77180000,5158666.79577600,0
2026-09-01 12:45:00,2446.22000000,2449.48000000,2444.42000000,2446.61,2209.72200000,1788267599999,5406939.08959700,29702,881.79990000,2157662.21579100,0
2026-09-01 13:00:00,2446.62000000,2447.30000000,2426.58000000,2441.51,8395.75990000,1788268499999,20462232.87067700,61660,2634.16850000,6421180.24090500,0
2026-09-01 13:15:00,2441.51000000,2445.00000000,2438.78000000,2444.31,3012.48600000,1788269399999,7355013.23669000,29908,1293.22360000,3157877.28799400,0
2026-09-01 13:30:00,2444.31000000,2450.00000000,2431.50000000,2442.63,5629.91550000,1788270299999,13736969.98071700,58543,2714.14900000,6621884.23162600,0
2026-09-01 13:45:00,2442.63000000,2449.50000000,2440.19000000,2444.41,3931.11090000,1788271199999,9608739.72263700,39523,1699.14090000,4153217.30665900,0
2026-09-01 14:00:00,2444.42000000,2456.65000000,2442.05000000,2451.36,7303.06180000,1788272099999,17899848.46775200,64534,4344.41000000,10647521.01401300,0
2026-09-01 14:15:00,2451.35000000,2455.00000000,2446.68000000,2451.37,3435.70410000,1788272999999,8420816.47923600,29730,1424.31410000,3491245.93634700,0
2026-09-01 14:30:00,2451.36000000,2455.83000000,2450.19000000,2455.0,2561.51140000,1788273899999,6284450.59107600,23028,1207.86960000,2963377.73596700,0
2026-09-01 14:45:00,2455.00000000,2457.64000000,2447.44000000,2449.29,2810.11000000,1788274799999,6891569.12348900,29183,1425.92250000,3497080.10039900,0
2026-09-01 15:00:00,2449.30000000,2449.58000000,2435.00000000,2438.01,5004.47310000,1788275699999,12208868.78895300,39693,2159.01760000,5266042.25443200,0
2026-09-01 15:15:00,2438.01000000,2443.43000000,2435.50000000,2443.43,2281.57920000,1788276599999,5565521.23229400,19005,1407.37740000,3433233.86174700,0
2026-09-01 15:30:00,2443.43000000,2449.23000000,2441.44000000,2449.22,1983.05620000,1788277499999,4848977.19503800,14654,1020.50670000,2495377.63248100,0
2026-09-01 15:45:00,2449.22000000,2454.68000000,2448.22000000,2448.97,2107.68600000,1788278399999,5166749.79618400,15211,1106.42370000,2712192.93706600,0
2026-09-01 16:00:00,2448.97000000,2449.60000000,2434.40000000,2434.69,3516.75190000,1788279299999,8588326.22097000,36159,1469.63450000,3589608.32939100,0
2026-09-01 16:15:00,2434.69000000,2438.68000000,2426.00000000,2433.59,5135.49880000,1788280199999,12489979.80497500,60015,2295.88000000,5583651.15712100,0
2026-09-01 16:30:00,2433.58000000,2435.57000000,2420.01000000,2429.2,5208.04730000,1788281099999,12646351.82966400,44344,2727.08720000,6622885.20922400,0
2026-09-01 16:45:00,2429.20000000,2435.00000000,2428.20000000,2432.83,1802.50190000,1788281999999,4384523.99453100,16345,1110.11750000,2700044.24672200,0
2026-09-01 17:00:00,2432.83000000,2434.70000000,2431.01000000,2432.94,1321.32460000,1788282899999,3214868.67509500,22386,731.29770000,1779276.20442100,0
2026-09-01 17:15:00,2432.93000000,2436.91000000,2428.46000000,2432.99,2052.76900000,1788283799999,4995055.88978200,21880,872.88730000,2124356.81573900,0
2026-09-01 17:30:00,2432.99000000,2439.53000000,2432.65000000,2433.37,1211.50430000,1788284699999,2951114.49534200,14905,464.06100000,1130590.98240000,0
2026-09-01 17:45:00,2433.37000000,2433.37000000,2416.85000000,2418.18,7500.60370000,1788285599999,18177279.75336600,42641,2455.41980000,5949156.85181000,0
2026-09-01 18:00:00,2418.18000000,2421.98000000,2408.56000000,2416.93,7272.64390000,1788286499999,17568046.01231700,45161,2769.24380000,6688952.07565800,0
2026-09-01 18:15:00,2416.92000000,2418.40000000,2401.76000000,2414.8,5552.35890000,1788287399999,13387218.79588300,33433,2702.24150000,6517397.78169900,0
2026-09-01 18:30:00,2414.80000000,2417.13000000,2389.33000000,2389.76,12822.82990000,1788288299999,30765680.35049500,89620,5247.95150000,12591407.48088800,0
2026-09-01 18:45:00,2389.75000000,2413.25000000,2383.34000000,2412.83,10357.71740000,1788289199999,24843574.72090300,83421,5972.60360000,14341994.59495100,0
2026-09-01 19:00:00,2412.83000000,2420.24000000,2412.24000000,2415.62,3852.22620000,1788290099999,9306091.84266100,40166,2303.17390000,5564440.42361500,0
2026-09-01 19:15:00,2415.62000000,2424.89000000,2412.67000000,2420.68,4618.30380000,1788290999999,11173625.94711100,30136,3207.40030000,7760020.09457900,0
2026-09-01 19:30:00,2420.67000000,2422.13000000,2416.86000000,2417.42,1256.54930000,1788291899999,3039993.73892300,13054,625.37540000,1512991.75612600,0
2026-09-01 19:45:00,2417.42000000,2419.27000000,2413.00000000,2419.18,1856.19370000,1788292799999,4484381.32426700,16153,814.66220000,1968503.04614700,0
2026-09-01 20:00:00,2419.19000000,2420.40000000,2413.07000000,2420.4,2428.82590000,1788293699999,5869794.76591100,21547,1423.81510000,3441059.67016500,0
2026-09-01 20:15:00,2420.40000000,2422.43000000,2416.56000000,2420.16,1693.72080000,1788294599999,4097813.96276600,23467,992.73590000,2401471.10537600,0
2026-09-01 20:30:00,2420.16000000,2423.12000000,2418.50000000,2419.36,1589.88930000,1788295499999,3848736.64239000,19976,666.73710000,1614101.08844300,0
2026-09-01 20:45:00,2419.36000000,2421.56000000,2416.88000000,2421.32,1281.78440000,1788296399999,3100561.63110300,12008,836.24460000,2022666.22526100,0
2026-09-01 21:00:00,2421.33000000,2423.39000000,2405.00000000,2408.7,3674.03070000,1788297299999,8865930.06036200,32556,1370.52590000,3305596.07298600,0
2026-09-01 21:15:00,2408.71000000,2417.32000000,2400.42000000,2414.78,3509.33030000,1788298199999,8451744.51887900,35970,2266.12780000,5457151.10957000,0
2026-09-01 21:30:00,2414.77000000,2414.78000000,2407.63000000,2412.49,2040.02320000,1788299099999,4917169.52436300,23768,1080.23240000,2603631.15926600,0
2026-09-01 21:45:00,2412.49000000,2417.66000000,2412.49000000,2415.46,2236.47170000,1788299999999,5401482.19515200,18157,1727.74090000,4172823.89982400,0
2026-09-01 22:00:00,2415.46000000,2418.70000000,2413.82000000,2416.35,1215.32790000,1788300899999,2936363.71091500,17630,638.87050000,1543526.83089700,0
2026-09-01 22:15:00,2416.35000000,2416.35000000,2407.23000000,2407.66,4083.20890000,1788301799999,9850794.34893500,14214,1049.93220000,2532112.17869200,0
2026-09-01 22:30:00,2407.65000000,2410.04000000,2405.85000000,2407.76,5204.71560000,1788302699999,12529462.73930700,17949,1496.58640000,3603005.95578800,0
2026-09-01 22:45:00,2407.75000000,2415.88000000,2407.75000000,2413.18,1774.48540000,1788303599999,4282740.58217300,11538,1076.85310000,2598441.85230400,0
2026-09-01 23:00:00,2413.17000000,2414.92000000,2411.00000000,2412.98,1155.98800000,1788304499999,2789669.38673700,9521,769.89620000,1857852.35873000,0
2026-09-01 23:15:00,2412.98000000,2417.25000000,2412.80000000,2417.25,1387.80570000,1788305399999,3351018.84836800,8086,948.07990000,2289222.53548000,0
2026-09-01 23:30:00,2417.24000000,2427.15000000,2416.55000000,2423.24,3014.58400000,1788306299999,7304353.95866300,19091,1902.13420000,4608068.68387800,0
2026-09-01 23:45:00,2423.23000000,2425.59000000,2418.41000000,2418.57,2195.70500000,1788307199999,5317003.98188800,17196,1111.76920000,2692224.12731800,0
2026-09-02 00:00:00,2418.58000000,2420.99000000,2416.91000000,2420.15,1253.76740000,1788308099999,3032823.62157500,16644,723.76810000,1750778.22563700,0
2026-09-02 00:15:00,2420.15000000,2422.32000000,2410.86000000,2412.34,2000.25800000,1788308999999,4834990.51482100,16766,873.82220000,2113008.99458400,0
2026-09-02 00:30:00,2412.33000000,2415.53000000,2405.87000000,2409.14,2693.03730000,1788309899999,6490598.30842600,35602,1077.25550000,2596612.70502100,0
2026-09-02 00:45:00,2409.14000000,2411.75000000,2406.96000000,2408.85,1327.20670000,1788310799999,3197858.68626700,20457,866.51740000,2087841.46821000,0
2026-09-02 01:00:00,2408.84000000,2415.00000000,2407.06000000,2413.14,2078.55440000,1788311699999,5009877.44845800,29201,1079.08320000,2600918.62608200,0
2026-09-02 01:15:00,2413.14000000,2415.00000000,2408.99000000,2409.21,2013.05690000,1788312599999,4856427.11121500,25862,1103.85920000,2662504.47961500,0
2026-09-02 01:30:00,2409.21000000,2411.64000000,2391.09000000,2395.15,5405.44910000,1788313499999,12976210.91826600,42062,2328.80780000,5590154.97108200,0
2026-09-02 01:45:00,2395.16000000,2400.79000000,2386.74000000,2399.32,5314.63120000,1788314399999,12718112.64665900,53004,2294.04960000,5489570.71186800,0
2026-09-02 02:00:00,2399.32000000,2406.00000000,2395.00000000,2402.06,2844.46050000,1788315299999,6828641.70788900,35134,1286.88140000,3088931.63112400,0
2026-09-02 02:15:00,2402.07000000,2411.01000000,2401.37000000,2409.97,2817.11620000,1788316199999,6779923.97380300,28407,1553.94450000,3739411.83331500,0
2026-09-02 02:30:00,2409.96000000,2410.53000000,2404.49000000,2406.96,2501.78570000,1788317099999,6023501.09088300,24461,1400.99070000,3373062.03499100,0
2026-09-02 02:45:00,2406.96000000,2409.93000000,2406.26000000,2409.92,1238.12040000,1788317999999,2981215.54014100,17266,718.13600000,1729209.95998700,0
2026-09-02 03:00:00,2409.93000000,2420.56000000,2408.64000000,2415.61,4052.22840000,1788318899999,9781964.85584300,33992,2556.97530000,6172502.16552700,0
2026-09-02 03:15:00,2415.62000000,2424.30000000,2412.80000000,2420.0,4456.31100000,1788319799999,10775805.96319900,37586,2025.00780000,4898231.70418500,0
2026-09-02 03:30:00,2420.00000000,2420.30000000,2413.92000000,2414.77,1950.95540000,1788320699999,4714540.61213600,20130,937.48690000,2265365.09692600,0
2026-09-02 03:45:00,2414.76000000,2417.24000000,2412.04000000,2414.42,1692.23300000,1788321599999,4086438.74228200,15186,886.56280000,2140784.41811700,0
2026-09-02 04:00:00,2414.42000000,2415.46000000,2406.52000000,2408.17,2382.42490000,1788322499999,5744970.34702400,18833,1201.64360000,2897584.68031100,0
2026-09-02 04:15:00,2408.16000000,2413.43000000,2405.44000000,2412.44,1713.67300000,1788323399999,4131062.83047500,18600,886.69640000,2137505.72643400,0
2026-09-02 04:30:00,2412.45000000,2416.46000000,2412.01000000,2415.69,2077.22140000,1788324299999,5015556.95425400,21195,1346.35120000,3250695.01132200,0
2026-09-02 04:45:00,2415.69000000,2416.49000000,2414.24000000,2415.23,1186.17730000,1788325199999,2865022.67071200,11422,664.00420000,1603830.99614100,0
2026-09-02 05:00:00,2415.23000000,2416.33000000,2409.45000000,2415.3,1737.68340000,1788326099999,4191802.24891100,20167,769.36670000,1855762.83893400,0
2026-09-02 05:15:00,2415.30000000,2423.33000000,2415.08000000,2422.52,2256.82020000,1788326999999,5461488.16266800,29701,1434.61980000,3471667.59103500,0
2026-09-02 05:30:00,2422.52000000,2423.23000000,2419.54000000,2420.77,1432.80170000,1788327899999,3468553.85402000,16214,817.24240000,1978399.79989800,0
2026-09-02 05:45:00,2420.78000000,2425.00000000,2420.46000000,2422.53,1466.38120000,1788328799999,3552634.58735300,18414,727.71880000,1763027.32522700,0
2026-09-02 06:00:00,2422.53000000,2424.72000000,2418.48000000,2418.55,2267.18880000,1788329699999,5490387.79420300,18696,1029.26720000,2492550.76079800,0
2026-09-02 06:15:00,2418.55000000,2422.53000000,2416.40000000,2418.3,1690.02580000,1788330599999,4087950.31238800,16065,867.20050000,2097304.63237700,0
2026-09-02 06:30:00,2418.30000000,2425.50000000,2414.98000000,2422.44,2777.75080000,1788331499999,6721777.42018200,19704,1191.14730000,2882760.12351000,0
2026-09-02 06:45:00,2422.44000000,2422.89000000,2417.03000000,2420.73,1754.81550000,1788332399999,4246283.65560700,13490,743.34520000,1798376.84417900,0
2026-09-02 07:00:00,2420.73000000,2429.00000000,2420.44000000,2426.69,2291.75960000,1788333299999,5558729.53409000,16841,1461.04270000,3544092.75177000,0
2026-09-02 07:15:00,2426.69000000,2426.69000000,2421.24000000,2421.79,1397.60690000,1788334199999,3387462.68027700,23140,830.95870000,2014192.48278300,0
2026-09-02 07:30:00,2421.79000000,2424.80000000,2420.88000000,2421.74,1060.22560000,1788335099999,2569015.12532800,18655,532.02280000,1289094.45280000,0
2026-09-02 07:45:00,2421.74000000,2422.85000000,2417.60000000,2417.9,1578.97250000,1788335999999,3822206.14927700,14590,672.58000000,1628312.54701000,0
2026-09-02 08:00:00,2417.90000000,2420.64000000,2414.89000000,2417.45,2498.38380000,1788336899999,6042506.14489500,14415,708.40720000,1712797.90373300,0
2026-09-02 08:15:00,2417.46000000,2419.10000000,2413.63000000,2414.01,1921.76440000,1788337799999,4641225.17116700,15180,1253.62610000,3027280.64605100,0
2026-09-02 08:30:00,2414.00000000,2414.01000000,2395.36000000,2396.23,5947.41890000,1788338699999,14300549.74059500,45784,2132.79690000,5127337.75286300,0
2026-09-02 08:45:00,2396.23000000,2400.69000000,2390.09000000,2393.16,6307.86550000,1788339599999,15101040.67131300,57957,3767.02130000,9018562.21538200,0
2026-09-02 09:00:00,2393.15000000,2400.00000000,2393.05000000,2395.6,2956.96120000,1788340499999,7089572.98298900,31794,1586.70300000,3804634.50432000,0
2026-09-02 09:15:00,2395.60000000,2395.94000000,2378.00000000,2388.0,9203.17540000,1788341399999,21962472.90649800,57623,3991.34470000,9527277.13308000,0
2026-09-02 09:30:00,2388.00000000,2388.65000000,2368.11000000,2369.85,11450.31920000,1788342299999,27187382.67755200,53795,5202.19800000,12348606.43367600,0
2026-09-02 09:45:00,2369.84000000,2377.31000000,2366.90000000,2376.61,4963.15450000,1788343199999,11781658.34155600,25903,2877.14330000,6829765.42460600,0
2026-09-02 10:00:00,2376.62000000,2376.89000000,2370.00000000,2373.0,3267.37230000,1788344099999,7751740.44905900,17614,1757.61180000,4169681.34157200,0
2026-09-02 10:15:00,2373.00000000,2376.02000000,2369.40000000,2369.8,3446.87530000,1788344999999,8179093.61898100,15311,1289.86130000,3061332.41665300,0
2026-09-02 10:30:00,2369.79000000,2370.53000000,2360.00000000,2366.32,5470.10580000,1788345899999,12934735.74836300,32388,2170.84310000,5133301.55386800,0
2026-09-02 10:45:00,2366.32000000,2373.31000000,2356.41000000,2372.76,6601.07790000,1788346799999,15602190.71960700,44894,2964.85730000,7010420.05546100,0
2026-09-02 11:00:00,2372.73000000,2377.17000000,2367.52000000,2376.08,4556.49010000,1788347699999,10812738.76930500,33192,3031.25400000,7193510.52606600,0
2026-09-02 11:15:00,2376.08000000,2377.17000000,2369.16000000,2374.3,5474.97730000,1788348599999,12987134.35196300,34703,3452.99120000,8190556.09365400,0
2026-09-02 11:30:00,2374.30000000,2382.28000000,2373.40000000,2377.92,3863.91380000,1788349499999,9194157.17287500,27182,2570.31510000,6116098.27899600,0
2026-09-02 11:45:00,2377.91000000,2382.09000000,2376.04000000,2381.88,2455.11280000,1788350399999,5840908.58074000,14839,1556.13090000,3702530.68548700,0
2026-09-02 12:00:00,2381.87000000,2383.00000000,2377.53000000,2382.42,3180.98610000,1788351299999,7571167.78364800,26883,1917.70450000,4564269.66734200,0
2026-09-02 12:15:00,2382.42000000,2390.00000000,2379.32000000,2386.6,5688.19720000,1788352199999,13575628.40349100,39692,3504.88720000,8364083.46447200,0
2026-09-02 12:30:00,2386.60000000,2386.92000000,2380.05000000,2382.25,1890.14830000,1788353099999,4505171.15791300,13828,1016.70890000,2423337.76953400,0
2026-09-02 12:45:00,2382.25000000,2382.26000000,2377.21000000,2377.65,2242.24860000,1788353999999,5334336.41697100,11831,1175.06020000,2795531.98701500,0
2026-09-02 13:00:00,2377.65000000,2385.58000000,2377.64000000,2381.96,2308.46920000,1788354899999,5500123.84562900,15510,1274.84580000,3036986.80326300,0
2026-09-02 13:15:00,2381.96000000,2389.82000000,2381.95000000,2388.08,3435.10110000,1788355799999,8199030.06929600,15490,2242.49440000,5352873.56452200,0
2026-09-02 13:30:00,2388.09000000,2417.52000000,2380.00000000,2417.17,8809.48830000,1788356699999,21112698.87338000,61908,5639.24430000,13521326.97252400,0
2026-09-02 13:45:00,2417.17000000,2419.72000000,2397.54000000,2402.99,11727.55830000,1788357599999,28248820.14278500,64443,6708.52380000,16168558.41539400,0
2026-09-02 14:00:00,2403.00000000,2408.51000000,2394.82000000,2406.82,5698.10620000,1788358499999,13686614.69123000,36415,3214.28470000,7721395.10698100,0
2026-09-02 14:15:00,2406.83000000,2410.90000000,2401.00000000,2404.29,2554.49490000,1788359399999,6144810.39029100,23814,1419.54240000,3415356.52835100,0
2026-09-02 14:30:00,2404.29000000,2404.59000000,2393.15000000,2403.75,3110.85990000,1788360299999,7460759.95051000,26470,1259.57670000,3021358.98227300,0
2026-09-02 14:45:00,2403.76000000,2404.72000000,2393.93000000,2394.45,2236.24160000,1788361199999,5364664.30547600,20167,843.00230000,2022387.09321900,0
2026-09-02 15:00:00,2394.46000000,2397.67000000,2379.01000000,2385.15,6236.25570000,1788362099999,14884100.43214200,49309,2688.43190000,6417791.15754000,0
2026-09-02 15:15:00,2385.15000000,2394.00000000,2384.57000000,2388.57,3092.51240000,1788362999999,7386565.34642200,30143,1415.90550000,3381497.11201300,0
2026-09-02 15:30:00,2388.58000000,2399.09000000,2385.46000000,2397.7,4118.18280000,1788363899999,9856387.03906300,36717,2224.29460000,5324593.68380500,0
2026-09-02 15:45:00,2397.71000000,2397.92000000,2384.00000000,2390.98,3616.52220000,1788364799999,8637118.46768200,41794,1843.58540000,4403230.37187600,0
2026-09-02 16:00:00,2390.98000000,2396.76000000,2386.68000000,2394.23,4006.71910000,1788365699999,9581531.49778100,24456,2036.23880000,4870767.68383300,0
2026-09-02 16:15:00,2394.23000000,2404.80000000,2392.56000000,2398.31,3281.38210000,1788366599999,7874458.80506300,24771,1896.11630000,4549927.22184300,0
2026-09-02 16:30:00,2398.32000000,2402.73000000,2388.42000000,2388.42,2781.41480000,1788367499999,6664588.26381200,23623,1109.56810000,2658714.88332200,0
2026-09-02 16:45:00,2388.43000000,2392.00000000,2384.81000000,2386.2,2509.58380000,1788368399999,5992108.70573500,18024,1271.05370000,3034369.66582700,0
2026-09-02 17:00:00,2386.21000000,2388.16000000,2375.51000000,2380.25,5314.78980000,1788369299999,12651363.85698500,27608,2376.34280000,5656049.12946300,0
2026-09-02 17:15:00,2380.24000000,2381.18000000,2372.55000000,2379.6,2474.50510000,1788370199999,5880999.46978300,21014,1153.17940000,2740639.74860100,0
2026-09-02 17:30:00,2379.59000000,2389.47000000,2378.60000000,2389.47,2226.84120000,1788371099999,5309367.30354000,17158,1403.17850000,3345226.23328300,0
2026-09-02 17:45:00,2389.47000000,2394.30000000,2389.47000000,2393.77,1826.98670000,1788371999999,4371291.77374800,25673,918.62420000,2197845.08532000,0
2026-09-02 18:00:00,2393.77000000,2396.89000000,2391.45000000,2395.24,2857.85540000,1788372899999,6840894.10573900,26168,1067.71200000,2555922.79593200,0
2026-09-02 18:15:00,2395.25000000,2399.91000000,2393.95000000,2396.38,2282.58680000,1788373799999,5470657.28505500,27264,1216.33730000,2915053.07397400,0
2026-09-02 18:30:00,2396.37000000,2397.82000000,2391.02000000,2392.02,1906.77630000,1788374699999,4563737.99296200,15964,802.80250000,1921442.72330600,0
2026-09-02 18:45:00,2392.02000000,2395.64000000,2390.39000000,2394.93,937.77490000,1788375599999,2244608.44070200,13034,469.45410000,1123658.89000200,0
2026-09-02 19:00:00,2394.92000000,2396.64000000,2393.45000000,2396.02,903.58060000,1788376499999,2164305.35972100,12239,475.22850000,1138279.93767100,0
2026-09-02 19:15:00,2396.01000000,2396.67000000,2386.68000000,2386.69,1214.92210000,1788377399999,2905349.85090900,13974,413.54960000,989177.37022100,0
2026-09-02 19:30:00,2386.68000000,2388.16000000,2383.14000000,2387.06,1658.83280000,1788378299999,3957127.65280700,19942,934.16900000,2228581.37418000,0
2026-09-02 19:45:00,2387.06000000,2393.00000000,2386.07000000,2392.99,3099.53860000,1788379199999,7405910.71118900,18125,1928.02040000,4606167.69475500,0
2026-09-02 20:00:00,2393.00000000,2399.74000000,2390.79000000,2393.03,2149.98780000,1788380099999,5149682.35000900,16717,1090.44110000,2611825.41325800,0
2026-09-02 20:15:00,2393.04000000,2396.89000000,2386.08000000,2391.56,1871.92730000,1788380999999,4476910.48853300,14104,878.39870000,2100534.09221800,0
2026-09-02 20:30:00,2391.56000000,2395.52000000,2390.33000000,2390.95,2054.14510000,1788381899999,4915482.89607500,12904,1059.51880000,2534927.00138000,0
2026-09-02 20:45:00,2390.94000000,2395.43000000,2388.74000000,2393.56,1647.30360000,1788382799999,3940903.50692700,10779,821.63470000,1965030.27741900,0
2026-09-02 21:00:00,2393.56000000,2394.46000000,2391.13000000,2392.61,710.80900000,1788383699999,1700814.72483800,7844,339.14880000,811489.22731300,0
2026-09-02 21:15:00,2392.61000000,2393.16000000,2390.81000000,2391.1,689.19400000,1788384599999,1648588.89783100,5985,330.40840000,790287.46636900,0
2026-09-02 21:30:00,2391.09000000,2395.09000000,2389.38000000,2394.01,1294.21370000,1788385499999,3095774.41160500,9632,742.10880000,1774828.91362500,0
2026-09-02 21:45:00,2394.01000000,2394.02000000,2390.06000000,2390.15,1398.67860000,1788386399999,3344924.42013100,18010,466.62350000,1115841.44155200,0
2026-09-02 22:00:00,2390.14000000,2390.15000000,2381.79000000,2385.03,2283.74610000,1788387299999,5448666.00721400,25425,812.36780000,1937659.30280200,0
2026-09-02 22:15:00,2385.03000000,2385.94000000,2378.64000000,2379.1,1387.72630000,1788388199999,3305528.26280100,21113,640.55150000,1525935.52054200,0
2026-09-02 22:30:00,2379.11000000,2385.24000000,2379.11000000,2383.3,1323.53230000,1788389099999,3152559.06310100,15844,723.53190000,1723594.49959800,0
2026-09-02 22:45:00,2383.30000000,2383.60000000,2379.46000000,2379.81,1118.34340000,1788389999999,2663000.79882000,11293,550.66600000,1311262.17001800,0
2026-09-02 23:00:00,2379.81000000,2386.97000000,2377.77000000,2386.96,1878.23010000,1788390899999,4475607.28144400,16232,1199.96160000,2860197.75334700,0
2026-09-02 23:15:00,2386.96000000,2387.02000000,2383.25000000,2386.05,1270.29460000,1788391799999,3030068.58242700,11813,730.10870000,1741408.38175500,0
2026-09-02 23:30:00,2386.06000000,2388.54000000,2383.33000000,2384.35,764.84810000,1788392699999,1824551.36927900,11141,459.56180000,1096305.41502900,0
2026-09-02 23:45:00,2384.35000000,2393.63000000,2384.35000000,2391.92,1441.53500000,1788393599999,3445741.44847500,16771,1043.62260000,2494645.89689900,0
2026-09-03 00:00:00,2391.91000000,2395.41000000,2387.80000000,2387.8,1802.38620000,1788394499999,4311040.92187600,18693,1050.27960000,2512094.11333000,0
2026-09-03 00:15:00,2387.81000000,2387.81000000,2380.58000000,2381.02,2453.62780000,1788395399999,5848655.82258400,15740,633.56480000,1510773.74872600,0
2026-09-03 00:30:00,2381.01000000,2385.81000000,2379.26000000,2383.93,1440.40090000,1788396299999,3430255.01726100,22534,926.70210000,2206908.62030900,0
2026-09-03 00:45:00,2383.92000000,2384.82000000,2379.56000000,2379.84,1147.64010000,1788397199999,2733594.14434900,19464,525.99490000,1252967.69843400,0
2026-09-03 01:00:00,2379.82000000,2391.56000000,2370.14000000,2390.77,5139.51670000,1788398099999,12234438.37957000,60817,2880.82360000,6863315.62333900,0
2026-09-03 01:15:00,2390.76000000,2392.45000000,2386.11000000,2392.45,1632.93970000,1788398999999,3901955.89446800,31769,980.46010000,2342936.04086000,0
2026-09-03 01:30:00,2392.46000000,2394.61000000,2387.67000000,2389.17,2489.02060000,1788399899999,5953215.63871100,36738,1331.79190000,3184915.86314100,0
2026-09-03 01:45:00,2389.16000000,2391.53000000,2384.69000000,2386.81,1620.25250000,1788400799999,3868735.92666700,22608,908.23680000,2168489.48492700,0
2026-09-03 02:00:00,2386.80000000,2391.60000000,2382.53000000,2391.18,1830.88000000,1788401699999,4367478.29865000,17856,814.14470000,1942928.00206000,0
2026-09-03 02:15:00,2391.19000000,2396.75000000,2389.00000000,2395.77,1451.33540000,1788402599999,3472365.91285900,15484,946.55950000,2265033.14062700,0
2026-09-03 02:30:00,2395.76000000,2407.57000000,2394.26000000,2405.18,4036.56030000,1788403499999,9698017.16678800,37041,2654.20580000,6375826.06820800,0
2026-09-03 02:45:00,2405.15000000,2409.73000000,2402.75000000,2406.08,2915.06570000,1788404399999,7014981.71995500,18211,1784.45770000,4294132.80292100,0
2026-09-03 03:00:00,2406.09000000,2409.01000000,2403.19000000,2407.76,2769.84000000,1788405299999,6662327.31002900,14568,1985.60080000,4775817.23561500,0
2026-09-03 03:15:00,2407.76000000,2410.94000000,2403.99000000,2403.99,2769.93330000,1788406199999,6669101.90102600,20270,1641.65720000,3952496.71067500,0
2026-09-03 03:30:00,2403.99000000,2405.61000000,2399.80000000,2400.41,1459.61960000,1788407099999,3506718.97183300,9168,707.01090000,1698500.28439100,0
2026-09-03 03:45:00,2400.42000000,2403.55000000,2399.78000000,2403.3,732.96490000,1788407999999,1760463.00975100,8137,396.71840000,952936.13238400,0
2026-09-03 04:00:00,2403.29000000,2407.10000000,2401.33000000,2401.62,1349.25580000,1788408899999,3244652.56054500,10873,656.05110000,1577644.77404900,0
2026-09-03 04:15:00,2401.63000000,2402.09000000,2396.94000000,2398.26,1697.90230000,1788409799999,4073356.96147900,13099,687.84230000,1649830.83677500,0
2026-09-03 04:30:00,2398.26000000,2400.00000000,2397.55000000,2397.71,584.20380000,1788410699999,1401476.64603500,7599,172.21400000,413087.75657100,0
2026-09-03 04:45:00,2397.71000000,2408.31000000,2397.70000000,2408.31,2612.14350000,1788411599999,6281669.17774200,17675,1585.75240000,3813769.46233800,0
2026-09-03 05:00:00,2408.30000000,2410.00000000,2400.92000000,2402.18,1848.36560000,1788412499999,4447715.06303800,14873,1031.65560000,2482706.63125000,0
2026-09-03 05:15:00,2402.19000000,2402.85000000,2379.41000000,2385.27,4524.23840000,1788413399999,10809181.86457700,40727,1898.35930000,4534579.21603200,0
2026-09-03 05:30:00,2385.26000000,2397.68000000,2384.25000000,2396.24,1974.44900000,1788414299999,4722878.76488200,20475,1326.69210000,3173116.81021500,0
2026-09-03 05:45:00,2396.23000000,2405.49000000,2393.80000000,2404.81,2848.71890000,1788415199999,6842464.86673200,25285,1801.71330000,4327402.85960000,0
2026-09-03 06:00:00,2404.82000000,2406.49000000,2400.69000000,2401.4,1804.26060000,1788416099999,4334641.60686300,22145,902.34190000,2167916.36565900,0
2026-09-03 06:15:00,2401.41000000,2408.59000000,2400.37000000,2407.89,2934.09240000,1788416999999,7057579.76699600,21529,2273.64170000,5469596.50058800,0
2026-09-03 06:30:00,2407.90000000,2409.93000000,2406.08000000,2409.93,2479.23080000,1788417899999,5970710.92595300,21313,1976.43270000,4759894.05663200,0
2026-09-03 06:45:00,2409.93000000,2410.24000000,2407.11000000,2408.6,1848.08290000,1788418799999,4451195.24842500,19002,1323.49830000,3187578.93091600,0
2026-09-03 07:00:00,2408.60000000,2419.33000000,2407.80000000,2413.03,4529.71180000,1788419699999,10933710.78185700,47614,2865.89770000,6918992.99981100,0
2026-09-03 07:15:00,2413.03000000,2413.05000000,2404.96000000,2408.06,3413.84310000,1788420599999,8226633.62648600,22466,2028.96440000,4889804.14302800,0
2026-09-03 07:30:00,2408.05000000,2412.99000000,2403.60000000,2408.01,2671.80040000,1788421499999,6435085.44233500,25796,1826.80470000,4399506.43699900,0
2026-09-03 07:45:00,2408.01000000,2409.46000000,2395.85000000,2398.68,3407.52200000,1788422399999,8178542.85054300,21402,1792.35600000,4301404.72418700,0
2026-09-03 08:00:00,2398.68000000,2413.04000000,2398.67000000,2405.73,3566.07370000,1788423299999,8582077.03269600,34749,2321.50100000,5585798.64543200,0
2026-09-03 08:15:00,2405.72000000,2409.17000000,2400.44000000,2408.81,3022.90290000,1788424199999,7267455.38925700,28776,2015.22710000,4845338.73496600,0
2026-09-03 08:30:00,2408.81000000,2409.68000000,2405.15000000,2405.7,1740.00310000,1788425099999,4188511.15249300,22811,1003.35050000,2415264.25645100,0
2026-09-03 08:45:00,2405.70000000,2407.46000000,2401.19000000,2403.69,2124.25880000,1788425999999,5107220.19011800,14760,1306.52590000,3140828.50250600,0
2026-09-03 09:00:00,2403.69000000,2407.64000000,2401.33000000,2404.9,1776.07860000,1788426899999,4270781.17632900,13269,1200.69330000,2887237.85962200,0
2026-09-03 09:15:00,2404.91000000,2406.49000000,2399.15000000,2399.16,2215.35700000,1788427799999,5323361.61424500,14519,1348.56120000,3240528.63891100,0
2026-09-03 09:30:00,2399.16000000,2399.91000000,2393.98000000,2396.81,2406.81960000,1788428699999,5769288.89126300,18255,1584.63520000,3798233.15609900,0
2026-09-03 09:45:00,2396.81000000,2399.40000000,2393.57000000,2393.58,2387.06750000,1788429599999,5718786.06400000,16795,1299.05110000,3112601.92414200,0
2026-09-03 10:00:00,2393.57000000,2396.94000000,2390.68000000,2391.66,2207.72130000,1788430499999,5284737.23526400,18051,1439.34040000,3445530.44614600,0
2026-09-03 10:15:00,2391.66000000,2398.86000000,2390.11000000,2396.5,2393.44470000,1788431399999,5735909.83684800,18486,1696.03300000,4064437.31774900,0
2026-09-03 10:30:00,2396.50000000,2397.14000000,2390.00000000,2391.61,1949.44160000,1788432299999,4664244.63150100,15025,1213.65510000,2903524.25833800,0
2026-09-03 10:45:00,2391.60000000,2397.50000000,2391.28000000,2396.83,1523.96720000,1788433199999,3649176.56001400,12283,1011.33680000,2421451.01209100,0
2026-09-03 11:00:00,2396.83000000,2400.39000000,2395.71000000,2399.85,2402.28270000,1788434099999,5761130.25381500,16421,1408.83210000,3378641.20131300,0
2026-09-03 11:15:00,2399.85000000,2406.10000000,2399.85000000,2405.66,2181.51080000,1788434999999,5242205.98862300,15713,1279.39440000,3074358.95272000,0
2026-09-03 11:30:00,2405.67000000,2409.17000000,2402.47000000,2408.71,2369.59230000,1788435899999,5701626.89813500,25625,1181.99280000,2844437.19900500,0
2026-09-03 11:45:00,2408.71000000,2411.35000000,2405.65000000,2407.2,2459.81880000,1788436799999,5924176.72753700,25772,1476.41260000,3555938.79360500,0
2026-09-03 12:00:00,2407.20000000,2411.13000000,2405.09000000,2409.77,1625.42580000,1788437699999,3913113.94742500,17413,778.25320000,1873797.12178500,0
2026-09-03 12:15:00,2409.76000000,2411.93000000,2405.63000000,2408.09,2432.77110000,1788438599999,5858191.81367100,18648,1611.02680000,3879635.20293600,0
2026-09-03 12:30:00,2408.10000000,2423.61000000,2408.09000000,2413.75,7397.02760000,1788439499999,17868825.88546000,61095,4263.94840000,10299612.51751000,0
2026-09-03 12:45:00,2413.75000000,2427.00000000,2413.12000000,2423.27,6936.14390000,1788440399999,16797739.43807000,39491,4397.89550000,10650428.62357100,0
2026-09-03 13:00:00,2423.27000000,2424.90000000,2417.28000000,2419.69,3991.09720000,1788441299999,9658334.31043600,39648,2214.52690000,5358931.75227300,0
2026-09-03 13:15:00,2419.70000000,2421.54000000,2415.87000000,2420.11,2004.81010000,1788442199999,4850648.32377200,21703,1394.69240000,3374556.31484800,0
2026-09-03 13:30:00,2420.12000000,2435.76000000,2418.24000000,2435.07,8854.13900000,1788443099999,21508312.79122000,61045,6448.78860000,15664954.87454200,0
2026-09-03 13:45:00,2435.06000000,2436.21000000,2424.71000000,2430.17,6809.39480000,1788443999999,16543680.14986500,37035,3878.34490000,9422461.63683900,0
2026-09-03 14:00:00,2430.17000000,2439.81000000,2425.71000000,2439.78,5354.26190000,1788444899999,13032346.56021000,51930,3295.47660000,8022132.79442200,0
2026-09-03 14:15:00,2439.78000000,2451.36000000,2438.31000000,2450.79,11125.94420000,1788445799999,27200505.73910000,72378,7536.38460000,18424969.27575500,0
2026-09-03 14:30:00,2450.79000000,2464.78000000,2448.44000000,2457.04,12447.48350000,1788446699999,30595288.60801900,96815,7487.28600000,18408391.28215000,0
2026-09-03 14:45:00,2457.04000000,2489.90000000,2456.60000000,2489.46,18078.56830000,1788447599999,44779762.97280400,145657,9956.96680000,24663032.74495200,0
2026-09-03 15:00:00,2489.46000000,2503.43000000,2479.20000000,2486.27,17908.41150000,1788448499999,44638877.53827500,170977,9831.12400000,24513987.02179500,0
2026-09-03 15:15:00,2486.27000000,2493.00000000,2482.24000000,2490.46,6114.78150000,1788449399999,15212586.49934900,57290,2974.36240000,7400759.05542400,0
2026-09-03 15:30:00,2490.46000000,2497.57000000,2488.42000000,2492.9,5290.46680000,1788450299999,13195731.89635600,62465,3118.66530000,7779023.67512500,0
2026-09-03 15:45:00,2492.91000000,2517.17000000,2487.36000000,2516.58,13537.30540000,1788451199999,33936525.82219700,99004,8256.08930000,20704896.69914600,0
2026-09-03 16:00:00,2516.58000000,2519.00000000,2496.43000000,2501.02,11097.46560000,1788452099999,27792350.68172600,109966,5010.68010000,12552697.61672900,0
2026-09-03 16:15:00,2501.01000000,2501.08000000,2488.84000000,2491.85,5353.49820000,1788452999999,13351980.76650200,62110,2354.09980000,5871588.81780700,0
2026-09-03 16:30:00,2491.85000000,2497.94000000,2488.84000000,2488.99,3406.05250000,1788453899999,8495277.50821100,34116,1938.64300000,4836025.30311000,0
2026-09-03 16:45:00,2488.99000000,2496.00000000,2488.38000000,2494.09,2200.25950000,1788454799999,5487368.71465100,21712,1280.34750000,3193132.83117600,0
2026-09-03 17:00:00,2494.10000000,2499.44000000,2492.08000000,2499.42,2268.75750000,1788455699999,5662095.91627500,23051,1356.84540000,3386631.12996600,0
2026-09-03 17:15:00,2499.42000000,2503.25000000,2496.04000000,2499.61,3083.15110000,1788456599999,7705556.08565200,25202,1744.92160000,4360972.23332100,0
2026-09-03 17:30:00,2499.61000000,2506.00000000,2498.66000000,2502.02,3230.59400000,1788457499999,8087210.53071900,21676,1243.95220000,3113705.04621400,0
2026-09-03 17:45:00,2502.02000000,2505.52000000,2499.71000000,2500.49,1778.56010000,1788458399999,4450612.78947800,27264,936.41580000,2343251.85946700,0
2026-09-03 18:00:00,2500.49000000,2511.39000000,2499.95000000,2507.89,3963.34620000,1788459299999,9933883.27120900,25157,2639.59190000,6615946.27336200,0
2026-09-03 18:15:00,2507.90000000,2508.96000000,2499.71000000,2500.4,2709.02260000,1788460199999,6781744.99686300,27143,1237.73330000,3098545.35142900,0
2026-09-03 18:30:00,2500.40000000,2503.22000000,2498.37000000,2499.02,2171.65520000,1788461099999,5431409.75203200,20715,1183.77460000,2960258.45563600,0
2026-09-03 18:45:00,2499.02000000,2514.45000000,2499.01000000,2512.8,2712.11640000,1788461999999,6800775.49305300,26994,1916.36000000,4804823.28212800,0
2026-09-03 19:00:00,2512.80000000,2529.84000000,2508.58000000,2509.09,12518.08150000,1788462899999,31515758.93578400,83366,8170.03330000,20573944.15703200,0
2026-09-03 19:15:00,2509.09000000,2519.00000000,2507.19000000,2514.74,3822.24810000,1788463799999,9606823.49231700,41075,2430.24710000,6108503.04467600,0
2026-09-03 19:30:00,2514.75000000,2517.59000000,2508.36000000,2515.67,3144.65700000,1788464699999,7901890.67331800,32085,1690.61320000,4247922.28090000,0
2026-09-03 19:45:00,2515.66000000,2518.18000000,2510.30000000,2518.18,3180.30200000,1788465599999,7998728.04499000,33137,2012.04010000,5060367.22679200,0
2026-09-03 20:00:00,2518.18000000,2518.30000000,2506.11000000,2511.14,4043.11400000,1788466499999,10159363.06955300,40783,2261.05290000,5682125.77588400,0
2026-09-03 20:15:00,2511.13000000,2514.36000000,2506.60000000,2510.17,3078.26730000,1788467399999,7724663.39704100,21383,1823.54490000,4575590.73425500,0
2026-09-03 20:30:00,2510.18000000,2511.35000000,2502.37000000,2503.94,2456.53380000,1788468299999,6156854.19955200,27057,1001.03150000,2509012.29560900,0
2026-09-03 20:45:00,2503.95000000,2508.71000000,2503.67000000,2505.13,1236.80180000,1788469199999,3099003.39417300,20583,512.63580000,1284406.83693600,0
2026-09-03 21:00:00,2505.13000000,2512.00000000,2500.62000000,2511.78,2189.27900000,1788470099999,5485204.30488400,22821,974.18330000,2441289.22654900,0
2026-09-03 21:15:00,2511.77000000,2513.31000000,2506.99000000,2513.15,3704.11000000,1788470999999,9296609.97254700,17927,1679.31870000,4215092.79616400,0
2026-09-03 21:30:00,2513.16000000,2526.19000000,2509.00000000,2509.01,6038.55370000,1788471899999,15200022.14816000,61150,3137.69210000,7900299.53003200,0
2026-09-03 21:45:00,2509.01000000,2516.13000000,2506.22000000,2511.19,2140.25930000,1788472799999,5375178.51429900,32243,1061.79840000,2666556.08917000,0
2026-09-03 22:00:00,2511.19000000,2512.57000000,2501.56000000,2504.26,2428.40930000,1788473699999,6087708.84538700,30521,982.75690000,2463540.32249500,0
2026-09-03 22:15:00,2504.25000000,2506.24000000,2494.50000000,2494.68,2482.87060000,1788474599999,6209314.68399400,21675,936.51610000,2342652.14547000,0
2026-09-03 22:30:00,2494.68000000,2496.92000000,2490.13000000,2496.91,3196.45980000,1788475499999,7970574.93428600,28529,1435.32640000,3579762.84827600,0
2026-09-03 22:45:00,2496.92000000,2501.36000000,2496.44000000,2496.54,1647.80050000,1788476399999,4117903.32187100,17758,909.70250000,2273298.72323400,0
2026-09-03 23:00:00,2496.54000000,2499.44000000,2495.50000000,2497.13,2055.58860000,1788477299999,5134068.85304800,14706,1039.02900000,2595245.59221300,0
2026-09-03 23:15:00,2497.13000000,2502.00000000,2495.75000000,2501.99,1210.13600000,1788478199999,3023155.48448900,13176,648.74690000,1620673.52131400,0
2026-09-03 23:30:00,2501.99000000,2508.33000000,2497.88000000,2506.84,1434.06880000,1788479099999,3591815.84053200,14654,825.31630000,2067260.14921300,0
2026-09-03 23:45:00,2506.85000000,2509.16000000,2503.31000000,2507.51,2311.10270000,1788479999999,5794091.49661700,14193,1268.82580000,3180891.33846000,0
2026-09-04 00:00:00,2507.50000000,2509.51000000,2503.00000000,2507.76,2459.33720000,1788480899999,6163117.48310600,23169,1369.00920000,3430684.50173500,0
2026-09-04 00:15:00,2507.76000000,2512.27000000,2505.00000000,2506.47,1986.72200000,1788481799999,4983460.28092500,23948,1010.59400000,2535033.45953700,0
2026-09-04 00:30:00,2506.46000000,2515.76000000,2504.88000000,2506.39,3353.14060000,1788482699999,8419204.87653500,28972,1714.70250000,4305340.16425800,0
2026-09-04 00:45:00,2506.40000000,2508.10000000,2500.86000000,2501.48,3005.32230000,1788483599999,7525486.51528000,31510,932.13270000,2334417.11797100,0
2026-09-04 01:00:00,2501.48000000,2507.76000000,2497.26000000,2504.11,2195.78270000,1788484499999,5495371.99506800,30147,1289.96210000,3229083.81528500,0
2026-09-04 01:15:00,2504.11000000,2509.91000000,2502.31000000,2504.62,1868.76220000,1788485399999,4683003.54165400,23614,836.71470000,2097088.09509000,0
2026-09-04 01:30:00,2504.62000000,2508.61000000,2498.29000000,2499.56,1682.83390000,1788486299999,4211057.73651500,17809,779.07430000,1949702.05221000,0
2026-09-04 01:45:00,2499.56000000,2507.98000000,2498.40000000,2506.79,1562.24060000,1788487199999,3910619.22046400,14207,964.32670000,2413708.79429000,0
2026-09-04 02:00:00,2506.79000000,2506.79000000,2499.96000000,2502.62,862.38380000,1788488099999,2157752.13375000,12928,419.55790000,1049693.99373700,0
2026-09-04 02:15:00,2502.63000000,2505.39000000,2497.05000000,2498.99,2269.69360000,1788488999999,5673660.82999900,13842,568.68370000,1422097.99768400,0
2026-09-04 02:30:00,2498.99000000,2504.80000000,2497.08000000,2500.67,1956.53140000,1788489899999,4892791.02016800,14918,885.18290000,2214302.30486100,0
2026-09-04 02:45:00,2500.67000000,2507.74000000,2499.60000000,2507.74,2104.48760000,1788490799999,5266906.94200300,13022,1514.39910000,3790384.19796000,0
2026-09-04 03:00:00,2507.74000000,2517.20000000,2507.68000000,2510.99,5752.93590000,1788491699999,14458001.14926200,30063,4535.27170000,11398412.28966100,0
2026-09-04 03:15:00,2510.99000000,2511.84000000,2507.49000000,2507.54,1733.38350000,1788492599999,4350999.06451100,12425,1215.64580000,3051369.04577000,0
2026-09-04 03:30:00,2507.54000000,2509.13000000,2505.39000000,2506.98,1483.21230000,1788493499999,3717982.48531600,13466,1060.32360000,2657896.92066100,0
2026-09-04 03:45:00,2506.98000000,2508.28000000,2505.13000000,2505.14,1518.69900000,1788494399999,3806541.36746800,9127,910.78100000,2282950.91646200,0
2026-09-04 04:00:00,2505.14000000,2507.44000000,2502.55000000,2507.43,2331.06980000,1788495299999,5837567.13731400,9094,1119.27800000,2803143.61443500,0
2026-09-04 04:15:00,2507.43000000,2524.00000000,2506.94000000,2523.57,5441.64980000,1788496199999,13695795.29685200,39541,3938.14440000,9910758.48073500,0
2026-09-04 04:30:00,2523.58000000,2525.00000000,2512.26000000,2512.27,3512.93580000,1788497099999,8852613.11237500,30024,1772.85030000,4468021.71278500,0
2026-09-04 04:45:00,2512.27000000,2513.67000000,2508.39000000,2509.4,2261.99670000,1788497999999,5677914.83926800,16310,1201.16530000,3015130.28211200,0
2026-09-04 05:00:00,2509.41000000,2514.35000000,2506.84000000,2511.38,2723.65510000,1788498899999,6838267.13520500,21817,1801.95430000,4523858.69375300,0
2026-09-04 05:15:00,2511.39000000,2516.56000000,2510.69000000,2511.01,2265.64310000,1788499799999,5694560.77292900,19306,1535.70860000,3860090.50438000,0
2026-09-04 05:30:00,2511.00000000,2512.54000000,2507.57000000,2512.53,2468.95470000,1788500699999,6197799.96436000,21875,1586.58340000,3982732.96032600,0
2026-09-04 05:45:00,2512.54000000,2514.07000000,2504.52000000,2509.25,2442.99570000,1788501599999,6127365.46426000,17129,1197.34710000,3003045.90396100,0
2026-09-04 06:00:00,2509.25000000,2519.08000000,2507.05000000,2514.89,2786.09840000,1788502499999,6998674.02816500,15674,2226.01200000,5591739.57379800,0
2026-09-04 06:15:00,2514.90000000,2514.90000000,2504.99000000,2505.61,2033.38430000,1788503399999,5103115.95198200,12486,999.32840000,2507940.96872000,0
2026-09-04 06:30:00,2505.61000000,2509.00000000,2500.19000000,2509.0,3445.29870000,1788504299999,8631351.38470300,22516,2093.01210000,5244382.87048600,0
2026-09-04 06:45:00,2509.00000000,2509.04000000,2504.53000000,2508.19,1777.44850000,1788505199999,4455631.82997100,11177,1272.18700000,3189050.25266300,0
2026-09-04 07:00:00,2508.19000000,2516.50000000,2507.76000000,2515.41,4028.39760000,1788506099999,10126942.47054800,21557,2547.62880000,6404061.81777700,0
2026-09-04 07:15:00,2515.41000000,2515.83000000,2509.90000000,2511.34,2297.39830000,1788506999999,5773760.84112100,13393,1316.43850000,3308570.82019800,0
2026-09-04 07:30:00,2511.35000000,2513.00000000,2505.24000000,2507.16,5009.96570000,1788507899999,12567536.63652600,23820,1745.46980000,4377925.83882400,0
2026-09-04 07:45:00,2507.15000000,2508.71000000,2503.86000000,2504.39,6624.72380000,1788508799999,16598916.65943200,24238,2871.99200000,7195976.83264600,0
2026-09-04 08:00:00,2504.39000000,2513.14000000,2503.40000000,2512.93,3754.92410000,1788509699999,9414868.18516800,26453,2094.50720000,5252266.20212800,0
2026-09-04 08:15:00,2512.93000000,2517.21000000,2511.58000000,2516.71,3063.87100000,1788510599999,7704277.71896400,26659,1864.87170000,4689508.90922400,0
2026-09-04 08:30:00,2516.71000000,2521.68000000,2514.46000000,2519.07,4162.62620000,1788511499999,10485305.14817500,32587,2539.28640000,6395832.29237600,0
2026-09-04 08:45:00,2519.07000000,2534.47000000,2516.18000000,2527.15,13661.21540000,1788512399999,34521324.58862900,80194,7784.04960000,19671813.48501100,0
2026-09-04 09:00:00,2527.16000000,2536.40000000,2525.26000000,2530.28,9800.47850000,1788513299999,24796941.30432700,64223,5766.68080000,14591393.12580400,0
2026-09-04 09:15:00,2530.28000000,2546.66000000,2519.50000000,2522.37,11926.54920000,1788514199999,30238961.39283200,93941,7371.89000000,18696854.82244000,0
2026-09-04 09:30:00,2522.37000000,2533.23000000,2520.00000000,2529.48,4816.61130000,1788515099999,12174538.27507500,44686,2888.59880000,7299725.19398400,0
2026-09-04 09:45:00,2529.47000000,2531.23000000,2520.77000000,2521.33,3588.13130000,1788515999999,9057126.76921800,34575,2397.62840000,6051202.61581200,0
2026-09-04 10:00:00,2521.33000000,2525.00000000,2516.98000000,2519.99,3841.71110000,1788516899999,9685110.01438800,35448,2121.45520000,5348289.96262300,0
2026-09-04 10:15:00,2519.99000000,2522.03000000,2514.67000000,2521.06,3534.39830000,1788517799999,8898492.06676700,33453,1939.93830000,4884454.87003300,0
2026-09-04 10:30:00,2521.07000000,2528.51000000,2519.53000000,2527.91,2583.24010000,1788518699999,6522913.67454800,27939,1815.01100000,4582805.16233100,0
2026-09-04 10:45:00,2527.92000000,2528.30000000,2522.84000000,2526.52,2762.10160000,1788519599999,6976502.42659600,13565,1826.38370000,4613495.00793600,0
2026-09-04 11:00:00,2526.52000000,2526.52000000,2520.43000000,2522.62,2686.23100000,1788520499999,6777853.36252000,17326,1648.27420000,4158586.11895600,0
2026-09-04 11:15:00,2522.62000000,2526.90000000,2521.58000000,2525.6,3344.62870000,1788521399999,8443342.06438900,18589,2250.49240000,5680889.00185800,0
2026-09-04 11:30:00,2525.59000000,2527.89000000,2522.97000000,2525.3,4185.34150000,1788522299999,10565520.24550700,18590,1153.31140000,2911904.48468800,0
2026-09-04 11:45:00,2525.29000000,2527.78000000,2521.87000000,2523.02,2035.77760000,1788523199999,5140421.09282600,17991,785.61210000,1983528.75988000,0
2026-09-04 12:00:00,2523.03000000,2525.70000000,2520.97000000,2524.64,5769.55900000,1788524099999,14559108.29193200,22202,2350.71690000,5932091.08811900,0
2026-09-04 12:15:00,2524.64000000,2532.21000000,2519.61000000,2530.13,4086.53880000,1788524999999,10311999.90039100,25495,1786.22630000,4509547.61990700,0
2026-09-04 12:30:00,2530.13000000,2530.13000000,2436.07000000,2451.24,70175.62100000,1788525899999,172919179.05974700,317412,28775.05850000,70886860.19699900,0
2026-09-04 12:45:00,2451.25000000,2458.26000000,2434.69000000,2451.24,23474.31020000,1788526799999,57432839.19194000,166001,10640.83950000,26031210.60583400,0
2026-09-04 13:00:00,2451.25000000,2454.63000000,2445.00000000,2446.05,9738.56800000,1788527699999,23849649.02306600,75153,4664.77640000,11425020.22154200,0
2026-09-04 13:15:00,2446.06000000,2455.43000000,2445.03000000,2449.97,5880.59020000,1788528599999,14417485.78769000,63625,3311.14640000,8118056.28248600,0
2026-09-04 13:30:00,2449.98000000,2457.03000000,2435.38000000,2450.56,10140.07490000,1788529499999,24809413.14286800,127510,4986.36270000,12202479.06181000,0
2026-09-04 13:45:00,2450.56000000,2463.86000000,2447.72000000,2452.27,7710.71800000,1788530399999,18935402.38966400,76604,4383.18670000,10764348.70317800,0
2026-09-04 14:00:00,2452.26000000,2458.49000000,2447.78000000,2453.95,6055.18710000,1788531299999,14854197.44941200,48870,2632.15520000,6457846.88752300,0
2026-09-04 14:15:00,2453.95000000,2456.16000000,2443.40000000,2453.81,7420.28670000,1788532199999,18185861.10091800,47621,3997.78420000,9802248.51019800,0
2026-09-04 14:30:00,2453.81000000,2458.12000000,2438.85000000,2444.2,6449.46500000,1788533099999,15787784.36197100,47414,2107.83640000,5166730.93013700,0
2026-09-04 14:45:00,2444.21000000,2448.13000000,2431.61000000,2440.18,8480.88060000,1788533999999,20690384.49731400,83056,2896.09240000,7067803.25012100,0
2026-09-04 15:00:00,2440.19000000,2448.72000000,2437.95000000,2448.72,3375.39090000,1788534899999,8249343.84592400,36176,1902.45780000,4649546.73884500,0
2026-09-04 15:15:00,2448.73000000,2456.34000000,2448.02000000,2454.49,3047.74020000,1788535799999,7473852.51782200,26452,1802.78530000,4420567.57968300,0
2026-09-04 15:30:00,2454.50000000,2458.76000000,2452.68000000,2455.79,3253.24510000,1788536699999,7988514.63897900,21309,1741.77790000,4277128.05553200,0
2026-09-04 15:45:00,2455.79000000,2456.26000000,2450.39000000,2451.98,2506.70550000,1788537599999,6150613.90698200,18703,804.90030000,1974511.51324100,0
2026-09-04 16:00:00,2451.98000000,2454.45000000,2450.10000000,2450.58,2057.97980000,1788538499999,5046273.76834900,16929,816.88980000,2003104.31364900,0
2026-09-04 16:15:00,2450.57000000,2454.28000000,2450.49000000,2454.27,3349.02630000,1788539399999,8212311.58996100,13830,1850.48720000,4537367.62163700,0
2026-09-04 16:30:00,2454.27000000,2462.03000000,2454.26000000,2461.08,3190.42750000,1788540299999,7844434.03180300,24343,1340.89020000,3296914.37553700,0
2026-09-04 16:45:00,2461.09000000,2464.49000000,2459.02000000,2460.23,5056.99020000,1788541199999,12446572.87763800,24674,2171.01660000,5343062.15351100,0
2026-09-04 17:00:00,2460.24000000,2460.81000000,2451.41000000,2452.04,4297.91800000,1788542099999,10557641.99712000,29065,1233.53310000,3030420.20387300,0
2026-09-04 17:15:00,2452.04000000,2452.24000000,2447.08000000,2447.76,4275.02180000,1788542999999,10475342.47940600,31796,1652.36000000,4048903.22559100,0
2026-09-04 17:30:00,2447.77000000,2450.21000000,2444.44000000,2447.03,4307.90280000,1788543899999,10544837.09796000,33057,1519.61970000,3719969.24856500,0
2026-09-04 17:45:00,2447.03000000,2447.27000000,2443.04000000,2445.36,3285.24860000,1788544799999,8034088.53797400,22437,733.61650000,1793913.62689100,0
2026-09-04 18:00:00,2445.35000000,2450.00000000,2444.66000000,2445.19,2756.32250000,1788545699999,6746533.08751700,17803,865.75420000,2119202.71170300,0
2026-09-04 18:15:00,2445.19000000,2449.44000000,2445.19000000,2448.0,2081.71180000,1788546599999,5096775.40371200,11283,635.92860000,1556927.94130800,0
2026-09-04 18:30:00,2448.00000000,2452.13000000,2448.00000000,2451.18,2207.47990000,1788547499999,5409396.16797400,10810,716.10210000,1754611.52321700,0
2026-09-04 18:45:00,2451.17000000,2451.50000000,2449.10000000,2450.74,1821.45530000,1788548399999,4463004.52654600,7949,474.57360000,1162791.95458000,0
2026-09-04 19:00:00,2450.75000000,2455.30000000,2450.75000000,2454.25,2284.71590000,1788549299999,5605993.33447200,10431,1051.50730000,2579946.80884200,0
2026-09-04 19:15:00,2454.25000000,2457.75000000,2453.95000000,2457.56,2669.01680000,1788550199999,6554746.94885100,10311,1685.22810000,4138206.72332800,0
2026-09-04 19:30:00,2457.56000000,2457.56000000,2453.05000000,2454.73,2653.46420000,1788551099999,6514584.88195200,15285,970.97350000,2384156.67241200,0
2026-09-04 19:45:00,2454.73000000,2457.32000000,2454.00000000,2455.84,2649.34300000,1788551999999,6506401.65723000,22090,1265.32760000,3107425.84222800,0
2026-09-04 20:00:00,2455.85000000,2458.91000000,2453.04000000,2453.88,1252.86330000,1788552899999,3077639.02528700,15421,575.09670000,1412851.80274300,0
2026-09-04 20:15:00,2453.88000000,2457.44000000,2452.63000000,2453.21,2013.97020000,1788553799999,4944034.12316800,11227,1033.50100000,2537078.99221000,0
2026-09-04 20:30:00,2453.20000000,2454.89000000,2452.22000000,2453.95,1183.32060000,1788554699999,2903304.86711900,7590,358.41120000,879318.19829200,0
2026-09-04 20:45:00,2453.96000000,2455.51000000,2450.80000000,2451.18,850.17880000,1788555599999,2085071.49698400,10341,253.83450000,622513.44781600,0
2026-09-04 21:00:00,2451.19000000,2454.70000000,2450.61000000,2453.34,1207.31520000,1788556499999,2961800.95038800,12214,485.69880000,1191568.80579400,0
2026-09-04 21:15:00,2453.33000000,2454.91000000,2452.25000000,2452.8,1076.24410000,1788557399999,2640814.12028900,7835,375.29010000,920764.12707400,0
2026-09-04 21:30:00,2452.80000000,2456.79000000,2452.72000000,2456.24,2248.37250000,1788558299999,5520907.42943300,11737,1262.26450000,3099737.29933700,0
2026-09-04 21:45:00,2456.25000000,2456.84000000,2449.81000000,2451.8,2024.08720000,1788559199999,4965054.17694400,22637,690.24930000,1693115.43777700,0
2026-09-04 22:00:00,2451.79000000,2454.57000000,2451.41000000,2452.59,1770.30500000,1788560099999,4342538.34373500,13635,909.26650000,2230568.98032500,0
2026-09-04 22:15:00,2452.58000000,2453.05000000,2451.03000000,2452.47,936.65500000,1788560999999,2296693.08684100,9367,374.98210000,919425.03350800,0
2026-09-04 22:30:00,2452.47000000,2454.41000000,2452.17000000,2452.18,485.01630000,1788561899999,1189940.34069500,5251,200.41050000,491631.99052500,0
2026-09-04 22:45:00,2452.17000000,2452.48000000,2450.56000000,2451.31,619.23120000,1788562799999,1518022.20906800,4841,212.47820000,520842.59218800,0
2026-09-04 23:00:00,2451.32000000,2451.75000000,2450.00000000,2450.57,641.08740000,1788563699999,1571203.51430400,5582,255.15600000,625310.68637600,0
2026-09-04 23:15:00,2450.57000000,2455.02000000,2450.49000000,2453.8,907.37820000,1788564599999,2225685.19757700,6847,570.77540000,1400020.18994300,0
2026-09-04 23:30:00,2453.81000000,2453.87000000,2452.69000000,2453.49,364.64550000,1788565499999,894602.08688700,2556,235.70470000,578246.80275400,0
2026-09-04 23:45:00,2453.49000000,2456.02000000,2453.48000000,2455.85,1183.26110000,1788566399999,2904437.93584900,4211,785.52660000,1928104.31871600,0
2026-09-05 00:00:00,2455.86000000,2456.58000000,2453.38000000,2454.61,940.64770000,1788567299999,2309166.46917300,4519,348.08500000,854593.22582200,0
2026-09-05 00:15:00,2454.61000000,2454.61000000,2452.59000000,2452.95,490.27870000,1788568199999,1202913.28235800,4879,248.69970000,610194.23064100,0
2026-09-05 00:30:00,2452.95000000,2455.86000000,2451.82000000,2454.22,951.82080000,1788569099999,2336086.07391500,6748,545.71720000,1339420.14789800,0
2026-09-05 00:45:00,2454.22000000,2455.26000000,2451.69000000,2452.14,912.44500000,1788569999999,2238648.76693000,8255,437.73860000,1073839.23216000,0
2026-09-05 01:00:00,2452.15000000,2455.73000000,2451.51000000,2453.37,988.81590000,1788570899999,2426575.58185900,7569,458.88370000,1125835.46637000,0
2026-09-05 01:15:00,2453.37000000,2456.21000000,2452.49000000,2456.2,942.25780000,1788571799999,2312130.88962200,6521,642.63740000,1576896.18849700,0
2026-09-05 01:30:00,2456.21000000,2456.21000000,2453.36000000,2453.88,718.13060000,1788572699999,1762809.91807500,8528,316.15460000,775974.08179500,0
2026-09-05 01:45:00,2453.88000000,2454.96000000,2451.95000000,2451.95,1035.56730000,1788573599999,2540741.31224800,9121,317.80670000,779614.42326600,0
2026-09-05 02:00:00,2451.95000000,2452.65000000,2450.12000000,2452.03,802.22090000,1788574499999,1966488.06375500,9915,280.93590000,688660.66209700,0
2026-09-05 02:15:00,2452.04000000,2453.07000000,2450.67000000,2450.84,670.25460000,1788575399999,1643617.85556200,6957,325.53620000,798234.32575500,0
2026-09-05 02:30:00,2450.84000000,2453.12000000,2450.34000000,2453.0,775.95260000,1788576299999,1902750.18444000,7745,382.60850000,938130.98722200,0
2026-09-05 02:45:00,2453.01000000,2453.17000000,2450.39000000,2453.17,686.64550000,1788577199999,1683460.49608500,6213,316.88700000,776952.01224200,0
2026-09-05 03:00:00,2453.17000000,2453.17000000,2451.09000000,2452.46,602.59390000,1788578099999,1477624.26824600,6156,257.72950000,631946.91947700,0
2026-09-05 03:15:00,2452.46000000,2455.02000000,2452.09000000,2453.55,1061.91740000,1788578999999,2605119.20752000,8693,583.01970000,1430207.56271100,0
2026-09-05 03:30:00,2453.54000000,2456.00000000,2453.30000000,2454.04,1045.94220000,1788579899999,2567569.31703300,6879,827.76900000,2032081.72334500,0
2026-09-05 03:45:00,2454.05000000,2454.54000000,2452.15000000,2452.49,679.34470000,1788580799999,1666494.47801600,4951,225.90810000,554280.06050200,0
2026-09-05 04:00:00,2452.50000000,2453.00000000,2450.16000000,2450.97,1675.39910000,1788581699999,4107468.03125400,8347,784.22940000,1922721.36143800,0
2026-09-05 04:15:00,2450.96000000,2452.50000000,2450.96000000,2452.33,620.92220000,1788582599999,1522399.79641800,4826,365.74750000,896719.30072300,0
2026-09-05 04:30:00,2452.34000000,2452.36000000,2450.31000000,2451.0,1283.46420000,1788583499999,3146103.05938600,4905,350.57550000,859219.90238100,0
2026-09-05 04:45:00,2451.01000000,2451.31000000,2447.90000000,2448.95,1632.15580000,1788584399999,3998430.78941900,7464,439.15430000,1075855.21970900,0
2026-09-05 05:00:00,2448.95000000,2450.07000000,2444.47000000,2450.0,2479.19700000,1788585299999,6066072.58962400,12323,1188.31650000,2907411.99045800,0
2026-09-05 05:15:00,2450.00000000,2450.88000000,2448.70000000,2450.88,702.06960000,1788586199999,1719970.52447100,6217,224.93740000,551031.34979500,0
2026-09-05 05:30:00,2450.87000000,2452.17000000,2450.07000000,2450.08,776.17140000,1788587099999,1902401.71990000,5885,372.99390000,914154.88395100,0
2026-09-05 05:45:00,2450.08000000,2451.80000000,2448.64000000,2450.93,881.17070000,1788587999999,2159248.01126000,6989,449.14550000,1100437.37515400,0
2026-09-05 06:00:00,2450.93000000,2452.95000000,2450.44000000,2451.79,766.72070000,1788588899999,1879667.25539800,5967,520.96690000,1277146.91344900,0
2026-09-05 06:15:00,2451.79000000,2451.89000000,2450.79000000,2451.14,749.05220000,1788589799999,1836224.97647900,6387,343.72980000,842596.18659900,0
2026-09-05 06:30:00,2451.13000000,2454.71000000,2451.13000000,2452.65,1152.57410000,1788590699999,2827260.82976800,10070,717.06600000,1758920.45953000,0
2026-09-05 06:45:00,2452.65000000,2453.88000000,2452.58000000,2453.4,678.27040000,1788591599999,1663755.14580900,6398,489.07160000,1199655.99239800,0
2026-09-05 07:00:00,2453.41000000,2455.00000000,2452.94000000,2455.0,1381.92840000,1788592499999,3391266.08840700,8663,534.92550000,1312719.57645300,0
2026-09-05 07:15:00,2455.00000000,2458.14000000,2453.73000000,2456.87,907.55360000,1788593399999,2228535.90910600,7771,634.05950000,1556958.66719600,0
2026-09-05 07:30:00,2456.87000000,2459.18000000,2456.32000000,2458.38,1445.77600000,1788594299999,3553875.71013900,12363,804.96760000,1978706.48099100,0
2026-09-05 07:45:00,2458.38000000,2459.33000000,2456.78000000,2457.53,1286.58180000,1788595199999,3162343.14718300,7802,712.70400000,1751757.32662500,0
2026-09-05 08:00:00,2457.53000000,2457.60000000,2455.00000000,2455.1,1983.08060000,1788596099999,4871155.20123300,8586,601.14490000,1476536.33590800,0
2026-09-05 08:15:00,2455.11000000,2457.34000000,2453.46000000,2455.54,1384.07950000,1788596999999,3398455.99296500,9337,795.32340000,1952665.72704400,0
2026-09-05 08:30:00,2455.54000000,2455.68000000,2453.15000000,2455.38,992.92270000,1788597899999,2437499.90091800,7229,530.83400000,1303096.36282200,0
2026-09-05 08:45:00,2455.38000000,2456.91000000,2453.96000000,2456.84,685.55400000,1788598799999,1683289.61286800,6219,461.21830000,1132425.22527900,0
2026-09-05 09:00:00,2456.85000000,2460.21000000,2456.83000000,2459.04,1299.74410000,1788599699999,3195698.82083300,9699,779.79670000,1917256.76842500,0
2026-09-05 09:15:00,2459.04000000,2459.05000000,2457.65000000,2458.25,924.26670000,1788600599999,2271927.61119900,7510,496.05090000,1219276.89093300,0
2026-09-05 09:30:00,2458.24000000,2460.11000000,2457.91000000,2459.99,1208.88750000,1788601499999,2972536.50826900,7409,780.12870000,1918312.76693100,0
2026-09-05 09:45:00,2459.98000000,2460.28000000,2458.52000000,2458.55,813.97780000,1788602399999,2002011.33873600,6623,363.92620000,895105.98346900,0
2026-09-05 10:00:00,2458.54000000,2458.55000000,2457.39000000,2457.51,683.24580000,1788603299999,1679544.92364000,4106,348.69090000,857119.85845900,0
2026-09-05 10:15:00,2457.50000000,2457.52000000,2454.70000000,2454.71,1578.35400000,1788604199999,3876957.00018300,9620,751.23590000,1845120.27965600,0
2026-09-05 10:30:00,2454.71000000,2456.66000000,2454.05000000,2455.45,1392.16060000,1788605099999,3418211.40692500,10078,858.14200000,2106892.77780200,0
2026-09-05 10:45:00,2455.44000000,2455.57000000,2454.14000000,2454.15,974.94280000,1788605999999,2393469.80669000,6671,559.57840000,1373703.41425200,0
2026-09-05 11:00:00,2454.15000000,2455.46000000,2453.97000000,2454.21,1217.48190000,1788606899999,2988288.77225100,8640,715.72850000,1756745.68352300,0
2026-09-05 11:15:00,2454.20000000,2454.28000000,2453.00000000,2453.86,533.34720000,1788607799999,1308530.40150300,4402,351.33670000,861943.05188500,0
2026-09-05 11:30:00,2453.87000000,2454.02000000,2453.36000000,2453.79,491.25270000,1788608699999,1205480.27816300,4666,273.60730000,671399.45135500,0
2026-09-05 11:45:00,2453.79000000,2456.17000000,2453.40000000,2453.67,906.17480000,1788609599999,2224338.75651500,6595,476.12680000,1168626.20233300,0
2026-09-05 12:00:00,2453.67000000,2455.58000000,2453.67000000,2455.11,568.52330000,1788610499999,1395589.71915100,3986,415.54530000,1019995.50847700,0
2026-09-05 12:15:00,2455.11000000,2455.45000000,2454.64000000,2454.64,845.98460000,1788611399999,2076794.01949700,6129,549.12190000,1347988.75682200,0
2026-09-05 12:30:00,2454.65000000,2459.99000000,2453.00000000,2458.88,2193.35890000,1788612299999,5389308.31828300,13425,1569.45280000,3856080.40530900,0
2026-09-05 12:45:00,2458.88000000,2461.69000000,2458.19000000,2458.94,2605.68320000,1788613199999,6408824.59776600,17113,1605.57090000,3948714.89459900,0
2026-09-05 13:00:00,2458.93000000,2461.26000000,2458.02000000,2459.64,1584.90570000,1788614099999,3897852.21497900,11539,925.08690000,2274995.95821100,0
2026-09-05 13:15:00,2459.65000000,2462.00000000,2458.00000000,2459.62,1302.03530000,1788614999999,3203050.61063800,9749,883.87790000,2174421.52066800,0
2026-09-05 13:30:00,2459.62000000,2460.58000000,2456.04000000,2456.84,2064.55870000,1788615899999,5075638.81449500,14242,1124.24790000,2763978.91203500,0
2026-09-05 13:45:00,2456.84000000,2457.80000000,2450.00000000,2454.15,2855.40420000,1788616799999,7005833.38864300,19203,1202.38250000,2950500.17931600,0
2026-09-05 14:00:00,2454.15000000,2456.30000000,2453.93000000,2455.08,1134.64850000,1788617699999,2785998.92408900,7546,639.84580000,1571008.27985400,0
2026-09-05 14:15:00,2455.09000000,2457.08000000,2454.38000000,2457.08,618.57730000,1788618599999,1518702.66337700,4969,300.46800000,737720.36038600,0
2026-09-05 14:30:00,2457.08000000,2458.32000000,2456.04000000,2456.35,1379.38450000,1788619499999,3389938.78332500,6809,634.35020000,1559064.11726300,0
2026-09-05 14:45:00,2456.35000000,2459.79000000,2455.42000000,2457.26,2600.71520000,1788620399999,6391114.11223600,7918,1511.71500000,3715326.93859000,0
2026-09-05 15:00:00,2457.26000000,2459.80000000,2456.76000000,2459.15,1701.16810000,1788621299999,4182062.65941200,10681,894.96340000,2199985.91912700,0
2026-09-05 15:15:00,2459.15000000,2460.12000000,2455.86000000,2457.71,1709.30010000,1788622199999,4201909.69366700,11413,764.73660000,1879699.31351600,0
2026-09-05 15:30:00,2457.71000000,2459.97000000,2457.71000000,2458.53,903.06510000,1788623099999,2220555.82287100,7164,403.81730000,992922.47176100,0
2026-09-05 15:45:00,2458.54000000,2460.00000000,2458.33000000,2460.0,960.85030000,1788623999999,2362824.78893100,7586,453.79040000,1115926.21573800,0
2026-09-05 16:00:00,2459.99000000,2460.67000000,2458.89000000,2459.59,725.27470000,1788624899999,1784074.01763500,6081,220.38630000,542094.68615400,0
2026-09-05 16:15:00,2459.60000000,2463.74000000,2459.55000000,2463.54,1488.58720000,1788625799999,3664938.25759500,8084,649.12140000,1597990.27267100,0
2026-09-05 16:30:00,2463.55000000,2470.01000000,2463.55000000,2466.47,7549.88250000,1788626699999,18633372.48385700,27190,4324.13870000,10671163.34809900,0
2026-09-05 16:45:00,2466.47000000,2474.44000000,2466.38000000,2471.15,4851.51500000,1788627599999,11989154.77115100,36118,2669.76620000,6597474.92828700,0
2026-09-05 17:00:00,2471.15000000,2482.20000000,2471.05000000,2480.47,4486.35780000,1788628499999,11117121.76347200,31159,2999.93540000,7433541.66451200,0
2026-09-05 17:15:00,2480.47000000,2481.50000000,2475.90000000,2477.93,1814.44140000,1788629399999,4497185.53312600,17229,805.96010000,1997548.50695100,0
2026-09-05 17:30:00,2477.92000000,2485.34000000,2474.94000000,2476.86,2788.44160000,1788630299999,6912881.87463700,17147,1406.08930000,3486654.12527500,0
2026-09-05 17:45:00,2476.87000000,2481.87000000,2476.82000000,2481.01,1520.58510000,1788631199999,3770176.78552100,17004,803.06820000,1991114.11422200,0
2026-09-05 18:00:00,2481.01000000,2482.17000000,2477.62000000,2478.71,1032.84300000,1788632099999,2561206.25548300,14365,545.05690000,1351589.31946400,0
2026-09-05 18:15:00,2478.71000000,2479.49000000,2475.59000000,2476.55,2527.59570000,1788632999999,6262970.22728200,12323,531.82160000,1317942.42284300,0
2026-09-05 18:30:00,2476.55000000,2479.73000000,2476.20000000,2477.71,970.49890000,1788633899999,2404520.46084800,11387,499.74940000,1238162.86295200,0
2026-09-05 18:45:00,2477.70000000,2480.63000000,2476.06000000,2480.5,732.93480000,1788634799999,1816324.86406200,7428,466.30480000,1155547.13907400,0
2026-09-05 19:00:00,2480.50000000,2480.50000000,2476.09000000,2478.16,974.28510000,1788635699999,2414481.23953600,8779,518.41810000,1284604.27814900,0
2026-09-05 19:15:00,2478.16000000,2482.65000000,2477.39000000,2479.7,762.82640000,1788636599999,1892011.01995700,7205,303.84780000,753670.31307500,0
2026-09-05 19:30:00,2479.70000000,2481.29000000,2473.43000000,2477.39,1296.44670000,1788637499999,3211321.13770600,12529,532.06010000,1317758.81848700,0
2026-09-05 19:45:00,2477.39000000,2478.53000000,2472.86000000,2477.57,2064.44900000,1788638399999,5111868.57539400,11219,1054.96950000,2612142.38559200,0
2026-09-05 20:00:00,2477.57000000,2483.64000000,2475.51000000,2479.28,2028.81210000,1788639299999,5030848.47492300,10626,1182.82470000,2932491.75799200,0
2026-09-05 20:15:00,2479.29000000,2479.81000000,2475.13000000,2476.67,2086.53770000,1788640199999,5170144.39844000,9573,1092.77910000,2707544.28665300,0
2026-09-05 20:30:00,2476.68000000,2479.73000000,2475.00000000,2479.72,1184.05140000,1788641099999,2933257.67490400,8235,721.98660000,1788665.67209500,0
2026-09-05 20:45:00,2479.72000000,2480.50000000,2476.73000000,2477.5,1080.55310000,1788641999999,2678932.13404800,6228,353.51310000,876358.71680300,0
2026-09-05 21:00:00,2477.50000000,2478.21000000,2476.77000000,2477.16,562.43050000,1788642899999,1393459.57701000,4830,233.03780000,577339.82234400,0
2026-09-05 21:15:00,2477.15000000,2481.96000000,2476.92000000,2481.41,581.62180000,1788643799999,1442499.91433700,4416,338.57410000,839667.99120900,0
2026-09-05 21:30:00,2481.41000000,2493.57000000,2480.69000000,2491.19,2745.42550000,1788644699999,6829626.89546600,16844,1935.29610000,4814785.01942000,0
2026-09-05 21:45:00,2491.19000000,2491.44000000,2488.12000000,2489.12,1365.32790000,1788645599999,3399618.45394600,16767,552.06580000,1374654.95077800,0
2026-09-05 22:00:00,2489.13000000,2491.05000000,2484.40000000,2487.27,1427.75670000,1788646499999,3551790.61359100,23963,491.91780000,1223665.29956400,0
2026-09-05 22:15:00,2487.29000000,2488.52000000,2478.90000000,2480.83,1594.96520000,1788647399999,3960798.65491500,16160,542.24490000,1346056.19896300,0
2026-09-05 22:30:00,2480.82000000,2484.84000000,2480.81000000,2482.01,1461.30880000,1788648299999,3628472.51131100,15603,762.79380000,1893933.41878500,0
2026-09-05 22:45:00,2482.00000000,2482.12000000,2479.96000000,2480.98,770.40890000,1788649199999,1911460.52001100,10631,317.72380000,788279.12652700,0
2026-09-05 23:00:00,2480.98000000,2480.98000000,2477.94000000,2478.84,611.45780000,1788650099999,1516138.29028200,8725,250.70930000,621645.09785400,0
2026-09-05 23:15:00,2478.85000000,2482.18000000,2478.20000000,2480.87,829.85100000,1788650999999,2058311.25378100,8079,457.86610000,1135610.59652200,0
2026-09-05 23:30:00,2480.87000000,2483.66000000,2477.60000000,2480.95,1165.13280000,1788651899999,2890609.00140100,12711,557.58160000,1383411.68853300,0
2026-09-05 23:45:00,2480.95000000,2483.40000000,2479.30000000,2480.34,1192.47750000,1788652799999,2959133.03666900,10059,751.50550000,1864717.77562700,0
2026-09-06 00:00:00,2480.33000000,2482.26000000,2479.27000000,2481.58,1458.52030000,1788653699999,3618206.68938700,8002,1070.45290000,2655616.38724800,0
2026-09-06 00:15:00,2481.59000000,2488.39000000,2481.48000000,2487.29,1068.87120000,1788654599999,2655626.31214300,9979,741.80090000,1843055.58159100,0
2026-09-06 00:30:00,2487.30000000,2490.00000000,2485.51000000,2487.55,1641.80080000,1788655499999,4084292.33210100,16998,766.66350000,1907079.91168500,0
2026-09-06 00:45:00,2487.55000000,2492.60000000,2486.87000000,2490.2,2143.53270000,1788656399999,5336977.05480800,18456,1159.22070000,2886030.17894300,0
2026-09-06 01:00:00,2490.21000000,2500.07000000,2489.30000000,2497.54,6331.30340000,1788657299999,15811285.47013200,26742,3793.36160000,9472861.44702000,0
2026-09-06 01:15:00,2497.54000000,2497.54000000,2491.20000000,2493.91,3057.59180000,1788658199999,7627785.16298300,16861,1726.92510000,4308122.85221600,0
2026-09-06 01:30:00,2493.90000000,2508.05000000,2493.90000000,2501.92,4621.55720000,1788659099999,11562142.93933300,22833,2680.58320000,6705105.10453800,0
2026-09-06 01:45:00,2501.92000000,2507.56000000,2500.76000000,2505.57,4041.68070000,1788659999999,10121272.97418600,18587,2438.99520000,6107242.26847200,0
2026-09-06 02:00:00,2505.58000000,2511.20000000,2501.69000000,2507.03,6130.06290000,1788660899999,15365659.07651200,26414,2044.16190000,5125491.34682700,0
2026-09-06 02:15:00,2507.03000000,2508.01000000,2501.38000000,2501.9,4327.58450000,1788661799999,10838089.62443000,19419,2509.95260000,6286326.91414200,0
2026-09-06 02:30:00,2501.89000000,2504.45000000,2499.93000000,2502.06,2279.47320000,1788662699999,5702558.17905300,18123,1152.90730000,2884178.35328500,0
2026-09-06 02:45:00,2502.07000000,2503.83000000,2501.00000000,2503.38,994.35880000,1788663599999,2488171.74177100,12150,466.47530000,1167270.70817700,0
2026-09-06 03:00:00,2503.38000000,2505.54000000,2501.30000000,2505.54,764.07790000,1788664499999,1912593.58493000,9296,440.77810000,1103329.32737500,0
2026-09-06 03:15:00,2505.54000000,2507.23000000,2500.35000000,2501.58,1278.46180000,1788665399999,3201739.80841800,15091,582.09560000,1457979.35245200,0
2026-09-06 03:30:00,2501.58000000,2514.55000000,2501.58000000,2512.72,2729.89400000,1788666299999,6850032.78200700,31626,1778.28680000,4463058.54939200,0
2026-09-06 03:45:00,2512.71000000,2514.37000000,2507.21000000,2509.68,1511.30620000,1788667199999,3793519.21613400,17800,632.41360000,1587463.57137600,0
2026-09-06 04:00:00,2509.68000000,2510.52000000,2506.75000000,2507.44,1483.78790000,1788668099999,3722237.31013500,12128,561.50440000,1408826.19114800,0
2026-09-06 04:15:00,2507.44000000,2508.29000000,2498.49000000,2503.13,2211.14450000,1788668999999,5533655.28999800,18149,558.07410000,1396615.27907900,0
2026-09-06 04:30:00,2503.12000000,2504.08000000,2501.53000000,2504.0,1205.32800000,1788669899999,3016593.01489700,10158,546.21230000,1367091.66379100,0
2026-09-06 04:45:00,2504.00000000,2505.83000000,2502.31000000,2504.44,1152.04060000,1788670799999,2884793.40859100,11894,657.12610000,1645532.99497000,0
2026-09-06 05:00:00,2504.45000000,2506.24000000,2502.39000000,2502.53,1039.21850000,1788671699999,2602502.64841300,12110,456.50070000,1143297.26159600,0
2026-09-06 05:15:00,2502.52000000,2507.10000000,2501.19000000,2505.2,1579.56920000,1788672599999,3954441.10740400,11410,844.51890000,2114046.35849200,0
2026-09-06 05:30:00,2505.20000000,2523.97000000,2505.20000000,2515.88,7894.72120000,1788673499999,19872780.43132900,59794,5281.80980000,13296149.15953200,0
2026-09-06 05:45:00,2515.88000000,2517.28000000,2510.87000000,2513.5,1841.42940000,1788674399999,4630116.11343500,19231,896.63140000,2254713.61002900,0
2026-09-06 06:00:00,2513.52000000,2513.53000000,2509.32000000,2509.44,1221.95710000,1788675299999,3068453.45209200,9774,543.37210000,1364350.59883500,0
2026-09-06 06:15:00,2509.45000000,2509.79000000,2505.90000000,2506.5,1934.65570000,1788676199999,4851252.65378000,10572,781.95540000,1960757.70439300,0
2026-09-06 06:30:00,2506.49000000,2508.63000000,2505.46000000,2508.63,1564.85060000,1788677099999,3923269.30533500,9525,713.01570000,1787534.51692100,0
2026-09-06 06:45:00,2508.62000000,2508.76000000,2503.30000000,2505.81,1825.45930000,1788677999999,4574768.06998400,10456,672.71570000,1685636.06807600,0
2026-09-06 07:00:00,2505.82000000,2507.98000000,2482.60000000,2489.67,7157.24420000,1788678899999,17848450.19429100,37103,2471.31990000,6163542.82872000,0
2026-09-06 07:15:00,2489.67000000,2499.44000000,2489.67000000,2495.55,2705.69290000,1788679799999,6753824.31030000,29202,1418.68470000,3540887.36125000,0
2026-09-06 07:30:00,2495.55000000,2496.58000000,2492.35000000,2496.06,2050.01860000,1788680699999,5113828.02354700,19440,1176.20590000,2934054.69316300,0
2026-09-06 07:45:00,2496.07000000,2497.96000000,2495.00000000,2496.79,1289.25390000,1788681599999,3218310.07251900,9817,785.53270000,1960865.99000400,0
2026-09-06 08:00:00,2496.80000000,2499.99000000,2495.04000000,2498.6,1200.34470000,1788682499999,2997987.40816400,12651,606.25720000,1514202.81140000,0
2026-09-06 08:15:00,2498.60000000,2499.18000000,2495.00000000,2495.01,725.40040000,1788683399999,1811344.00455600,8348,307.98450000,768991.18390600,0
2026-09-06 08:30:00,2495.01000000,2495.01000000,2492.35000000,2493.87,957.24660000,1788684299999,2386920.52668800,8654,536.48450000,1337732.78586100,0
2026-09-06 08:45:00,2493.88000000,2497.27000000,2491.95000000,2495.67,1099.37430000,1788685199999,2742380.69922100,9046,582.00400000,1451518.74379900,0
2026-09-06 09:00:00,2495.66000000,2499.35000000,2494.06000000,2499.05,1563.48470000,1788686099999,3903411.53892600,14394,886.74450000,2213644.50928800,0
2026-09-06 09:15:00,2499.05000000,2503.59000000,2498.12000000,2502.02,2242.61990000,1788686999999,5609241.50826700,18676,1521.90810000,3806523.82004100,0
2026-09-06 09:30:00,2502.01000000,2503.68000000,2493.88000000,2496.17,1310.64390000,1788687899999,3275209.80332800,17247,561.75830000,1404177.14032800,0
2026-09-06 09:45:00,2496.17000000,2499.65000000,2495.61000000,2499.13,1588.34630000,1788688799999,3967191.83816800,7644,687.26160000,1716429.81774400,0
2026-09-06 10:00:00,2499.12000000,2502.60000000,2498.93000000,2498.94,1776.16260000,1788689699999,4441464.05363400,7404,701.43770000,1753853.13511000,0
2026-09-06 10:15:00,2498.94000000,2500.36000000,2498.01000000,2498.32,1009.65780000,1788690599999,2523435.90328000,9549,586.34780000,1465416.35393300,0
2026-09-06 10:30:00,2498.32000000,2500.79000000,2497.73000000,2500.78,887.21210000,1788691499999,2216879.92594600,5217,386.30650000,965311.67390100,0
2026-09-06 10:45:00,2500.78000000,2502.51000000,2499.36000000,2501.7,1108.57150000,1788692399999,2772384.08015400,7973,626.03000000,1565493.70799100,0
2026-09-06 11:00:00,2501.70000000,2502.91000000,2500.13000000,2502.62,370.81290000,1788693299999,927667.06060400,3145,262.37220000,656375.71664700,0
