date,dxy,gold,oil,us10y,sp500
2016-09-06,94.81999969482422,1349.4000244140625,44.83000183105469,1.5429999828338623,2186.47998046875
2016-09-07,94.95999908447266,1344.300048828125,45.5,1.5410000085830688,2186.159912109375
2016-09-08,95.02999877929688,1336.800048828125,47.619998931884766,1.6160000562667847,2181.300048828125
2016-09-09,95.33999633789062,1330.0999755859375,45.880001068115234,1.6720000505447388,2127.81005859375
2016-09-12,95.0999984741211,1321.0,46.290000915527344,1.6720000505447388,2159.0400390625
2016-09-13,95.62999725341797,1319.0,44.900001525878906,1.7339999675750732,2127.02001953125
2016-09-14,95.33000183105469,1321.5,43.58000183105469,1.6890000104904175,2125.77001953125
2016-09-15,95.29000091552734,1313.5,43.90999984741211,1.7029999494552612,2147.260009765625
2016-09-16,96.11000061035156,1305.800048828125,43.029998779296875,1.7009999752044678,2139.159912109375
2016-09-19,95.83999633789062,1313.5,43.29999923706055,1.6959999799728394,2139.1201171875
2016-09-20,96.0199966430664,1313.699951171875,43.439998626708984,1.687999963760376,2139.760009765625
2016-09-21,95.66000366210938,1326.9000244140625,45.34000015258789,1.6679999828338623,2163.1201171875
2016-09-22,95.44999694824219,1340.4000244140625,46.31999969482422,1.6319999694824219,2177.179931640625
2016-09-23,95.4800033569336,1337.199951171875,44.47999954223633,1.6150000095367432,2164.68994140625
2016-09-26,95.30999755859375,1339.699951171875,45.93000030517578,1.5889999866485596,2146.10009765625
2016-09-27,95.44000244140625,1325.9000244140625,44.66999816894531,1.555999994277954,2159.929931640625
2016-09-28,95.43000030517578,1319.4000244140625,47.04999923706055,1.5670000314712524,2171.3701171875
2016-09-29,95.54000091552734,1321.699951171875,47.83000183105469,1.5570000410079956,2151.1298828125
2016-09-30,95.45999908447266,1313.300048828125,48.2400016784668,1.6080000400543213,2168.27001953125
2016-10-03,95.75,1309.0,48.810001373291016,1.621999979019165,2161.199951171875
2016-10-04,96.12000274658203,1266.300048828125,48.689998626708984,1.6829999685287476,2150.489990234375
2016-10-05,96.12999725341797,1265.199951171875,49.83000183105469,1.715999960899353,2159.72998046875
2016-10-06,96.66000366210938,1249.800048828125,50.439998626708984,1.7419999837875366,2160.77001953125
2016-10-07,96.5199966430664,1248.9000244140625,49.810001373291016,1.7359999418258667,2153.739990234375
2016-10-10,,,,1.7230000495910645,2163.659912109375
2016-10-11,97.69999694824219,1253.0,50.790000915527344,1.7589999437332153,2136.72998046875
2016-10-12,97.97000122070312,1251.0999755859375,50.18000030517578,1.777999997138977,2139.179931640625
2016-10-13,97.5199966430664,1255.0,50.439998626708984,1.7380000352859497,2132.550048828125
2016-10-14,98.0199966430664,1253.0999755859375,50.349998474121094,1.7940000295639038,2132.97998046875
2016-10-17,97.88999938964844,1254.4000244140625,49.939998626708984,1.7660000324249268,2126.5
2016-10-18,97.9000015258789,1260.800048828125,50.290000915527344,1.7489999532699585,2139.60009765625
2016-10-19,97.87000274658203,1267.9000244140625,51.599998474121094,1.7519999742507935,2144.2900390625
2016-10-20,98.31999969482422,1265.5999755859375,50.43000030517578,1.746999979019165,2141.340087890625
2016-10-21,98.69999694824219,1265.9000244140625,50.849998474121094,1.7400000095367432,2141.159912109375
2016-10-24,98.66999816894531,1262.0,50.52000045776367,1.7630000114440918,2151.330078125
2016-10-25,98.72000122070312,1271.9000244140625,49.959999084472656,1.7580000162124634,2143.159912109375
2016-10-26,98.62999725341797,1264.800048828125,49.18000030517578,1.7899999618530273,2139.429931640625
2016-10-27,98.88999938964844,1267.9000244140625,49.720001220703125,1.843000054359436,2133.0400390625
2016-10-28,98.3499984741211,1275.5,48.70000076293945,1.8450000286102295,2126.409912109375
2016-10-31,98.44999694824219,1271.5,46.86000061035156,1.8339999914169312,2126.14990234375
2016-11-01,97.69999694824219,1286.4000244140625,46.66999816894531,1.8200000524520874,2111.719970703125
2016-11-02,97.4000015258789,1306.800048828125,45.34000015258789,1.7990000247955322,2097.93994140625
2016-11-03,97.16000366210938,1302.0999755859375,44.65999984741211,1.812000036239624,2088.659912109375
2016-11-04,97.06999969482422,1303.300048828125,44.06999969482422,1.7829999923706055,2085.179931640625
2016-11-07,97.77999877929688,1278.300048828125,44.88999938964844,1.8279999494552612,2131.52001953125
2016-11-08,97.86000061035156,1273.4000244140625,44.97999954223633,1.8619999885559082,2139.56005859375
2016-11-09,98.5,1272.5999755859375,45.27000045776367,2.072000026702881,2163.260009765625
2016-11-10,98.79000091552734,1265.5,44.65999984741211,2.117000102996826,2167.47998046875
2016-11-11,,,,,2164.449951171875
2016-11-14,100.11000061035156,1221.199951171875,43.31999969482422,2.2219998836517334,2164.199951171875
2016-11-15,100.19000244140625,1224.0,45.810001373291016,2.23799991607666,2180.389892578125
2016-11-16,100.41000366210938,1223.4000244140625,45.56999969482422,2.2230000495910645,2176.93994140625
2016-11-17,100.88999938964844,1216.5,45.41999816894531,2.2760000228881836,2187.1201171875
2016-11-18,101.20999908447266,1208.5,45.689998626708984,2.3350000381469727,2181.89990234375
2016-11-21,101.05000305175781,1209.5999755859375,47.4900016784668,2.3389999866485596,2198.179931640625
2016-11-22,101.04000091552734,1211.0,48.029998779296875,2.321000099182129,2202.93994140625
2016-11-23,101.69999694824219,1189.0999755859375,47.959999084472656,2.3570001125335693,2204.719970703125
2016-11-25,101.48999786376953,1178.199951171875,46.060001373291016,2.371999979019165,2213.35009765625
2016-11-28,101.33000183105469,1190.5999755859375,47.08000183105469,2.319999933242798,2201.719970703125
2016-11-29,100.93000030517578,1187.9000244140625,45.22999954223633,2.302000045776367,2204.659912109375
2016-11-30,101.5,1170.800048828125,49.439998626708984,2.368000030517578,2198.81005859375
2016-12-01,101.04000091552734,1166.9000244140625,51.060001373291016,2.440999984741211,2191.080078125
2016-12-02,100.7699966430664,1175.0999755859375,51.68000030517578,2.390000104904175,2191.949951171875
2016-12-05,100.13999938964844,1174.0,51.790000915527344,2.38700008392334,2204.7099609375
2016-12-06,100.48999786376953,1167.5999755859375,50.93000030517578,2.3959999084472656,2212.22998046875
2016-12-07,100.2300033569336,1175.0,49.77000045776367,2.3469998836517334,2241.35009765625
2016-12-08,101.06999969482422,1169.800048828125,50.84000015258789,2.38700008392334,2246.18994140625
2016-12-09,101.56999969482422,1159.4000244140625,51.5,2.4639999866485596,2259.530029296875
2016-12-12,100.95999908447266,1163.5,52.83000183105469,2.4790000915527344,2256.9599609375
2016-12-13,101.02999877929688,1156.699951171875,52.97999954223633,2.4809999465942383,2271.719970703125
2016-12-14,102.0,1161.300048828125,51.040000915527344,2.5250000953674316,2253.280029296875
2016-12-15,103.12999725341797,1127.800048828125,50.900001525878906,2.5799999237060547,2262.030029296875
2016-12-16,102.94999694824219,1135.300048828125,51.900001525878906,2.5969998836517334,2258.070068359375
2016-12-19,103.13999938964844,1140.5,52.119998931884766,2.5420000553131104,2262.530029296875
2016-12-20,103.29000091552734,1131.5,52.22999954223633,2.568000078201294,2270.760009765625
2016-12-21,103.0199966430664,1131.0999755859375,52.4900016784668,2.5460000038146973,2265.179931640625
2016-12-22,103.08999633789062,1128.800048828125,52.95000076293945,2.552999973297119,2260.9599609375
2016-12-23,103.01000213623047,1131.9000244140625,53.02000045776367,2.5429999828338623,2263.7900390625
2016-12-27,103.0199966430664,1137.300048828125,53.900001525878906,2.562999963760376,2268.8798828125
2016-12-28,103.26000213623047,1139.4000244140625,54.060001373291016,2.50600004196167,2249.919921875
2016-12-29,102.68000030517578,1156.4000244140625,53.77000045776367,2.4769999980926514,2249.260009765625
2016-12-30,102.38999938964844,1150.0,53.720001220703125,2.446000099182129,2238.830078125
2017-01-03,103.20999908447266,1160.4000244140625,52.33000183105469,2.450000047683716,2257.830078125
2017-01-04,102.69999694824219,1163.800048828125,53.2599983215332,2.4519999027252197,2270.75
2017-01-05,101.5199966430664,1179.699951171875,53.7599983215332,2.368000030517578,2269.0
2017-01-06,102.22000122070312,1171.9000244140625,53.9900016784668,2.4179999828338623,2276.97998046875
2017-01-09,101.93000030517578,1183.5,51.959999084472656,2.375999927520752,2268.89990234375
2017-01-10,102.01000213623047,1184.199951171875,50.81999969482422,2.378999948501587,2268.89990234375
2017-01-11,101.77999877929688,1195.5999755859375,52.25,2.369999885559082,2275.320068359375
2017-01-12,101.3499984741211,1198.9000244140625,53.0099983215332,2.3610000610351562,2270.43994140625
2017-01-13,101.18000030517578,1195.300048828125,52.369998931884766,2.380000114440918,2274.639892578125
2017-01-17,100.33000183105469,1212.0,52.47999954223633,2.3269999027252197,2267.889892578125
2017-01-18,100.93000030517578,1211.300048828125,51.08000183105469,2.3889999389648438,2271.889892578125
2017-01-19,101.1500015258789,1200.9000244140625,51.369998931884766,2.4590001106262207,2263.68994140625
2017-01-20,100.73999786376953,1204.300048828125,52.41999816894531,2.4670000076293945,2271.31005859375
2017-01-23,100.16000366210938,1215.0,52.75,2.4030001163482666,2265.199951171875
2017-01-24,100.3499984741211,1210.300048828125,53.18000030517578,2.4709999561309814,2280.070068359375
2017-01-25,100.02999877929688,1197.300048828125,52.75,2.5230000019073486,2298.3701171875
2017-01-26,100.37999725341797,1189.5,53.779998779296875,2.507999897003174,2296.679931640625
2017-01-27,100.52999877929688,1188.0999755859375,53.16999816894531,2.4809999465942383,2294.68994140625
2017-01-30,100.43000030517578,1193.199951171875,52.630001068115234,2.4830000400543213,2280.89990234375
2017-01-31,99.51000213623047,1208.5999755859375,52.810001373291016,2.4509999752044678,2278.8701171875
2017-02-01,99.63999938964844,1205.5999755859375,53.880001068115234,2.4739999771118164,2279.550048828125
2017-02-02,99.8499984741211,1216.699951171875,53.540000915527344,2.4700000286102295,2280.85009765625
2017-02-03,99.87000274658203,1218.5,53.83000183105469,2.490999937057495,2297.419921875
2017-02-06,99.91000366210938,1230.0,53.0099983215332,2.4130001068115234,2292.56005859375
2017-02-07,100.26000213623047,1234.199951171875,52.16999816894531,2.3889999389648438,2293.080078125
2017-02-08,100.27999877929688,1237.5999755859375,52.34000015258789,2.3510000705718994,2294.669921875
2017-02-09,100.6500015258789,1235.0999755859375,53.0,2.3949999809265137,2307.8701171875
2017-02-10,100.80000305175781,1234.4000244140625,53.86000061035156,2.4089999198913574,2316.10009765625
2017-02-13,100.95999908447266,1224.4000244140625,52.93000030517578,2.434000015258789,2328.25
2017-02-14,101.25,1223.9000244140625,53.20000076293945,2.4700000286102295,2337.580078125
2017-02-15,101.18000030517578,1231.699951171875,53.11000061035156,2.502000093460083,2349.25
2017-02-16,100.44000244140625,1240.0,53.36000061035156,2.450000047683716,2347.219970703125
2017-02-17,100.94999694824219,1237.5999755859375,53.400001525878906,2.424999952316284,2351.159912109375
2017-02-21,101.37000274658203,1237.5,54.060001373291016,2.427000045776367,2365.3798828125
2017-02-22,101.33000183105469,1232.0,53.59000015258789,2.4179999828338623,2362.820068359375
2017-02-23,101.05000305175781,1250.199951171875,54.45000076293945,2.388000011444092,2363.81005859375
2017-02-24,101.08999633789062,1256.9000244140625,53.9900016784668,2.316999912261963,2367.340087890625
2017-02-27,101.12999725341797,1257.4000244140625,54.04999923706055,2.36899995803833,2369.75
2017-02-28,101.12000274658203,1252.5999755859375,54.0099983215332,2.3580000400543213,2363.639892578125
2017-03-01,101.77999877929688,1248.9000244140625,53.83000183105469,2.4630000591278076,2395.9599609375
2017-03-02,102.19999694824219,1231.9000244140625,52.61000061035156,2.489000082015991,2381.919921875
2017-03-03,101.54000091552734,1225.5,53.33000183105469,2.492000102996826,2383.1201171875
2017-03-06,101.63999938964844,1224.5,53.20000076293945,2.49399995803833,2375.31005859375
2017-03-07,101.80999755859375,1215.0999755859375,53.13999938964844,2.510999917984009,2368.389892578125
2017-03-08,102.06999969482422,1208.5,50.279998779296875,2.552000045776367,2362.97998046875
2017-03-09,101.8499984741211,1202.4000244140625,49.279998779296875,2.5980000495910645,2364.8701171875
2017-03-10,101.25,1200.699951171875,48.4900016784668,2.5820000171661377,2372.60009765625
2017-03-13,101.37999725341797,1202.4000244140625,48.400001525878906,2.6080000400543213,2373.469970703125
2017-03-14,101.69999694824219,1201.9000244140625,47.720001220703125,2.5950000286102295,2365.449951171875
2017-03-15,100.73999786376953,1200.0999755859375,48.86000061035156,2.507999897003174,2385.260009765625
2017-03-16,100.2699966430664,1226.5,48.75,2.5220000743865967,2381.3798828125
2017-03-17,100.30000305175781,1229.800048828125,48.779998779296875,2.500999927520752,2378.25
2017-03-20,100.41000366210938,1233.5999755859375,48.220001220703125,2.4730000495910645,2373.469970703125
2017-03-21,99.80999755859375,1246.0999755859375,47.34000015258789,2.436000108718872,2344.02001953125
2017-03-22,99.68000030517578,1249.300048828125,48.040000915527344,2.3959999084472656,2348.449951171875
2017-03-23,99.76000213623047,1246.9000244140625,47.70000076293945,2.4179999828338623,2345.9599609375
2017-03-24,99.62999725341797,1248.199951171875,47.970001220703125,2.4000000953674316,2343.97998046875
2017-03-27,99.16999816894531,1255.4000244140625,47.72999954223633,2.372999906539917,2341.590087890625
2017-03-28,99.70999908447266,1255.300048828125,48.369998931884766,2.4089999198913574,2358.570068359375
2017-03-29,100.0,1253.4000244140625,49.5099983215332,2.385999917984009,2361.1298828125
2017-03-30,100.41000366210938,1245.0,50.349998474121094,2.4159998893737793,2368.06005859375
2017-03-31,100.3499984741211,1247.300048828125,50.599998474121094,2.3959999084472656,2362.719970703125
2017-04-03,100.54000091552734,1250.800048828125,50.2400016784668,2.3499999046325684,2358.840087890625
2017-04-04,100.54000091552734,1255.0,51.029998779296875,2.3499999046325684,2360.159912109375
2017-04-05,100.55999755859375,1245.4000244140625,51.150001525878906,2.3570001125335693,2352.949951171875
2017-04-06,100.66999816894531,1250.300048828125,51.70000076293945,2.3429999351501465,2357.489990234375
2017-04-07,101.18000030517578,1254.300048828125,52.2400016784668,2.372999906539917,2355.5400390625
2017-04-10,101.0199966430664,1251.0999755859375,53.08000183105469,2.3610000610351562,2357.159912109375
2017-04-11,100.70999908447266,1271.199951171875,53.400001525878906,2.2980000972747803,2353.780029296875
2017-04-12,100.77999877929688,1275.300048828125,53.11000061035156,2.2960000038146973,2344.929931640625
2017-04-13,100.55999755859375,1285.9000244140625,53.18000030517578,2.2320001125335693,2328.949951171875
2017-04-17,100.30000305175781,1289.4000244140625,52.650001525878906,2.252000093460083,2349.010009765625
2017-04-18,99.5,1291.699951171875,52.40999984741211,2.178999900817871,2342.18994140625
2017-04-19,99.73999786376953,1281.4000244140625,50.439998626708984,2.2019999027252197,2338.169921875
2017-04-20,99.77999877929688,1281.9000244140625,50.27000045776367,2.240999937057495,2355.840087890625
2017-04-21,99.9800033569336,1287.4000244140625,49.619998931884766,2.236999988555908,2348.68994140625
2017-04-24,99.08999633789062,1275.800048828125,49.22999954223633,2.2730000019073486,2374.14990234375
2017-04-25,98.81999969482422,1265.5999755859375,49.560001373291016,2.3269999027252197,2388.610107421875
2017-04-26,98.95999908447266,1262.0999755859375,49.619998931884766,2.311000108718872,2387.449951171875
2017-04-27,99.08000183105469,1263.699951171875,48.970001220703125,2.2960000038146973,2388.77001953125
2017-04-28,99.05000305175781,1266.0999755859375,49.33000183105469,2.2820000648498535,2384.199951171875
2017-05-01,99.13999938964844,1253.300048828125,48.84000015258789,2.325000047683716,2388.330078125
2017-05-02,98.9800033569336,1255.0999755859375,47.65999984741211,2.2960000038146973,2391.169921875
2017-05-03,99.20999908447266,1246.4000244140625,47.81999969482422,2.309000015258789,2388.1298828125
2017-05-04,98.76000213623047,1226.5,45.52000045776367,2.3559999465942383,2389.52001953125
2017-05-05,98.6500015258789,1224.800048828125,46.220001220703125,2.3519999980926514,2399.2900390625
2017-05-08,99.1500015258789,1225.300048828125,46.43000030517578,2.375999927520752,2399.3798828125
2017-05-09,99.58999633789062,1214.300048828125,45.880001068115234,2.4070000648498535,2396.919921875
2017-05-10,99.66999816894531,1217.300048828125,47.33000183105469,2.4140000343322754,2399.6298828125
2017-05-11,99.62000274658203,1222.699951171875,47.83000183105469,2.4000000953674316,2394.43994140625
2017-05-12,99.25,1226.199951171875,47.84000015258789,2.3350000381469727,2390.89990234375
2017-05-15,98.91000366210938,1228.5999755859375,48.849998474121094,2.3380000591278076,2402.320068359375
2017-05-16,98.11000061035156,1235.0,48.65999984741211,2.3289999961853027,2400.669921875
2017-05-17,97.41999816894531,1257.5,49.06999969482422,2.2160000801086426,2357.030029296875
2017-05-18,97.87999725341797,1251.699951171875,49.349998474121094,2.2330000400543213,2365.719970703125
2017-05-19,97.1500015258789,1252.699951171875,50.33000183105469,2.244999885559082,2381.72998046875
2017-05-22,96.9800033569336,1260.699951171875,50.72999954223633,2.253999948501587,2394.02001953125
2017-05-23,97.3499984741211,1254.800048828125,51.470001220703125,2.2850000858306885,2398.419921875
2017-05-24,97.23999786376953,1252.4000244140625,51.36000061035156,2.2660000324249268,2404.389892578125
2017-05-25,97.25,1255.800048828125,48.900001525878906,2.255000114440918,2415.070068359375
2017-05-26,97.4000015258789,1267.5999755859375,49.79999923706055,2.25,2415.820068359375
2017-05-30,97.27999877929688,1262.0999755859375,49.65999984741211,2.2170000076293945,2412.909912109375
2017-05-31,96.91999816894531,1272.0,48.31999969482422,2.196000099182129,2411.800048828125
2017-06-01,97.19999694824219,1267.0,48.36000061035156,2.2170000076293945,2430.06005859375
2017-06-02,96.72000122070312,1276.800048828125,47.65999984741211,2.1589999198913574,2439.070068359375
2017-06-05,96.80000305175781,1279.300048828125,47.400001525878906,2.181999921798706,2436.10009765625
2017-06-06,96.63999938964844,1294.4000244140625,48.189998626708984,2.1470000743865967,2429.330078125
2017-06-07,96.75,1290.0999755859375,45.720001220703125,2.177999973297119,2433.139892578125
2017-06-08,96.91999816894531,1276.300048828125,45.63999938964844,2.194000005722046,2433.7900390625
2017-06-09,97.2699966430664,1268.5,45.83000183105469,2.1989998817443848,2431.77001953125
2017-06-12,97.13999938964844,1266.0999755859375,46.08000183105469,2.2130000591278076,2429.389892578125
2017-06-13,96.9800033569336,1265.800048828125,46.459999084472656,2.2070000171661377,2440.35009765625
2017-06-14,96.94000244140625,1272.800048828125,44.72999954223633,2.138000011444092,2437.919921875
2017-06-15,97.43000030517578,1252.199951171875,44.459999084472656,2.1619999408721924,2432.4599609375
2017-06-16,97.16000366210938,1254.0,44.7400016784668,2.1570000648498535,2433.14990234375
2017-06-19,97.52999877929688,1244.199951171875,44.20000076293945,2.190000057220459,2453.4599609375
2017-06-20,97.75,1241.0,43.22999954223633,2.1530001163482666,2437.030029296875
2017-06-21,97.55999755859375,1243.4000244140625,42.529998779296875,2.1549999713897705,2435.610107421875
2017-06-22,97.54000091552734,1247.5999755859375,42.7400016784668,2.1530001163482666,2434.5
2017-06-23,97.30000305175781,1256.199951171875,43.0099983215332,2.1440000534057617,2438.300048828125
2017-06-26,97.43000030517578,1246.300048828125,43.380001068115234,2.13700008392334,2439.070068359375
2017-06-27,96.47000122070312,1246.4000244140625,44.2400016784668,2.197999954223633,2419.3798828125
2017-06-28,96.05000305175781,1248.0,44.7400016784668,2.2209999561309814,2440.68994140625
2017-06-29,95.62999725341797,1244.199951171875,44.93000030517578,2.2669999599456787,2419.699951171875
2017-06-30,95.66000366210938,1240.699951171875,46.040000915527344,2.302000045776367,2423.409912109375
2017-07-03,96.19999694824219,1217.9000244140625,47.06999969482422,2.3459999561309814,2429.010009765625
2017-07-05,96.29000091552734,1220.4000244140625,45.130001068115234,2.3340001106262207,2432.5400390625
2017-07-06,95.81999969482422,1222.199951171875,45.52000045776367,2.369999885559082,2409.75
2017-07-07,96.01000213623047,1208.5999755859375,44.22999954223633,2.3929998874664307,2425.179931640625
2017-07-10,96.05000305175781,1212.0999755859375,44.400001525878906,2.371000051498413,2427.429931640625
2017-07-11,95.73999786376953,1213.5999755859375,45.040000915527344,2.361999988555908,2425.530029296875
2017-07-12,95.79000091552734,1218.0999755859375,45.4900016784668,2.3269999027252197,2443.25
2017-07-13,95.7300033569336,1216.300048828125,46.08000183105469,2.3480000495910645,2447.830078125
2017-07-14,95.11000061035156,1226.5999755859375,46.540000915527344,2.319000005722046,2459.27001953125
2017-07-17,95.12999725341797,1232.800048828125,46.02000045776367,2.309000015258789,2459.139892578125
2017-07-18,94.66000366210938,1241.0999755859375,46.400001525878906,2.263000011444092,2460.610107421875
2017-07-19,94.80000305175781,1241.199951171875,47.119998931884766,2.2679998874664307,2473.830078125
2017-07-20,94.2699966430664,1244.800048828125,46.790000915527344,2.2660000324249268,2473.449951171875
2017-07-21,93.94000244140625,1254.300048828125,45.77000045776367,2.2320001125335693,2472.5400390625
2017-07-24,93.9800033569336,1253.9000244140625,46.34000015258789,2.253999948501587,2469.909912109375
2017-07-25,94.05000305175781,1251.699951171875,47.88999938964844,2.3259999752044678,2477.1298828125
2017-07-26,93.66999816894531,1249.0,48.75,2.2820000648498535,2477.830078125
2017-07-27,93.86000061035156,1259.5999755859375,49.040000915527344,2.309999942779541,2475.419921875
2017-07-28,93.26000213623047,1268.4000244140625,49.709999084472656,2.2890000343322754,2472.10009765625
2017-07-31,92.86000061035156,1266.5999755859375,50.16999816894531,2.2920000553131104,2470.300048828125
2017-08-01,93.02999877929688,1272.5999755859375,49.15999984741211,2.250999927520752,2476.35009765625
2017-08-02,92.83000183105469,1271.800048828125,49.59000015258789,2.26200008392334,2477.570068359375
2017-08-03,92.80999755859375,1267.800048828125,49.029998779296875,2.2279999256134033,2472.159912109375
2017-08-04,93.54000091552734,1258.300048828125,49.58000183105469,2.2669999599456787,2476.830078125
2017-08-07,93.43000030517578,1258.199951171875,49.38999938964844,2.256999969482422,2480.909912109375
2017-08-08,93.63999938964844,1256.4000244140625,49.16999816894531,2.2829999923706055,2474.919921875
2017-08-09,93.5199966430664,1273.0,49.560001373291016,2.240999937057495,2474.02001953125
2017-08-10,93.4000015258789,1283.699951171875,48.59000015258789,2.2119998931884766,2438.2099609375
2017-08-11,93.06999969482422,1287.699951171875,48.81999969482422,2.188999891281128,2441.320068359375
2017-08-14,93.45999908447266,1284.199951171875,47.59000015258789,2.2190001010894775,2465.840087890625
2017-08-15,93.8499984741211,1273.699951171875,47.54999923706055,2.2660000324249268,2464.610107421875
2017-08-16,93.48999786376953,1276.9000244140625,46.779998779296875,2.2260000705718994,2468.110107421875
2017-08-17,93.62000274658203,1286.4000244140625,47.09000015258789,2.1989998817443848,2430.010009765625
2017-08-18,93.43000030517578,1285.699951171875,48.5099983215332,2.194000005722046,2425.550048828125
2017-08-21,93.0999984741211,1290.800048828125,47.369998931884766,2.180000066757202,2428.3701171875
2017-08-22,93.55000305175781,1285.0999755859375,47.63999938964844,2.2149999141693115,2452.510009765625
2017-08-23,93.1500015258789,1288.9000244140625,48.40999984741211,2.1710000038146973,2444.0400390625
2017-08-24,93.27999877929688,1286.5,47.43000030517578,2.194000005722046,2438.969970703125
2017-08-25,92.73999786376953,1292.5,47.869998931884766,2.1689999103546143,2443.050048828125
2017-08-28,92.20999908447266,1309.699951171875,46.56999969482422,2.1589999198913574,2444.239990234375
2017-08-29,92.3499984741211,1313.0999755859375,46.439998626708984,2.135999917984009,2446.300048828125
2017-08-30,92.87999725341797,1308.0999755859375,45.959999084472656,2.1429998874664307,2457.590087890625
2017-08-31,92.66999816894531,1316.199951171875,47.22999954223633,2.121000051498413,2471.64990234375
2017-09-01,92.80999755859375,1324.5,47.290000915527344,2.1570000648498535,2476.550048828125
2017-09-05,92.30999755859375,1339.199951171875,48.65999984741211,2.069999933242798,2457.85009765625
2017-09-06,92.29000091552734,1333.9000244140625,49.15999984741211,2.1080000400543213,2465.5400390625
2017-09-07,91.52999877929688,1345.0999755859375,49.09000015258789,2.061000108718872,2465.10009765625
2017-09-08,91.33000183105469,1346.0,47.47999954223633,2.061000108718872,2461.429931640625
2017-09-11,91.86000061035156,1331.0,48.06999969482422,2.125,2488.110107421875
2017-09-12,91.91000366210938,1328.0,48.22999954223633,2.1710000038146973,2496.47998046875
2017-09-13,92.5199966430664,1323.4000244140625,49.29999923706055,2.194999933242798,2498.3701171875
2017-09-14,92.12000274658203,1324.699951171875,49.88999938964844,2.197000026702881,2495.6201171875
2017-09-15,91.87000274658203,1320.4000244140625,49.88999938964844,2.2019999027252197,2500.22998046875
2017-09-18,92.05000305175781,1306.300048828125,49.90999984741211,2.2290000915527344,2503.8701171875
2017-09-19,91.79000091552734,1306.199951171875,49.47999954223633,2.243000030517578,2506.64990234375
2017-09-20,92.51000213623047,1312.0,50.40999984741211,2.2769999504089355,2508.239990234375
2017-09-21,92.26000213623047,1290.5999755859375,50.54999923706055,2.2780001163482666,2500.60009765625
2017-09-22,92.16999816894531,1293.300048828125,50.65999984741211,2.26200008392334,2502.219970703125
2017-09-25,92.6500015258789,1306.800048828125,52.220001220703125,2.2200000286102295,2496.659912109375
2017-09-26,92.97000122070312,1297.0,51.880001068115234,2.2290000915527344,2496.840087890625
2017-09-27,93.36000061035156,1283.4000244140625,52.13999938964844,2.309000015258789,2507.0400390625
2017-09-28,93.08999633789062,1285.5,51.560001373291016,2.309000015258789,2510.06005859375
2017-09-29,93.08000183105469,1281.5,51.66999816894531,2.3259999752044678,2519.360107421875
2017-10-02,93.55999755859375,1272.699951171875,50.58000183105469,2.3369998931884766,2529.1201171875
2017-10-03,93.56999969482422,1271.5,50.41999816894531,2.3340001106262207,2534.580078125
2017-10-04,93.45999908447266,1273.699951171875,49.97999954223633,2.3299999237060547,2537.739990234375
2017-10-05,93.95999908447266,1269.9000244140625,50.790000915527344,2.3499999046325684,2552.070068359375
2017-10-06,93.80000305175781,1271.5999755859375,49.290000915527344,2.369999885559082,2549.330078125
2017-10-09,93.73999786376953,1281.800048828125,49.58000183105469,2.3610000610351562,2544.72998046875
2017-10-10,93.29000091552734,1290.5999755859375,50.91999816894531,2.3450000286102295,2550.639892578125
2017-10-11,92.95999908447266,1285.800048828125,51.29999923706055,2.3450000286102295,2555.239990234375
2017-10-12,93.12000274658203,1293.300048828125,50.599998474121094,2.322999954223633,2550.929931640625
2017-10-13,93.08999633789062,1301.5,51.45000076293945,2.2799999713897705,2553.169921875
2017-10-16,93.27999877929688,1299.9000244140625,51.869998931884766,2.306999921798706,2557.639892578125
2017-10-17,93.48999786376953,1283.0,51.880001068115234,2.2980000972747803,2559.360107421875
2017-10-18,93.36000061035156,1279.9000244140625,52.040000915527344,2.3389999866485596,2561.260009765625
2017-10-19,93.2699966430664,1286.9000244140625,51.290000915527344,2.321000099182129,2562.10009765625
2017-10-20,93.69999694824219,1277.4000244140625,51.470001220703125,2.38100004196167,2575.2099609375
2017-10-23,93.94000244140625,1277.699951171875,51.900001525878906,2.375999927520752,2564.97998046875
2017-10-24,93.95999908447266,1275.0,52.470001220703125,2.4059998989105225,2569.1298828125
2017-10-25,93.70999908447266,1275.4000244140625,52.18000030517578,2.444000005722046,2557.14990234375
2017-10-26,94.61000061035156,1266.300048828125,52.63999938964844,2.4519999027252197,2560.39990234375
2017-10-27,94.91999816894531,1268.5,53.900001525878906,2.427999973297119,2581.070068359375
2017-10-30,94.48999786376953,1274.0999755859375,54.150001525878906,2.369999885559082,2572.830078125
2017-10-31,94.55000305175781,1267.0,54.380001068115234,2.375999927520752,2575.260009765625
2017-11-01,94.81999969482422,1274.0999755859375,54.29999923706055,2.375999927520752,2579.360107421875
2017-11-02,94.69000244140625,1274.9000244140625,54.540000915527344,2.3469998836517334,2579.85009765625
2017-11-03,94.94000244140625,1266.5,55.63999938964844,2.3429999351501465,2587.840087890625
2017-11-06,94.72000122070312,1279.4000244140625,57.349998474121094,2.319999933242798,2591.1298828125
2017-11-07,94.91000366210938,1273.699951171875,57.20000076293945,2.306999921798706,2590.639892578125
2017-11-08,94.87000274658203,1281.5999755859375,56.810001373291016,2.325000047683716,2594.3798828125
2017-11-09,94.44000244140625,1285.5999755859375,57.16999816894531,2.3310000896453857,2584.6201171875
2017-11-10,94.38999938964844,1272.4000244140625,56.7400016784668,2.4000000953674316,2582.300048828125
2017-11-13,94.48999786376953,1277.300048828125,56.7599983215332,2.4000000953674316,2584.840087890625
2017-11-14,93.83000183105469,1281.5,55.70000076293945,2.38100004196167,2578.8701171875
2017-11-15,93.80999755859375,1276.5,55.33000183105469,2.3350000381469727,2564.6201171875
2017-11-16,93.93000030517578,1277.4000244140625,55.13999938964844,2.3610000610351562,2585.639892578125
2017-11-17,93.66000366210938,1295.800048828125,56.54999923706055,2.3540000915527344,2578.85009765625
2017-11-20,94.08000183105469,1274.5999755859375,56.09000015258789,2.371999979019165,2582.139892578125
2017-11-21,93.94999694824219,1281.0999755859375,56.83000183105469,2.36299991607666,2599.030029296875
2017-11-22,93.22000122070312,1291.5999755859375,58.02000045776367,2.322000026702881,2597.080078125
2017-11-24,92.76000213623047,1286.699951171875,58.95000076293945,2.3399999141693115,2602.419921875
2017-11-27,92.9000015258789,1293.800048828125,58.11000061035156,2.328000068664551,2601.419921875
2017-11-28,93.26000213623047,1294.699951171875,57.9900016784668,2.3380000591278076,2627.0400390625
2017-11-29,93.26000213623047,1282.0999755859375,57.29999923706055,2.375999927520752,2626.070068359375
2017-11-30,93.01000213623047,1273.199951171875,57.400001525878906,2.4170000553131104,2647.580078125
2017-12-01,92.9000015258789,1278.800048828125,58.36000061035156,2.361999988555908,2642.219970703125
2017-12-04,93.19000244140625,1274.300048828125,57.470001220703125,2.378999948501587,2639.43994140625
2017-12-05,93.37999725341797,1261.5999755859375,57.619998931884766,2.3559999465942383,2629.570068359375
2017-12-06,93.61000061035156,1262.800048828125,55.959999084472656,2.3299999237060547,2629.27001953125
2017-12-07,93.80000305175781,1249.800048828125,56.689998626708984,2.375999927520752,2636.97998046875
2017-12-08,93.9000015258789,1245.199951171875,57.36000061035156,2.382999897003174,2651.5
2017-12-11,93.87000274658203,1243.699951171875,57.9900016784668,2.384999990463257,2659.989990234375
2017-12-12,94.0999984741211,1238.5,57.13999938964844,2.4030001163482666,2664.110107421875
2017-12-13,93.43000030517578,1245.4000244140625,56.599998474121094,2.3489999771118164,2662.85009765625
2017-12-14,93.48999786376953,1253.800048828125,57.040000915527344,2.3459999561309814,2652.010009765625
2017-12-15,93.93000030517578,1254.300048828125,57.29999923706055,2.3550000190734863,2675.81005859375
2017-12-18,93.69999694824219,1262.199951171875,57.15999984741211,2.3919999599456787,2690.159912109375
2017-12-19,93.47000122070312,1260.699951171875,57.459999084472656,2.4630000591278076,2681.469970703125
2017-12-20,93.3499984741211,1266.0999755859375,58.09000015258789,2.496999979019165,2679.25
2017-12-21,93.27999877929688,1267.300048828125,58.36000061035156,2.4809999465942383,2684.570068359375
2017-12-22,93.3499984741211,1275.4000244140625,58.470001220703125,2.484999895095825,2683.340087890625
2017-12-26,93.26000213623047,1284.0999755859375,59.970001220703125,2.4670000076293945,2680.5
2017-12-27,93.02999877929688,1287.0,59.63999938964844,2.4140000343322754,2682.6201171875
2017-12-28,92.5999984741211,1294.0999755859375,59.84000015258789,2.431999921798706,2687.5400390625
2017-12-29,92.12000274658203,1306.300048828125,60.41999816894531,2.4049999713897705,2673.610107421875
2018-01-02,91.8499984741211,1313.699951171875,60.369998931884766,2.4649999141693115,2695.81005859375
2018-01-03,92.16000366210938,1316.199951171875,61.630001068115234,2.447000026702881,2713.06005859375
2018-01-04,91.8499984741211,1319.4000244140625,62.0099983215332,2.453000068664551,2723.989990234375
2018-01-05,91.94999694824219,1320.300048828125,61.439998626708984,2.4760000705718994,2743.14990234375
2018-01-08,92.33000183105469,1318.5999755859375,61.72999954223633,2.4800000190734863,2747.7099609375
2018-01-09,92.52999877929688,1311.699951171875,62.959999084472656,2.5460000038146973,2751.2900390625
2018-01-10,92.33000183105469,1317.4000244140625,63.56999969482422,2.549999952316284,2748.22998046875
2018-01-11,91.8499984741211,1320.5999755859375,63.79999923706055,2.5309998989105225,2767.56005859375
2018-01-12,90.97000122070312,1333.4000244140625,64.30000305175781,2.552000045776367,2786.239990234375
2018-01-16,90.38999938964844,1335.4000244140625,63.72999954223633,2.5439999103546143,2776.419921875
2018-01-17,90.54000091552734,1338.0,63.970001220703125,2.578000068664551,2802.56005859375
2018-01-18,90.5,1326.0,63.95000076293945,2.6110000610351562,2798.030029296875
2018-01-19,90.56999969482422,1331.9000244140625,63.369998931884766,2.63700008392334,2810.300048828125
2018-01-22,90.4000015258789,1330.9000244140625,63.4900016784668,2.6649999618530273,2832.969970703125
2018-01-23,90.12000274658203,1335.699951171875,64.47000122070312,2.624000072479248,2839.1298828125
2018-01-24,89.20999908447266,1355.9000244140625,65.61000061035156,2.6540000438690186,2837.5400390625
2018-01-25,89.38999938964844,1362.4000244140625,65.51000213623047,2.621000051498413,2839.25
2018-01-26,89.06999969482422,1351.5999755859375,66.13999938964844,2.6619999408721924,2872.8701171875
2018-01-29,89.30999755859375,,65.55999755859375,2.6989998817443848,2853.530029296875
2018-01-30,89.19000244140625,1335.4000244140625,64.5,2.7260000705718994,2822.429931640625
2018-01-31,89.12999725341797,1339.0,64.7300033569336,2.7200000286102295,2823.81005859375
2018-02-01,88.66999816894531,1344.300048828125,65.80000305175781,2.7730000019073486,2821.97998046875
2018-02-02,89.19999694824219,1333.699951171875,65.44999694824219,2.8540000915527344,2762.1298828125
2018-02-05,89.55000305175781,1333.0,64.1500015258789,2.7939999103546143,2648.93994140625
2018-02-06,89.58999633789062,1326.0999755859375,63.38999938964844,2.7679998874664307,2695.139892578125
2018-02-07,90.26000213623047,1311.5999755859375,61.790000915527344,2.8440001010894775,2681.659912109375
2018-02-08,90.2300033569336,1316.9000244140625,61.150001525878906,2.8510000705718994,2581.0
2018-02-09,90.44000244140625,1313.0999755859375,59.20000076293945,2.8289999961853027,2619.550048828125
2018-02-12,90.20999908447266,1324.199951171875,59.290000915527344,2.8570001125335693,2656.0
2018-02-13,89.69999694824219,1328.0999755859375,59.189998626708984,2.8399999141693115,2662.93994140625
2018-02-14,89.12000274658203,1355.5,60.599998474121094,2.9130001068115234,2698.6298828125
2018-02-15,88.58999633789062,1352.0999755859375,61.34000015258789,2.8910000324249268,2731.199951171875
2018-02-16,89.0999984741211,1353.199951171875,61.68000030517578,2.877000093460083,2732.219970703125
2018-02-20,89.72000122070312,1328.800048828125,61.900001525878906,2.8929998874664307,2716.260009765625
2018-02-21,90.08000183105469,1330.0,61.68000030517578,2.943000078201294,2701.330078125
2018-02-22,89.75,1330.5999755859375,62.77000045776367,2.9170000553131104,2703.9599609375
2018-02-23,89.87999725341797,1328.199951171875,63.54999923706055,2.871000051498413,2747.300048828125
2018-02-26,89.81999969482422,1330.699951171875,63.90999984741211,2.8589999675750732,2779.60009765625
2018-02-27,90.36000061035156,1315.5,63.0099983215332,2.9079999923706055,2744.280029296875
2018-02-28,90.61000061035156,1315.5,61.63999938964844,2.868000030517578,2713.830078125
2018-03-01,90.31999969482422,1302.9000244140625,60.9900016784668,2.803999900817871,2677.669921875
2018-03-02,89.94000244140625,1321.0999755859375,61.25,2.8570001125335693,2691.25
2018-03-05,90.08000183105469,1318.0999755859375,62.56999969482422,2.88100004196167,2720.93994140625
2018-03-06,89.62000274658203,1333.5999755859375,62.599998474121094,2.877000093460083,2728.1201171875
2018-03-07,89.63999938964844,1326.0,61.150001525878906,2.882999897003174,2726.800048828125
2018-03-08,90.12000274658203,1319.9000244140625,60.119998931884766,2.865999937057495,2738.969970703125
2018-03-09,90.08999633789062,1322.4000244140625,62.040000915527344,2.8940000534057617,2786.570068359375
2018-03-12,89.9000015258789,1319.4000244140625,61.36000061035156,2.869999885559082,2783.02001953125
2018-03-13,89.66000366210938,1325.9000244140625,60.709999084472656,2.8480000495910645,2765.31005859375
2018-03-14,89.69999694824219,1324.4000244140625,60.959999084472656,2.816999912261963,2749.47998046875
2018-03-15,90.13999938964844,1316.800048828125,61.189998626708984,2.8259999752044678,2747.330078125
2018-03-16,90.2300033569336,1311.300048828125,62.34000015258789,2.8480000495910645,2752.010009765625
2018-03-19,89.9000015258789,1316.800048828125,62.060001373291016,2.8450000286102295,2712.919921875
2018-03-20,90.37000274658203,1311.0999755859375,63.400001525878906,2.878999948501587,2716.93994140625
2018-03-21,89.77999877929688,1320.699951171875,65.16999816894531,2.9070000648498535,2711.929931640625
2018-03-22,89.86000061035156,1326.5999755859375,64.30000305175781,2.8320000171661377,2643.68994140625
2018-03-23,89.44000244140625,1349.300048828125,65.87999725341797,2.8299999237060547,2588.260009765625
2018-03-26,89.02999877929688,1354.4000244140625,65.55000305175781,2.8429999351501465,2658.550048828125
2018-03-27,89.37000274658203,1341.300048828125,65.25,2.7860000133514404,2612.6201171875
2018-03-28,90.05999755859375,1324.199951171875,64.37999725341797,2.7750000953674316,2605.0
2018-03-29,90.1500015258789,1322.800048828125,64.94000244140625,2.740999937057495,2640.8701171875
2018-04-02,90.05000305175781,1342.0999755859375,63.0099983215332,2.7320001125335693,2581.8798828125
2018-04-03,90.19999694824219,1332.800048828125,63.5099983215332,2.7839999198913574,2614.449951171875
2018-04-04,90.13999938964844,1335.800048828125,63.369998931884766,2.7880001068115234,2644.68994140625
2018-04-05,90.45999908447266,1324.300048828125,63.540000915527344,2.8320000171661377,2662.840087890625
2018-04-06,90.11000061035156,1331.9000244140625,62.060001373291016,2.7750000953674316,2604.469970703125
2018-04-09,89.83999633789062,1336.300048828125,63.41999816894531,2.7860000133514404,2613.159912109375
2018-04-10,89.58999633789062,1342.0,65.51000213623047,2.796999931335449,2656.8701171875
2018-04-11,89.56999969482422,1356.5,66.81999969482422,2.7899999618530273,2642.18994140625
2018-04-12,89.75,1338.4000244140625,67.06999969482422,2.8340001106262207,2663.989990234375
2018-04-13,89.80000305175781,1344.800048828125,67.38999938964844,2.8289999961853027,2656.300048828125
2018-04-16,89.43000030517578,1347.5,66.22000122070312,2.8320000171661377,2677.840087890625
2018-04-17,89.5199966430664,1347.199951171875,66.5199966430664,2.813999891281128,2706.389892578125
2018-04-18,89.62000274658203,1351.199951171875,68.47000122070312,2.867000102996826,2708.639892578125
2018-04-19,89.94000244140625,1346.800048828125,68.29000091552734,2.9140000343322754,2693.1298828125
2018-04-20,90.31999969482422,1336.699951171875,68.37999725341797,2.9509999752044678,2670.139892578125
2018-04-23,90.94000244140625,1322.5,68.63999938964844,2.9730000495910645,2670.2900390625
2018-04-24,90.7699966430664,1331.4000244140625,67.69999694824219,2.9830000400543213,2634.56005859375
2018-04-25,91.16999816894531,1321.199951171875,68.05000305175781,3.0239999294281006,2639.39990234375
2018-04-26,91.55999755859375,1316.300048828125,68.19000244140625,2.990000009536743,2666.93994140625
2018-04-27,91.54000091552734,1320.300048828125,68.0999984741211,2.9570000171661377,2669.909912109375
2018-04-30,91.83999633789062,1316.199951171875,68.56999969482422,2.936000108718872,2648.050048828125
2018-05-01,92.44999694824219,1303.800048828125,67.25,2.9760000705718994,2654.800048828125
2018-05-02,92.51000213623047,1302.5999755859375,67.93000030517578,2.9639999866485596,2635.669921875
2018-05-03,92.41000366210938,1310.699951171875,68.43000030517578,2.946000099182129,2629.72998046875
2018-05-04,92.56999969482422,1312.699951171875,69.72000122070312,2.944000005722046,2663.419921875
2018-05-07,92.75,1312.199951171875,70.7300033569336,2.950000047683716,2672.6298828125
2018-05-08,93.12000274658203,1312.0,69.05999755859375,2.9690001010894775,2671.919921875
2018-05-09,93.04000091552734,1311.300048828125,71.13999938964844,3.003999948501587,2697.7900390625
2018-05-10,92.6500015258789,1320.800048828125,71.36000061035156,2.9709999561309814,2723.070068359375
2018-05-11,92.54000091552734,1319.0,70.69999694824219,2.9709999561309814,2727.719970703125
2018-05-14,92.58999633789062,1316.5,70.95999908447266,2.994999885559082,2730.1298828125
2018-05-15,93.22000122070312,1288.9000244140625,71.30999755859375,3.0799999237060547,2711.449951171875
2018-05-16,93.38999938964844,1290.199951171875,71.48999786376953,3.0950000286102295,2722.4599609375
2018-05-17,93.47000122070312,1288.199951171875,71.48999786376953,3.1089999675750732,2720.1298828125
2018-05-18,93.63999938964844,1290.199951171875,71.27999877929688,3.066999912261963,2712.969970703125
2018-05-21,93.68000030517578,1290.199951171875,72.23999786376953,3.065000057220459,2733.010009765625
2018-05-22,93.61000061035156,1291.699951171875,72.12999725341797,3.065000057220459,2724.43994140625
2018-05-23,94.01000213623047,1289.300048828125,71.83999633789062,3.003000020980835,2733.2900390625
2018-05-24,93.77999877929688,1303.699951171875,70.70999908447266,2.9809999465942383,2727.760009765625
2018-05-25,94.19000244140625,1303.300048828125,67.87999725341797,2.930999994277954,2721.330078125
2018-05-29,94.83000183105469,1298.699951171875,66.7300033569336,2.7679998874664307,2689.860107421875
2018-05-30,94.1500015258789,1301.5,68.20999908447266,2.8420000076293945,2724.010009765625
2018-05-31,93.98999786376953,1300.0999755859375,67.04000091552734,2.822000026702881,2705.27001953125
2018-06-01,94.19000244140625,1294.800048828125,65.80999755859375,2.8949999809265137,2734.6201171875
2018-06-04,94.0199966430664,1293.0999755859375,64.75,2.937000036239624,2746.8701171875
2018-06-05,93.88999938964844,1297.5,65.5199966430664,2.9189999103546143,2748.800048828125
2018-06-06,93.66000366210938,1297.0999755859375,64.7300033569336,2.9749999046325684,2772.35009765625
2018-06-07,93.4000015258789,1298.699951171875,65.94999694824219,2.933000087738037,2770.3701171875
2018-06-08,93.55000305175781,1298.0999755859375,65.73999786376953,2.937000036239624,2779.030029296875
2018-06-11,93.58000183105469,1298.9000244140625,66.0999984741211,2.9570000171661377,2782.0
2018-06-12,93.80000305175781,1295.0999755859375,66.36000061035156,2.9570000171661377,2786.85009765625
2018-06-13,93.70999908447266,1296.9000244140625,66.63999938964844,2.9769999980926514,2775.6298828125
2018-06-14,94.7699966430664,1304.0,66.88999938964844,2.946000099182129,2782.489990234375
2018-06-15,94.79000091552734,1274.5999755859375,65.05999755859375,2.9240000247955322,2779.659912109375
2018-06-18,94.75,1276.199951171875,65.8499984741211,2.9260001182556152,2773.75
2018-06-19,95.08999633789062,1275.5999755859375,65.06999969482422,2.8929998874664307,2762.590087890625
2018-06-20,95.05999755859375,1271.199951171875,66.22000122070312,2.927999973297119,2767.320068359375
2018-06-21,94.87000274658203,1267.199951171875,65.54000091552734,2.8970000743865967,2749.760009765625
2018-06-22,94.5199966430664,1267.4000244140625,68.58000183105469,2.9000000953674316,2754.8798828125
2018-06-25,94.27999877929688,1265.5999755859375,68.08000183105469,2.875,2717.070068359375
2018-06-26,94.68000030517578,1256.5999755859375,70.52999877929688,2.880000114440918,2723.06005859375
2018-06-27,95.29000091552734,1252.800048828125,72.76000213623047,2.8269999027252197,2699.6298828125
2018-06-28,95.38999938964844,1247.800048828125,73.44999694824219,2.8469998836517334,2716.31005859375
2018-06-29,94.62999725341797,1251.300048828125,74.1500015258789,2.8489999771118164,2718.3701171875
2018-07-02,94.87000274658203,1239.800048828125,73.94000244140625,2.865999937057495,2726.7099609375
2018-07-03,94.58999633789062,1251.5999755859375,74.13999938964844,2.8380000591278076,2713.219970703125
2018-07-05,94.47000122070312,1257.300048828125,72.94000244140625,2.8399999141693115,2736.610107421875
2018-07-06,94.04000091552734,1254.300048828125,73.80000305175781,2.8310000896453857,2759.820068359375
2018-07-09,94.08000183105469,1258.0999755859375,73.8499984741211,2.859999895095825,2784.169921875
2018-07-10,94.11000061035156,1253.800048828125,74.11000061035156,2.872999906539917,2793.840087890625
2018-07-11,94.72000122070312,1242.800048828125,70.37999725341797,2.8420000076293945,2774.02001953125
2018-07-12,94.80999755859375,1245.0,70.33000183105469,2.8529999256134033,2798.2900390625
2018-07-13,94.75,1239.5999755859375,71.01000213623047,2.8310000896453857,2801.31005859375
2018-07-16,94.51000213623047,1238.0999755859375,68.05999755859375,2.8580000400543213,2798.429931640625
2018-07-17,94.97000122070312,1225.699951171875,68.08000183105469,2.864000082015991,2809.550048828125
2018-07-18,95.08000183105469,1226.300048828125,68.76000213623047,2.875,2815.6201171875
2018-07-19,95.16999816894531,1222.4000244140625,69.45999908447266,2.8469998836517334,2804.489990234375
2018-07-20,94.45999908447266,1229.5,70.45999908447266,2.8949999809265137,2801.830078125
2018-07-23,94.66999816894531,1224.0,67.88999938964844,2.9649999141693115,2806.97998046875
2018-07-24,94.61000061035156,1223.9000244140625,68.5199966430664,2.9489998817443848,2820.39990234375
2018-07-25,94.36000061035156,1231.4000244140625,69.30000305175781,2.936000108718872,2846.070068359375
2018-07-26,94.75,1225.300048828125,69.61000061035156,2.9749999046325684,2837.43994140625
2018-07-27,94.68000030517578,1222.5999755859375,68.69000244140625,2.9600000381469727,2818.820068359375
2018-07-30,94.36000061035156,1221.300048828125,70.12999725341797,2.9749999046325684,2802.60009765625
2018-07-31,94.48999786376953,1223.699951171875,68.76000213623047,2.9639999866485596,2816.2900390625
2018-08-01,94.62000274658203,1217.9000244140625,67.66000366210938,3.003000020980835,2813.360107421875
2018-08-02,95.16999816894531,1210.5999755859375,68.95999908447266,2.9860000610351562,2827.219970703125
2018-08-03,95.13999938964844,1214.199951171875,68.48999786376953,2.953000068664551,2840.35009765625
2018-08-06,95.36000061035156,1208.5999755859375,69.01000213623047,2.937999963760376,2850.39990234375
2018-08-07,95.22000122070312,1209.5999755859375,69.16999816894531,2.9730000495910645,2858.449951171875
2018-08-08,95.0999984741211,1212.5999755859375,66.94000244140625,2.9709999561309814,2857.699951171875
2018-08-09,95.5,1211.9000244140625,66.80999755859375,2.934999942779541,2853.580078125
2018-08-10,96.36000061035156,1211.0999755859375,67.62999725341797,2.8570001125335693,2833.280029296875
2018-08-13,96.38999938964844,1191.300048828125,67.19999694824219,2.877000093460083,2821.929931640625
2018-08-14,96.7300033569336,1193.0,67.04000091552734,2.8949999809265137,2839.9599609375
2018-08-15,96.69999694824219,1177.5,65.01000213623047,2.8519999980926514,2818.3701171875
2018-08-16,96.6500015258789,1176.199951171875,65.45999908447266,2.871000051498413,2840.68994140625
2018-08-17,96.0999984741211,1176.5,65.91000366210938,2.872999906539917,2850.1298828125
2018-08-20,95.9000015258789,1186.800048828125,66.43000030517578,2.822999954223633,2857.050048828125
2018-08-21,95.26000213623047,1192.5999755859375,67.3499984741211,2.8440001010894775,2862.9599609375
2018-08-22,95.1500015258789,1196.300048828125,67.86000061035156,2.822999954223633,2861.820068359375
2018-08-23,95.62000274658203,1187.0,67.83000183105469,2.821000099182129,2856.97998046875
2018-08-24,95.1500015258789,1206.300048828125,68.72000122070312,2.8259999752044678,2874.68994140625
2018-08-27,94.77999877929688,1209.0,68.87000274658203,2.8480000495910645,2896.739990234375
2018-08-28,94.72000122070312,1207.4000244140625,68.52999877929688,2.884000062942505,2897.52001953125
2018-08-29,94.5999984741211,1204.5,69.51000213623047,2.884000062942505,2914.0400390625
2018-08-30,94.72000122070312,1197.699951171875,70.25,2.859999895095825,2901.1298828125
2018-08-31,95.13999938964844,1200.300048828125,69.80000305175781,2.8529999256134033,2901.52001953125
2018-09-04,95.41999816894531,1192.699951171875,69.87000274658203,2.9019999504089355,2896.719970703125
2018-09-05,95.12999725341797,1194.9000244140625,68.72000122070312,2.9019999504089355,2888.60009765625
2018-09-06,95.0199966430664,1197.9000244140625,67.7699966430664,2.878999948501587,2878.050048828125
2018-09-07,95.37000274658203,1193.5999755859375,67.75,2.941999912261963,2871.679931640625
2018-09-10,95.1500015258789,1193.0,67.54000091552734,2.937000036239624,2877.1298828125
2018-09-11,95.05999755859375,1195.4000244140625,69.25,2.9769999980926514,2887.889892578125
2018-09-12,94.80000305175781,1204.699951171875,70.37000274658203,2.9630000591278076,2888.919921875
2018-09-13,94.54000091552734,1202.0,68.58999633789062,2.9630000591278076,2904.179931640625
2018-09-14,94.9800033569336,1195.0,68.98999786376953,2.99399995803833,2904.97998046875
2018-09-17,94.51000213623047,1199.699951171875,68.91000366210938,3.000999927520752,2888.800048828125
2018-09-18,94.62000274658203,1196.800048828125,69.8499984741211,3.0480000972747803,2904.31005859375
2018-09-19,94.55000305175781,1202.199951171875,71.12000274658203,3.0829999446868896,2907.949951171875
2018-09-20,93.91000366210938,1206.199951171875,70.80000305175781,3.078000068664551,2930.75
2018-09-21,94.22000122070312,1196.199951171875,70.77999877929688,3.068000078201294,2929.669921875
2018-09-24,94.26000213623047,1199.300048828125,72.08000183105469,3.078000068664551,2919.3701171875
2018-09-25,94.12999725341797,1200.0,72.27999877929688,3.1019999980926514,2915.56005859375
2018-09-26,94.19000244140625,1194.0,71.56999969482422,3.061000108718872,2905.969970703125
2018-09-27,95.0,1182.300048828125,72.12000274658203,3.055999994277954,2914.0
2018-09-28,95.19000244140625,1191.5,73.25,3.055999994277954,2913.97998046875
2018-10-01,95.30000305175781,1187.0999755859375,75.30000305175781,3.0799999237060547,2924.590087890625
2018-10-02,95.51000213623047,1202.4000244140625,75.2300033569336,3.055999994277954,2923.429931640625
2018-10-03,95.76000213623047,1198.300048828125,76.41000366210938,3.1610000133514404,2925.510009765625
2018-10-04,95.75,1197.199951171875,74.33000183105469,3.197000026702881,2901.610107421875
2018-10-05,95.62000274658203,1201.199951171875,74.33999633789062,3.2249999046325684,2885.570068359375
2018-10-08,95.7699966430664,1184.4000244140625,74.29000091552734,3.2330000400543213,2884.429931640625
2018-10-09,95.68000030517578,1187.199951171875,74.95999908447266,3.2079999446868896,2880.340087890625
2018-10-10,95.51000213623047,1189.300048828125,73.16999816894531,3.2249999046325684,2785.679931640625
2018-10-11,95.0199966430664,1223.5,70.97000122070312,3.132999897003174,2728.3701171875
2018-10-12,95.22000122070312,1218.0999755859375,71.33999633789062,3.1410000324249268,2767.1298828125
2018-10-15,95.06999969482422,1226.4000244140625,71.77999877929688,3.1630001068115234,2750.7900390625
2018-10-16,95.05000305175781,1227.300048828125,71.91999816894531,3.1559998989105225,2809.919921875
2018-10-17,95.58000183105469,1223.699951171875,69.75,3.178999900817871,2809.2099609375
2018-10-18,95.9000015258789,1226.5,68.6500015258789,3.174999952316284,2768.780029296875
2018-10-19,95.70999908447266,1225.300048828125,69.12000274658203,3.197999954223633,2767.780029296875
2018-10-22,96.01000213623047,1221.199951171875,69.16999816894531,3.196000099182129,2755.8798828125
2018-10-23,95.95999908447266,1233.4000244140625,66.43000030517578,3.1659998893737793,2740.68994140625
2018-10-24,96.43000030517578,1227.800048828125,66.81999969482422,3.124000072479248,2656.10009765625
2018-10-25,96.68000030517578,1229.0999755859375,67.33000183105469,3.135999917984009,2705.570068359375
2018-10-26,96.36000061035156,1232.5,67.58999633789062,3.0769999027252197,2658.68994140625
2018-10-29,96.58000183105469,1224.5,67.04000091552734,3.0869998931884766,2641.25
2018-10-30,97.01000213623047,1222.5999755859375,66.18000030517578,3.109999895095825,2682.6298828125
2018-10-31,97.12999725341797,1212.300048828125,65.30999755859375,3.1589999198913574,2711.739990234375
2018-11-01,96.27999877929688,1236.0,63.689998626708984,3.1440000534057617,2740.3701171875
2018-11-02,96.54000091552734,1230.9000244140625,63.13999938964844,3.2139999866485596,2723.06005859375
2018-11-05,96.3499984741211,1229.800048828125,63.099998474121094,3.2009999752044678,2738.31005859375
2018-11-06,96.31999969482422,1223.800048828125,62.209999084472656,3.2139999866485596,2755.449951171875
2018-11-07,96.0,1226.199951171875,61.66999816894531,3.2130000591278076,2813.889892578125
2018-11-08,96.63999938964844,1222.9000244140625,60.66999816894531,3.2339999675750732,2806.830078125
2018-11-09,96.91000366210938,1206.4000244140625,60.189998626708984,3.188999891281128,2781.010009765625
2018-11-12,97.54000091552734,1201.300048828125,59.93000030517578,3.186000108718872,2726.219970703125
2018-11-13,97.30000305175781,1199.199951171875,55.689998626708984,3.1449999809265137,2722.179931640625
2018-11-14,96.80000305175781,1207.9000244140625,56.25,3.119999885559082,2701.580078125
2018-11-15,96.93000030517578,1212.800048828125,56.459999084472656,3.118000030517578,2730.199951171875
2018-11-16,96.47000122070312,1220.800048828125,56.459999084472656,3.0739998817443848,2736.27001953125
2018-11-19,96.19000244140625,1223.0999755859375,56.7599983215332,3.056999921798706,2690.72998046875
2018-11-20,96.80999755859375,1219.0,53.43000030517578,3.0480000972747803,2641.889892578125
2018-11-21,96.70999908447266,1225.800048828125,54.630001068115234,3.061000108718872,2649.929931640625
2018-11-23,96.91999816894531,1221.0,50.41999816894531,3.053999900817871,2632.56005859375
2018-11-26,97.06999969482422,1220.199951171875,51.630001068115234,3.072000026702881,2673.449951171875
2018-11-27,97.37000274658203,1211.199951171875,51.560001373291016,3.055000066757202,2682.169921875
2018-11-28,96.79000091552734,1221.4000244140625,50.290000915527344,3.0439999103546143,2743.7900390625
2018-11-29,96.77999877929688,1224.0999755859375,51.45000076293945,3.0350000858306885,2737.800048828125
2018-11-30,97.2699966430664,1220.199951171875,50.93000030517578,3.013000011444092,2760.169921875
2018-12-03,97.04000091552734,1233.9000244140625,52.95000076293945,2.992000102996826,2790.3701171875
2018-12-04,96.97000122070312,1241.0999755859375,53.25,2.9240000247955322,2700.06005859375
2018-12-06,96.80999755859375,1238.0999755859375,51.4900016784668,2.875999927520752,2695.949951171875
2018-12-07,96.51000213623047,1246.800048828125,52.61000061035156,2.8499999046325684,2633.080078125
2018-12-10,97.22000122070312,1243.699951171875,51.0,2.8559999465942383,2637.719970703125
2018-12-11,97.38999938964844,1241.9000244140625,51.650001525878906,2.878999948501587,2636.780029296875
2018-12-12,97.04000091552734,1244.4000244140625,51.150001525878906,2.9059998989105225,2651.070068359375
2018-12-13,97.05999755859375,1242.699951171875,52.58000183105469,2.9110000133514404,2650.5400390625
2018-12-14,97.44000244140625,1237.0,51.20000076293945,2.8910000324249268,2599.949951171875
2018-12-17,97.0999984741211,1247.4000244140625,49.880001068115234,2.8570001125335693,2545.93994140625
2018-12-18,97.13999938964844,1249.199951171875,46.2400016784668,2.825000047683716,2546.159912109375
2018-12-19,97.04000091552734,1252.0999755859375,47.20000076293945,2.7780001163482666,2506.9599609375
2018-12-20,96.27999877929688,1263.5999755859375,45.880001068115234,2.7890000343322754,2467.419921875
2018-12-21,96.95999908447266,1253.800048828125,45.59000015258789,2.7920000553131104,2416.6201171875
2018-12-24,96.55000305175781,1267.5,42.529998779296875,2.749000072479248,2351.10009765625
2018-12-26,97.05000305175781,1269.199951171875,46.220001220703125,2.796999931335449,2467.699951171875
2018-12-27,96.4800033569336,1277.300048828125,44.61000061035156,2.743000030517578,2488.830078125
2018-12-28,96.38999938964844,1279.9000244140625,45.33000183105469,2.7360000610351562,2485.739990234375
2018-12-31,96.16999816894531,1278.300048828125,45.40999984741211,2.686000108718872,2506.85009765625
2019-01-02,96.81999969482422,1281.0,46.540000915527344,2.6610000133514404,2510.030029296875
2019-01-03,96.30999755859375,1291.800048828125,47.09000015258789,2.553999900817871,2447.889892578125
2019-01-04,96.19000244140625,1282.699951171875,47.959999084472656,2.6589999198913574,2531.93994140625
2019-01-07,95.70999908447266,1286.800048828125,48.52000045776367,2.681999921798706,2549.68994140625
2019-01-08,95.9000015258789,1283.199951171875,49.779998779296875,2.7160000801086426,2574.409912109375
2019-01-09,95.22000122070312,1289.300048828125,52.36000061035156,2.7279999256134033,2584.9599609375
2019-01-10,95.54000091552734,1284.699951171875,52.59000015258789,2.7309999465942383,2596.639892578125
2019-01-11,95.66999816894531,1287.0999755859375,51.59000015258789,2.7009999752044678,2596.260009765625
2019-01-14,95.58999633789062,1289.0999755859375,50.5099983215332,2.7100000381469727,2582.610107421875
2019-01-15,95.97000122070312,1286.199951171875,52.11000061035156,2.7109999656677246,2610.300048828125
2019-01-16,96.05999755859375,1291.5999755859375,52.310001373291016,2.7309999465942383,2616.10009765625
2019-01-17,96.06999969482422,1291.0,52.06999969482422,2.749000072479248,2635.9599609375
2019-01-18,96.33999633789062,1281.300048828125,53.79999923706055,2.7839999198913574,2670.7099609375
2019-01-22,96.30000305175781,1282.5,52.56999969482422,2.7300000190734863,2632.89990234375
2019-01-23,96.12000274658203,1283.0999755859375,52.619998931884766,2.755000114440918,2638.699951171875
2019-01-24,96.5999984741211,1279.0999755859375,53.130001068115234,2.7119998931884766,2642.330078125
2019-01-25,95.79000091552734,1297.4000244140625,53.689998626708984,2.753000020980835,2664.760009765625
2019-01-28,95.75,1302.4000244140625,51.9900016784668,2.74399995803833,2643.85009765625
2019-01-29,95.81999969482422,1308.199951171875,53.310001373291016,2.7119998931884766,2640.0
2019-01-30,95.33999633789062,1309.9000244140625,54.22999954223633,2.694999933242798,2681.050048828125
2019-01-31,95.58000183105469,1319.699951171875,53.790000915527344,2.634999990463257,2704.10009765625
2019-02-01,95.58000183105469,1316.9000244140625,55.2599983215332,2.690999984741211,2706.530029296875
2019-02-04,95.8499984741211,1314.300048828125,54.560001373291016,2.7239999771118164,2724.8701171875
2019-02-05,96.0999984741211,1314.199951171875,53.65999984741211,2.7019999027252197,2737.699951171875
2019-02-06,96.41999816894531,1309.5,54.0099983215332,2.7019999027252197,2731.610107421875
2019-02-07,96.51000213623047,1309.4000244140625,52.63999938964844,2.6519999504089355,2706.050048828125
2019-02-08,96.63999938964844,1313.699951171875,52.720001220703125,2.631999969482422,2707.8798828125
2019-02-11,97.05999755859375,1307.0,52.40999984741211,2.6610000133514404,2709.800048828125
2019-02-12,96.70999908447266,1309.199951171875,53.099998474121094,2.684000015258789,2744.72998046875
2019-02-13,97.12999725341797,1310.800048828125,53.900001525878906,2.7079999446868896,2753.030029296875
2019-02-14,96.9800033569336,1309.800048828125,54.40999984741211,2.6570000648498535,2745.72998046875
2019-02-15,96.91999816894531,1318.0999755859375,55.59000015258789,2.6659998893737793,2775.60009765625
2019-02-19,96.5199966430664,1340.0999755859375,56.09000015258789,2.6470000743865967,2779.760009765625
2019-02-20,96.44999694824219,1343.300048828125,56.91999816894531,2.6540000438690186,2784.699951171875
2019-02-21,96.61000061035156,1323.5,56.959999084472656,2.687999963760376,2774.8798828125
2019-02-22,96.51000213623047,1329.199951171875,57.2599983215332,2.6549999713897705,2792.669921875
2019-02-25,96.41000366210938,1325.9000244140625,55.47999954223633,2.6730000972747803,2796.110107421875
2019-02-26,96.0,1325.0999755859375,55.5,2.635999917984009,2793.89990234375
2019-02-27,96.1500015258789,1317.699951171875,56.939998626708984,2.693000078201294,2792.3798828125
2019-02-28,96.16000366210938,1312.800048828125,57.220001220703125,2.7109999656677246,2784.489990234375
2019-03-01,96.52999877929688,1296.4000244140625,55.79999923706055,2.755000114440918,2803.68994140625
2019-03-04,96.68000030517578,1284.800048828125,56.59000015258789,2.7219998836517334,2792.81005859375
2019-03-05,96.8499984741211,1282.0,56.560001373291016,2.7219998836517334,2789.64990234375
2019-03-06,96.87000274658203,1284.9000244140625,56.220001220703125,2.691999912261963,2771.449951171875
2019-03-07,97.66999816894531,1283.800048828125,56.65999984741211,2.635999917984009,2748.929931640625
2019-03-08,97.37000274658203,1297.0,56.06999969482422,2.625,2743.070068359375
2019-03-11,97.22000122070312,1288.800048828125,56.790000915527344,2.6429998874664307,2783.300048828125
2019-03-12,96.94000244140625,1296.300048828125,56.869998931884766,2.6050000190734863,2791.52001953125
2019-03-13,96.55000305175781,1307.5,58.2599983215332,2.6110000610351562,2810.919921875
2019-03-14,96.79000091552734,1293.4000244140625,58.61000061035156,2.630000114440918,2808.47998046875
2019-03-15,96.5999984741211,1301.800048828125,58.52000045776367,2.5929999351501465,2822.47998046875
2019-03-18,96.5199966430664,1300.300048828125,59.09000015258789,2.6019999980926514,2832.93994140625
2019-03-19,96.37999725341797,1305.0,59.029998779296875,2.614000082015991,2832.570068359375
2019-03-20,95.76000213623047,1300.5,59.83000183105469,2.5350000858306885,2824.22998046875
2019-03-21,96.5,1306.0999755859375,59.97999954223633,2.5369999408721924,2854.8798828125
2019-03-22,96.6500015258789,1311.5999755859375,59.040000915527344,2.4549999237060547,2800.7099609375
2019-03-25,96.56999969482422,1321.9000244140625,58.81999969482422,2.4200000762939453,2798.360107421875
2019-03-26,96.73999786376953,1314.300048828125,59.939998626708984,2.4140000343322754,2818.4599609375
2019-03-27,96.7699966430664,1309.9000244140625,59.40999984741211,2.374000072479248,2805.3701171875
2019-03-28,97.19999694824219,1289.800048828125,59.29999923706055,2.3889999389648438,2815.43994140625
2019-03-29,97.27999877929688,1293.0,60.13999938964844,2.4140000343322754,2834.39990234375
2019-04-01,97.25,1288.4000244140625,61.59000015258789,2.496999979019165,2867.18994140625
2019-04-02,97.36000061035156,1290.0,62.58000183105469,2.4809999465942383,2867.239990234375
2019-04-03,97.08999633789062,1289.9000244140625,62.459999084472656,2.5169999599456787,2873.39990234375
2019-04-04,97.30999755859375,1289.0,62.099998474121094,2.51200008392334,2879.389892578125
2019-04-05,97.4000015258789,1290.4000244140625,63.08000183105469,2.500999927520752,2892.739990234375
2019-04-08,97.05000305175781,1297.0999755859375,64.4000015258789,2.5190000534057617,2895.77001953125
2019-04-09,97.01000213623047,1303.5,63.97999954223633,2.499000072479248,2878.199951171875
2019-04-10,96.94999694824219,1309.0999755859375,64.61000061035156,2.4769999980926514,2888.2099609375
2019-04-11,97.18000030517578,1288.5999755859375,63.58000183105469,2.503999948501587,2888.320068359375
2019-04-12,96.97000122070312,1290.5999755859375,63.88999938964844,2.559999942779541,2907.409912109375
2019-04-15,96.94000244140625,1286.800048828125,63.400001525878906,2.552999973297119,2905.580078125
2019-04-16,97.04000091552734,1272.5999755859375,64.05000305175781,2.5920000076293945,2907.06005859375
2019-04-17,97.01000213623047,1272.199951171875,63.7599983215332,2.5920000076293945,2900.449951171875
2019-04-18,97.47000122070312,1271.9000244140625,64.0,2.559999942779541,2905.030029296875
2019-04-22,97.27999877929688,1273.5,65.69999694824219,2.5899999141693115,2907.969970703125
2019-04-23,97.56999969482422,1269.300048828125,66.30000305175781,2.569999933242798,2933.679931640625
2019-04-24,98.0999984741211,1275.5,65.88999938964844,2.5220000743865967,2927.25
2019-04-25,98.19999694824219,1275.800048828125,65.20999908447266,2.5339999198913574,2926.169921875
2019-04-26,98.01000213623047,1284.9000244140625,63.29999923706055,2.505000114440918,2939.8798828125
2019-04-29,97.86000061035156,1278.5999755859375,63.5,2.5360000133514404,2943.030029296875
2019-04-30,97.4800033569336,1282.800048828125,63.90999984741211,2.509000062942505,2945.830078125
2019-05-01,97.69000244140625,1281.4000244140625,63.599998474121094,2.510999917984009,2923.72998046875
2019-05-02,97.83000183105469,1269.699951171875,61.810001373291016,2.552000045776367,2917.52001953125
2019-05-03,97.5199966430664,1279.199951171875,61.939998626708984,2.5309998989105225,2945.639892578125
2019-05-06,97.5199966430664,1281.699951171875,62.25,2.5,2932.469970703125
2019-05-07,97.62999725341797,1283.5,61.400001525878906,2.447999954223633,2884.050048828125
2019-05-08,97.62000274658203,1279.4000244140625,62.119998931884766,2.4820001125335693,2879.419921875
2019-05-09,97.37000274658203,1283.5,61.70000076293945,2.4570000171661377,2870.719970703125
2019-05-10,97.33000183105469,1285.699951171875,61.65999984741211,2.4549999237060547,2881.39990234375
2019-05-13,97.31999969482422,1300.0999755859375,61.040000915527344,2.4049999713897705,2811.8701171875
2019-05-14,97.52999877929688,1294.699951171875,61.779998779296875,2.4189999103546143,2834.409912109375
2019-05-15,97.56999969482422,1296.300048828125,62.02000045776367,2.378999948501587,2850.9599609375
2019-05-16,97.83999633789062,1285.0,62.869998931884766,2.4049999713897705,2876.320068359375
2019-05-17,98.0,1274.5,62.7599983215332,2.3929998874664307,2859.530029296875
2019-05-20,97.93000030517578,1276.0999755859375,63.099998474121094,2.4159998893737793,2840.22998046875
2019-05-21,98.05999755859375,1272.0,62.9900016784668,2.4260001182556152,2864.360107421875
2019-05-22,98.11000061035156,1273.5999755859375,61.41999816894531,2.3929998874664307,2856.27001953125
2019-05-23,97.8499984741211,1284.800048828125,57.90999984741211,2.2960000038146973,2822.239990234375
2019-05-24,97.61000061035156,1283.0,58.630001068115234,2.3239998817443848,2826.06005859375
2019-05-28,97.95999908447266,1276.5,59.13999938964844,2.2679998874664307,2802.389892578125
2019-05-29,98.13999938964844,1280.5999755859375,58.810001373291016,2.2360000610351562,2783.02001953125
2019-05-30,98.13999938964844,1287.0999755859375,56.59000015258789,2.2269999980926514,2788.860107421875
2019-05-31,97.75,1305.800048828125,53.5,2.1419999599456787,2752.06005859375
2019-06-03,97.13999938964844,1322.699951171875,53.25,2.0810000896453857,2744.449951171875
2019-06-04,97.06999969482422,1323.4000244140625,53.47999954223633,2.11899995803833,2803.27001953125
2019-06-05,97.37000274658203,1328.300048828125,51.68000030517578,2.122999906539917,2826.14990234375
2019-06-06,97.02999877929688,1337.5999755859375,52.59000015258789,2.124000072479248,2843.489990234375
2019-06-07,96.61000061035156,1341.199951171875,53.9900016784668,2.0840001106262207,2873.340087890625
2019-06-10,96.76000213623047,1324.699951171875,53.2599983215332,2.1429998874664307,2886.72998046875
2019-06-11,96.69000244140625,1326.4000244140625,53.27000045776367,2.140000104904175,2885.719970703125
2019-06-12,97.0,1331.9000244140625,51.13999938964844,2.127000093460083,2879.840087890625
2019-06-13,97.01000213623047,1339.199951171875,52.279998779296875,2.0910000801086426,2891.639892578125
2019-06-14,97.56999969482422,1340.0999755859375,52.5099983215332,2.0929999351501465,2886.97998046875
2019-06-17,97.55999755859375,1338.699951171875,51.93000030517578,2.0859999656677246,2889.669921875
2019-06-18,97.63999938964844,1346.5999755859375,53.900001525878906,2.059999942779541,2917.75
2019-06-19,97.12000274658203,1344.5999755859375,53.7599983215332,2.0290000438690186,2926.4599609375
2019-06-20,96.62999725341797,1392.9000244140625,56.650001525878906,2.000999927520752,2954.179931640625
2019-06-21,96.22000122070312,1396.199951171875,57.43000030517578,2.068000078201294,2950.4599609375
2019-06-24,95.9800033569336,1414.300048828125,57.900001525878906,2.0209999084472656,2945.35009765625
2019-06-25,96.16000366210938,1414.9000244140625,57.83000183105469,1.99399995803833,2917.3798828125
2019-06-26,96.20999908447266,1411.5999755859375,59.380001068115234,2.0490000247955322,2913.780029296875
2019-06-27,96.19000244140625,1408.4000244140625,59.43000030517578,2.005000114440918,2924.919921875
2019-06-28,96.12999725341797,1409.699951171875,58.470001220703125,2.0,2941.760009765625
2019-07-01,96.83999633789062,1385.5999755859375,59.09000015258789,2.0339999198913574,2964.330078125
2019-07-02,96.7300033569336,1404.5999755859375,56.25,1.9759999513626099,2973.010009765625
2019-07-03,96.7699966430664,1417.699951171875,57.34000015258789,1.9529999494552612,2995.820068359375
2019-07-05,97.25,1396.699951171875,57.5099983215332,2.0480000972747803,2990.409912109375
2019-07-08,97.37999725341797,1397.0,57.65999984741211,2.0339999198913574,2975.949951171875
2019-07-09,97.48999786376953,1397.5,57.83000183105469,2.053999900817871,2979.6298828125
2019-07-10,97.0999984741211,1410.0999755859375,60.43000030517578,2.061000108718872,2993.070068359375
2019-07-11,97.05000305175781,1404.300048828125,60.20000076293945,2.119999885559082,2999.909912109375
2019-07-12,96.80999755859375,1409.9000244140625,60.209999084472656,2.1059999465942383,3013.77001953125
2019-07-15,96.93000030517578,1411.4000244140625,59.58000183105469,2.0920000076293945,3014.300048828125
2019-07-16,97.4000015258789,1409.199951171875,57.619998931884766,2.121999979019165,3004.0400390625
2019-07-17,97.22000122070312,1421.300048828125,56.779998779296875,2.061000108718872,2984.419921875
2019-07-18,96.79000091552734,1426.0999755859375,55.29999923706055,2.0380001068115234,2995.110107421875
2019-07-19,97.1500015258789,1425.0999755859375,55.630001068115234,2.0480000972747803,2976.610107421875
2019-07-22,97.26000213623047,1425.300048828125,56.220001220703125,2.0429999828338623,2985.030029296875
2019-07-23,97.70999908447266,1420.0999755859375,56.77000045776367,2.0739998817443848,3005.469970703125
2019-07-24,97.7300033569336,1422.800048828125,55.880001068115234,2.049999952316284,3019.56005859375
2019-07-25,97.81999969482422,1413.9000244140625,56.02000045776367,2.0739998817443848,3003.669921875
2019-07-26,98.01000213623047,1418.5,56.20000076293945,2.0810000896453857,3025.860107421875
2019-07-29,98.04000091552734,1419.5999755859375,56.869998931884766,2.055000066757202,3020.969970703125
2019-07-30,98.05000305175781,1429.699951171875,58.04999923706055,2.061000108718872,3013.179931640625
2019-07-31,98.5199966430664,1426.0999755859375,58.58000183105469,2.0209999084472656,2980.3798828125
2019-08-01,98.38999938964844,1420.9000244140625,53.95000076293945,1.8940000534057617,2953.56005859375
2019-08-02,98.0999984741211,1445.5999755859375,55.65999984741211,1.8550000190734863,2932.050048828125
2019-08-05,97.5,1464.5999755859375,54.689998626708984,1.7350000143051147,2844.739990234375
2019-08-06,97.62999725341797,1472.4000244140625,53.630001068115234,1.7389999628067017,2881.77001953125
2019-08-07,97.54000091552734,1507.300048828125,51.09000015258789,1.684000015258789,2883.97998046875
2019-08-08,97.62000274658203,1497.699951171875,52.540000915527344,1.715999960899353,2938.090087890625
2019-08-09,97.48999786376953,1496.5999755859375,54.5,1.7339999675750732,2918.64990234375
2019-08-12,97.37999725341797,1505.300048828125,54.93000030517578,1.6390000581741333,2882.699951171875
2019-08-13,97.80999755859375,1502.199951171875,57.099998474121094,1.6799999475479126,2926.320068359375
2019-08-14,97.98999786376953,1515.9000244140625,55.22999954223633,1.5809999704360962,2840.60009765625
2019-08-15,98.13999938964844,1519.5999755859375,54.470001220703125,1.5290000438690186,2847.60009765625
2019-08-16,98.13999938964844,1512.5,54.869998931884766,1.5390000343322754,2888.679931640625
2019-08-19,98.3499984741211,1500.4000244140625,56.209999084472656,1.5980000495910645,2923.64990234375
2019-08-20,98.19000244140625,1504.5999755859375,56.34000015258789,1.5609999895095825,2900.510009765625
2019-08-21,98.30000305175781,1504.5999755859375,55.68000030517578,1.5770000219345093,2924.429931640625
2019-08-22,98.16999816894531,1497.300048828125,55.349998474121094,1.6100000143051147,2922.949951171875
2019-08-23,97.63999938964844,1526.5999755859375,54.16999816894531,1.527999997138977,2847.110107421875
2019-08-26,98.08000183105469,1526.300048828125,53.63999938964844,1.5449999570846558,2878.3798828125
2019-08-27,98.0,1541.0,54.93000030517578,1.4900000095367432,2869.159912109375
2019-08-28,98.20999908447266,1537.800048828125,55.779998779296875,1.465999960899353,2887.93994140625
2019-08-29,98.51000213623047,1526.5,56.709999084472656,1.5160000324249268,2924.580078125
2019-08-30,98.91999816894531,1519.0999755859375,55.099998474121094,1.50600004196167,2926.4599609375
2019-09-03,98.94999694824219,1545.9000244140625,53.939998626708984,1.465999960899353,2906.27001953125
2019-09-04,98.44999694824219,1550.300048828125,56.2599983215332,1.4589999914169312,2937.780029296875
2019-09-05,98.41000366210938,1515.4000244140625,56.29999923706055,1.565000057220459,2976.0
2019-09-06,98.38999938964844,1506.199951171875,56.52000045776367,1.5499999523162842,2978.7099609375
2019-09-09,98.27999877929688,1502.199951171875,57.849998474121094,1.621999979019165,2978.429931640625
2019-09-10,98.33000183105469,1490.300048828125,57.400001525878906,1.7020000219345093,2979.389892578125
2019-09-11,98.6500015258789,1494.4000244140625,55.75,1.7330000400543213,3000.929931640625
2019-09-12,98.30999755859375,1498.699951171875,55.09000015258789,1.7910000085830688,3009.570068359375
2019-09-13,98.26000213623047,1490.9000244140625,54.849998474121094,1.902999997138977,3007.389892578125
2019-09-16,98.6500015258789,1503.0999755859375,62.900001525878906,1.840999960899353,2997.9599609375
2019-09-17,98.26000213623047,1505.0999755859375,59.34000015258789,1.812000036239624,3005.699951171875
2019-09-18,98.5999984741211,1507.5,58.11000061035156,1.7860000133514404,3006.72998046875
2019-09-19,98.2699966430664,1498.4000244140625,58.130001068115234,1.7740000486373901,3006.7900390625
2019-09-20,98.51000213623047,1507.300048828125,58.09000015258789,1.7549999952316284,2992.070068359375
2019-09-23,98.5999984741211,1523.699951171875,58.63999938964844,1.7079999446868896,2991.780029296875
2019-09-24,98.33999633789062,1532.0999755859375,57.290000915527344,1.6349999904632568,2966.60009765625
2019-09-25,99.04000091552734,1504.5999755859375,56.4900016784668,1.7319999933242798,2984.8701171875
2019-09-26,99.20999908447266,1507.5,56.40999984741211,1.684999942779541,2977.6201171875
2019-09-27,99.11000061035156,1499.0999755859375,55.90999984741211,1.6749999523162842,2961.7900390625
2019-09-30,99.37999725341797,1465.699951171875,54.06999969482422,1.6749999523162842,2976.739990234375
2019-10-01,99.12999725341797,1482.0,53.619998931884766,1.6440000534057617,2940.25
2019-10-02,99.04000091552734,1501.0,52.63999938964844,1.5959999561309814,2887.610107421875
2019-10-03,98.86000061035156,1507.0999755859375,52.45000076293945,1.5360000133514404,2910.6298828125
2019-10-04,98.80999755859375,1506.199951171875,52.810001373291016,1.5149999856948853,2952.010009765625
2019-10-07,98.98999786376953,1497.699951171875,52.75,1.5529999732971191,2938.7900390625
2019-10-08,99.13999938964844,1497.199951171875,52.630001068115234,1.5369999408721924,2893.06005859375
2019-10-09,99.12000274658203,1506.0999755859375,52.59000015258789,1.5889999866485596,2919.39990234375
2019-10-10,98.70999908447266,1494.800048828125,53.54999923706055,1.6579999923706055,2938.1298828125
2019-10-11,98.30000305175781,1482.699951171875,54.70000076293945,1.7519999742507935,2970.27001953125
2019-10-14,98.44999694824219,1491.699951171875,53.59000015258789,1.7330000400543213,2966.14990234375
2019-10-15,98.29000091552734,1477.5999755859375,52.810001373291016,1.7710000276565552,2995.679931640625
2019-10-16,98.01000213623047,1488.0,53.36000061035156,1.7480000257492065,2989.68994140625
2019-10-17,97.61000061035156,1492.300048828125,53.93000030517578,1.7569999694824219,2997.949951171875
2019-10-18,97.27999877929688,1488.199951171875,53.779998779296875,1.746999979019165,2986.199951171875
2019-10-21,97.33000183105469,1482.4000244140625,53.310001373291016,1.7920000553131104,3006.719970703125
2019-10-22,97.52999877929688,1481.699951171875,54.15999984741211,1.7680000066757202,2995.989990234375
2019-10-23,97.47000122070312,1489.9000244140625,55.970001220703125,1.7589999437332153,3004.52001953125
2019-10-24,97.62999725341797,1498.9000244140625,56.22999954223633,1.7660000324249268,3010.2900390625
2019-10-25,97.83000183105469,1499.5,56.65999984741211,1.8009999990463257,3022.550048828125
2019-10-28,97.76000213623047,1490.0,55.810001373291016,1.8530000448226929,3039.419921875
2019-10-29,97.69000244140625,1487.0,55.540000915527344,1.8350000381469727,3036.889892578125
2019-10-30,97.6500015258789,1493.199951171875,55.060001373291016,1.7979999780654907,3046.77001953125
2019-10-31,97.3499984741211,1511.4000244140625,54.18000030517578,1.690999984741211,3037.56005859375
2019-11-01,97.23999786376953,1508.0,56.20000076293945,1.7280000448226929,3066.909912109375
2019-11-04,97.51000213623047,1508.0,56.540000915527344,1.7860000133514404,3078.27001953125
2019-11-05,97.9800033569336,1480.800048828125,57.22999954223633,1.8660000562667847,3074.6201171875
2019-11-06,97.94999694824219,1490.199951171875,56.349998474121094,1.8140000104904175,3076.780029296875
2019-11-07,98.13999938964844,1464.199951171875,57.150001525878906,1.9259999990463257,3085.179931640625
2019-11-08,98.3499984741211,1461.300048828125,57.2400016784668,1.9329999685287476,3093.080078125
2019-11-11,98.19999694824219,1455.5,56.86000061035156,1.9429999589920044,3087.010009765625
2019-11-12,98.30999755859375,1452.0999755859375,56.79999923706055,1.909000039100647,3091.840087890625
2019-11-13,98.37000274658203,1461.699951171875,57.119998931884766,1.8700000047683716,3094.0400390625
2019-11-14,98.16000366210938,1471.800048828125,56.77000045776367,1.815000057220459,3096.6298828125
2019-11-15,98.0,1467.300048828125,57.720001220703125,1.8339999914169312,3120.4599609375
2019-11-18,97.79000091552734,1470.9000244140625,57.04999923706055,1.8079999685287476,3122.030029296875
2019-11-19,97.86000061035156,1473.300048828125,55.209999084472656,1.7860000133514404,3120.179931640625
2019-11-20,97.93000030517578,1473.300048828125,57.11000061035156,1.7380000352859497,3108.4599609375
2019-11-21,97.98999786376953,1463.0999755859375,58.58000183105469,1.7719999551773071,3103.5400390625
2019-11-22,98.2699966430664,1463.0999755859375,57.77000045776367,1.7740000486373901,3110.2900390625
2019-11-25,98.31999969482422,1456.5999755859375,58.0099983215332,1.7640000581741333,3133.639892578125
2019-11-26,98.25,1459.800048828125,58.40999984741211,1.7400000095367432,3140.52001953125
2019-11-27,98.41000366210938,1453.4000244140625,58.11000061035156,1.7669999599456787,3153.6298828125
2019-11-29,98.2699966430664,1465.5999755859375,55.16999816894531,1.7760000228881836,3140.97998046875
2019-12-02,97.86000061035156,1462.300048828125,55.959999084472656,1.8359999656677246,3113.8701171875
2019-12-03,97.73999786376953,1478.199951171875,56.099998474121094,1.7089999914169312,3093.199951171875
2019-12-04,97.6500015258789,1474.0,58.43000030517578,1.781000018119812,3112.760009765625
2019-12-05,97.41000366210938,1476.9000244140625,58.43000030517578,1.7970000505447388,3117.429931640625
2019-12-06,97.69999694824219,1459.0999755859375,59.20000076293945,1.8420000076293945,3145.909912109375
2019-12-09,97.63999938964844,1459.300048828125,59.02000045776367,1.8289999961853027,3135.9599609375
2019-12-10,97.41000366210938,1462.5999755859375,59.2400016784668,1.8329999446868896,3132.52001953125
2019-12-11,97.16000366210938,1469.4000244140625,58.7599983215332,1.7899999618530273,3141.6298828125
2019-12-12,97.4000015258789,1466.699951171875,59.18000030517578,1.8969999551773071,3168.570068359375
2019-12-13,97.16999816894531,1475.5999755859375,60.06999969482422,1.819000005722046,3168.800048828125
2019-12-16,97.06999969482422,1475.0,60.209999084472656,1.8919999599456787,3191.449951171875
2019-12-17,97.20999908447266,1474.5999755859375,60.939998626708984,1.8890000581741333,3192.52001953125
2019-12-18,97.41000366210938,1472.5999755859375,60.93000030517578,1.9240000247955322,3191.139892578125
2019-12-19,97.41999816894531,1478.199951171875,61.220001220703125,1.9079999923706055,3205.3701171875
2019-12-20,97.70999908447266,1474.699951171875,60.439998626708984,1.9170000553131104,3221.219970703125
2019-12-23,97.66000366210938,1482.5,60.52000045776367,1.934999942779541,3224.010009765625
2019-12-24,97.6500015258789,1499.0999755859375,61.11000061035156,1.909999966621399,3223.3798828125
2019-12-26,97.58999633789062,1509.300048828125,61.68000030517578,1.9049999713897705,3239.909912109375
2019-12-27,96.91999816894531,1513.800048828125,61.720001220703125,1.8739999532699585,3240.02001953125
2019-12-30,96.73999786376953,1514.5,61.68000030517578,1.8949999809265137,3221.2900390625
2019-12-31,96.38999938964844,1519.5,61.060001373291016,1.9190000295639038,3230.780029296875
2020-01-02,96.8499984741211,1524.5,61.18000030517578,1.8819999694824219,3257.85009765625
2020-01-03,96.83999633789062,1549.199951171875,63.04999923706055,1.7879999876022339,3234.85009765625
2020-01-06,96.66999816894531,1566.199951171875,63.27000045776367,1.8109999895095825,3246.280029296875
2020-01-07,96.9800033569336,1571.800048828125,62.70000076293945,1.8270000219345093,3237.179931640625
2020-01-08,97.30000305175781,1557.4000244140625,59.61000061035156,1.8739999532699585,3253.050048828125
2020-01-09,97.44999694824219,1551.699951171875,59.560001373291016,1.8580000400543213,3274.699951171875
2020-01-10,97.36000061035156,1557.5,59.040000915527344,1.8250000476837158,3265.35009765625
2020-01-13,97.3499984741211,1548.4000244140625,58.08000183105469,1.8480000495910645,3288.1298828125
2020-01-14,97.37000274658203,1542.4000244140625,58.22999954223633,1.8179999589920044,3283.14990234375
2020-01-15,97.2300033569336,1552.0999755859375,57.810001373291016,1.7879999876022339,3289.2900390625
2020-01-16,97.31999969482422,1549.0,58.52000045776367,1.809000015258789,3316.81005859375
2020-01-17,97.61000061035156,1558.800048828125,58.540000915527344,1.8359999656677246,3329.6201171875
2020-01-21,97.52999877929688,1556.4000244140625,58.34000015258789,1.7690000534057617,3320.7900390625
2020-01-22,97.52999877929688,1555.300048828125,56.7400016784668,1.7690000534057617,3321.75
2020-01-23,97.69000244140625,1564.5999755859375,55.59000015258789,1.7400000095367432,3325.5400390625
2020-01-24,97.8499984741211,1571.0999755859375,54.189998626708984,1.680999994277954,3295.469970703125
2020-01-27,97.95999908447266,1576.800048828125,53.13999938964844,1.6050000190734863,3243.6298828125
2020-01-28,98.0199966430664,1569.199951171875,53.47999954223633,1.6410000324249268,3276.239990234375
2020-01-29,97.98999786376953,1569.800048828125,53.33000183105469,1.593999981880188,3273.39990234375
2020-01-30,97.87000274658203,1583.5,52.13999938964844,1.5579999685287476,3283.659912109375
2020-01-31,97.38999938964844,1582.9000244140625,51.560001373291016,1.5199999809265137,3225.52001953125
2020-02-03,97.80000305175781,1577.199951171875,50.11000061035156,1.5199999809265137,3248.919921875
2020-02-04,97.95999908447266,1550.4000244140625,49.61000061035156,1.6030000448226929,3297.590087890625
2020-02-05,98.2699966430664,1557.800048828125,50.75,1.6490000486373901,3334.68994140625
2020-02-06,98.5,1565.0999755859375,50.95000076293945,1.6440000534057617,3345.780029296875
2020-02-07,98.68000030517578,1568.5999755859375,50.31999969482422,1.5779999494552612,3327.7099609375
2020-02-10,98.83000183105469,1574.699951171875,49.56999969482422,1.5470000505447388,3352.090087890625
2020-02-11,98.72000122070312,1565.5999755859375,49.939998626708984,1.590000033378601,3357.75
2020-02-12,99.05000305175781,1567.4000244140625,51.16999816894531,1.6299999952316284,3379.449951171875
2020-02-13,99.06999969482422,1575.0999755859375,51.41999816894531,1.6169999837875366,3373.93994140625
2020-02-14,99.12000274658203,1582.699951171875,52.04999923706055,1.5880000591278076,3380.159912109375
2020-02-18,99.45999908447266,1600.0,52.04999923706055,1.555999994277954,3370.2900390625
2020-02-19,99.5999984741211,1607.5,53.290000915527344,1.5700000524520874,3386.14990234375
2020-02-20,99.87000274658203,1616.5999755859375,53.779998779296875,1.524999976158142,3373.22998046875
2020-02-21,99.26000213623047,1644.5999755859375,53.380001068115234,1.4709999561309814,3337.75
2020-02-24,99.29000091552734,1672.4000244140625,51.43000030517578,1.3769999742507935,3225.889892578125
2020-02-25,98.97000122070312,1646.9000244140625,49.900001525878906,1.3300000429153442,3128.2099609375
2020-02-26,99.0,1640.0,48.72999954223633,1.309999942779541,3116.389892578125
2020-02-27,98.44000244140625,1640.0,47.09000015258789,1.2990000247955322,2978.760009765625
2020-02-28,98.12999725341797,1564.0999755859375,44.7599983215332,1.1269999742507935,2954.219970703125
2020-03-02,97.36000061035156,1592.300048828125,46.75,1.0880000591278076,3090.22998046875
2020-03-03,97.1500015258789,1642.0999755859375,47.18000030517578,1.0099999904632568,3003.3701171875
2020-03-04,97.33999633789062,1641.0999755859375,46.779998779296875,0.9919999837875366,3130.1201171875
2020-03-05,96.81999969482422,1666.4000244140625,45.900001525878906,0.9259999990463257,3023.93994140625
2020-03-06,95.94999694824219,1670.800048828125,41.279998779296875,0.7059999704360962,2972.3701171875
2020-03-09,94.9000015258789,1674.5,31.1299991607666,0.49900001287460327,2746.56005859375
2020-03-10,96.41000366210938,1659.0999755859375,34.36000061035156,0.7480000257492065,2882.22998046875
2020-03-11,96.51000213623047,1641.4000244140625,32.97999954223633,0.8199999928474426,2741.3798828125
2020-03-12,97.47000122070312,1589.300048828125,31.5,0.8489999771118164,2480.639892578125
2020-03-13,98.75,1515.699951171875,31.729999542236328,0.9509999752044678,2711.02001953125
2020-03-16,98.08999633789062,1485.9000244140625,28.700000762939453,0.7279999852180481,2386.1298828125
2020-03-17,99.58000183105469,1524.9000244140625,26.950000762939453,0.996999979019165,2529.18994140625
2020-03-18,101.16000366210938,1477.300048828125,20.3700008392334,1.2660000324249268,2398.10009765625
2020-03-19,102.76000213623047,1478.5999755859375,25.219999313354492,1.11899995803833,2409.389892578125
2020-03-20,102.81999969482422,1484.0,22.43000030517578,0.9380000233650208,2304.919921875
2020-03-23,102.48999786376953,1567.0,23.360000610351562,0.7639999985694885,2237.39990234375
2020-03-24,101.73999786376953,1660.199951171875,24.010000228881836,0.8159999847412109,2447.330078125
2020-03-25,101.05000305175781,1632.300048828125,24.489999771118164,0.8579999804496765,2475.56005859375
2020-03-26,99.41999816894531,1650.0999755859375,22.600000381469727,0.8109999895095825,2630.070068359375
2020-03-27,98.37000274658203,1623.9000244140625,21.510000228881836,0.7490000128746033,2541.469970703125
2020-03-30,99.18000030517578,1622.0,20.09000015258789,0.6700000166893005,2626.64990234375
2020-03-31,99.05000305175781,1583.4000244140625,20.479999542236328,0.6980000138282776,2584.590087890625
2020-04-01,99.66999816894531,1578.199951171875,20.309999465942383,0.6349999904632568,2470.5
2020-04-02,100.18000030517578,1625.699951171875,25.31999969482422,0.6269999742507935,2526.89990234375
2020-04-03,100.58000183105469,1633.699951171875,28.34000015258789,0.5870000123977661,2488.64990234375
2020-04-06,100.69000244140625,1677.0,26.079999923706055,0.6759999990463257,2663.679931640625
2020-04-07,99.9800033569336,1664.800048828125,23.6299991607666,0.7360000014305115,2659.409912109375
2020-04-08,100.12000274658203,1665.4000244140625,25.09000015258789,0.7639999985694885,2749.97998046875
2020-04-09,99.5199966430664,1736.199951171875,22.760000228881836,0.7289999723434448,2789.820068359375
2020-04-13,99.3499984741211,1744.800048828125,22.40999984741211,0.7490000128746033,2761.6298828125
2020-04-14,98.88999938964844,1756.699951171875,20.110000610351562,0.7519999742507935,2846.06005859375
2020-04-15,99.45999908447266,1727.199951171875,19.8700008392334,0.6380000114440918,2783.360107421875
2020-04-16,100.02999877929688,1720.4000244140625,19.8700008392334,0.609000027179718,2799.550048828125
2020-04-17,99.77999877929688,1689.199951171875,18.270000457763672,0.6539999842643738,2874.56005859375
2020-04-20,99.95999908447266,1701.5999755859375,-37.630001068115234,0.6259999871253967,2823.159912109375
2020-04-21,100.26000213623047,1678.199951171875,10.010000228881836,0.5709999799728394,2736.56005859375
2020-04-22,100.38999938964844,1728.699951171875,13.779999732971191,0.6190000176429749,2799.31005859375
2020-04-23,100.43000030517578,1733.300048828125,16.5,0.6129999756813049,2797.800048828125
2020-04-24,100.37999725341797,1723.5,16.940000534057617,0.5960000157356262,2836.739990234375
2020-04-27,100.04000091552734,1711.9000244140625,12.779999732971191,0.656000018119812,2878.47998046875
2020-04-28,99.87000274658203,1710.5,12.34000015258789,0.6100000143051147,2863.389892578125
2020-04-29,99.56999969482422,1703.4000244140625,15.0600004196167,0.6269999742507935,2939.510009765625
2020-04-30,99.0199966430664,1684.199951171875,18.84000015258789,0.621999979019165,2912.429931640625
2020-05-01,98.80000305175781,1694.5,19.780000686645508,0.6420000195503235,2830.7099609375
2020-05-04,99.4800033569336,1706.9000244140625,20.389999389648438,0.6370000243186951,2842.739990234375
2020-05-05,99.70999908447266,1704.4000244140625,24.559999465942383,0.6570000052452087,2868.43994140625
2020-05-06,100.08999633789062,1684.199951171875,23.989999771118164,0.7110000252723694,2848.419921875
2020-05-07,99.88999938964844,1721.800048828125,23.549999237060547,0.6309999823570251,2881.18994140625
2020-05-08,99.7300033569336,1709.9000244140625,24.739999771118164,0.6819999814033508,2929.800048828125
2020-05-11,100.23999786376953,1695.300048828125,24.139999389648438,0.7260000109672546,2930.18994140625
2020-05-12,99.93000030517578,1704.4000244140625,25.780000686645508,0.6779999732971191,2870.1201171875
2020-05-13,100.23999786376953,1713.9000244140625,25.290000915527344,0.6489999890327454,2820.0
2020-05-14,100.47000122070312,1738.0999755859375,27.559999465942383,0.6190000176429749,2852.5
2020-05-15,100.4000015258789,1753.4000244140625,29.43000030517578,0.6399999856948853,2863.699951171875
2020-05-18,99.66999816894531,1731.800048828125,31.81999969482422,0.7440000176429749,2953.909912109375
2020-05-19,99.37000274658203,1744.199951171875,32.5,0.7110000252723694,2922.93994140625
2020-05-20,99.12000274658203,1750.5999755859375,33.4900016784668,0.6800000071525574,2971.610107421875
2020-05-21,99.37000274658203,1720.5,33.91999816894531,0.6769999861717224,2948.510009765625
2020-05-22,99.86000061035156,1734.5999755859375,33.25,0.6570000052452087,2955.449951171875
2020-05-26,98.91000366210938,1704.800048828125,34.349998474121094,0.6980000138282776,2991.77001953125
2020-05-27,99.05999755859375,1710.300048828125,32.810001373291016,0.6800000071525574,3036.1298828125
2020-05-28,98.37999725341797,1713.300048828125,33.709999084472656,0.7049999833106995,3029.72998046875
2020-05-29,98.33999633789062,1736.9000244140625,35.4900016784668,0.6480000019073486,3044.31005859375
2020-06-01,97.83000183105469,1737.800048828125,35.439998626708984,0.6620000004768372,3055.72998046875
2020-06-02,97.66999816894531,1725.199951171875,36.810001373291016,0.6800000071525574,3080.820068359375
2020-06-03,97.27999877929688,1697.800048828125,37.290000915527344,0.7609999775886536,3122.8701171875
2020-06-04,96.68000030517578,1718.9000244140625,37.40999984741211,0.8199999928474426,3112.35009765625
2020-06-05,96.94000244140625,1676.199951171875,39.54999923706055,0.9039999842643738,3193.929931640625
2020-06-08,96.62000274658203,1698.300048828125,38.189998626708984,0.8840000033378601,3232.389892578125
2020-06-09,96.31999969482422,1714.699951171875,38.939998626708984,0.8289999961853027,3207.179931640625
2020-06-10,95.95999908447266,1713.300048828125,39.599998474121094,0.7480000257492065,3190.139892578125
2020-06-11,96.7300033569336,1732.0,36.34000015258789,0.652999997138977,3002.10009765625
2020-06-12,97.31999969482422,1729.300048828125,36.2599983215332,0.6990000009536743,3041.31005859375
2020-06-15,96.68000030517578,1720.300048828125,37.119998931884766,0.7020000219345093,3066.590087890625
2020-06-16,96.95999908447266,1729.5999755859375,38.380001068115234,0.7559999823570251,3124.739990234375
2020-06-17,97.16000366210938,1729.199951171875,37.959999084472656,0.7329999804496765,3113.489990234375
2020-06-18,97.41999816894531,1724.800048828125,38.84000015258789,0.6940000057220459,3115.340087890625
2020-06-19,97.62000274658203,1745.9000244140625,39.75,0.6970000267028809,3097.739990234375
2020-06-22,97.04000091552734,1756.699951171875,40.459999084472656,0.7039999961853027,3117.860107421875
2020-06-23,96.69000244140625,1772.0999755859375,40.369998931884766,0.7089999914169312,3131.2900390625
2020-06-24,97.1500015258789,1765.800048828125,38.0099983215332,0.6840000152587891,3050.330078125
2020-06-25,97.43000030517578,1762.0999755859375,38.720001220703125,0.6740000247955322,3083.760009765625
2020-06-26,97.5,1772.5,38.4900016784668,0.6359999775886536,3009.050048828125
2020-06-29,97.54000091552734,1774.800048828125,39.70000076293945,0.6359999775886536,3053.239990234375
2020-06-30,97.38999938964844,1793.0,39.27000045776367,0.652999997138977,3100.2900390625
2020-07-01,97.19999694824219,1773.199951171875,39.81999969482422,0.6819999814033508,3115.860107421875
2020-07-02,97.31999969482422,1784.0,40.650001525878906,0.6690000295639038,3130.010009765625
2020-07-06,96.79000091552734,1788.5,40.630001068115234,0.6840000152587891,3179.719970703125
2020-07-07,96.87999725341797,1804.199951171875,40.619998931884766,0.6499999761581421,3145.320068359375
2020-07-08,96.43000030517578,1815.5,40.900001525878906,0.652999997138977,3169.93994140625
2020-07-09,96.69999694824219,1799.199951171875,39.619998931884766,0.6050000190734863,3152.050048828125
2020-07-10,96.6500015258789,1798.199951171875,40.54999923706055,0.6330000162124634,3185.0400390625
2020-07-13,96.45999908447266,1811.0,40.099998474121094,0.6399999856948853,3155.219970703125
2020-07-14,96.26000213623047,1810.5999755859375,40.290000915527344,0.6150000095367432,3197.52001953125
2020-07-15,96.08000183105469,1811.4000244140625,41.20000076293945,0.6299999952316284,3226.56005859375
2020-07-16,96.3499984741211,1798.699951171875,40.75,0.6119999885559082,3215.570068359375
2020-07-17,95.94000244140625,1808.300048828125,40.59000015258789,0.628000020980835,3224.72998046875
2020-07-20,95.83000183105469,1815.9000244140625,40.810001373291016,0.6200000047683716,3251.840087890625
2020-07-21,95.12000274658203,1842.4000244140625,41.959999084472656,0.6069999933242798,3257.300048828125
2020-07-22,94.97000122070312,1864.0999755859375,41.900001525878906,0.5950000286102295,3276.02001953125
2020-07-23,94.69000244140625,1889.0999755859375,41.06999969482422,0.5820000171661377,3235.659912109375
2020-07-24,94.44000244140625,1897.300048828125,41.290000915527344,0.5889999866485596,3215.6298828125
2020-07-27,93.66999816894531,1931.0,41.599998474121094,0.609000027179718,3239.409912109375
2020-07-28,93.76000213623047,1944.699951171875,41.040000915527344,0.5809999704360962,3218.43994140625
2020-07-29,93.26000213623047,1953.5,41.27000045776367,0.5789999961853027,3258.43994140625
2020-07-30,93.0199966430664,1942.300048828125,39.91999816894531,0.5410000085830688,3246.219970703125
2020-07-31,93.48999786376953,1962.800048828125,40.27000045776367,0.5360000133514404,3271.1201171875
2020-08-03,93.5,1966.0,41.0099983215332,0.5630000233650208,3294.610107421875
2020-08-04,93.37999725341797,2001.199951171875,41.70000076293945,0.5149999856948853,3306.510009765625
2020-08-05,92.83000183105469,2031.0999755859375,42.189998626708984,0.5429999828338623,3327.77001953125
2020-08-06,92.79000091552734,2051.5,41.95000076293945,0.5360000133514404,3349.159912109375
2020-08-07,93.44000244140625,2010.0999755859375,41.220001220703125,0.5619999766349792,3351.280029296875
2020-08-10,93.58000183105469,2024.4000244140625,41.939998626708984,0.5740000009536743,3360.469970703125
2020-08-11,93.62999725341797,1932.5999755859375,41.61000061035156,0.6579999923706055,3333.68994140625
2020-08-12,93.44000244140625,1934.9000244140625,42.66999816894531,0.6700000166893005,3380.35009765625
2020-08-13,93.33999633789062,1956.699951171875,42.2400016784668,0.7160000205039978,3373.429931640625
2020-08-14,93.0999984741211,1937.0,42.0099983215332,0.7089999914169312,3372.85009765625
2020-08-17,92.8499984741211,1985.0,42.88999938964844,0.6830000281333923,3381.989990234375
2020-08-18,92.2699966430664,1999.4000244140625,42.88999938964844,0.6690000295639038,3389.780029296875
2020-08-19,92.88999938964844,1958.699951171875,42.93000030517578,0.675000011920929,3374.85009765625
2020-08-20,92.79000091552734,1933.800048828125,42.58000183105469,0.6439999938011169,3385.510009765625
2020-08-21,93.25,1934.5999755859375,42.34000015258789,0.6399999856948853,3397.159912109375
2020-08-24,93.30000305175781,1927.699951171875,42.619998931884766,0.6460000276565552,3431.280029296875
2020-08-25,93.0199966430664,1911.800048828125,43.349998474121094,0.6819999814033508,3443.6201171875
2020-08-26,93.01000213623047,1940.699951171875,43.38999938964844,0.6869999766349792,3478.72998046875
2020-08-27,93.01000213623047,1921.5999755859375,43.040000915527344,0.7459999918937683,3484.550048828125
2020-08-28,92.37000274658203,1964.5999755859375,42.970001220703125,0.7289999723434448,3508.010009765625
2020-08-31,92.13999938964844,1967.5999755859375,42.61000061035156,0.6930000185966492,3500.31005859375
2020-09-01,92.33999633789062,1968.199951171875,42.7599983215332,0.671999990940094,3526.64990234375
2020-09-02,92.8499984741211,1934.4000244140625,41.5099983215332,0.6510000228881836,3580.840087890625
2020-09-03,92.73999786376953,1927.5999755859375,41.369998931884766,0.621999979019165,3455.06005859375
2020-09-04,92.72000122070312,1923.9000244140625,39.77000045776367,0.7210000157356262,3426.9599609375
2020-09-08,93.4800033569336,1933.0,36.7599983215332,0.6840000152587891,3331.840087890625
2020-09-09,93.26000213623047,1944.699951171875,38.04999923706055,0.703000009059906,3398.9599609375
2020-09-10,93.33999633789062,1954.199951171875,37.29999923706055,0.6850000023841858,3339.18994140625
2020-09-11,93.33000183105469,1937.800048828125,37.33000183105469,0.6690000295639038,3340.969970703125
2020-09-14,93.06999969482422,1953.0999755859375,37.2599983215332,0.6710000038146973,3383.5400390625
2020-09-15,93.05000305175781,1956.300048828125,38.279998779296875,0.6790000200271606,3401.199951171875
2020-09-16,93.20999908447266,1960.199951171875,40.15999984741211,0.6869999766349792,3385.489990234375
2020-09-17,92.97000122070312,1940.0,40.970001220703125,0.6840000152587891,3357.010009765625
2020-09-18,92.93000030517578,1952.0999755859375,41.11000061035156,0.6940000057220459,3319.469970703125
2020-09-21,93.54000091552734,1901.199951171875,39.310001373291016,0.6710000038146973,3281.06005859375
2020-09-22,93.98999786376953,1898.5999755859375,39.599998474121094,0.6639999747276306,3315.570068359375
2020-09-23,94.38999938964844,1859.9000244140625,39.93000030517578,0.6759999990463257,3236.919921875
2020-09-24,94.3499984741211,1868.300048828125,40.310001373291016,0.6660000085830688,3246.590087890625
2020-09-25,94.58000183105469,1857.699951171875,40.25,0.6589999794960022,3298.4599609375
2020-09-28,94.26000213623047,1872.800048828125,40.599998474121094,0.6629999876022339,3351.60009765625
2020-09-29,93.88999938964844,1894.300048828125,39.290000915527344,0.6449999809265137,3335.469970703125
2020-09-30,93.88999938964844,1887.5,40.220001220703125,0.6769999861717224,3363.0
2020-10-01,93.70999908447266,1908.4000244140625,38.720001220703125,0.6769999861717224,3380.800048828125
2020-10-02,93.83999633789062,1900.199951171875,37.04999923706055,0.6959999799728394,3348.419921875
2020-10-05,93.51000213623047,1912.5,39.220001220703125,0.7620000243186951,3408.60009765625
2020-10-06,93.83000183105469,1901.0999755859375,40.66999816894531,0.7419999837875366,3360.969970703125
2020-10-07,93.62999725341797,1883.5999755859375,39.95000076293945,0.7850000262260437,3419.43994140625
2020-10-08,93.61000061035156,1888.5999755859375,41.189998626708984,0.7649999856948853,3446.830078125
2020-10-09,93.05999755859375,1919.5,40.599998474121094,0.7749999761581421,3477.139892578125
2020-10-12,93.06999969482422,1922.5,39.43000030517578,0.7770000100135803,3534.219970703125
2020-10-13,93.52999877929688,1888.5,40.20000076293945,0.7269999980926514,3511.929931640625
2020-10-14,93.37999725341797,1901.300048828125,41.040000915527344,0.722000002861023,3488.669921875
2020-10-15,93.86000061035156,1903.199951171875,40.959999084472656,0.7310000061988831,3483.340087890625
2020-10-16,93.68000030517578,1900.800048828125,40.880001068115234,0.7440000176429749,3483.81005859375
2020-10-19,93.43000030517578,1906.4000244140625,40.83000183105469,0.7609999775886536,3426.919921875
2020-10-20,93.06999969482422,1910.4000244140625,41.459999084472656,0.796999990940094,3443.1201171875
2020-10-21,92.61000061035156,1924.5999755859375,40.029998779296875,0.8159999847412109,3435.56005859375
2020-10-22,92.94999694824219,1901.0999755859375,40.63999938964844,0.8479999899864197,3453.489990234375
2020-10-23,92.7699966430664,1902.0,39.849998474121094,0.8410000205039978,3465.389892578125
2020-10-26,93.05000305175781,1902.699951171875,38.560001373291016,0.8009999990463257,3400.969970703125
2020-10-27,92.94000244140625,1908.800048828125,39.56999969482422,0.777999997138977,3390.679931640625
2020-10-28,93.41000366210938,1876.199951171875,37.38999938964844,0.781000018119812,3271.030029296875
2020-10-29,93.95999908447266,1865.5999755859375,36.16999816894531,0.8349999785423279,3310.110107421875
2020-10-30,94.04000091552734,1877.4000244140625,35.790000915527344,0.8600000143051147,3269.9599609375
2020-11-02,94.05000305175781,1890.4000244140625,36.810001373291016,0.8489999771118164,3310.239990234375
2020-11-03,93.55000305175781,1908.5,37.65999984741211,0.8820000290870667,3369.159912109375
2020-11-04,93.41000366210938,1894.5999755859375,39.150001525878906,0.7680000066757202,3443.43994140625
2020-11-05,92.52999877929688,1945.300048828125,38.790000915527344,0.7760000228881836,3510.449951171875
2020-11-06,92.2300033569336,1950.300048828125,37.13999938964844,0.8199999928474426,3509.43994140625
2020-11-09,92.7300033569336,1853.199951171875,40.290000915527344,0.9580000042915344,3550.5
2020-11-10,92.75,1875.4000244140625,41.36000061035156,0.972000002861023,3545.530029296875
2020-11-11,93.04000091552734,1860.699951171875,41.45000076293945,0.9580000042915344,3572.659912109375
2020-11-12,92.95999908447266,1872.5999755859375,41.119998931884766,0.8849999904632568,3537.010009765625
2020-11-13,92.76000213623047,1885.699951171875,40.130001068115234,0.8930000066757202,3585.14990234375
2020-11-16,92.56999969482422,1887.300048828125,41.34000015258789,0.906000018119812,3626.909912109375
2020-11-17,92.41999816894531,1884.5,41.43000030517578,0.871999979019165,3609.530029296875
2020-11-18,92.31999969482422,1873.5,41.81999969482422,0.8820000290870667,3567.7900390625
2020-11-19,92.29000091552734,1861.0999755859375,41.7400016784668,0.8539999723434448,3581.8701171875
2020-11-20,92.38999938964844,1872.5999755859375,42.150001525878906,0.8289999961853027,3557.5400390625
2020-11-23,92.51000213623047,1837.800048828125,43.060001373291016,0.8569999933242798,3577.590087890625
2020-11-24,92.2300033569336,1804.800048828125,44.90999984741211,0.8820000290870667,3635.409912109375
2020-11-25,91.98999786376953,1805.699951171875,45.709999084472656,0.878000020980835,3629.64990234375
2020-11-27,91.79000091552734,1781.9000244140625,45.529998779296875,0.8420000076293945,3638.35009765625
2020-11-30,91.87000274658203,1775.699951171875,45.34000015258789,0.843999981880188,3621.6298828125
2020-12-01,91.30999755859375,1814.0999755859375,44.54999923706055,0.9340000152587891,3662.449951171875
2020-12-02,91.12000274658203,1825.699951171875,45.279998779296875,0.9480000138282776,3669.010009765625
2020-12-03,90.70999908447266,1836.800048828125,45.63999938964844,0.9200000166893005,3666.719970703125
2020-12-04,90.69999694824219,1835.9000244140625,46.2599983215332,0.968999981880188,3699.1201171875
2020-12-07,90.79000091552734,1861.800048828125,45.7599983215332,0.9279999732971191,3691.9599609375
2020-12-08,90.97000122070312,1870.800048828125,45.599998474121094,0.9129999876022339,3702.25
2020-12-09,91.08999633789062,1834.5999755859375,45.52000045776367,0.9409999847412109,3672.820068359375
2020-12-10,90.79000091552734,1833.5999755859375,46.779998779296875,0.9079999923706055,3668.10009765625
2020-12-11,90.9800033569336,1839.800048828125,46.56999969482422,0.8930000066757202,3663.4599609375
2020-12-14,90.70999908447266,1828.699951171875,46.9900016784668,0.8920000195503235,3647.489990234375
2020-12-15,90.47000122070312,1852.300048828125,47.619998931884766,0.9229999780654907,3694.6201171875
2020-12-16,90.44999694824219,1856.0999755859375,47.81999969482422,0.9200000166893005,3701.169921875
2020-12-17,89.81999969482422,1887.199951171875,48.36000061035156,0.9300000071525574,3722.47998046875
2020-12-18,90.0199966430664,1885.699951171875,49.099998474121094,0.9480000138282776,3709.409912109375
2020-12-21,90.04000091552734,1879.199951171875,47.7400016784668,0.9409999847412109,3694.919921875
2020-12-22,90.6500015258789,1866.5999755859375,47.02000045776367,0.9179999828338623,3687.260009765625
2020-12-23,90.41000366210938,1874.699951171875,48.119998931884766,0.9549999833106995,3690.010009765625
2020-12-24,90.33000183105469,1879.9000244140625,48.22999954223633,0.9279999732971191,3703.06005859375
2020-12-28,90.33999633789062,1877.199951171875,47.619998931884766,0.9330000281333923,3735.360107421875
2020-12-29,90.01000213623047,1879.699951171875,48.0,0.9350000023841858,3727.0400390625
2020-12-30,89.62999725341797,1891.0,48.400001525878906,0.9259999990463257,3732.0400390625
2020-12-31,89.94000244140625,1893.0999755859375,48.52000045776367,0.9169999957084656,3756.070068359375
2021-01-04,89.87999725341797,1944.699951171875,47.619998931884766,0.9169999957084656,3700.64990234375
2021-01-05,89.44000244140625,1952.699951171875,49.93000030517578,0.9549999833106995,3726.860107421875
2021-01-06,89.52999877929688,1906.9000244140625,50.630001068115234,1.0420000553131104,3748.139892578125
2021-01-07,89.83000183105469,1912.300048828125,50.83000183105469,1.0709999799728394,3803.7900390625
2021-01-08,90.0999984741211,1834.0999755859375,52.2400016784668,1.1050000190734863,3824.679931640625
2021-01-11,90.54000091552734,1849.5999755859375,52.25,1.1319999694824219,3799.610107421875
2021-01-12,90.05000305175781,1842.9000244140625,53.209999084472656,1.1380000114440918,3801.18994140625
2021-01-13,90.31999969482422,1853.5999755859375,52.90999984741211,1.0880000591278076,3809.840087890625
2021-01-14,90.23999786376953,1850.300048828125,53.56999969482422,1.128999948501587,3795.5400390625
2021-01-15,90.77999877929688,1829.300048828125,52.36000061035156,1.097000002861023,3768.25
2021-01-19,90.5,1839.5,52.97999954223633,1.0920000076293945,3798.909912109375
2021-01-20,90.47000122070312,1865.9000244140625,53.2400016784668,1.090000033378601,3851.85009765625
2021-01-21,90.12999725341797,1865.300048828125,53.130001068115234,1.1089999675750732,3853.070068359375
2021-01-22,90.23999786376953,1855.699951171875,52.27000045776367,1.090999960899353,3841.469970703125
2021-01-25,90.38999938964844,1854.9000244140625,52.77000045776367,1.0399999618530273,3855.360107421875
2021-01-26,90.16999816894531,1850.699951171875,52.61000061035156,1.0399999618530273,3849.6201171875
2021-01-27,90.6500015258789,1844.9000244140625,52.849998474121094,1.0140000581741333,3750.77001953125
2021-01-28,90.45999908447266,1837.9000244140625,52.34000015258789,1.0570000410079956,3787.3798828125
2021-01-29,90.58000183105469,1847.300048828125,52.20000076293945,1.093000054359436,3714.239990234375
2021-02-01,91.0199966430664,1860.800048828125,53.54999923706055,1.0770000219345093,3773.860107421875
2021-02-02,91.19999694824219,1830.5,54.7599983215332,1.1050000190734863,3826.31005859375
2021-02-03,91.12000274658203,1832.199951171875,55.689998626708984,1.13100004196167,3830.169921875
2021-02-04,91.52999877929688,1788.9000244140625,56.22999954223633,1.1390000581741333,3871.739990234375
2021-02-05,91.04000091552734,1810.9000244140625,56.849998474121094,1.1699999570846558,3886.830078125
2021-02-08,90.93000030517578,1831.9000244140625,57.970001220703125,1.159999966621399,3915.590087890625
2021-02-09,90.44000244140625,1835.300048828125,58.36000061035156,1.156999945640564,3911.22998046875
2021-02-10,90.37000274658203,1840.5999755859375,58.68000030517578,1.1330000162124634,3909.8798828125
2021-02-11,90.41999816894531,1824.9000244140625,58.2400016784668,1.1579999923706055,3916.3798828125
2021-02-12,90.4800033569336,1821.5999755859375,59.470001220703125,1.2000000476837158,3934.830078125
2021-02-16,90.51000213623047,1797.199951171875,60.04999923706055,1.2990000247955322,3932.590087890625
2021-02-17,90.94999694824219,1771.0999755859375,61.13999938964844,1.3009999990463257,3931.330078125
2021-02-18,90.58999633789062,1773.4000244140625,60.52000045776367,1.2869999408721924,3913.969970703125
2021-02-19,90.36000061035156,1775.800048828125,59.2400016784668,1.3450000286102295,3906.7099609375
2021-02-22,90.01000213623047,1806.699951171875,61.4900016784668,1.3700000047683716,3876.5
2021-02-23,90.16999816894531,1804.4000244140625,61.66999816894531,1.3619999885559082,3881.3701171875
2021-02-24,90.18000030517578,1796.4000244140625,63.220001220703125,1.3890000581741333,3925.429931640625
2021-02-25,90.12999725341797,1774.4000244140625,63.529998779296875,1.5180000066757202,3829.340087890625
2021-02-26,90.93000030517578,1728.0999755859375,61.5,1.4600000381469727,3811.14990234375
2021-03-01,91.04000091552734,1722.5,60.63999938964844,1.4459999799728394,3901.820068359375
2021-03-02,90.79000091552734,1733.0999755859375,59.75,1.4149999618530273,3870.2900390625
2021-03-03,90.94999694824219,1715.300048828125,61.279998779296875,1.4700000286102295,3819.719970703125
2021-03-04,91.62999725341797,1700.199951171875,63.83000183105469,1.5499999523162842,3768.469970703125
2021-03-05,91.9800033569336,1698.0,66.08999633789062,1.5540000200271606,3841.93994140625
2021-03-08,92.30999755859375,1677.699951171875,65.05000305175781,1.5959999561309814,3821.35009765625
2021-03-09,91.95999908447266,1716.5999755859375,64.01000213623047,1.5460000038146973,3875.43994140625
2021-03-10,91.79000091552734,1721.5,64.44000244140625,1.5199999809265137,3898.81005859375
2021-03-11,91.41999816894531,1722.300048828125,66.0199966430664,1.5269999504089355,3939.340087890625
2021-03-12,91.68000030517578,1719.5,65.61000061035156,1.6349999904632568,3943.340087890625
2021-03-15,91.83000183105469,1728.9000244140625,65.38999938964844,1.6069999933242798,3968.93994140625
2021-03-16,91.87000274658203,1730.5999755859375,64.80000305175781,1.621000051498413,3962.7099609375
2021-03-17,91.4000015258789,1726.800048828125,64.5999984741211,1.6410000324249268,3974.1201171875
2021-03-18,91.8499984741211,1732.199951171875,60.0,1.7300000190734863,3915.4599609375
2021-03-19,91.91999816894531,1741.4000244140625,61.41999816894531,1.7319999933242798,3913.10009765625
2021-03-22,91.80000305175781,1737.800048828125,61.54999923706055,1.684000015258789,3940.590087890625
2021-03-23,92.33999633789062,1724.699951171875,57.7599983215332,1.6380000114440918,3910.52001953125
2021-03-24,92.52999877929688,1732.9000244140625,61.18000030517578,1.6139999628067017,3889.139892578125
2021-03-25,92.87999725341797,1724.9000244140625,58.560001373291016,1.6139999628067017,3909.52001953125
2021-03-26,92.7699966430664,1732.199951171875,60.970001220703125,1.659999966621399,3974.5400390625
2021-03-29,92.94000244140625,1712.0999755859375,61.560001373291016,1.7209999561309814,3971.090087890625
2021-03-30,93.30000305175781,1683.9000244140625,60.54999923706055,1.7259999513626099,3958.550048828125
2021-03-31,93.2300033569336,1713.800048828125,59.15999984741211,1.746000051498413,3972.889892578125
2021-04-01,92.93000030517578,1726.5,61.45000076293945,1.6790000200271606,4019.8701171875
2021-04-05,92.5999984741211,1727.0,58.650001525878906,1.7200000286102295,4077.909912109375
2021-04-06,92.33999633789062,1741.5,59.33000183105469,1.656000018119812,4073.93994140625
2021-04-07,92.45999908447266,1740.0999755859375,59.77000045776367,1.652999997138977,4079.949951171875
2021-04-08,92.05999755859375,1756.800048828125,59.599998474121094,1.6319999694824219,4097.169921875
2021-04-09,92.16000366210938,1743.300048828125,59.31999969482422,1.6660000085830688,4128.7998046875
2021-04-12,92.13999938964844,1731.199951171875,59.70000076293945,1.6749999523162842,4127.990234375
2021-04-13,91.8499984741211,1746.199951171875,60.18000030517578,1.6230000257492065,4141.58984375
2021-04-14,91.69000244140625,1734.9000244140625,63.150001525878906,1.6380000114440918,4124.66015625
2021-04-15,91.66999816894531,1765.4000244140625,63.459999084472656,1.5299999713897705,4170.419921875
2021-04-16,91.55999755859375,1779.0,63.130001068115234,1.5729999542236328,4185.47021484375
2021-04-19,91.06999969482422,1769.4000244140625,63.380001068115234,1.6009999513626099,4163.259765625
2021-04-20,91.23999786376953,1777.300048828125,62.439998626708984,1.562000036239624,4134.93994140625
2021-04-21,91.16000366210938,1792.300048828125,61.349998474121094,1.5640000104904175,4173.419921875
2021-04-22,91.33000183105469,1781.199951171875,61.43000030517578,1.5540000200271606,4134.97998046875
2021-04-23,90.86000061035156,1777.0,62.13999938964844,1.5670000314712524,4180.169921875
2021-04-26,90.80999755859375,1779.199951171875,61.90999984741211,1.5700000524520874,4187.6201171875
2021-04-27,90.91000366210938,1778.0,62.939998626708984,1.621999979019165,4186.72021484375
2021-04-28,90.61000061035156,1773.199951171875,63.86000061035156,1.6200000047683716,4183.18017578125
2021-04-29,90.61000061035156,1768.0999755859375,65.01000213623047,1.6399999856948853,4211.47021484375
2021-04-30,91.27999877929688,1767.300048828125,63.58000183105469,1.63100004196167,4181.169921875
2021-05-03,90.94999694824219,1791.4000244140625,64.48999786376953,1.6069999933242798,4192.66015625
2021-05-04,91.29000091552734,1775.800048828125,65.69000244140625,1.5920000076293945,4164.66015625
2021-05-05,91.30999755859375,1784.0999755859375,65.62999725341797,1.5839999914169312,4167.58984375
2021-05-06,90.94999694824219,1815.5,64.70999908447266,1.5609999895095825,4201.6201171875
2021-05-07,90.2300033569336,1831.0999755859375,64.9000015258789,1.5770000219345093,4232.60009765625
2021-05-10,90.20999908447266,1837.5,64.91999816894531,1.6019999980926514,4188.43017578125
2021-05-11,90.13999938964844,1835.9000244140625,65.27999877929688,1.6239999532699585,4152.10009765625
2021-05-12,90.70999908447266,1822.5999755859375,66.08000183105469,1.6950000524520874,4063.0400390625
2021-05-13,90.75,1823.800048828125,63.81999969482422,1.6679999828338623,4112.5
2021-05-14,90.31999969482422,1837.9000244140625,65.37000274658203,1.6349999904632568,4173.85009765625
2021-05-17,90.22000122070312,1867.5,66.2699966430664,1.6399999856948853,4163.2900390625
2021-05-18,89.75,1867.800048828125,65.48999786376953,1.6419999599456787,4127.830078125
2021-05-19,90.19000244140625,1881.300048828125,63.36000061035156,1.6829999685287476,4115.68017578125
2021-05-20,89.80999755859375,1881.800048828125,62.04999923706055,1.6339999437332153,4159.1201171875
2021-05-21,90.0199966430664,1876.699951171875,63.58000183105469,1.6319999694824219,4155.85986328125
2021-05-24,89.83000183105469,1884.5999755859375,66.05000305175781,1.6080000400543213,4197.0498046875
2021-05-25,89.63999938964844,1898.0999755859375,66.06999969482422,1.5640000104904175,4188.1298828125
2021-05-26,90.04000091552734,1901.300048828125,66.20999908447266,1.5740000009536743,4195.990234375
2021-05-27,89.97000122070312,1895.699951171875,66.8499984741211,1.6100000143051147,4200.8798828125
2021-05-28,90.02999877929688,1902.5,66.31999969482422,1.5809999704360962,4204.10986328125
2021-06-01,89.83000183105469,1902.9000244140625,67.72000122070312,1.6150000095367432,4202.0400390625
2021-06-02,89.9000015258789,1907.5,68.83000183105469,1.590999960899353,4208.1201171875
2021-06-03,90.5,1871.199951171875,68.80999755859375,1.625,4192.85009765625
2021-06-04,90.13999938964844,1889.800048828125,69.62000274658203,1.559999942779541,4229.89013671875
2021-06-07,89.94999694824219,1896.800048828125,69.2300033569336,1.569000005722046,4226.52001953125
2021-06-08,90.08000183105469,1892.199951171875,70.05000305175781,1.527999997138977,4227.259765625
2021-06-09,90.12000274658203,1893.199951171875,69.95999908447266,1.4889999628067017,4219.5498046875
2021-06-10,90.08000183105469,1894.199951171875,70.29000091552734,1.4589999914169312,4239.18017578125
2021-06-11,90.55999755859375,1877.4000244140625,70.91000366210938,1.4620000123977661,4247.43994140625
2021-06-14,90.5199966430664,1864.0,70.87999725341797,1.5010000467300415,4255.14990234375
2021-06-15,90.54000091552734,1854.5,72.12000274658203,1.4989999532699585,4246.58984375
2021-06-16,91.12999725341797,1859.5,72.1500015258789,1.569000005722046,4223.7001953125
2021-06-17,91.88999938964844,1773.800048828125,71.04000091552734,1.5110000371932983,4221.85986328125
2021-06-18,92.2300033569336,1767.9000244140625,71.63999938964844,1.4500000476837158,4166.4501953125
2021-06-21,91.86000061035156,1781.800048828125,73.66000366210938,1.4839999675750732,4224.7900390625
2021-06-22,91.7300033569336,1776.300048828125,73.05999755859375,1.472000002861023,4246.43994140625
2021-06-23,91.80000305175781,1782.300048828125,73.08000183105469,1.4869999885559082,4241.83984375
2021-06-24,91.81999969482422,1775.5999755859375,73.30000305175781,1.4869999885559082,4266.490234375
2021-06-25,91.80999755859375,1776.5999755859375,74.05000305175781,1.5360000133514404,4280.7001953125
2021-06-28,91.87999725341797,1779.5999755859375,72.91000366210938,1.4780000448226929,4290.60986328125
2021-06-29,92.05000305175781,1762.800048828125,72.9800033569336,1.4800000190734863,4291.7998046875
2021-06-30,92.44000244140625,1770.800048828125,73.47000122070312,1.4429999589920044,4297.5
2021-07-01,92.5999984741211,1775.9000244140625,75.2300033569336,1.4800000190734863,4319.93994140625
2021-07-02,92.2300033569336,1782.5999755859375,75.16000366210938,1.430999994277954,4352.33984375
2021-07-06,92.55000305175781,1793.5,73.37000274658203,1.3700000047683716,4343.5400390625
2021-07-07,92.63999938964844,1801.5,72.19999694824219,1.3209999799728394,4358.1298828125
2021-07-08,92.36000061035156,1799.5999755859375,72.94000244140625,1.2879999876022339,4320.81982421875
2021-07-09,92.12999725341797,1810.0,74.55999755859375,1.3559999465942383,4369.5498046875
2021-07-12,92.2300033569336,1805.5,74.0999984741211,1.3630000352859497,4384.6298828125
2021-07-13,92.75,1809.4000244140625,75.25,1.4149999618530273,4369.2099609375
2021-07-14,92.41000366210938,1824.300048828125,73.12999725341797,1.3559999465942383,4374.2998046875
2021-07-15,92.62000274658203,1828.4000244140625,71.6500015258789,1.2970000505447388,4360.02978515625
2021-07-16,92.69000244140625,1814.5,71.80999755859375,1.2999999523162842,4327.16015625
2021-07-19,92.88999938964844,1808.699951171875,66.41999816894531,1.180999994277954,4258.490234375
2021-07-20,92.97000122070312,1810.9000244140625,67.41999816894531,1.2089999914169312,4323.06005859375
2021-07-21,92.75,1802.9000244140625,70.30000305175781,1.2799999713897705,4358.68994140625
2021-07-22,92.81999969482422,1805.0,71.91000366210938,1.2649999856948853,4367.47998046875
2021-07-23,92.91000366210938,1801.4000244140625,72.06999969482422,1.2860000133514404,4411.7900390625
2021-07-26,92.6500015258789,1798.699951171875,71.91000366210938,1.2760000228881836,4422.2998046875
2021-07-27,92.43000030517578,1799.5,71.6500015258789,1.2339999675750732,4401.4599609375
2021-07-28,92.31999969482422,1799.5,72.38999938964844,1.2610000371932983,4400.64013671875
2021-07-29,91.86000061035156,1831.199951171875,73.62000274658203,1.2690000534057617,4419.14990234375
2021-07-30,92.16999816894531,1812.5999755859375,73.94999694824219,1.2389999628067017,4395.259765625
2021-08-02,92.05000305175781,1818.0999755859375,71.26000213623047,1.1740000247955322,4387.16015625
2021-08-03,92.08000183105469,1810.0999755859375,70.55999755859375,1.1759999990463257,4423.14990234375
2021-08-04,92.2699966430664,1810.5,68.1500015258789,1.184000015258789,4402.66015625
2021-08-05,92.23999786376953,1805.0999755859375,69.08999633789062,1.2170000076293945,4429.10009765625
2021-08-06,92.80000305175781,1760.0,68.27999877929688,1.2899999618530273,4436.52001953125
2021-08-09,92.94999694824219,1723.4000244140625,66.4800033569336,1.3170000314712524,4432.35009765625
2021-08-10,93.05999755859375,1728.800048828125,68.29000091552734,1.3420000076293945,4436.75
2021-08-11,92.91000366210938,1750.4000244140625,69.25,1.3289999961853027,4442.41015625
2021-08-12,93.04000091552734,1749.0,69.08999633789062,1.3669999837875366,4460.830078125
2021-08-13,92.5199966430664,1775.199951171875,68.44000244140625,1.2970000505447388,4468.0
2021-08-16,92.62999725341797,1786.9000244140625,67.29000091552734,1.2569999694824219,4479.7099609375
2021-08-17,93.12999725341797,1785.0,66.58999633789062,1.2580000162124634,4448.080078125
2021-08-18,93.13999938964844,1781.5999755859375,65.45999908447266,1.2730000019073486,4400.27001953125
2021-08-19,93.56999969482422,1780.199951171875,63.689998626708984,1.2419999837875366,4405.7998046875
2021-08-20,93.5,1781.0,62.31999969482422,1.2599999904632568,4441.669921875
2021-08-23,92.95999908447266,1803.199951171875,65.63999938964844,1.2549999952316284,4479.52978515625
2021-08-24,92.88999938964844,1805.5999755859375,67.54000091552734,1.2899999618530273,4486.22998046875
2021-08-25,92.83000183105469,1788.199951171875,68.36000061035156,1.3420000076293945,4496.18994140625
2021-08-26,93.05999755859375,1792.199951171875,67.41999816894531,1.3420000076293945,4470.0
2021-08-27,92.69000244140625,1816.5999755859375,68.73999786376953,1.312000036239624,4509.3701171875
2021-08-30,92.6500015258789,1809.0,69.20999908447266,1.284999966621399,4528.7900390625
2021-08-31,92.62999725341797,1815.0,68.5,1.3040000200271606,4522.68017578125
2021-09-01,92.44999694824219,1813.0999755859375,68.58999633789062,1.3020000457763672,4524.08984375
2021-09-02,92.2300033569336,1808.699951171875,69.98999786376953,1.2940000295639038,4536.9501953125
2021-09-03,92.04000091552734,1830.9000244140625,69.29000091552734,1.3220000267028809,4535.43017578125
2021-09-07,92.5199966430664,1795.9000244140625,68.3499984741211,1.3700000047683716,4520.02978515625
2021-09-08,92.6500015258789,1790.699951171875,69.30000305175781,1.3339999914169312,4514.06982421875
2021-09-09,92.4800033569336,1797.4000244140625,68.13999938964844,1.2990000247955322,4493.27978515625
2021-09-10,92.58000183105469,1789.5999755859375,69.72000122070312,1.340999960899353,4458.580078125
2021-09-13,92.62000274658203,1792.0,70.44999694824219,1.3240000009536743,4468.72998046875
2021-09-14,92.6500015258789,1804.699951171875,70.45999908447266,1.2769999504089355,4443.0498046875
2021-09-15,92.48999786376953,1792.4000244140625,72.61000061035156,1.3040000200271606,4480.7001953125
2021-09-16,92.86000061035156,1754.5999755859375,72.61000061035156,1.3309999704360962,4473.75
2021-09-17,93.19999694824219,1749.4000244140625,71.97000122070312,1.3700000047683716,4432.990234375
2021-09-20,93.23999786376953,1761.800048828125,70.29000091552734,1.309000015258789,4357.72998046875
2021-09-21,93.19999694824219,1776.0,70.55999755859375,1.3240000009536743,4354.18994140625
2021-09-22,93.45999908447266,1776.699951171875,72.2300033569336,1.3359999656677246,4395.64013671875
2021-09-23,93.0999984741211,1747.699951171875,73.30000305175781,1.409999966621399,4448.97998046875
2021-09-24,93.33000183105469,1749.699951171875,73.9800033569336,1.4600000381469727,4455.47998046875
2021-09-27,93.37999725341797,1750.0,75.44999694824219,1.4839999675750732,4443.10986328125
2021-09-28,93.7699966430664,1735.800048828125,75.29000091552734,1.534000039100647,4352.6298828125
2021-09-29,94.33999633789062,1721.5,74.83000183105469,1.5410000085830688,4359.4599609375
2021-09-30,94.25,1755.300048828125,75.02999877929688,1.5290000438690186,4307.5400390625
2021-10-01,94.04000091552734,1757.0,75.87999725341797,1.4789999723434448,4357.0400390625
2021-10-04,93.80999755859375,1766.199951171875,77.62000274658203,1.4809999465942383,4300.4599609375
2021-10-05,93.9800033569336,1759.5999755859375,78.93000030517578,1.5290000438690186,4345.72021484375
2021-10-06,94.2699966430664,1760.5,77.43000030517578,1.5240000486373901,4363.5498046875
2021-10-07,94.22000122070312,1757.9000244140625,78.30000305175781,1.5709999799728394,4399.759765625
2021-10-08,94.06999969482422,1756.300048828125,79.3499984741211,1.6050000190734863,4391.33984375
2021-10-11,94.31999969482422,1754.5999755859375,80.5199966430664,1.6139999628067017,4361.18994140625
2021-10-12,94.5199966430664,1758.300048828125,80.63999938964844,1.5800000429153442,4350.64990234375
2021-10-13,94.08000183105469,1793.699951171875,80.44000244140625,1.5490000247955322,4363.7998046875
2021-10-14,93.95999908447266,1796.699951171875,81.30999755859375,1.5190000534057617,4438.259765625
2021-10-15,93.94000244140625,1767.199951171875,82.27999877929688,1.5759999752044678,4471.3701171875
2021-10-18,93.94999694824219,1764.800048828125,82.44000244140625,1.5839999914169312,4486.4599609375
2021-10-19,93.79000091552734,1769.699951171875,82.95999908447266,1.6349999904632568,4519.6298828125
2021-10-20,93.55999755859375,1784.0999755859375,83.87000274658203,1.6360000371932983,4536.18994140625
2021-10-21,93.7699966430664,1781.199951171875,82.5,1.6759999990463257,4549.77978515625
2021-10-22,93.61000061035156,1795.5,83.76000213623047,1.6549999713897705,4544.89990234375
2021-10-25,93.80999755859375,1806.0,83.76000213623047,1.6349999904632568,4566.47998046875
2021-10-26,93.94999694824219,1792.699951171875,84.6500015258789,1.61899995803833,4574.7900390625
2021-10-27,93.86000061035156,1797.9000244140625,82.66000366210938,1.5290000438690186,4551.68017578125
2021-10-28,93.3499984741211,1801.5999755859375,82.80999755859375,1.5679999589920044,4596.419921875
2021-10-29,94.12000274658203,1783.0,83.56999969482422,1.5570000410079956,4605.3798828125
2021-11-01,93.87999725341797,1795.0999755859375,84.05000305175781,1.5750000476837158,4613.669921875
2021-11-02,94.08999633789062,1788.699951171875,83.91000366210938,1.5490000247955322,4630.64990234375
2021-11-03,93.86000061035156,1763.5999755859375,80.86000061035156,1.5789999961853027,4660.56982421875
2021-11-04,94.3499984741211,1793.0,78.80999755859375,1.5240000486373901,4680.06005859375
2021-11-05,94.31999969482422,1816.4000244140625,81.2699966430664,1.4529999494552612,4697.52978515625
2021-11-08,94.05000305175781,1827.4000244140625,81.93000030517578,1.496999979019165,4701.7001953125
2021-11-09,93.95999908447266,1830.199951171875,84.1500015258789,1.4320000410079956,4685.25
2021-11-10,94.8499984741211,1847.5999755859375,81.33999633789062,1.559999942779541,4646.7099609375
2021-11-11,95.18000030517578,1863.199951171875,81.58999633789062,1.559999942779541,4649.27001953125
2021-11-12,95.12999725341797,1867.9000244140625,80.79000091552734,1.5820000171661377,4682.85009765625
2021-11-15,95.41000366210938,1866.0999755859375,80.87999725341797,1.6230000257492065,4682.7998046875
2021-11-16,95.91999816894531,1853.5999755859375,80.76000213623047,1.6339999437332153,4700.89990234375
2021-11-17,95.83000183105469,1869.699951171875,78.36000061035156,1.6039999723434448,4688.669921875
2021-11-18,95.54000091552734,1861.0,79.01000213623047,1.5889999866485596,4704.5400390625
2021-11-19,96.06999969482422,1851.199951171875,76.0999984741211,1.5360000133514404,4697.9599609375
2021-11-22,96.5,1806.0,76.75,1.625,4682.93994140625
2021-11-23,96.48999786376953,1783.5,78.5,1.6670000553131104,4690.7001953125
2021-11-24,96.83999633789062,1784.0999755859375,78.38999938964844,1.6449999809265137,4701.4599609375
2021-11-26,96.08999633789062,1785.300048828125,68.1500015258789,1.4819999933242798,4594.6201171875
2021-11-29,96.33999633789062,1782.300048828125,69.94999694824219,1.5299999713897705,4655.27001953125
2021-11-30,95.98999786376953,1773.5999755859375,66.18000030517578,1.4429999589920044,4567.0
2021-12-01,96.05000305175781,1781.5999755859375,65.56999969482422,1.434000015258789,4513.0400390625
2021-12-02,96.12999725341797,1760.699951171875,66.5,1.4479999542236328,4577.10009765625
2021-12-03,96.12000274658203,1782.0,66.26000213623047,1.343000054359436,4538.43017578125
2021-12-06,96.29000091552734,1777.5,69.48999786376953,1.434000015258789,4591.669921875
2021-12-07,96.37000274658203,1782.5999755859375,72.05000305175781,1.4800000190734863,4686.75
2021-12-08,95.88999938964844,1783.4000244140625,72.36000061035156,1.5089999437332153,4701.2099609375
2021-12-09,96.2699966430664,1774.5999755859375,70.94000244140625,1.4869999885559082,4667.4501953125
2021-12-10,96.05000305175781,1782.9000244140625,71.66999816894531,1.4889999628067017,4712.02001953125
2021-12-13,96.31999969482422,1786.300048828125,71.29000091552734,1.4240000247955322,4668.97021484375
2021-12-14,96.56999969482422,1770.4000244140625,70.7300033569336,1.437999963760376,4634.08984375
2021-12-15,96.51000213623047,1762.5999755859375,70.87000274658203,1.4630000591278076,4709.85009765625
2021-12-16,96.04000091552734,1796.5999755859375,72.37999725341797,1.4220000505447388,4668.669921875
2021-12-17,96.56999969482422,1803.800048828125,70.86000061035156,1.4019999504089355,4620.64013671875
2021-12-20,96.55000305175781,1793.699951171875,68.2300033569336,1.4190000295639038,4568.02001953125
2021-12-21,96.48999786376953,1787.9000244140625,71.12000274658203,1.4869999885559082,4649.22998046875
2021-12-22,96.08000183105469,1801.5999755859375,72.76000213623047,1.4570000171661377,4696.56005859375
2021-12-23,96.0199966430664,1811.199951171875,73.79000091552734,1.4930000305175781,4725.7900390625
2021-12-27,96.08999633789062,1808.0999755859375,75.56999969482422,1.4809999465942383,4791.18994140625
2021-12-28,96.19999694824219,1810.199951171875,75.9800033569336,1.4809999465942383,4786.35009765625
2021-12-29,95.93000030517578,1805.0999755859375,76.55999755859375,1.5429999828338623,4793.06005859375
2021-12-30,95.97000122070312,1812.699951171875,76.98999786376953,1.5149999856948853,4778.72998046875
2021-12-31,95.66999816894531,1827.5,75.20999908447266,1.5119999647140503,4766.18017578125
2022-01-03,96.23999786376953,1799.4000244140625,76.08000183105469,1.628000020980835,4796.56005859375
2022-01-04,96.29000091552734,1814.0,76.98999786376953,1.6679999828338623,4793.5400390625
2022-01-05,96.19000244140625,1824.5999755859375,77.8499984741211,1.7050000429153442,4700.580078125
2022-01-06,96.25,1788.699951171875,79.45999908447266,1.7330000400543213,4696.0498046875
2022-01-07,95.73999786376953,1797.0,78.9000015258789,1.7710000276565552,4677.02978515625
2022-01-10,95.98999786376953,1798.4000244140625,78.2300033569336,1.7799999713897705,4670.2900390625
2022-01-11,95.62000274658203,1818.5999755859375,81.22000122070312,1.746000051498413,4713.06982421875
2022-01-12,95.0,1827.199951171875,82.63999938964844,1.725000023841858,4726.35009765625
2022-01-13,94.79000091552734,1821.199951171875,82.12000274658203,1.7109999656677246,4659.02978515625
2022-01-14,95.16999816894531,1816.5,83.81999969482422,1.7719999551773071,4662.85009765625
2022-01-18,95.7300033569336,1812.300048828125,85.43000030517578,1.8650000095367432,4577.10986328125
2022-01-19,95.51000213623047,1843.0999755859375,86.95999908447266,1.8270000219345093,4532.759765625
2022-01-20,95.73999786376953,1842.5,86.9000015258789,1.8329999446868896,4482.72998046875
2022-01-21,95.63999938964844,1831.800048828125,85.13999938964844,1.746999979019165,4397.93994140625
2022-01-24,95.91999816894531,1841.699951171875,83.30999755859375,1.7350000143051147,4410.1298828125
2022-01-25,95.94999694824219,1852.699951171875,85.5999984741211,1.7829999923706055,4356.4501953125
2022-01-26,96.48999786376953,1829.9000244140625,87.3499984741211,1.8480000495910645,4349.93017578125
2022-01-27,97.26000213623047,1793.300048828125,86.61000061035156,1.8070000410079956,4326.509765625
2022-01-28,97.2699966430664,1784.9000244140625,86.81999969482422,1.781999945640564,4431.85009765625
2022-01-31,96.54000091552734,1795.0,88.1500015258789,1.781999945640564,4515.5498046875
2022-02-01,96.38999938964844,1800.300048828125,88.19999694824219,1.7999999523162842,4546.5400390625
2022-02-02,95.94000244140625,1809.199951171875,88.26000213623047,1.7660000324249268,4589.3798828125
2022-02-03,95.37999725341797,1803.0,90.2699966430664,1.8270000219345093,4477.43994140625
2022-02-04,95.4800033569336,1806.5999755859375,92.30999755859375,1.9299999475479126,4500.52978515625
2022-02-07,95.4000015258789,1820.5999755859375,91.31999969482422,1.9160000085830688,4483.8701171875
2022-02-08,95.63999938964844,1826.5999755859375,89.36000061035156,1.9539999961853027,4521.5400390625
2022-02-09,95.48999786376953,1835.199951171875,89.66000366210938,1.9290000200271606,4587.18017578125
2022-02-10,95.55000305175781,1836.199951171875,89.87999725341797,2.0309998989105225,4504.080078125
2022-02-11,96.08000183105469,1840.800048828125,93.0999984741211,1.9550000429153442,4418.64013671875
2022-02-14,96.37000274658203,1868.0,95.45999908447266,1.996000051498413,4401.669921875
2022-02-15,95.98999786376953,1854.800048828125,92.06999969482422,2.0450000762939453,4471.06982421875
2022-02-16,95.69999694824219,1870.199951171875,93.66000366210938,2.046999931335449,4475.009765625
2022-02-17,95.80000305175781,1900.699951171875,91.76000213623047,1.972000002861023,4380.259765625
2022-02-18,96.04000091552734,1898.5999755859375,91.06999969482422,1.9320000410079956,4348.8701171875
2022-02-22,96.02999877929688,1906.0999755859375,92.3499984741211,1.9479999542236328,4304.759765625
2022-02-23,96.19000244140625,1909.199951171875,92.0999984741211,1.9769999980926514,4225.5
2022-02-24,97.13999938964844,1925.0999755859375,92.80999755859375,1.968999981880188,4288.7001953125
2022-02-25,96.62000274658203,1886.5,91.58999633789062,1.9859999418258667,4384.64990234375
2022-02-28,96.70999908447266,1899.4000244140625,95.72000122070312,1.8389999866485596,4373.93994140625
2022-03-01,97.41000366210938,1942.4000244140625,103.41000366210938,1.7070000171661377,4306.259765625
2022-03-02,97.38999938964844,1920.9000244140625,110.5999984741211,1.8650000095367432,4386.5400390625
2022-03-03,97.79000091552734,1934.4000244140625,107.66999816894531,1.843999981880188,4363.490234375
2022-03-04,98.6500015258789,1965.0999755859375,115.68000030517578,1.7239999771118164,4328.8701171875
2022-03-07,99.29000091552734,1993.9000244140625,119.4000015258789,1.7510000467300415,4201.08984375
2022-03-08,99.05999755859375,2040.0999755859375,123.69999694824219,1.871999979019165,4170.7001953125
2022-03-09,97.97000122070312,1985.9000244140625,108.69999694824219,1.9479999542236328,4277.8798828125
2022-03-10,98.51000213623047,1998.0999755859375,106.0199966430664,2.010999917984009,4259.52001953125
2022-03-11,99.12000274658203,1982.699951171875,109.33000183105469,2.003999948501587,4204.31005859375
2022-03-14,99.05999755859375,1959.5999755859375,103.01000213623047,2.140000104904175,4173.10986328125
2022-03-15,99.06999969482422,1928.5,96.44000244140625,2.1600000858306885,4262.4501953125
2022-03-16,98.37999725341797,1908.0,95.04000091552734,2.187999963760376,4357.85986328125
2022-03-17,98.01000213623047,1942.0999755859375,102.9800033569336,2.191999912261963,4411.669921875
2022-03-18,98.2300033569336,1928.199951171875,104.69999694824219,2.1480000019073486,4463.1201171875
2022-03-21,98.5,1928.5999755859375,112.12000274658203,2.315000057220459,4461.18017578125
2022-03-22,98.48999786376953,1920.699951171875,111.76000213623047,2.372999906539917,4511.60986328125
2022-03-23,98.62000274658203,1936.5999755859375,114.93000030517578,2.321000099182129,4456.240234375
2022-03-24,98.79000091552734,1961.5999755859375,112.33999633789062,2.3410000801086426,4520.16015625
2022-03-25,98.80999755859375,1953.800048828125,113.9000015258789,2.492000102996826,4543.06005859375
2022-03-28,99.08999633789062,1939.5999755859375,105.95999908447266,2.4769999980926514,4575.52001953125
2022-03-29,98.4000015258789,1912.0,104.23999786376953,2.4000000953674316,4631.60009765625
2022-03-30,97.79000091552734,1933.5,107.81999969482422,2.3580000400543213,4602.4501953125
2022-03-31,98.30999755859375,1949.199951171875,100.27999877929688,2.3269999027252197,4530.41015625
2022-04-01,98.62999725341797,1919.0999755859375,99.2699966430664,2.377000093460083,4545.85986328125
2022-04-04,98.98999786376953,1929.199951171875,103.27999877929688,2.4119999408721924,4582.64013671875
2022-04-05,99.47000122070312,1922.9000244140625,101.95999908447266,2.555999994277954,4525.1201171875
2022-04-06,99.5999984741211,1918.4000244140625,96.2300033569336,2.6089999675750732,4481.14990234375
2022-04-07,99.75,1933.800048828125,96.02999877929688,2.6519999504089355,4500.2099609375
2022-04-08,99.80000305175781,1941.5999755859375,98.26000213623047,2.7130000591278076,4488.27978515625
2022-04-11,99.93000030517578,1944.300048828125,94.29000091552734,2.7799999713897705,4412.52978515625
2022-04-12,100.29000091552734,1972.0999755859375,100.5999984741211,2.7249999046325684,4397.4501953125
2022-04-13,99.87999725341797,1981.0,104.25,2.687000036239624,4446.58984375
2022-04-14,100.31999969482422,1970.9000244140625,106.94999694824219,2.828000068664551,4392.58984375
2022-04-18,100.77999877929688,1982.9000244140625,108.20999908447266,2.861999988555908,4391.68994140625
2022-04-19,100.95999908447266,1955.699951171875,102.55999755859375,2.9130001068115234,4462.2099609375
2022-04-20,100.38999938964844,1952.300048828125,102.75,2.8399999141693115,4459.4501953125
2022-04-21,100.58000183105469,1944.9000244140625,103.79000091552734,2.9170000553131104,4393.66015625
2022-04-22,101.22000122070312,1931.0,102.06999969482422,2.9059998989105225,4271.77978515625
2022-04-25,101.75,1893.199951171875,98.54000091552734,2.8259999752044678,4296.1201171875
2022-04-26,102.30000305175781,1901.4000244140625,101.69999694824219,2.7720000743865967,4175.2001953125
2022-04-27,102.94999694824219,1885.9000244140625,102.0199966430664,2.818000078201294,4183.9599609375
2022-04-28,103.62000274658203,1888.699951171875,105.36000061035156,2.86299991607666,4287.5
2022-04-29,102.95999908447266,1909.300048828125,104.69000244140625,2.88700008392334,4131.93017578125
2022-05-02,103.73999786376953,1861.800048828125,105.16999816894531,2.996000051498413,4155.3798828125
2022-05-03,103.47000122070312,1868.800048828125,102.41000366210938,2.9600000381469727,4175.47998046875
2022-05-04,102.58999633789062,1867.0,107.80999755859375,2.9170000553131104,4300.169921875
2022-05-05,103.75,1874.0,108.26000213623047,3.065999984741211,4146.8701171875
2022-05-06,103.66000366210938,1881.199951171875,109.7699966430664,3.122999906539917,4123.33984375
2022-05-09,103.6500015258789,1857.0999755859375,103.08999633789062,3.0789999961853027,3991.239990234375
2022-05-10,103.91999816894531,1839.9000244140625,99.76000213623047,2.993000030517578,4001.050048828125
2022-05-11,103.8499984741211,1852.5999755859375,105.70999908447266,2.9210000038146973,3935.179931640625
2022-05-12,104.8499984741211,1823.800048828125,106.12999725341797,2.816999912261963,3930.080078125
2022-05-13,104.55999755859375,1807.4000244140625,110.48999786376953,2.934999942779541,4023.889892578125
2022-05-16,104.19000244140625,1813.5,114.19999694824219,2.877000093460083,4008.010009765625
2022-05-17,103.36000061035156,1818.199951171875,112.4000015258789,2.9679999351501465,4088.85009765625
2022-05-18,103.80999755859375,1815.9000244140625,109.58999633789062,2.885999917984009,3923.679931640625
2022-05-19,102.72000122070312,1841.199951171875,112.20999908447266,2.8550000190734863,3900.7900390625
2022-05-20,103.1500015258789,1841.800048828125,113.2300033569336,2.7869999408721924,3901.360107421875
2022-05-23,102.08000183105469,1847.800048828125,110.29000091552734,2.8589999675750732,3973.75
2022-05-24,101.86000061035156,1865.0999755859375,109.7699966430664,2.759999990463257,3941.47998046875
2022-05-25,102.05999755859375,1846.199951171875,110.33000183105469,2.749000072479248,3978.72998046875
2022-05-26,101.83000183105469,1847.4000244140625,114.08999633789062,2.75600004196167,4057.840087890625
2022-05-27,101.66999816894531,1851.300048828125,115.06999969482422,2.743000030517578,4158.240234375
2022-05-31,101.75,1842.699951171875,114.66999816894531,2.8440001010894775,4132.14990234375
2022-06-01,102.55000305175781,1843.300048828125,115.26000213623047,2.930999994277954,4101.22998046875
2022-06-02,101.7699966430664,1866.5,116.87000274658203,2.9130001068115234,4176.81982421875
2022-06-03,102.13999938964844,1845.4000244140625,118.87000274658203,2.9570000171661377,4108.5400390625
2022-06-06,102.44000244140625,1839.199951171875,118.5,3.0380001068115234,4121.43017578125
2022-06-07,102.31999969482422,1847.5,119.41000366210938,2.9719998836517334,4160.68017578125
2022-06-08,102.54000091552734,1851.9000244140625,122.11000061035156,3.0290000438690186,4115.77001953125
2022-06-09,103.22000122070312,1848.800048828125,121.51000213623047,3.0439999103546143,4017.820068359375
2022-06-10,104.1500015258789,1871.5,120.66999816894531,3.1559998989105225,3900.860107421875
2022-06-13,105.08000183105469,1828.0,120.93000030517578,3.365999937057495,3749.6298828125
2022-06-14,105.5199966430664,1809.5,118.93000030517578,3.4830000400543213,3735.47998046875
2022-06-15,105.16000366210938,1815.300048828125,115.30999755859375,3.3949999809265137,3789.989990234375
2022-06-16,103.62999725341797,1845.699951171875,117.58999633789062,3.306999921798706,3666.77001953125
2022-06-17,104.69999694824219,1835.5999755859375,109.55999755859375,3.239000082015991,3674.840087890625
2022-06-21,104.44000244140625,1834.5999755859375,110.6500015258789,3.306999921798706,3764.7900390625
2022-06-22,104.19999694824219,1834.300048828125,106.19000244140625,3.1559998989105225,3759.889892578125
2022-06-23,104.43000030517578,1825.699951171875,104.2699966430664,3.068000078201294,3795.72998046875
2022-06-24,104.19000244140625,1826.5,107.62000274658203,3.125,3911.739990234375
2022-06-27,103.94000244140625,1820.9000244140625,109.56999969482422,3.194000005722046,3900.110107421875
2022-06-28,104.51000213623047,1817.5,111.76000213623047,3.2060000896453857,3821.550048828125
2022-06-29,105.11000061035156,1813.699951171875,109.77999877929688,3.0929999351501465,3818.830078125
2022-06-30,104.69000244140625,1804.0999755859375,105.76000213623047,2.9719998836517334,3785.3798828125
2022-07-01,105.13999938964844,1798.9000244140625,108.43000030517578,2.8889999389648438,3825.330078125
2022-07-05,106.5,1761.800048828125,99.5,2.809000015258789,3831.389892578125
2022-07-06,107.0999984741211,1734.9000244140625,98.52999877929688,2.9130001068115234,3845.080078125
2022-07-07,107.12999725341797,1737.9000244140625,102.7300033569336,3.007999897003174,3902.6201171875
2022-07-08,107.01000213623047,1740.5999755859375,104.79000091552734,3.1010000705718994,3899.3798828125
2022-07-11,108.0199966430664,1730.0,104.08999633789062,2.990999937057495,3854.429931640625
2022-07-12,108.06999969482422,1723.300048828125,95.83999633789062,2.9579999446868896,3818.800048828125
2022-07-13,107.95999908447266,1734.199951171875,96.30000305175781,2.9040000438690186,3801.780029296875
2022-07-14,108.54000091552734,1704.5,95.77999877929688,2.9600000381469727,3790.3798828125
2022-07-15,108.05999755859375,1702.4000244140625,97.58999633789062,2.930000066757202,3863.159912109375
2022-07-18,107.37000274658203,1709.199951171875,102.5999984741211,2.9600000381469727,3830.85009765625
2022-07-19,106.68000030517578,1710.0,104.22000122070312,3.0190000534057617,3936.68994140625
2022-07-20,107.08000183105469,1699.5,102.26000213623047,3.0360000133514404,3959.89990234375
2022-07-21,106.91000366210938,1712.699951171875,96.3499984741211,2.9100000858306885,3998.949951171875
2022-07-22,106.7300033569336,1727.0999755859375,94.69999694824219,2.7829999923706055,3961.6298828125
2022-07-25,106.4800033569336,1719.0,96.69999694824219,2.819999933242798,3966.840087890625
2022-07-26,107.19000244140625,1717.699951171875,94.9800033569336,2.7869999408721924,3921.050048828125
2022-07-27,106.44999694824219,1719.0999755859375,97.26000213623047,2.7339999675750732,4023.610107421875
2022-07-28,106.3499984741211,1750.300048828125,96.41999816894531,2.680999994277954,4072.429931640625
2022-07-29,105.9000015258789,1762.9000244140625,98.62000274658203,2.6419999599456787,4130.2900390625
2022-08-01,105.44999694824219,1769.0,93.88999938964844,2.6059999465942383,4118.6298828125
2022-08-02,106.23999786376953,1771.0999755859375,94.41999816894531,2.740999937057495,4091.18994140625
2022-08-03,106.51000213623047,1758.0,90.66000366210938,2.747999906539917,4155.169921875
2022-08-04,105.69000244140625,1788.5,88.54000091552734,2.6760001182556152,4151.93994140625
2022-08-05,106.62000274658203,1772.9000244140625,89.01000213623047,2.8399999141693115,4145.18994140625
2022-08-08,106.44000244140625,1786.800048828125,90.76000213623047,2.765000104904175,4140.06005859375
2022-08-09,106.37000274658203,1794.0,90.5,2.796999931335449,4122.47021484375
2022-08-10,105.19999694824219,1795.5999755859375,91.93000030517578,2.7860000133514404,4210.240234375
2022-08-11,105.08999633789062,1789.699951171875,94.33999633789062,2.888000011444092,4207.27001953125
2022-08-12,105.62999725341797,1798.5999755859375,92.08999633789062,2.8489999771118164,4280.14990234375
2022-08-15,106.55000305175781,1781.4000244140625,89.41000366210938,2.7909998893737793,4297.14013671875
2022-08-16,106.5,1773.199951171875,86.52999877929688,2.8239998817443848,4305.2001953125
2022-08-17,106.56999969482422,1760.300048828125,88.11000061035156,2.8929998874664307,4274.0400390625
2022-08-18,107.4800033569336,1755.300048828125,90.5,2.880000114440918,4283.740234375
2022-08-19,108.16999816894531,1747.5999755859375,90.7699966430664,2.989000082015991,4228.47998046875
2022-08-22,109.05000305175781,1734.0,90.2300033569336,3.0369999408721924,4137.990234375
2022-08-23,108.62000274658203,1746.800048828125,93.73999786376953,3.053999900817871,4128.72998046875
2022-08-24,108.68000030517578,1747.800048828125,94.88999938964844,3.1059999465942383,4140.77001953125
2022-08-25,108.47000122070312,1757.699951171875,92.5199966430664,3.0260000228881836,4199.1201171875
2022-08-26,108.80000305175781,1736.0999755859375,93.05999755859375,3.0350000858306885,4057.659912109375
2022-08-29,108.83999633789062,1736.5999755859375,97.01000213623047,3.109999895095825,4030.610107421875
2022-08-30,108.7699966430664,1723.199951171875,91.63999938964844,3.109999895095825,3986.159912109375
2022-08-31,108.69999694824219,1712.800048828125,89.55000305175781,3.132999897003174,3955.0
2022-09-01,109.69000244140625,1696.5999755859375,86.61000061035156,3.265000104904175,3966.85009765625
2022-09-02,109.52999877929688,1709.800048828125,86.87000274658203,3.193000078201294,3924.260009765625
2022-09-06,110.20999908447266,1700.4000244140625,86.87999725341797,3.3399999141693115,3908.18994140625
2022-09-07,109.83999633789062,1715.300048828125,81.94000244140625,3.265000104904175,3979.8701171875
2022-09-08,109.70999908447266,1708.0,83.54000091552734,3.2920000553131104,4006.179931640625
2022-09-09,109.0,1716.199951171875,86.79000091552734,3.321000099182129,4067.360107421875
2022-09-12,108.33000183105469,1728.0999755859375,87.77999877929688,3.361999988555908,4110.41015625
2022-09-13,109.81999969482422,1705.0,87.30999755859375,3.421999931335449,3932.68994140625
2022-09-14,109.66000366210938,1696.5,88.4800033569336,3.4119999408721924,3946.010009765625
2022-09-15,109.73999786376953,1665.4000244140625,85.0999984741211,3.4590001106262207,3901.35009765625
2022-09-16,109.76000213623047,1671.699951171875,85.11000061035156,3.447999954223633,3873.330078125
2022-09-19,109.73999786376953,1666.199951171875,85.7300033569336,3.490000009536743,3899.889892578125
2022-09-20,110.22000122070312,1659.699951171875,84.44999694824219,3.571000099182129,3855.929931640625
2022-09-21,110.63999938964844,1664.5999755859375,82.94000244140625,3.509999990463257,3789.929931640625
2022-09-22,111.3499984741211,1670.800048828125,83.48999786376953,3.7079999446868896,3757.989990234375
2022-09-23,113.19000244140625,1645.300048828125,78.73999786376953,3.697000026702881,3693.22998046875
2022-09-26,114.0999984741211,1623.300048828125,76.70999908447266,3.878000020980835,3655.0400390625
2022-09-27,114.11000061035156,1626.699951171875,78.5,3.9639999866485596,3647.2900390625
2022-09-28,112.5999984741211,1660.4000244140625,82.1500015258789,3.7049999237060547,3719.0400390625
2022-09-29,112.25,1658.5,81.2300033569336,3.746999979019165,3640.469970703125
2022-09-30,112.12000274658203,1662.4000244140625,79.48999786376953,3.803999900817871,3585.6201171875
2022-10-03,111.75,1692.9000244140625,83.62999725341797,3.6510000228881836,3678.429931640625
2022-10-04,110.06999969482422,1721.0999755859375,86.5199966430664,3.617000102996826,3790.929931640625
2022-10-05,111.06999969482422,1711.4000244140625,87.76000213623047,3.759000062942505,3783.280029296875
2022-10-06,112.26000213623047,1711.699951171875,88.44999694824219,3.8259999752044678,3744.52001953125
2022-10-07,112.80000305175781,1700.5,92.63999938964844,3.882999897003174,3639.659912109375
2022-10-10,113.13999938964844,1667.300048828125,91.12999725341797,3.888000011444092,3612.389892578125
2022-10-11,113.22000122070312,1678.699951171875,89.3499984741211,3.938999891281128,3588.840087890625
2022-10-12,113.31999969482422,1670.300048828125,87.2699966430664,3.9019999504089355,3577.030029296875
2022-10-13,112.36000061035156,1670.0,89.11000061035156,3.9519999027252197,3669.909912109375
2022-10-14,113.30999755859375,1641.699951171875,85.61000061035156,4.010000228881836,3583.070068359375
2022-10-17,112.04000091552734,1657.0,85.45999908447266,4.014999866485596,3677.949951171875
2022-10-18,112.12999725341797,1649.0,82.81999969482422,3.997999906539917,3719.97998046875
2022-10-19,112.9800033569336,1627.5,85.55000305175781,4.126999855041504,3695.159912109375
2022-10-20,112.87999725341797,1630.800048828125,85.9800033569336,4.22599983215332,3665.780029296875
2022-10-21,112.01000213623047,1651.0,85.05000305175781,4.2129998207092285,3752.75
2022-10-24,111.98999786376953,1648.699951171875,84.58000183105469,4.234000205993652,3797.340087890625
2022-10-25,110.94999694824219,1652.800048828125,85.31999969482422,4.107999801635742,3859.110107421875
2022-10-26,109.69999694824219,1664.0,87.91000366210938,4.014999866485596,3830.60009765625
2022-10-27,110.58999633789062,1660.699951171875,89.08000183105469,3.937000036239624,3807.300048828125
2022-10-28,110.66999816894531,1639.5999755859375,87.9000015258789,4.010000228881836,3901.06005859375
2022-10-31,111.52999877929688,1635.9000244140625,86.52999877929688,4.077000141143799,3871.97998046875
2022-11-01,111.4800033569336,1645.0,88.37000274658203,4.052000045776367,3856.10009765625
2022-11-02,111.3499984741211,1645.699951171875,90.0,4.059000015258789,3759.68994140625
2022-11-03,112.93000030517578,1627.300048828125,88.16999816894531,4.124000072479248,3719.889892578125
2022-11-04,110.87999725341797,1672.5,92.61000061035156,4.156000137329102,3770.550048828125
2022-11-07,110.12000274658203,1676.5,91.79000091552734,4.214000225067139,3806.800048828125
2022-11-08,109.62000274658203,1712.0999755859375,88.91000366210938,4.125999927520752,3828.110107421875
2022-11-09,110.55000305175781,1710.0999755859375,85.83000183105469,4.151000022888184,3748.570068359375
2022-11-10,108.20999908447266,1750.300048828125,86.47000122070312,3.8289999961853027,3956.3701171875
2022-11-11,106.29000091552734,1766.0,88.95999908447266,3.812999963760376,3992.929931640625
2022-11-14,106.66000366210938,1773.5999755859375,85.87000274658203,3.865000009536743,3957.25
2022-11-15,106.4000015258789,1773.800048828125,86.91999816894531,3.7990000247955322,3991.72998046875
2022-11-16,106.27999877929688,1773.0,85.58999633789062,3.691999912261963,3958.7900390625
2022-11-17,106.69000244140625,1760.800048828125,81.63999938964844,3.7750000953674316,3946.56005859375
2022-11-18,106.93000030517578,1751.9000244140625,80.08000183105469,3.818000078201294,3965.340087890625
2022-11-21,107.83999633789062,1737.4000244140625,79.7300033569336,3.825000047683716,3949.93994140625
2022-11-22,107.22000122070312,1738.300048828125,80.94999694824219,3.757999897003174,4003.580078125
2022-11-23,106.08000183105469,1744.9000244140625,77.94000244140625,3.7060000896453857,4027.260009765625
2022-11-25,105.95999908447266,1753.300048828125,76.27999877929688,3.690999984741211,4026.1201171875
2022-11-28,106.68000030517578,1740.0999755859375,77.23999786376953,3.703000068664551,3963.93994140625
2022-11-29,106.81999969482422,1748.4000244140625,78.19999694824219,3.747999906539917,3957.6298828125
2022-11-30,105.94999694824219,1746.0,80.55000305175781,3.703000068664551,4080.110107421875
2022-12-01,104.7300033569336,1801.0999755859375,81.22000122070312,3.5290000438690186,4076.570068359375
2022-12-02,104.55000305175781,1795.9000244140625,79.9800033569336,3.50600004196167,4071.699951171875
2022-12-05,105.29000091552734,1767.4000244140625,76.93000030517578,3.5989999771118164,3998.840087890625
2022-12-06,105.58000183105469,1769.300048828125,74.25,3.513000011444092,3941.260009765625
2022-12-07,105.0999984741211,1785.5,72.01000213623047,3.4079999923706055,3933.919921875
2022-12-08,104.7699966430664,1788.699951171875,71.45999908447266,3.490999937057495,3963.510009765625
2022-12-09,104.80999755859375,1798.0999755859375,71.0199966430664,3.566999912261963,3934.3798828125
2022-12-12,105.12999725341797,1780.5,73.16999816894531,3.6110000610351562,3990.56005859375
2022-12-13,103.9800033569336,1813.9000244140625,75.38999938964844,3.500999927520752,4019.64990234375
2022-12-14,103.7699966430664,1807.5,77.27999877929688,3.503000020980835,3995.320068359375
2022-12-15,104.55999755859375,1777.199951171875,76.11000061035156,3.450000047683716,3895.75
2022-12-16,104.69999694824219,1790.0,74.29000091552734,3.4820001125335693,3852.360107421875
2022-12-19,104.72000122070312,1787.699951171875,75.19000244140625,3.5810000896453857,3817.659912109375
2022-12-20,103.97000122070312,1815.9000244140625,76.08999633789062,3.684000015258789,3821.6201171875
2022-12-21,104.16000366210938,1815.9000244140625,78.29000091552734,3.684000015258789,3878.43994140625
2022-12-22,104.43000030517578,1787.0,77.48999786376953,3.6689999103546143,3822.389892578125
2022-12-23,104.30999755859375,1795.9000244140625,79.55999755859375,3.750999927520752,3844.820068359375
2022-12-27,104.18000030517578,1814.800048828125,79.52999877929688,3.859999895095825,3829.25
2022-12-28,104.45999908447266,1807.9000244140625,78.95999908447266,3.88700008392334,3783.219970703125
2022-12-29,103.83999633789062,1819.5,78.4000015258789,3.8350000381469727,3849.280029296875
2022-12-30,103.5199966430664,1819.699951171875,80.26000213623047,3.878999948501587,3839.5
2023-01-03,104.5199966430664,1839.699951171875,76.93000030517578,3.7929999828338623,3824.139892578125
2023-01-04,104.25,1852.800048828125,72.83999633789062,3.7090001106262207,3852.969970703125
2023-01-05,105.04000091552734,1834.800048828125,73.66999816894531,3.7200000286102295,3808.10009765625
2023-01-06,103.87999725341797,1864.199951171875,73.7699966430664,3.569000005722046,3895.080078125
2023-01-09,103.0,1872.699951171875,74.62999725341797,3.5169999599456787,3892.090087890625
2023-01-10,103.23999786376953,1871.5999755859375,75.12000274658203,3.621000051498413,3919.25
2023-01-11,103.19000244140625,1874.5999755859375,77.41000366210938,3.553999900817871,3969.610107421875
2023-01-12,102.25,1895.5,78.38999938964844,3.4489998817443848,3983.169921875
2023-01-13,102.19999694824219,1918.4000244140625,79.86000061035156,3.510999917984009,3999.090087890625
2023-01-17,102.38999938964844,1907.199951171875,80.18000030517578,3.5350000858306885,3990.969970703125
2023-01-18,102.36000061035156,1904.4000244140625,79.4800033569336,3.375,3928.860107421875
2023-01-19,102.05999755859375,1922.0999755859375,80.33000183105469,3.3970000743865967,3898.85009765625
2023-01-20,102.01000213623047,1926.4000244140625,81.30999755859375,3.4839999675750732,3972.610107421875
2023-01-23,102.13999938964844,1927.0999755859375,81.62000274658203,3.5250000953674316,4019.81005859375
2023-01-24,101.91999816894531,1933.9000244140625,80.12999725341797,3.4690001010894775,4016.949951171875
2023-01-25,101.63999938964844,1941.199951171875,80.1500015258789,3.4619998931884766,4016.219970703125
2023-01-26,101.83999633789062,1929.0999755859375,81.01000213623047,3.493000030517578,4060.429931640625
2023-01-27,101.93000030517578,1928.5999755859375,79.68000030517578,3.5179998874664307,4070.56005859375
2023-01-30,102.27999877929688,1922.9000244140625,77.9000015258789,3.5510001182556152,4017.77001953125
2023-01-31,102.0999984741211,1929.5,78.87000274658203,3.5290000438690186,4076.60009765625
2023-02-01,101.22000122070312,1927.800048828125,76.41000366210938,3.3970000743865967,4119.2099609375
2023-02-02,101.75,1916.300048828125,75.87999725341797,3.3959999084472656,4179.759765625
2023-02-03,102.91999816894531,1862.9000244140625,73.38999938964844,3.5320000648498535,4136.47998046875
2023-02-06,103.62000274658203,1866.199951171875,74.11000061035156,3.634000062942505,4111.080078125
2023-02-07,103.43000030517578,1871.699951171875,77.13999938964844,3.6740000247955322,4164.0
2023-02-08,103.41000366210938,1877.4000244140625,78.47000122070312,3.6530001163482666,4117.85986328125
2023-02-09,103.22000122070312,1866.199951171875,78.05999755859375,3.683000087738037,4081.5
2023-02-10,103.62999725341797,1862.800048828125,79.72000122070312,3.74399995803833,4090.4599609375
2023-02-13,103.3499984741211,1851.9000244140625,80.13999938964844,3.7170000076293945,4137.2900390625
2023-02-14,103.2300033569336,1854.0,79.05999755859375,3.760999917984009,4136.1298828125
2023-02-15,103.91999816894531,1834.199951171875,78.58999633789062,3.809000015258789,4147.60009765625
2023-02-16,103.86000061035156,1842.0,78.48999786376953,3.8429999351501465,4090.409912109375
2023-02-17,103.86000061035156,1840.4000244140625,76.33999633789062,3.828000068664551,4079.090087890625
2023-02-21,104.18000030517578,1833.0,76.16000366210938,3.9549999237060547,3997.340087890625
2023-02-22,104.58999633789062,1832.0,73.94999694824219,3.9230000972747803,3991.050048828125
2023-02-23,104.5999984741211,1818.0,75.38999938964844,3.878999948501587,4012.320068359375
2023-02-24,105.20999908447266,1808.800048828125,76.31999969482422,3.9489998817443848,3970.0400390625
2023-02-27,104.66999816894531,1817.0,75.68000030517578,3.921999931335449,3982.239990234375
2023-02-28,104.87000274658203,1828.9000244140625,77.05000305175781,3.9159998893737793,3970.14990234375
2023-03-01,104.4800033569336,1837.699951171875,77.69000244140625,3.99399995803833,3951.389892578125
2023-03-02,105.02999877929688,1833.5,78.16000366210938,4.072999954223633,3981.35009765625
2023-03-03,104.5199966430664,1847.699951171875,79.68000030517578,3.9639999866485596,4045.639892578125
2023-03-06,104.3499984741211,1847.9000244140625,80.45999908447266,3.9830000400543213,4048.419921875
2023-03-07,105.62000274658203,1813.9000244140625,77.58000183105469,3.9749999046325684,3986.3701171875
2023-03-08,105.66000366210938,1812.699951171875,76.66000366210938,3.9760000705718994,3992.010009765625
2023-03-09,105.30999755859375,1829.300048828125,75.72000122070312,3.924999952316284,3918.320068359375
2023-03-10,104.58000183105469,1862.0,76.68000030517578,3.694999933242798,3861.590087890625
2023-03-13,103.5999984741211,1911.699951171875,74.80000305175781,3.515000104904175,3855.760009765625
2023-03-14,103.5999984741211,1906.199951171875,71.33000183105469,3.638000011444092,3919.2900390625
2023-03-15,104.6500015258789,1926.5999755859375,67.61000061035156,3.492000102996826,3891.929931640625
2023-03-16,104.41999816894531,1919.0,68.3499984741211,3.5850000381469727,3960.280029296875
2023-03-17,103.70999908447266,1969.800048828125,66.73999786376953,3.3949999809265137,3916.639892578125
2023-03-20,103.27999877929688,1979.199951171875,67.63999938964844,3.4809999465942383,3951.570068359375
2023-03-21,103.26000213623047,1938.0,69.33000183105469,3.6059999465942383,4002.8701171875
2023-03-22,102.3499984741211,1946.800048828125,70.9000015258789,3.5,3936.969970703125
2023-03-23,102.52999877929688,1993.800048828125,69.95999908447266,3.4059998989105225,3948.719970703125
2023-03-24,103.12000274658203,1982.0999755859375,69.26000213623047,3.380000114440918,3970.989990234375
2023-03-27,102.86000061035156,1952.4000244140625,72.80999755859375,3.5280001163482666,3977.530029296875
2023-03-28,102.43000030517578,1972.4000244140625,73.19999694824219,3.563999891281128,3971.27001953125
2023-03-29,102.63999938964844,1966.0999755859375,72.97000122070312,3.565999984741211,4027.81005859375
2023-03-30,102.13999938964844,1980.300048828125,74.37000274658203,3.5510001182556152,4050.830078125
2023-03-31,102.51000213623047,1969.0,75.66999816894531,3.49399995803833,4109.31005859375
2023-04-03,102.08999633789062,1983.9000244140625,80.41999816894531,3.430000066757202,4124.509765625
2023-04-04,101.58999633789062,2022.199951171875,80.70999908447266,3.3369998931884766,4100.60009765625
2023-04-05,101.8499984741211,2020.9000244140625,80.61000061035156,3.2869999408721924,4090.3798828125
2023-04-06,101.81999969482422,2011.9000244140625,80.69999694824219,3.2880001068115234,4105.02001953125
2023-04-10,102.58000183105469,1989.0999755859375,79.73999786376953,3.4149999618530273,4109.10986328125
2023-04-11,102.19999694824219,2004.800048828125,81.52999877929688,3.434000015258789,4108.93994140625
2023-04-12,101.5,2010.9000244140625,83.26000213623047,3.4210000038146973,4091.949951171875
2023-04-13,101.01000213623047,2041.300048828125,82.16000366210938,3.4519999027252197,4146.22021484375
2023-04-14,101.55000305175781,2002.199951171875,82.5199966430664,3.5220000743865967,4137.64013671875
2023-04-17,102.0999984741211,1994.199951171875,80.83000183105469,3.5910000801086426,4151.31982421875
2023-04-18,101.75,2007.4000244140625,80.86000061035156,3.572000026702881,4154.8701171875
2023-04-19,101.97000122070312,1995.199951171875,79.16000366210938,3.6019999980926514,4154.52001953125
2023-04-20,101.83999633789062,2007.5999755859375,77.29000091552734,3.5450000762939453,4129.7900390625
2023-04-21,101.81999969482422,1979.5,77.87000274658203,3.569999933242798,4133.52001953125
2023-04-24,101.3499984741211,1989.0999755859375,78.76000213623047,3.515000104904175,4137.0400390625
2023-04-25,101.86000061035156,1994.0,77.06999969482422,3.3959999084472656,4071.6298828125
2023-04-26,101.47000122070312,1985.699951171875,74.30000305175781,3.431999921798706,4055.989990234375
2023-04-27,101.5,1989.9000244140625,74.76000213623047,3.5280001163482666,4135.35009765625
2023-04-28,101.66999816894531,1990.0999755859375,76.77999877929688,3.4519999027252197,4169.47998046875
2023-05-01,102.1500015258789,1983.4000244140625,75.66000366210938,3.5739998817443848,4167.8701171875
2023-05-02,101.95999908447266,2014.300048828125,71.66000366210938,3.438999891281128,4119.580078125
2023-05-03,101.33999633789062,2028.5999755859375,68.5999984741211,3.4030001163482666,4090.75
2023-05-04,101.4000015258789,2048.0,68.55999755859375,3.3510000705718994,4061.219970703125
2023-05-05,101.20999908447266,2017.4000244140625,71.33999633789062,3.446000099182129,4136.25
2023-05-08,101.37000274658203,2026.300048828125,73.16000366210938,3.5209999084472656,4138.1201171875
2023-05-09,101.63999938964844,2036.199951171875,73.70999908447266,3.5209999084472656,4119.169921875
2023-05-10,101.4800033569336,2030.5,72.55999755859375,3.438999891281128,4137.64013671875
2023-05-11,102.05999755859375,2014.699951171875,70.87000274658203,3.3970000743865967,4130.6201171875
2023-05-12,102.68000030517578,2014.5,70.04000091552734,3.4630000591278076,4124.080078125
2023-05-15,102.43000030517578,2018.0,71.11000061035156,3.507999897003174,4136.27978515625
2023-05-16,102.55999755859375,1988.4000244140625,70.86000061035156,3.5490000247955322,4109.89990234375
2023-05-17,102.87999725341797,1980.699951171875,72.83000183105469,3.5810000896453857,4158.77001953125
2023-05-18,103.58000183105469,1956.5,71.86000061035156,3.6480000019073486,4198.0498046875
2023-05-19,103.19999694824219,1978.699951171875,71.55000305175781,3.691999912261963,4191.97998046875
2023-05-22,103.19999694824219,1974.800048828125,71.98999786376953,3.7190001010894775,4192.6298828125
2023-05-23,103.48999786376953,1972.4000244140625,72.91000366210938,3.697999954223633,4145.580078125
2023-05-24,103.88999938964844,1962.800048828125,74.33999633789062,3.7190001010894775,4115.240234375
2023-05-25,104.20999908447266,1943.0999755859375,71.83000183105469,3.813999891281128,4151.27978515625
2023-05-26,104.20999908447266,1944.0999755859375,72.66999816894531,3.809999942779541,4205.4501953125
2023-05-30,104.16999816894531,1958.0,69.45999908447266,3.700000047683716,4205.52001953125
2023-05-31,104.31999969482422,1963.9000244140625,68.08999633789062,3.63700008392334,4179.830078125
2023-06-01,103.55999755859375,1978.0,70.0999984741211,3.6080000400543213,4221.02001953125
2023-06-02,104.0199966430664,1952.4000244140625,71.73999786376953,3.690999984741211,4282.3701171875
2023-06-05,104.0,1958.0,72.1500015258789,3.693000078201294,4273.7900390625
2023-06-06,104.12999725341797,1965.5,71.73999786376953,3.6989998817443848,4283.85009765625
2023-06-07,104.0999984741211,1942.699951171875,72.52999877929688,3.7839999198913574,4267.52001953125
2023-06-08,103.33999633789062,1963.5999755859375,71.29000091552734,3.7139999866485596,4293.93017578125
2023-06-09,103.55999755859375,1962.199951171875,70.16999816894531,3.744999885559082,4298.85986328125
2023-06-12,103.62999725341797,1955.300048828125,67.12000274658203,3.765000104904175,4338.93017578125
2023-06-13,103.33999633789062,1944.5999755859375,69.41999816894531,3.8389999866485596,4369.009765625
2023-06-14,103.01000213623047,1955.300048828125,68.2699966430664,3.7960000038146973,4372.58984375
2023-06-15,102.12000274658203,1957.800048828125,70.62000274658203,3.7279999256134033,4425.83984375
2023-06-16,102.30000305175781,1958.4000244140625,71.77999877929688,3.7690000534057617,4409.58984375
2023-06-20,102.54000091552734,1935.5,70.5,3.7290000915527344,4388.7099609375
2023-06-21,102.06999969482422,1933.300048828125,72.52999877929688,3.7230000495910645,4365.68994140625
2023-06-22,102.38999938964844,1912.699951171875,69.51000213623047,3.7990000247955322,4381.89013671875
2023-06-23,102.9000015258789,1919.0999755859375,69.16000366210938,3.739000082015991,4348.330078125
2023-06-26,102.69000244140625,1923.699951171875,69.37000274658203,3.7190001010894775,4328.81982421875
2023-06-27,102.48999786376953,1914.0,67.69999694824219,3.7679998874664307,4378.41015625
2023-06-28,102.91000366210938,1912.300048828125,69.55999755859375,3.7100000381469727,4376.85986328125
2023-06-29,103.33999633789062,1909.199951171875,69.86000061035156,3.8540000915527344,4396.43994140625
2023-06-30,102.91000366210938,1921.0999755859375,70.63999938964844,3.819000005722046,4450.3798828125
2023-07-03,102.98999786376953,1921.699951171875,69.79000091552734,3.8580000400543213,4455.58984375
2023-07-05,103.37000274658203,1919.5999755859375,71.79000091552734,3.944999933242798,4446.81982421875
2023-07-06,103.16999816894531,1908.699951171875,71.80000305175781,4.040999889373779,4411.58984375
2023-07-07,102.2699966430664,1926.199951171875,73.86000061035156,4.050000190734863,4398.9501953125
2023-07-10,101.97000122070312,1925.0,72.98999786376953,4.00600004196167,4409.52978515625
2023-07-11,101.7300033569336,1931.300048828125,74.83000183105469,3.9800000190734863,4439.259765625
2023-07-12,100.5199966430664,1956.199951171875,75.75,3.8610000610351562,4472.16015625
2023-07-13,99.7699966430664,1959.199951171875,76.88999938964844,3.760999917984009,4510.0400390625
2023-07-14,99.91000366210938,1960.0999755859375,75.41999816894531,3.819000005722046,4505.419921875
2023-07-17,99.83999633789062,1952.4000244140625,74.1500015258789,3.796999931335449,4522.7900390625
2023-07-18,99.94000244140625,1977.199951171875,75.75,3.7890000343322754,4554.97998046875
2023-07-19,100.27999877929688,1977.5,75.3499984741211,3.742000102996826,4565.72021484375
2023-07-20,100.87999725341797,1968.300048828125,75.62999725341797,3.8540000915527344,4534.8701171875
2023-07-21,101.06999969482422,1964.300048828125,77.06999969482422,3.8369998931884766,4536.33984375
2023-07-24,101.3499984741211,1960.300048828125,78.73999786376953,3.8570001125335693,4554.64013671875
2023-07-25,101.3499984741211,1962.0999755859375,79.62999725341797,3.9119999408721924,4567.4599609375
2023-07-26,100.88999938964844,1968.9000244140625,78.77999877929688,3.8510000705718994,4566.75
2023-07-27,101.7699966430664,1945.4000244140625,80.08999633789062,4.01200008392334,4537.41015625
2023-07-28,101.62000274658203,1960.4000244140625,80.58000183105469,3.9690001010894775,4582.22998046875
2023-07-31,101.86000061035156,1970.5,81.80000305175781,3.9590001106262207,4588.9599609375
2023-08-01,102.30000305175781,1940.699951171875,81.37000274658203,4.051000118255615,4576.72998046875
2023-08-02,102.58999633789062,1937.4000244140625,79.48999786376953,4.078000068664551,4513.39013671875
2023-08-03,102.54000091552734,1932.0,81.55000305175781,4.189000129699707,4501.89013671875
2023-08-04,102.0199966430664,1939.5999755859375,82.81999969482422,4.059999942779541,4478.02978515625
2023-08-07,102.05000305175781,1933.5,81.94000244140625,4.078000068664551,4518.43994140625
2023-08-08,102.52999877929688,1924.0999755859375,82.91999816894531,4.026000022888184,4499.3798828125
2023-08-09,102.48999786376953,1915.4000244140625,84.4000015258789,4.01200008392334,4467.7099609375
2023-08-10,102.5199966430664,1914.4000244140625,82.81999969482422,4.079999923706055,4468.830078125
2023-08-11,102.83999633789062,1912.9000244140625,83.19000244140625,4.168000221252441,4464.0498046875
2023-08-14,103.19000244140625,1910.5999755859375,82.51000213623047,4.184000015258789,4489.72021484375
2023-08-15,103.20999908447266,1902.5,80.98999786376953,4.2210001945495605,4437.85986328125
2023-08-16,103.41999816894531,1896.0999755859375,79.37999725341797,4.257999897003174,4404.330078125
2023-08-17,103.44000244140625,1884.0999755859375,80.38999938964844,4.308000087738037,4370.35986328125
2023-08-18,103.37999725341797,1886.0999755859375,81.25,4.250999927520752,4369.7099609375
2023-08-21,103.33000183105469,1893.300048828125,80.72000122070312,4.3420000076293945,4399.77001953125
2023-08-22,103.55999755859375,1896.4000244140625,80.3499984741211,4.328000068664551,4387.5498046875
2023-08-23,103.36000061035156,1918.5,78.88999938964844,4.197999954223633,4436.009765625
2023-08-24,103.9800033569336,1918.199951171875,79.05000305175781,4.235000133514404,4376.31005859375
2023-08-25,104.08000183105469,1911.0999755859375,79.83000183105469,4.238999843597412,4405.7099609375
2023-08-28,104.05999755859375,1917.9000244140625,80.0999984741211,4.211999893188477,4433.31005859375
2023-08-29,103.55000305175781,1936.5,81.16000366210938,4.122000217437744,4497.6298828125
2023-08-30,103.16000366210938,1944.300048828125,81.62999725341797,4.118000030517578,4514.8701171875
2023-08-31,103.62000274658203,1938.199951171875,83.62999725341797,4.0929999351501465,4507.66015625
2023-09-01,104.23999786376953,1939.800048828125,85.55000305175781,4.172999858856201,4515.77001953125
2023-09-05,104.80999755859375,1926.199951171875,86.69000244140625,4.26800012588501,4496.830078125
2023-09-06,104.86000061035156,1918.0999755859375,87.54000091552734,4.289999961853027,4465.47998046875
2023-09-07,105.05999755859375,1917.5,86.87000274658203,4.260000228881836,4451.14013671875
2023-09-08,105.08999633789062,1918.4000244140625,87.51000213623047,4.257999897003174,4457.490234375
2023-09-11,104.56999969482422,1923.300048828125,87.29000091552734,4.288000106811523,4487.4599609375
2023-09-12,104.70999908447266,1911.300048828125,88.83999633789062,4.263999938964844,4461.89990234375
2023-09-13,104.7699966430664,1909.0999755859375,88.5199966430664,4.249000072479248,4467.43994140625
2023-09-14,105.41000366210938,1910.0,90.16000366210938,4.288000106811523,4505.10009765625
2023-09-15,105.31999969482422,1923.699951171875,90.7699966430664,4.322000026702881,4450.31982421875
2023-09-18,105.19999694824219,1931.5,91.4800033569336,4.318999767303467,4453.52978515625
2023-09-19,105.19999694824219,1932.0,91.19999694824219,4.364999771118164,4443.9501953125
2023-09-20,105.16000366210938,1945.5999755859375,90.27999877929688,4.348999977111816,4402.2001953125
2023-09-21,105.36000061035156,1919.199951171875,89.62999725341797,4.480000019073486,4330.0
2023-09-22,105.58000183105469,1925.4000244140625,90.02999877929688,4.438000202178955,4320.06005859375
2023-09-25,106.0,1916.5999755859375,89.68000030517578,4.541999816894531,4337.43994140625
2023-09-26,106.2300033569336,1900.4000244140625,90.38999938964844,4.558000087738037,4273.52978515625
2023-09-27,106.66999816894531,1871.5999755859375,93.68000030517578,4.625999927520752,4274.509765625
2023-09-28,106.22000122070312,1860.4000244140625,91.70999908447266,4.5970001220703125,4299.7001953125
2023-09-29,106.16999816894531,1848.0999755859375,90.79000091552734,4.572999954223633,4288.0498046875
2023-10-02,106.9000015258789,1830.0,88.81999969482422,4.683000087738037,4288.39013671875
2023-10-03,107.0,1824.5999755859375,89.2300033569336,4.802000045776367,4229.4501953125
2023-10-04,106.80000305175781,1818.5,84.22000122070312,4.735000133514404,4263.75
2023-10-05,106.33000183105469,1816.5999755859375,82.30999755859375,4.7170000076293945,4258.18994140625
2023-10-06,106.04000091552734,1830.199951171875,82.79000091552734,4.783999919891357,4308.5
2023-10-09,106.08000183105469,1849.5,86.37999725341797,4.796999931335449,4335.66015625
2023-10-10,105.83000183105469,1861.0,85.97000122070312,4.65500020980835,4358.240234375
2023-10-11,105.81999969482422,1872.800048828125,83.48999786376953,4.59499979019165,4376.9501953125
2023-10-12,106.56999969482422,1869.300048828125,82.91000366210938,4.711999893188477,4349.60986328125
2023-10-13,106.6500015258789,1927.4000244140625,87.69000244140625,4.629000186920166,4327.77978515625
2023-10-16,106.23999786376953,1921.0999755859375,86.66000366210938,4.711999893188477,4373.6298828125
2023-10-17,106.25,1922.699951171875,86.66000366210938,4.8470001220703125,4373.2001953125
2023-10-18,106.56999969482422,1955.300048828125,88.31999969482422,4.9039998054504395,4314.60009765625
2023-10-19,106.25,1968.4000244140625,89.37000274658203,4.98799991607666,4278.0
2023-10-20,106.16000366210938,1982.5,88.75,4.923999786376953,4224.16015625
2023-10-23,105.54000091552734,1976.300048828125,85.48999786376953,4.8379998207092285,4217.0400390625
2023-10-24,106.2699966430664,1975.0,83.73999786376953,4.840000152587891,4247.68017578125
2023-10-25,106.52999877929688,1984.0999755859375,85.38999938964844,4.953000068664551,4186.77001953125
2023-10-26,106.5999984741211,1987.199951171875,83.20999908447266,4.84499979019165,4137.22998046875
2023-10-27,106.55999755859375,1988.5999755859375,85.54000091552734,4.84499979019165,4117.3701171875
2023-10-30,106.12000274658203,1996.199951171875,82.30999755859375,4.875,4166.81982421875
2023-10-31,106.66000366210938,1985.199951171875,81.0199966430664,4.875,4193.7998046875
2023-11-01,106.87999725341797,1978.800048828125,80.44000244140625,4.789000034332275,4237.85986328125
2023-11-02,106.12000274658203,1985.5999755859375,82.45999908447266,4.669000148773193,4317.77978515625
2023-11-03,105.0199966430664,1991.5,80.51000213623047,4.558000087738037,4358.33984375
2023-11-06,105.22000122070312,1981.5999755859375,80.81999969482422,4.6620001792907715,4365.97998046875
2023-11-07,105.54000091552734,1966.800048828125,77.37000274658203,4.571000099182129,4378.3798828125
2023-11-08,105.58999633789062,1951.5,75.33000183105469,4.5229997634887695,4382.77978515625
2023-11-09,105.91000366210938,1964.199951171875,75.73999786376953,4.630000114440918,4347.35009765625
2023-11-10,105.86000061035156,1932.5999755859375,77.16999816894531,4.627999782562256,4415.240234375
2023-11-13,105.66000366210938,1945.5,78.26000213623047,4.631999969482422,4411.5498046875
2023-11-14,104.11000061035156,1961.800048828125,78.26000213623047,4.440999984741211,4495.7001953125
2023-11-15,104.38999938964844,1960.0999755859375,76.66000366210938,4.534999847412109,4502.8798828125
2023-11-16,104.37000274658203,1983.9000244140625,72.9000015258789,4.445000171661377,4508.240234375
2023-11-17,103.81999969482422,1981.5999755859375,75.88999938964844,4.440999984741211,4514.02001953125
2023-11-20,103.47000122070312,1977.699951171875,77.5999984741211,4.421999931335449,4547.3798828125
2023-11-21,103.58999633789062,1999.300048828125,77.7699966430664,4.418000221252441,4538.18994140625
2023-11-22,103.91999816894531,1991.4000244140625,77.0999984741211,4.415999889373779,4556.6201171875
2023-11-24,103.4000015258789,2002.199951171875,75.54000091552734,4.4720001220703125,4559.33984375
2023-11-27,103.19999694824219,2011.800048828125,74.86000061035156,4.388999938964844,4550.43017578125
2023-11-28,102.75,2039.699951171875,76.41000366210938,4.335999965667725,4554.89013671875
2023-11-29,102.7699966430664,2047.0999755859375,77.86000061035156,4.270999908447266,4550.580078125
2023-11-30,103.5,2038.0999755859375,75.95999908447266,4.3520002365112305,4567.7998046875
2023-12-01,103.2699966430664,2071.0,74.06999969482422,4.22599983215332,4594.6298828125
2023-12-04,103.63999938964844,2024.0999755859375,73.04000091552734,4.288000106811523,4569.77978515625
2023-12-05,104.05000305175781,2018.5,72.31999969482422,4.171000003814697,4567.18017578125
2023-12-06,104.1500015258789,2030.5,69.37999725341797,4.120999813079834,4549.33984375
2023-12-07,103.54000091552734,2029.9000244140625,69.33999633789062,4.129000186920166,4585.58984375
2023-12-08,104.01000213623047,1998.300048828125,71.2300033569336,4.244999885559082,4604.3701171875
2023-12-11,104.0999984741211,1978.0,71.31999969482422,4.238999843597412,4622.43994140625
2023-12-12,103.87000274658203,1977.800048828125,68.61000061035156,4.205999851226807,4643.7001953125
2023-12-13,102.87000274658203,1982.300048828125,69.47000122070312,4.0329999923706055,4707.08984375
2023-12-14,101.95999908447266,2030.199951171875,71.58000183105469,3.930000066757202,4719.5498046875
2023-12-15,102.55000305175781,2021.0999755859375,71.43000030517578,3.927999973297119,4719.18994140625
2023-12-18,102.51000213623047,2026.300048828125,72.47000122070312,3.9539999961853027,4740.56005859375
2023-12-19,102.16999816894531,2038.4000244140625,73.44000244140625,3.921999931335449,4768.3701171875
2023-12-20,102.41000366210938,2034.5,74.22000122070312,3.877000093460083,4698.35009765625
2023-12-21,101.83999633789062,2039.0999755859375,73.88999938964844,3.8940000534057617,4746.75
2023-12-22,101.69999694824219,2057.10009765625,73.55999755859375,3.9010000228881836,4754.6298828125
2023-12-26,101.47000122070312,2058.199951171875,75.56999969482422,3.885999917984009,4774.75
2023-12-27,100.98999786376953,2081.89990234375,74.11000061035156,3.7890000343322754,4781.580078125
2023-12-28,101.2300033569336,2073.89990234375,71.7699966430664,3.8499999046325684,4783.35009765625
2023-12-29,101.33000183105469,2062.39990234375,71.6500015258789,3.865999937057495,4769.830078125
2024-01-02,102.19999694824219,2064.39990234375,70.37999725341797,3.946000099182129,4742.830078125
2024-01-03,102.45999908447266,2034.199951171875,72.69999694824219,3.9070000648498535,4704.81005859375
2024-01-04,102.41999816894531,2042.300048828125,72.19000244140625,3.990999937057495,4688.68017578125
2024-01-05,102.41000366210938,2042.4000244140625,73.80999755859375,4.041999816894531,4697.240234375
2024-01-08,102.20999908447266,2026.5999755859375,70.7699966430664,4.001999855041504,4763.5400390625
2024-01-09,102.56999969482422,2026.4000244140625,72.23999786376953,4.019000053405762,4756.5
2024-01-10,102.36000061035156,2021.699951171875,71.37000274658203,4.03000020980835,4783.4501953125
2024-01-11,102.29000091552734,2014.300048828125,72.0199966430664,3.9769999980926514,4780.240234375
2024-01-12,102.4000015258789,2046.699951171875,72.68000030517578,3.950000047683716,4783.830078125
2024-01-16,103.36000061035156,2026.0,72.4000015258789,4.065999984741211,4765.97998046875
2024-01-17,103.44999694824219,2002.5999755859375,72.55999755859375,4.105999946594238,4739.2099609375
2024-01-18,103.54000091552734,2018.5999755859375,74.08000183105469,4.144000053405762,4780.93994140625
2024-01-19,103.29000091552734,2026.5,73.41000366210938,4.145999908447266,4839.81005859375
2024-01-22,103.33000183105469,2019.800048828125,75.19000244140625,4.093999862670898,4850.43017578125
2024-01-23,103.62000274658203,2023.699951171875,74.37000274658203,4.142000198364258,4864.60009765625
2024-01-24,103.23999786376953,2013.9000244140625,75.08999633789062,4.177999973297119,4868.5498046875
2024-01-25,103.56999969482422,2016.9000244140625,77.36000061035156,4.131999969482422,4894.16015625
2024-01-26,103.47000122070312,2016.800048828125,78.01000213623047,4.159999847412109,4890.97021484375
2024-01-29,103.61000061035156,2025.199951171875,76.77999877929688,4.091000080108643,4927.93017578125
2024-01-30,103.4000015258789,2031.5,77.81999969482422,4.059000015258789,4924.97021484375
2024-01-31,103.2699966430664,2048.39990234375,75.8499984741211,3.9670000076293945,4845.64990234375
2024-02-01,103.05000305175781,2053.0,73.81999969482422,3.86299991607666,4906.18994140625
2024-02-02,103.91999816894531,2036.0999755859375,72.27999877929688,4.0329999923706055,4958.60986328125
2024-02-05,104.44999694824219,2025.699951171875,72.77999877929688,4.164000034332275,4942.81005859375
2024-02-06,104.18000030517578,2034.5,73.30999755859375,4.090000152587891,4954.22998046875
2024-02-07,104.04000091552734,2035.199951171875,73.86000061035156,4.110000133514404,4995.06005859375
2024-02-08,104.1500015258789,2032.199951171875,76.22000122070312,4.170000076293945,4997.91015625
2024-02-09,104.08000183105469,2023.300048828125,76.83999633789062,4.186999797821045,5026.60986328125
2024-02-12,104.16999816894531,2018.199951171875,76.91999816894531,4.171999931335449,5021.83984375
2024-02-13,104.95999908447266,1992.9000244140625,77.87000274658203,4.315999984741211,4953.169921875
2024-02-14,104.72000122070312,1990.300048828125,76.63999938964844,4.267000198364258,5000.6201171875
2024-02-15,104.30000305175781,2002.0999755859375,78.02999877929688,4.239999771118164,5029.72998046875
2024-02-16,104.27999877929688,2011.5,79.19000244140625,4.295000076293945,5005.56982421875
2024-02-20,104.08000183105469,2027.5,78.18000030517578,4.275000095367432,4975.509765625
2024-02-21,104.01000213623047,2022.300048828125,77.91000366210938,4.324999809265137,4981.7998046875
2024-02-22,103.95999908447266,2019.699951171875,78.61000061035156,4.327000141143799,5087.02978515625
2024-02-23,103.94000244140625,2038.5999755859375,76.48999786376953,4.260000228881836,5088.7998046875
2024-02-26,103.83000183105469,2028.5,77.58000183105469,4.298999786376953,5069.52978515625
2024-02-27,103.83000183105469,2034.0,78.87000274658203,4.315000057220459,5078.18017578125
2024-02-28,103.9800033569336,2033.0,78.54000091552734,4.27400016784668,5069.759765625
2024-02-29,104.16000366210938,2045.699951171875,78.26000213623047,4.251999855041504,5096.27001953125
2024-03-01,103.86000061035156,2086.89990234375,79.97000122070312,4.179999828338623,5137.080078125
2024-03-04,103.83000183105469,2117.699951171875,78.73999786376953,4.218999862670898,5130.9501953125
2024-03-05,103.80000305175781,2133.5,78.1500015258789,4.13700008392334,5078.64990234375
2024-03-06,103.37000274658203,2150.300048828125,79.12999725341797,4.104000091552734,5104.759765625
2024-03-07,102.81999969482422,2158.0,78.93000030517578,4.0920000076293945,5157.35986328125
2024-03-08,102.73999786376953,2178.60009765625,78.01000213623047,4.089000225067139,5123.68994140625
2024-03-11,102.87000274658203,2182.5,77.93000030517578,4.104000091552734,5117.93994140625
2024-03-12,102.95999908447266,2160.39990234375,77.55999755859375,4.15500020980835,5175.27001953125
2024-03-13,102.79000091552734,2175.39990234375,79.72000122070312,4.191999912261963,5165.31005859375
2024-03-14,103.36000061035156,2163.0,81.26000213623047,4.297999858856201,5150.47998046875
2024-03-15,103.43000030517578,2157.300048828125,81.04000091552734,4.303999900817871,5117.08984375
2024-03-18,103.58000183105469,2160.699951171875,82.72000122070312,4.340000152587891,5149.419921875
2024-03-19,103.80999755859375,2156.300048828125,83.47000122070312,4.296999931335449,5178.509765625
2024-03-20,103.41000366210938,2157.89990234375,81.68000030517578,4.2729997634887695,5224.6201171875
2024-03-21,104.0,2182.39990234375,81.06999969482422,4.270999908447266,5241.52978515625
2024-03-22,104.43000030517578,2158.10009765625,80.62999725341797,4.2179999351501465,5234.18017578125
2024-03-25,104.2300033569336,2174.800048828125,81.94999694824219,4.252999782562256,5218.18994140625
2024-03-26,104.29000091552734,2175.60009765625,81.62000274658203,4.234000205993652,5203.580078125
2024-03-27,104.3499984741211,2190.60009765625,81.3499984741211,4.196000099182129,5248.490234375
2024-03-28,104.55000305175781,2217.39990234375,83.16999816894531,4.205999851226807,5254.35009765625
2024-04-01,105.0199966430664,2236.5,83.70999908447266,4.328999996185303,5243.77001953125
2024-04-02,104.81999969482422,2261.0,85.1500015258789,4.364999771118164,5205.81005859375
2024-04-03,104.25,2294.39990234375,85.43000030517578,4.355000019073486,5211.490234375
2024-04-04,104.12000274658203,2288.800048828125,86.58999633789062,4.309000015258789,5147.2099609375
2024-04-05,104.30000305175781,2325.699951171875,86.91000366210938,4.377999782562256,5204.33984375
2024-04-08,104.13999938964844,2331.699951171875,86.43000030517578,4.423999786376953,5202.39013671875
2024-04-09,104.1500015258789,2343.5,85.2300033569336,4.366000175476074,5209.91015625
2024-04-10,105.25,2329.60009765625,86.20999908447266,4.559999942779541,5160.64013671875
2024-04-11,105.27999877929688,2354.800048828125,85.0199966430664,4.576000213623047,5199.06005859375
2024-04-12,106.04000091552734,2356.199951171875,85.66000366210938,4.499000072479248,5123.41015625
2024-04-15,106.20999908447266,2365.800048828125,85.41000366210938,4.627999782562256,5061.81982421875
2024-04-16,106.26000213623047,2390.800048828125,85.36000061035156,4.658999919891357,5051.41015625
2024-04-17,105.94999694824219,2371.699951171875,82.69000244140625,4.585000038146973,5022.2099609375
2024-04-18,106.1500015258789,2382.300048828125,82.7300033569336,4.646999835968018,5011.1201171875
2024-04-19,106.1500015258789,2398.39990234375,83.13999938964844,4.614999771118164,4967.22998046875
2024-04-22,106.08000183105469,2332.199951171875,82.8499984741211,4.623000144958496,5010.60009765625
2024-04-23,105.69000244140625,2327.699951171875,83.36000061035156,4.5980000495910645,5070.5498046875
2024-04-24,105.86000061035156,2324.5,82.80999755859375,4.6519999504089355,5071.6298828125
2024-04-25,105.5999984741211,2329.800048828125,83.56999969482422,4.705999851226807,5048.419921875
2024-04-26,105.94000244140625,2334.800048828125,83.8499984741211,4.669000148773193,5099.9599609375
2024-04-29,105.58000183105469,2345.39990234375,82.62999725341797,4.613999843597412,5116.169921875
2024-04-30,106.22000122070312,2291.39990234375,81.93000030517578,4.685999870300293,5035.68994140625
2024-05-01,105.76000213623047,2299.89990234375,79.0,4.59499979019165,5018.39013671875
2024-05-02,105.30000305175781,2299.199951171875,78.94999694824219,4.571000099182129,5064.2001953125
2024-05-03,105.02999877929688,2299.0,78.11000061035156,4.5,5127.7900390625
2024-05-06,105.05000305175781,2321.60009765625,78.4800033569336,4.488999843597412,5180.740234375
2024-05-07,105.41000366210938,2315.199951171875,78.37999725341797,4.4629998207092285,5187.7001953125
2024-05-08,105.55000305175781,2313.60009765625,78.98999786376953,4.492000102996826,5187.669921875
2024-05-09,105.2300033569336,2332.10009765625,79.26000213623047,4.448999881744385,5214.080078125
2024-05-10,105.30999755859375,2367.300048828125,78.26000213623047,4.504000186920166,5222.68017578125
2024-05-13,105.22000122070312,2336.10009765625,79.12000274658203,4.480999946594238,5221.419921875
2024-05-14,105.01000213623047,2353.39990234375,78.0199966430664,4.445000171661377,5246.68017578125
2024-05-15,104.3499984741211,2388.699951171875,78.62999725341797,4.355999946594238,5308.14990234375
2024-05-16,104.45999908447266,2380.0,79.2300033569336,4.376999855041504,5297.10009765625
2024-05-17,104.44999694824219,2412.199951171875,80.05999755859375,4.420000076293945,5303.27001953125
2024-05-20,104.56999969482422,2433.89990234375,79.80000305175781,4.436999797821045,5308.1298828125
2024-05-21,104.66000366210938,2421.699951171875,79.26000213623047,4.414000034332275,5321.41015625
2024-05-22,104.94000244140625,2389.199951171875,77.56999969482422,4.434000015258789,5307.009765625
2024-05-23,105.11000061035156,2335.0,76.87000274658203,4.474999904632568,5267.83984375
2024-05-24,104.72000122070312,2332.5,77.72000122070312,4.4670000076293945,5304.72021484375
2024-05-28,104.61000061035156,2355.199951171875,79.83000183105469,4.541999816894531,5306.0400390625
2024-05-29,105.0999984741211,2340.300048828125,79.2300033569336,4.624000072479248,5266.9501953125
2024-05-30,104.72000122070312,2342.89990234375,77.91000366210938,4.553999900817871,5235.47998046875
2024-05-31,104.66999816894531,2322.89990234375,76.98999786376953,4.513999938964844,5277.509765625
2024-06-03,104.13999938964844,2346.60009765625,74.22000122070312,4.4019999504089355,5283.39990234375
2024-06-04,104.11000061035156,2325.5,73.25,4.335999965667725,5291.33984375
2024-06-05,104.2699966430664,2354.10009765625,74.06999969482422,4.289000034332275,5354.02978515625
2024-06-06,104.0999984741211,2370.300048828125,75.55000305175781,4.281000137329102,5352.9599609375
2024-06-07,104.88999938964844,2305.199951171875,75.52999877929688,4.429999828338623,5346.990234375
2024-06-10,105.1500015258789,2307.699951171875,77.73999786376953,4.468999862670898,5360.7900390625
2024-06-11,105.2300033569336,2307.5,77.9000015258789,4.4039998054504395,5375.31982421875
2024-06-12,104.6500015258789,2336.0,78.5,4.295000076293945,5421.02978515625
2024-06-13,105.19999694824219,2300.199951171875,78.62000274658203,4.23799991607666,5433.740234375
2024-06-14,105.55000305175781,2331.39990234375,78.44999694824219,4.2129998207092285,5431.60009765625
2024-06-17,105.31999969482422,2312.39990234375,80.33000183105469,4.2789998054504395,5473.22998046875
2024-06-18,105.26000213623047,2330.39990234375,81.56999969482422,4.2170000076293945,5487.02978515625
2024-06-20,105.58999633789062,2353.800048828125,82.16999816894531,4.254000186920166,5473.169921875
2024-06-21,105.80000305175781,2316.39990234375,80.7300033569336,4.256999969482422,5464.6201171875
2024-06-24,105.47000122070312,2330.0,81.62999725341797,4.248000144958496,5447.8701171875
2024-06-25,105.61000061035156,2316.60009765625,80.83000183105469,4.23799991607666,5469.2998046875
2024-06-26,106.05000305175781,2299.199951171875,80.9000015258789,4.315999984741211,5477.89990234375
2024-06-27,105.91000366210938,2324.5,81.73999786376953,4.288000106811523,5482.8701171875
2024-06-28,105.87000274658203,2327.699951171875,81.54000091552734,4.3429999351501465,5460.47998046875
2024-07-01,105.9000015258789,2327.60009765625,83.37999725341797,4.479000091552734,5475.08984375
2024-07-02,105.72000122070312,2323.0,82.80999755859375,4.435999870300293,5509.009765625
2024-07-03,105.4000015258789,2359.800048828125,83.87999725341797,4.355000019073486,5537.02001953125
2024-07-05,104.87999725341797,2388.5,83.16000366210938,4.271999835968018,5567.18994140625
2024-07-08,105.01000213623047,2355.199951171875,82.33000183105469,4.269000053405762,5572.85009765625
2024-07-09,105.12000274658203,2360.10009765625,81.41000366210938,4.300000190734863,5576.97998046875
2024-07-10,105.05000305175781,2372.199951171875,82.0999984741211,4.28000020980835,5633.91015625
2024-07-11,104.44000244140625,2415.0,82.62000274658203,4.192999839782715,5584.5400390625
2024-07-12,104.08999633789062,2414.0,82.20999908447266,4.189000129699707,5615.35009765625
2024-07-15,104.19000244140625,2422.89990234375,81.91000366210938,4.229000091552734,5631.22021484375
2024-07-16,104.2699966430664,2462.39990234375,80.76000213623047,4.166999816894531,5667.2001953125
2024-07-17,103.75,2454.800048828125,82.8499984741211,4.145999908447266,5588.27001953125
2024-07-18,104.16999816894531,2451.800048828125,82.81999969482422,4.189000129699707,5544.58984375
2024-07-19,104.4000015258789,2395.5,80.12999725341797,4.238999843597412,5505.0
2024-07-22,104.30999755859375,2392.0,79.77999877929688,4.260000228881836,5564.41015625
2024-07-23,104.44999694824219,2404.60009765625,76.95999908447266,4.238999843597412,5555.740234375
2024-07-24,104.38999938964844,2413.300048828125,77.58999633789062,4.285999774932861,5427.1298828125
2024-07-25,104.36000061035156,2351.89990234375,78.27999877929688,4.25600004196167,5399.22021484375
2024-07-26,104.31999969482422,2380.0,77.16000366210938,4.199999809265137,5459.10009765625
2024-07-29,104.55999755859375,2377.300048828125,75.80999755859375,4.177999973297119,5463.5400390625
2024-07-30,104.55000305175781,2405.0,74.7300033569336,4.14300012588501,5436.43994140625
2024-07-31,104.0999984741211,2426.5,77.91000366210938,4.109000205993652,5522.2998046875
2024-08-01,104.41999816894531,2435.0,76.30999755859375,3.9760000705718994,5446.68017578125
2024-08-02,103.20999908447266,2425.699951171875,73.5199966430664,3.7920000553131104,5346.56005859375
2024-08-05,102.69000244140625,2401.699951171875,72.94000244140625,3.7850000858306885,5186.330078125
2024-08-06,102.97000122070312,2389.10009765625,73.19999694824219,3.888000011444092,5240.02978515625
2024-08-07,103.19999694824219,2390.5,75.2300033569336,3.9679999351501465,5199.5
2024-08-08,103.20999908447266,2422.199951171875,76.19000244140625,3.996999979019165,5319.31005859375
2024-08-09,103.13999938964844,2432.10009765625,76.83999633789062,3.941999912261963,5344.16015625
2024-08-12,103.13999938964844,2462.39990234375,80.05999755859375,3.9089999198913574,5344.39013671875
2024-08-13,102.55999755859375,2466.699951171875,78.3499984741211,3.8519999980926514,5434.43017578125
2024-08-14,102.56999969482422,2439.39990234375,76.9800033569336,3.819999933242798,5455.2099609375
2024-08-15,102.9800033569336,2453.10009765625,78.16000366210938,3.9260001182556152,5543.22021484375
2024-08-16,102.45999908447266,2498.60009765625,76.6500015258789,3.8919999599456787,5554.25
2024-08-19,101.88999938964844,2501.800048828125,74.37000274658203,3.867000102996826,5608.25
2024-08-20,101.44000244140625,2511.300048828125,74.04000091552734,3.818000078201294,5597.1201171875
2024-08-21,101.04000091552734,2508.39990234375,71.93000030517578,3.7780001163482666,5620.85009765625
2024-08-22,101.51000213623047,2478.89990234375,73.01000213623047,3.861999988555908,5570.64013671875
2024-08-23,100.72000122070312,2508.39990234375,74.83000183105469,3.806999921798706,5634.60986328125
2024-08-26,100.8499984741211,2517.699951171875,77.41999816894531,3.818000078201294,5616.83984375
2024-08-27,100.55000305175781,2516.0,75.52999877929688,3.8329999446868896,5625.7998046875
2024-08-28,101.08999633789062,2501.0,74.5199966430664,3.8410000801086426,5592.18017578125
2024-08-29,101.33999633789062,2525.699951171875,75.91000366210938,3.867000102996826,5591.9599609375
2024-08-30,101.69999694824219,2493.800048828125,73.55000305175781,3.9110000133514404,5648.39990234375
2024-09-03,101.83000183105469,2489.89990234375,70.33999633789062,3.8440001010894775,5528.93017578125
2024-09-04,101.36000061035156,2493.39990234375,69.19999694824219,3.7679998874664307,5520.06982421875
2024-09-05,101.11000061035156,2511.39990234375,69.1500015258789,3.7309999465942383,5503.41015625
2024-09-06,101.18000030517578,2493.5,67.66999816894531,3.7100000381469727,5408.419921875
2024-09-09,101.55000305175781,2501.800048828125,68.70999908447266,3.697000026702881,5471.0498046875
2024-09-10,101.62999725341797,2512.300048828125,65.75,3.6459999084472656,5495.52001953125
2024-09-11,101.68000030517578,2512.10009765625,67.30999755859375,3.6530001163482666,5554.1298828125
2024-09-12,101.37000274658203,2551.199951171875,68.97000122070312,3.680000066757202,5595.759765625
2024-09-13,101.11000061035156,2581.300048828125,68.6500015258789,3.6500000953674316,5626.02001953125
2024-09-16,100.76000213623047,2580.39990234375,70.08999633789062,3.621000051498413,5633.08984375
2024-09-17,100.88999938964844,2564.300048828125,71.19000244140625,3.6419999599456787,5634.580078125
2024-09-18,100.5999984741211,2570.699951171875,70.91000366210938,3.684999942779541,5618.259765625
2024-09-19,100.61000061035156,2588.0,71.94999694824219,3.740000009536743,5713.64013671875
2024-09-20,100.72000122070312,2619.89990234375,71.91999816894531,3.7279999256134033,5702.5498046875
2024-09-23,100.91999816894531,2626.5,70.37000274658203,3.739000082015991,5718.56982421875
2024-09-24,100.37000274658203,2651.199951171875,71.55999755859375,3.7360000610351562,5732.93017578125
2024-09-25,100.91999816894531,2659.199951171875,69.69000244140625,3.7809998989105225,5722.259765625
2024-09-26,100.55999755859375,2669.89990234375,67.66999816894531,3.7909998893737793,5745.3701171875
2024-09-27,100.41999816894531,2644.300048828125,68.18000030517578,3.749000072479248,5738.169921875
2024-09-30,100.77999877929688,2636.10009765625,68.16999816894531,3.802000045776367,5762.47998046875
2024-10-01,101.19000244140625,2667.300048828125,69.83000183105469,3.743000030517578,5708.75
2024-10-02,101.68000030517578,2647.10009765625,70.0999984741211,3.7850000858306885,5709.5400390625
2024-10-03,101.98999786376953,2657.10009765625,73.70999908447266,3.8499999046325684,5699.93994140625
2024-10-04,102.5199966430664,2645.800048828125,74.37999725341797,3.9809999465942383,5751.06982421875
2024-10-07,102.54000091552734,2644.800048828125,77.13999938964844,4.026000022888184,5695.93994140625
2024-10-08,102.55000305175781,2615.0,73.56999969482422,4.0329999923706055,5751.1298828125
2024-10-09,102.93000030517578,2606.0,73.23999786376953,4.066999912261963,5792.0400390625
2024-10-10,102.98999786376953,2620.60009765625,75.8499984741211,4.0960001945495605,5780.0498046875
2024-10-11,102.88999938964844,2657.60009765625,75.55999755859375,4.072999954223633,5815.02978515625
2024-10-14,103.30000305175781,2647.800048828125,73.83000183105469,4.0980000495910645,5859.85009765625
2024-10-15,103.26000213623047,2661.39990234375,70.58000183105469,4.038000106811523,5815.259765625
2024-10-16,103.58999633789062,2674.0,70.38999938964844,4.015999794006348,5842.47021484375
2024-10-17,103.83000183105469,2691.0,70.66999816894531,4.0960001945495605,5841.47021484375
2024-10-18,103.48999786376953,2713.699951171875,69.22000122070312,4.072999954223633,5864.669921875
2024-10-21,104.01000213623047,2723.10009765625,70.55999755859375,4.182000160217285,5853.97998046875
2024-10-22,104.08000183105469,2744.199951171875,72.08999633789062,4.203999996185303,5851.2001953125
2024-10-23,104.43000030517578,2714.39990234375,70.7699966430664,4.242000102996826,5797.419921875
2024-10-24,104.05999755859375,2734.89990234375,70.19000244140625,4.199999809265137,5809.85986328125
2024-10-25,104.26000213623047,2740.89990234375,71.77999877929688,4.23199987411499,5808.1201171875
2024-10-28,104.31999969482422,2742.89990234375,67.37999725341797,4.2779998779296875,5823.52001953125
2024-10-29,104.27999877929688,2768.39990234375,67.20999908447266,4.27400016784668,5832.919921875
2024-10-30,103.98999786376953,2788.5,68.61000061035156,4.265999794006348,5813.669921875
2024-10-31,103.9800033569336,2738.300048828125,69.26000213623047,4.283999919891357,5705.4501953125
2024-11-01,104.27999877929688,2738.60009765625,69.48999786376953,4.361000061035156,5728.7998046875
2024-11-04,103.88999938964844,2736.10009765625,71.47000122070312,4.309000015258789,5712.68994140625
2024-11-05,103.41999816894531,2740.300048828125,71.98999786376953,4.289000034332275,5782.759765625
2024-11-06,105.08999633789062,2667.60009765625,71.69000244140625,4.426000118255615,5929.0400390625
2024-11-07,104.51000213623047,2698.39990234375,72.36000061035156,4.341000080108643,5973.10009765625
2024-11-08,105.0,2687.5,70.37999725341797,4.306000232696533,5995.5400390625
2024-11-11,105.54000091552734,2611.199951171875,68.04000091552734,4.308000087738037,6001.35009765625
2024-11-12,106.0199966430664,2600.0,68.12000274658203,4.432000160217285,5983.990234375
2024-11-13,106.4800033569336,2580.800048828125,68.43000030517578,4.451000213623047,5985.3798828125
2024-11-14,106.66999816894531,2568.199951171875,68.69999694824219,4.418000221252441,5949.169921875
2024-11-15,106.69000244140625,2565.699951171875,67.0199966430664,4.427999973297119,5870.6201171875
2024-11-18,106.27999877929688,2610.60009765625,69.16000366210938,4.414000034332275,5893.6201171875
2024-11-19,106.20999908447266,2627.10009765625,69.38999938964844,4.379000186920166,5916.97998046875
2024-11-20,106.68000030517578,2648.199951171875,68.87000274658203,4.406000137329102,5917.10986328125
2024-11-21,106.97000122070312,2672.10009765625,70.0999984741211,4.432000160217285,5948.7099609375
2024-11-22,107.48999786376953,2709.89990234375,71.23999786376953,4.409999847412109,5969.33984375
2024-11-25,106.81999969482422,2616.800048828125,68.94000244140625,4.264999866485596,5987.3701171875
2024-11-26,107.01000213623047,2620.300048828125,68.7699966430664,4.302000045776367,6021.6298828125
2024-11-27,106.08000183105469,2639.89990234375,68.72000122070312,4.242000102996826,5998.740234375
2024-11-29,105.73999786376953,2657.0,68.0,4.177999973297119,6032.3798828125
2024-12-02,106.44999694824219,2634.89990234375,68.0999984741211,4.196000099182129,6047.14990234375
2024-12-03,106.37000274658203,2644.699951171875,69.94000244140625,4.2230000495910645,6049.8798828125
2024-12-04,106.33999633789062,2653.800048828125,68.54000091552734,4.179999828338623,6086.490234375
2024-12-05,105.70999908447266,2626.60009765625,68.30000305175781,4.179999828338623,6075.10986328125
2024-12-06,105.97000122070312,2638.60009765625,67.19999694824219,4.151000022888184,6090.27001953125
2024-12-09,106.1500015258789,2664.89990234375,68.37000274658203,4.198999881744385,6052.85009765625
2024-12-10,106.4000015258789,2697.60009765625,68.58999633789062,4.2210001945495605,6034.91015625
2024-12-11,106.70999908447266,2733.800048828125,70.29000091552734,4.270999908447266,6084.18994140625
2024-12-12,106.95999908447266,2687.5,70.0199966430664,4.323999881744385,6051.25
2024-12-13,107.0,2656.0,71.29000091552734,4.39900016784668,6051.08984375
2024-12-16,106.86000061035156,2651.39990234375,70.70999908447266,4.396999835968018,6074.080078125
2024-12-17,106.95999908447266,2644.39990234375,70.08000183105469,4.385000228881836,6050.60986328125
2024-12-18,108.02999877929688,2636.5,70.58000183105469,4.49399995803833,5872.16015625
2024-12-19,108.41000366210938,2592.199951171875,69.91000366210938,4.570000171661377,5867.080078125
2024-12-20,107.62000274658203,2628.699951171875,69.45999908447266,4.52400016784668,5930.85009765625
2024-12-23,108.04000091552734,2612.300048828125,69.23999786376953,4.598999977111816,5974.06982421875
2024-12-24,108.26000213623047,2620.0,70.0999984741211,4.591000080108643,6040.0400390625
2024-12-26,108.12999725341797,2638.800048828125,69.62000274658203,4.578999996185303,6037.58984375
2024-12-27,108.0,2617.199951171875,70.5999984741211,4.61899995803833,5970.83984375
2024-12-30,108.12999725341797,2606.10009765625,70.98999786376953,4.545000076293945,5906.93994140625
2024-12-31,108.48999786376953,2629.199951171875,71.72000122070312,4.572999954223633,5881.6298828125
2025-01-02,109.38999938964844,2658.89990234375,73.12999725341797,4.574999809265137,5868.5498046875
2025-01-03,108.94999694824219,2645.0,73.95999908447266,4.5960001945495605,5942.47021484375
2025-01-06,108.26000213623047,2638.39990234375,73.55999755859375,4.618000030517578,5975.3798828125
2025-01-07,108.54000091552734,2656.699951171875,74.25,4.683000087738037,5909.02978515625
2025-01-08,109.08999633789062,2664.5,73.31999969482422,4.692999839782715,5918.25
2025-01-09,109.18000030517578,2683.800048828125,73.91999816894531,,
2025-01-10,109.6500015258789,2708.5,76.56999969482422,4.776000022888184,5827.0400390625
2025-01-13,109.95999908447266,2673.5,78.81999969482422,4.802999973297119,5836.22021484375
2025-01-14,109.2699966430664,2677.5,77.5,4.788000106811523,5842.91015625
2025-01-15,109.08999633789062,2712.5,80.04000091552734,4.6529998779296875,5949.91015625
2025-01-16,108.95999908447266,2746.39990234375,78.68000030517578,4.605999946594238,5937.33984375
2025-01-17,109.3499984741211,2744.300048828125,77.87999725341797,4.609000205993652,5996.66015625
2025-01-21,108.05999755859375,2755.0,75.88999938964844,4.573999881744385,6049.240234375
2025-01-22,108.16999816894531,2767.60009765625,75.44000244140625,4.598999977111816,6086.3701171875
2025-01-23,108.05000305175781,2763.10009765625,74.62000274658203,4.638000011444092,6118.7099609375
2025-01-24,107.44000244140625,2777.300048828125,74.66000366210938,4.625999927520752,6101.240234375
2025-01-27,107.33999633789062,2737.5,73.16999816894531,4.5279998779296875,6012.27978515625
2025-01-28,107.87000274658203,2766.800048828125,73.7699966430664,4.551000118255615,6067.7001953125
2025-01-29,108.0,2769.10009765625,72.62000274658203,4.554999828338623,6039.31005859375
2025-01-30,107.80000305175781,2823.0,72.7300033569336,4.51200008392334,6071.169921875
2025-01-31,108.37000274658203,2812.5,72.52999877929688,4.568999767303467,6040.52978515625
2025-02-03,108.98999786376953,2833.89990234375,73.16000366210938,4.543000221252441,5994.56982421875
2025-02-04,107.95999908447266,2853.300048828125,72.69999694824219,4.513000011444092,6037.8798828125
2025-02-05,107.58000183105469,2871.60009765625,71.02999877929688,4.421999931335449,6061.47998046875
2025-02-06,107.69000244140625,2856.0,70.61000061035156,4.440000057220459,6083.56982421875
2025-02-07,108.04000091552734,2867.300048828125,71.0,4.486999988555908,6025.990234375
2025-02-10,108.31999969482422,2914.300048828125,72.31999969482422,4.493000030517578,6066.43994140625
2025-02-11,107.95999908447266,2912.5,73.31999969482422,4.5370001792907715,6068.5
2025-02-12,107.94000244140625,2909.0,71.37000274658203,4.63700008392334,6051.97021484375
2025-02-13,107.30999755859375,2925.89990234375,71.29000091552734,4.525000095367432,6115.06982421875
2025-02-14,106.56999969482422,2883.60009765625,70.73999786376953,4.4720001220703125,6114.6298828125
2025-02-18,107.05000305175781,2931.60009765625,71.8499984741211,4.544000148773193,6129.580078125
2025-02-19,107.16999816894531,2919.39990234375,72.25,4.534999847412109,6144.14990234375
2025-02-20,106.33999633789062,2940.0,72.56999969482422,4.5,6117.52001953125
2025-02-21,106.61000061035156,2937.60009765625,70.4000015258789,4.420000076293945,6013.1298828125
2025-02-24,106.5999984741211,2947.89990234375,70.69999694824219,4.39300012588501,5983.25
2025-02-25,106.30999755859375,2904.5,68.93000030517578,4.297999858856201,5955.25
2025-02-26,106.41999816894531,2916.800048828125,68.62000274658203,4.249000072479248,5956.06005859375
2025-02-27,107.23999786376953,2883.199951171875,70.3499984741211,4.284999847412109,5861.56982421875
2025-02-28,107.61000061035156,2836.800048828125,69.76000213623047,4.230999946594238,5954.5
2025-03-03,106.75,2890.199951171875,68.37000274658203,4.179999828338623,5849.72021484375
2025-03-04,105.73999786376953,2909.60009765625,68.26000213623047,4.210000038146973,5778.14990234375
2025-03-05,105.73999786376953,2915.300048828125,66.30999755859375,4.264999866485596,5842.6298828125
2025-03-06,104.05999755859375,2916.60009765625,66.36000061035156,4.285999774932861,5738.52001953125
2025-03-07,103.83999633789062,2904.699951171875,67.04000091552734,4.316999912261963,5770.2001953125
2025-03-10,103.91000366210938,2891.0,66.02999877929688,4.2129998207092285,5614.56005859375
2025-03-11,103.44000244140625,2912.89990234375,66.25,4.288000106811523,5572.06982421875
2025-03-12,103.61000061035156,2939.10009765625,67.68000030517578,4.317999839782715,5599.2998046875
2025-03-13,103.83000183105469,2984.300048828125,66.55000305175781,4.27400016784668,5521.52001953125
2025-03-14,103.72000122070312,2994.5,67.18000030517578,4.308000087738037,5638.93994140625
2025-03-17,103.37000274658203,3000.0,67.58000183105469,4.306000232696533,5675.1201171875
2025-03-18,103.23999786376953,3035.10009765625,66.9000015258789,4.281000137329102,5614.66015625
2025-03-19,103.43000030517578,3035.89990234375,67.16000366210938,4.25600004196167,5675.2900390625
2025-03-20,103.8499984741211,3040.0,68.26000213623047,4.232999801635742,5662.89013671875
2025-03-21,104.08999633789062,3018.199951171875,68.27999877929688,4.251999855041504,5667.56005859375
2025-03-24,104.26000213623047,3013.10009765625,69.11000061035156,4.330999851226807,5767.56982421875
2025-03-25,104.18000030517578,3023.699951171875,69.0,4.307000160217285,5776.64990234375
2025-03-26,104.55000305175781,3020.89990234375,69.6500015258789,4.3379998207092285,5712.2001953125
2025-03-27,104.06999969482422,3060.199951171875,69.91999816894531,4.36899995803833,5693.31005859375
2025-03-28,104.04000091552734,3086.5,69.36000061035156,4.255000114440918,5580.93994140625
2025-03-31,104.20999908447266,3122.800048828125,71.4800033569336,4.245999813079834,5611.85009765625
2025-04-01,104.26000213623047,3118.89990234375,71.19999694824219,4.156000137329102,5633.06982421875
2025-04-02,103.80999755859375,3139.89990234375,71.70999908447266,4.196000099182129,5670.97021484375
2025-04-03,102.06999969482422,3097.0,66.94999694824219,4.054999828338623,5396.52001953125
2025-04-04,103.0199966430664,3012.0,61.9900016784668,3.984999895095825,5074.080078125
2025-04-07,103.26000213623047,2951.300048828125,60.70000076293945,4.15500020980835,5062.25
2025-04-08,102.95999908447266,2968.39990234375,59.58000183105469,4.26200008392334,4982.77001953125
2025-04-09,102.9000015258789,3056.5,62.349998474121094,4.400000095367432,5456.89990234375
2025-04-10,100.87000274658203,3155.199951171875,60.06999969482422,4.394000053405762,5268.0498046875
2025-04-11,99.77999877929688,3222.199951171875,61.5,4.493000030517578,5363.35986328125
2025-04-14,99.63999938964844,3204.800048828125,61.529998779296875,4.363999843597412,5405.97021484375
2025-04-15,100.22000122070312,3218.699951171875,61.33000183105469,4.322999954223633,5396.6298828125
2025-04-16,99.37999725341797,3326.60009765625,62.470001220703125,4.2789998054504395,5275.7001953125
2025-04-17,99.37999725341797,3308.699951171875,64.68000030517578,4.333000183105469,5282.7001953125
2025-04-21,98.27999877929688,3406.199951171875,63.08000183105469,4.40500020980835,5158.2001953125
2025-04-22,98.91999816894531,3400.800048828125,64.30999755859375,4.388999938964844,5287.759765625
2025-04-23,99.83999633789062,3276.300048828125,62.27000045776367,4.38700008392334,5375.85986328125
2025-04-24,99.29000091552734,3332.0,62.790000915527344,4.304999828338623,5484.77001953125
2025-04-25,99.47000122070312,3282.39990234375,63.02000045776367,4.265999794006348,5525.2099609375
2025-04-28,99.01000213623047,3332.5,62.04999923706055,4.216000080108643,5528.75
2025-04-29,99.23999786376953,3318.800048828125,60.41999816894531,4.172999858856201,5560.830078125
2025-04-30,99.47000122070312,3305.0,58.209999084472656,4.177000045776367,5569.06005859375
2025-05-01,100.25,3210.0,59.2400016784668,4.230999946594238,5604.14013671875
2025-05-02,100.0,3231.89990234375,58.290000915527344,4.322000026702881,5686.669921875
2025-05-05,99.83000183105469,3311.300048828125,57.130001068115234,4.3429999351501465,5650.3798828125
2025-05-06,99.23999786376953,3411.39990234375,59.09000015258789,4.308000087738037,5606.91015625
2025-05-07,99.61000061035156,3381.39990234375,58.06999969482422,4.275000095367432,5631.27978515625
2025-05-08,100.63999938964844,3296.60009765625,59.90999984741211,4.373000144958496,5663.93994140625
2025-05-09,100.33999633789062,3335.39990234375,61.02000045776367,4.375,5659.91015625
2025-05-12,101.79000091552734,3220.0,61.95000076293945,4.456999778747559,5844.18994140625
2025-05-13,101.0,3240.300048828125,63.66999816894531,4.499000072479248,5886.5498046875
2025-05-14,101.04000091552734,3181.39990234375,63.150001525878906,4.5279998779296875,5892.580078125
2025-05-15,100.87999725341797,3220.699951171875,61.619998931884766,4.454999923706055,5916.93017578125
2025-05-16,101.08999633789062,3182.0,62.4900016784668,4.440999984741211,5958.3798828125
2025-05-19,100.43000030517578,3228.89990234375,62.689998626708984,4.474999904632568,5963.60009765625
2025-05-20,100.12000274658203,3280.300048828125,62.560001373291016,4.480999946594238,5940.4599609375
2025-05-21,99.55999755859375,3309.300048828125,61.56999969482422,4.5960001945495605,5844.60986328125
2025-05-22,99.95999908447266,3292.300048828125,61.20000076293945,4.552999973297119,5842.009765625
2025-05-23,99.11000061035156,3363.60009765625,61.529998779296875,4.508999824523926,5802.81982421875
2025-05-26,98.93000030517578,,,,
2025-05-27,99.5199966430664,3299.10009765625,60.88999938964844,4.434000015258789,5921.5400390625
2025-05-28,99.87999725341797,3293.60009765625,61.84000015258789,4.4770002365112305,5888.5498046875
2025-05-29,99.27999877929688,3317.10009765625,60.939998626708984,4.423999786376953,5912.169921875
2025-05-30,99.33000183105469,3288.89990234375,60.790000915527344,4.415999889373779,5911.68994140625
2025-06-02,98.69999694824219,3370.60009765625,62.52000045776367,4.461999893188477,5935.93994140625
2025-06-03,99.25,3350.199951171875,63.40999984741211,4.460000038146973,5970.3701171875
2025-06-04,98.79000091552734,3373.5,62.849998474121094,4.364999771118164,5970.81005859375
2025-06-05,98.73999786376953,3350.699951171875,63.369998931884766,4.394000053405762,5939.2998046875
2025-06-06,99.19000244140625,3322.699951171875,64.58000183105469,4.510000228881836,6000.35986328125
2025-06-09,98.94000244140625,3332.10009765625,65.29000091552734,4.48199987411499,6005.8798828125
2025-06-10,99.05000305175781,3320.89990234375,64.9800033569336,4.473999977111816,6038.81005859375
2025-06-11,98.62999725341797,3321.300048828125,68.1500015258789,4.4120001792907715,6022.240234375
2025-06-12,97.91999816894531,3380.89990234375,68.04000091552734,4.35699987411499,6045.259765625
2025-06-13,98.18000030517578,3431.199951171875,72.9800033569336,4.423999786376953,5976.97021484375
2025-06-16,98.0,3396.39990234375,71.7699966430664,4.452000141143799,6033.10986328125
2025-06-17,98.81999969482422,3386.60009765625,74.83999633789062,4.39300012588501,5982.72021484375
2025-06-18,98.91000366210938,3389.800048828125,75.13999938964844,4.396999835968018,5980.8701171875
2025-06-20,98.70999908447266,3368.10009765625,74.93000030517578,4.375,5967.83984375
2025-06-23,98.41999816894531,3377.699951171875,68.51000213623047,4.320000171661377,6025.169921875
2025-06-24,97.86000061035156,3317.39990234375,64.37000274658203,4.293000221252441,6092.18017578125
2025-06-25,97.68000030517578,3327.10009765625,64.91999816894531,4.293000221252441,6092.16015625
2025-06-26,97.1500015258789,3333.5,65.23999786376953,4.252999782562256,6141.02001953125
2025-06-27,97.4000015258789,3273.699951171875,65.5199966430664,4.2829999923706055,6173.06982421875
2025-06-30,96.87999725341797,3294.39990234375,65.11000061035156,4.230000019073486,6204.9501953125
2025-07-01,96.81999969482422,3336.699951171875,65.44999694824219,4.250999927520752,6198.009765625
2025-07-02,96.77999877929688,3348.0,67.44999694824219,4.293000221252441,6227.419921875
2025-07-03,97.18000030517578,3331.60009765625,67.0,4.3480000495910645,6279.35009765625
2025-07-04,,3332.5,66.5,,
2025-07-07,97.4800033569336,3332.199951171875,67.93000030517578,4.394999980926514,6229.97998046875
2025-07-08,97.51000213623047,3307.0,68.33000183105469,4.414999961853027,6225.52001953125
2025-07-09,97.47000122070312,3311.60009765625,68.37999725341797,4.3420000076293945,6263.259765625
2025-07-10,97.6500015258789,3317.39990234375,66.56999969482422,4.3460001945495605,6280.4599609375
2025-07-11,97.8499984741211,3356.0,68.44999694824219,4.422999858856201,6259.75
2025-07-14,98.08000183105469,3351.5,66.9800033569336,4.427000045776367,6268.56005859375
2025-07-15,98.62000274658203,3329.800048828125,66.5199966430664,4.488999843597412,6243.759765625
2025-07-16,98.38999938964844,3352.5,66.37999725341797,4.454999923706055,6263.7001953125
2025-07-17,98.7300033569336,3340.10009765625,67.54000091552734,4.4629998207092285,6297.35986328125
2025-07-18,98.4800033569336,3353.0,67.33999633789062,4.432000160217285,6296.7900390625
2025-07-21,97.8499984741211,3401.89990234375,67.19999694824219,4.372000217437744,6305.60009765625
2025-07-22,97.38999938964844,3439.199951171875,66.20999908447266,4.335999965667725,6309.6201171875
2025-07-23,97.20999908447266,3394.10009765625,65.25,4.388000011444092,6358.91015625
2025-07-24,97.37999725341797,3371.0,66.02999877929688,4.4079999923706055,6363.35009765625
2025-07-25,97.6500015258789,3334.0,65.16000366210938,4.386000156402588,6388.64013671875
2025-07-28,98.66000366210938,3309.10009765625,66.70999908447266,4.420000076293945,6389.77001953125
2025-07-29,98.91000366210938,3323.39990234375,69.20999908447266,4.329999923706055,6370.85986328125
2025-07-30,99.94000244140625,3295.800048828125,70.0,4.375999927520752,6362.89990234375
2025-07-31,100.02999877929688,3293.199951171875,69.26000213623047,4.360000133514404,6339.39013671875
2025-08-01,98.69000244140625,3347.699951171875,67.33000183105469,4.21999979019165,6238.009765625
2025-08-04,98.77999877929688,3374.39990234375,66.29000091552734,4.199999809265137,6329.93994140625
2025-08-05,98.77999877929688,3381.89990234375,65.16000366210938,4.196000099182129,6299.18994140625
2025-08-06,98.18000030517578,3380.0,64.3499984741211,4.21999979019165,6345.06005859375
2025-08-07,98.4000015258789,3400.300048828125,63.880001068115234,4.24399995803833,6340.0
2025-08-08,98.18000030517578,3439.10009765625,63.880001068115234,4.284999847412109,6389.4501953125
2025-08-11,98.5199966430664,3353.10009765625,63.959999084472656,4.2729997634887695,6373.4501953125
2025-08-12,98.0999984741211,3348.89990234375,63.16999816894531,4.293000221252441,6445.759765625
2025-08-13,97.83999633789062,3358.699951171875,62.650001525878906,4.23799991607666,6466.580078125
2025-08-14,98.25,3335.199951171875,63.959999084472656,4.293000221252441,6468.5400390625
2025-08-15,97.8499984741211,3336.0,62.79999923706055,4.328000068664551,6449.7998046875
2025-08-18,98.16999816894531,3331.699951171875,63.41999816894531,4.341000080108643,6449.14990234375
2025-08-19,98.2699966430664,3313.39990234375,62.349998474121094,4.302000045776367,6411.3701171875
2025-08-20,98.22000122070312,3343.39990234375,63.209999084472656,4.296000003814697,6395.77978515625
2025-08-21,98.62000274658203,3336.89990234375,63.52000045776367,4.329999923706055,6370.169921875
2025-08-22,97.72000122070312,3374.39990234375,63.65999984741211,4.260000228881836,6466.91015625
2025-08-25,98.43000030517578,3373.800048828125,64.80000305175781,4.275000095367432,6439.31982421875
2025-08-26,98.2300033569336,3388.60009765625,63.25,4.257999897003174,6465.93994140625
2025-08-27,98.2300033569336,3404.60009765625,64.1500015258789,4.23799991607666,6481.39990234375
2025-08-28,97.80999755859375,3431.800048828125,64.5999984741211,4.206999778747559,6501.85986328125
2025-08-29,97.7699966430664,3473.699951171875,64.01000213623047,4.2270002365112305,6460.259765625
2025-09-02,98.4000015258789,3549.39990234375,65.58999633789062,4.2769999504089355,6415.5400390625
2025-09-03,98.13999938964844,3593.199951171875,63.970001220703125,4.210999965667725,6448.259765625
2025-09-04,98.3499984741211,3565.800048828125,63.47999954223633,4.176000118255615,6502.080078125
2025-09-05,97.7699966430664,3613.199951171875,61.869998931884766,4.085999965667725,6481.5
2025-09-08,97.44999694824219,3638.10009765625,62.2599983215332,4.046000003814697,6495.14990234375
2025-09-09,97.79000091552734,3643.300048828125,62.630001068115234,4.073999881744385,6512.60986328125
2025-09-10,97.77999877929688,3643.60009765625,63.66999816894531,4.0320000648498535,6532.0400390625
2025-09-11,97.54000091552734,3636.89990234375,62.369998931884766,4.011000156402588,6587.47021484375
2025-09-12,97.55000305175781,3649.39990234375,62.689998626708984,4.060999870300293,6584.2900390625
2025-09-15,97.30000305175781,3682.199951171875,63.29999923706055,4.033999919891357,6615.27978515625
2025-09-16,96.62999725341797,3688.89990234375,64.5199966430664,4.026000022888184,6606.759765625
2025-09-17,96.87000274658203,3681.800048828125,64.05000305175781,4.076000213623047,6600.35009765625
2025-09-18,97.3499984741211,3643.699951171875,63.56999969482422,4.104000091552734,6631.9599609375
2025-09-19,97.63999938964844,3671.5,62.68000030517578,4.138999938964844,6664.35986328125
2025-09-22,97.33000183105469,3740.699951171875,62.63999938964844,4.14300012588501,6693.75
2025-09-23,97.26000213623047,3780.60009765625,63.40999984741211,4.119999885559082,6656.919921875
2025-09-24,97.87000274658203,3732.10009765625,64.98999786376953,4.146999835968018,6637.97021484375
2025-09-25,98.55000305175781,3736.89990234375,64.9800033569336,4.171999931335449,6604.72021484375
2025-09-26,98.1500015258789,3775.300048828125,65.72000122070312,4.186999797821045,6643.7001953125
2025-09-29,97.91000366210938,3820.89990234375,63.45000076293945,4.140999794006348,6661.2099609375
2025-09-30,97.7699966430664,3840.800048828125,62.369998931884766,4.1479997634887695,6688.4599609375
2025-10-01,97.70999908447266,3867.5,61.779998779296875,4.105999946594238,6711.2001953125
2025-10-02,97.8499984741211,3839.699951171875,60.47999954223633,4.0879998207092285,6715.35009765625
2025-10-03,97.72000122070312,3880.800048828125,60.880001068115234,4.11899995803833,6715.7900390625
2025-10-06,98.11000061035156,3948.5,61.689998626708984,4.1620001792907715,6740.27978515625
2025-10-07,98.58000183105469,3976.60009765625,61.72999954223633,4.126999855041504,6714.58984375
2025-10-08,98.8499984741211,4043.300048828125,62.54999923706055,4.129000186920166,6753.72021484375
2025-10-09,99.54000091552734,3946.300048828125,61.5099983215332,4.1479997634887695,6735.10986328125
2025-10-10,98.9800033569336,3975.89990234375,58.900001525878906,4.051000118255615,6552.509765625
2025-10-13,99.2699966430664,4108.60009765625,59.4900016784668,4.051000118255615,6654.72021484375
2025-10-14,99.05000305175781,4138.7001953125,58.70000076293945,4.021999835968018,6644.31005859375
2025-10-15,98.79000091552734,4176.89990234375,58.27000045776367,4.046000003814697,6671.06005859375
2025-10-16,98.38999938964844,4280.2001953125,57.459999084472656,3.9760000705718994,6629.06982421875
2025-10-17,98.43000030517578,4189.89990234375,57.540000915527344,4.006999969482422,6664.009765625
2025-10-20,98.58999633789062,4336.39990234375,57.52000045776367,3.9860000610351562,6735.1298828125
2025-10-21,98.93000030517578,4087.699951171875,57.81999969482422,3.9630000591278076,6735.35009765625
2025-10-22,98.9000015258789,4044.39990234375,58.5,3.953000068664551,6699.39990234375
2025-10-23,98.94000244140625,4125.5,61.790000915527344,3.990999937057495,6738.43994140625
2025-10-24,98.94999694824219,4118.39990234375,61.5,3.996999979019165,6791.68994140625
2025-10-27,98.77999877929688,4001.89990234375,61.310001373291016,3.996999979019165,6875.16015625
2025-10-28,98.69000244140625,3966.199951171875,60.150001525878906,3.9830000400543213,6890.89013671875
2025-10-29,99.22000122070312,3983.699951171875,60.47999954223633,4.058000087738037,6890.58984375
2025-10-30,99.52999877929688,4001.300048828125,60.56999969482422,4.0929999351501465,6822.33984375
2025-10-31,99.80000305175781,3982.199951171875,60.97999954223633,4.10099983215332,6840.2001953125
2025-11-03,99.87000274658203,4000.300048828125,61.04999923706055,4.105999946594238,6851.97021484375
2025-11-04,100.22000122070312,3947.699951171875,60.560001373291016,4.089000225067139,6771.5498046875
2025-11-05,100.19999694824219,3980.300048828125,59.599998474121094,4.1570000648498535,6796.2900390625
2025-11-06,99.7300033569336,3979.89990234375,59.43000030517578,4.0929999351501465,6720.31982421875
2025-11-07,99.5999984741211,3999.39990234375,59.75,4.0929999351501465,6728.7998046875
2025-11-10,99.62000274658203,4111.7998046875,60.130001068115234,4.110000133514404,6832.43017578125
2025-11-11,99.45999908447266,4106.7998046875,61.040000915527344,4.119999885559082,6846.60986328125
2025-11-12,99.4800033569336,4204.39990234375,58.4900016784668,4.065000057220459,6850.919921875
2025-11-13,99.18000030517578,4186.89990234375,58.689998626708984,4.111999988555908,6737.490234375
2025-11-14,99.2699966430664,4087.60009765625,60.09000015258789,4.1479997634887695,6734.10986328125
2025-11-17,99.58999633789062,4068.300048828125,59.90999984741211,4.132999897003174,6672.41015625
2025-11-18,99.55000305175781,4061.300048828125,60.7400016784668,4.123000144958496,6617.31982421875
2025-11-19,100.2300033569336,4077.699951171875,59.439998626708984,4.132999897003174,6642.16015625
2025-11-20,100.16000366210938,4056.5,59.13999938964844,4.105999946594238,6538.759765625
2025-11-21,100.18000030517578,4076.699951171875,58.060001373291016,4.063000202178955,6602.990234375
2025-11-24,100.13999938964844,4091.89990234375,58.84000015258789,4.038000106811523,6705.1201171875
2025-11-25,99.66000366210938,4139.2001953125,57.95000076293945,4.001999855041504,6765.8798828125
2025-11-26,99.5999984741211,4165.2001953125,58.650001525878906,3.997999906539917,6812.60986328125
2025-11-28,99.45999908447266,4218.2998046875,58.54999923706055,4.017000198364258,6849.08984375
2025-12-01,99.41000366210938,4239.2998046875,59.31999969482422,4.0960001945495605,6812.6298828125
2025-12-02,99.36000061035156,4186.60009765625,58.63999938964844,4.085999965667725,6829.3701171875
2025-12-03,98.8499984741211,4199.2998046875,58.95000076293945,4.057000160217285,6849.72021484375
2025-12-04,98.98999786376953,4211.7998046875,59.66999816894531,4.107999801635742,6857.1201171875
2025-12-05,98.98999786376953,4212.89990234375,60.08000183105469,4.138999938964844,6870.39990234375
2025-12-08,99.08999633789062,4187.2001953125,58.880001068115234,4.171999931335449,6846.509765625
2025-12-09,99.22000122070312,4206.7001953125,58.25,4.185999870300293,6840.509765625
2025-12-10,98.79000091552734,4196.39990234375,58.459999084472656,4.164000034332275,6886.68017578125
2025-12-11,98.3499984741211,4285.5,57.599998474121094,4.140999794006348,6901.0
2025-12-12,98.4000015258789,4300.10009765625,57.439998626708984,4.193999767303467,6827.41015625
2025-12-15,98.1500015258789,4306.7001953125,56.81999969482422,4.182000160217285,6816.509765625
2025-12-16,98.1500015258789,4304.5,55.27000045776367,4.14900016784668,6800.259765625
2025-12-17,98.37000274658203,4347.5,55.939998626708984,4.151000022888184,6721.43017578125
2025-12-18,98.43000030517578,4339.5,56.150001525878906,4.116000175476074,6774.759765625
2025-12-19,98.5999984741211,4361.39990234375,56.65999984741211,4.151000022888184,6834.5
2025-12-22,98.29000091552734,4444.60009765625,58.0099983215332,4.169000148773193,6878.490234375
2025-12-23,97.94000244140625,4482.7998046875,58.380001068115234,4.169000148773193,6909.7900390625
2025-12-24,97.9800033569336,4480.60009765625,58.349998474121094,4.136000156402588,6932.0498046875
2025-12-26,98.0199966430664,4529.10009765625,56.7400016784668,4.136000156402588,6929.93994140625
2025-12-29,98.04000091552734,4325.10009765625,58.08000183105469,4.116000175476074,6905.740234375
2025-12-30,98.23999786376953,4370.10009765625,57.95000076293945,4.130000114440918,6896.240234375
2025-12-31,98.27999877929688,4325.60009765625,57.41999816894531,4.163000106811523,6845.5
2026-01-02,98.41999816894531,4314.39990234375,57.31999969482422,4.186999797821045,6858.47021484375
2026-01-05,98.2699966430664,4436.89990234375,58.31999969482422,4.164999961853027,6902.0498046875
2026-01-06,98.58000183105469,4482.2001953125,57.130001068115234,4.178999900817871,6944.81982421875
2026-01-07,98.68000030517578,4449.2998046875,55.9900016784668,4.138000011444092,6920.93017578125
2026-01-08,98.93000030517578,4449.7001953125,57.7599983215332,4.183000087738037,6921.4599609375
2026-01-09,99.12999725341797,4490.2998046875,59.119998931884766,4.171000003814697,6966.27978515625
2026-01-12,98.86000061035156,4604.2998046875,59.5,4.186999797821045,6977.27001953125
2026-01-13,99.12999725341797,4589.2001953125,61.150001525878906,4.171000003814697,6963.740234375
2026-01-14,99.12999725341797,4626.2998046875,62.02000045776367,4.139999866485596,6926.60009765625
2026-01-15,99.31999969482422,4616.2998046875,59.189998626708984,4.159999847412109,6944.47021484375
2026-01-16,99.38999938964844,4588.39990234375,59.439998626708984,4.230999946594238,6940.009765625
2026-01-20,98.63999938964844,4759.60009765625,60.34000015258789,4.295000076293945,6796.85986328125
2026-01-21,98.76000213623047,4831.7998046875,60.619998931884766,4.252999782562256,6875.6201171875
2026-01-22,98.36000061035156,4908.7998046875,59.36000061035156,4.249000072479248,6913.35009765625
2026-01-23,97.5999984741211,4976.2001953125,61.06999969482422,4.238999843597412,6915.60986328125
2026-01-26,97.04000091552734,5079.7001953125,60.630001068115234,4.2129998207092285,6950.22998046875
2026-01-27,96.22000122070312,5079.89990234375,62.38999938964844,4.2230000495910645,6978.60009765625
2026-01-28,96.44999694824219,5301.60009765625,63.209999084472656,4.250999927520752,6978.02978515625
2026-01-29,96.27999877929688,5318.39990234375,65.41999816894531,4.2270002365112305,6969.009765625
2026-01-30,96.98999786376953,4713.89990234375,65.20999908447266,4.241000175476074,6939.02978515625
2026-02-02,97.61000061035156,4622.5,62.13999938964844,4.275000095367432,6976.43994140625
2026-02-03,97.44000244140625,4903.7001953125,63.209999084472656,4.27400016784668,6917.81005859375
2026-02-04,97.62000274658203,4920.39990234375,65.13999938964844,4.275000095367432,6882.72021484375
2026-02-05,97.81999969482422,4861.39990234375,63.290000915527344,4.210000038146973,6798.39990234375
2026-02-06,97.62999725341797,4951.2001953125,63.54999923706055,4.205999851226807,6932.2998046875
2026-02-09,96.81999969482422,5050.89990234375,64.36000061035156,4.197999954223633,6964.81982421875
2026-02-10,96.80000305175781,5003.7998046875,63.959999084472656,4.146999835968018,6941.81005859375
2026-02-11,96.83000183105469,5071.60009765625,64.62999725341797,4.171999931335449,6941.47021484375
2026-02-12,96.93000030517578,4923.7001953125,62.84000015258789,4.104000091552734,6832.759765625
2026-02-13,96.87999725341797,5022.0,62.88999938964844,4.056000232696533,6836.169921875
2026-02-17,97.16000366210938,4882.89990234375,62.33000183105469,4.052000045776367,6843.22021484375
2026-02-18,97.69999694824219,4986.5,65.19000244140625,4.078999996185303,6881.31005859375
2026-02-19,97.93000030517578,4975.89990234375,66.43000030517578,4.074999809265137,6861.89013671875
2026-02-20,97.80000305175781,5059.2998046875,66.38999938964844,4.085999965667725,6909.509765625
2026-02-23,97.69999694824219,5204.7001953125,66.30999755859375,4.0289998054504395,6837.75
2026-02-24,97.87999725341797,5155.7998046875,65.62999725341797,4.0329999923706055,6890.06982421875
2026-02-25,97.69999694824219,5206.39990234375,65.41999816894531,4.047999858856201,6946.1298828125
2026-02-26,97.79000091552734,5176.5,65.20999908447266,4.017000198364258,6908.85986328125
2026-02-27,97.61000061035156,5230.5,67.0199966430664,3.9619998931884766,6878.8798828125
2026-03-02,98.37999725341797,5294.39990234375,71.2300033569336,4.047999858856201,6881.6201171875
2026-03-03,99.05000305175781,5107.39990234375,74.55999755859375,4.056000232696533,6816.6298828125
2026-03-04,98.7699966430664,5120.2001953125,74.66000366210938,4.079999923706055,6869.5
2026-03-05,99.31999969482422,5065.2998046875,81.01000213623047,4.145999908447266,6830.7099609375
2026-03-06,98.98999786376953,5146.10009765625,90.9000015258789,4.132999897003174,6740.02001953125
2026-03-09,99.18000030517578,5091.5,94.7699966430664,4.136000156402588,6795.990234375
2026-03-10,98.83000183105469,5229.7001953125,83.44999694824219,4.136000156402588,6781.47998046875
2026-03-11,99.2300033569336,5167.39990234375,87.25,4.208000183105469,6775.7998046875
2026-03-12,99.73999786376953,5115.7998046875,95.7300033569336,4.2729997634887695,6672.6201171875
2026-03-13,100.36000061035156,5052.5,98.70999908447266,4.284999847412109,6632.18994140625
2026-03-16,99.70999908447266,4994.0,93.5,4.21999979019165,6699.3798828125
2026-03-17,99.58000183105469,5001.0,96.20999908447266,4.202000141143799,6716.08984375
2026-03-18,100.08999633789062,4889.89990234375,96.31999969482422,4.258999824523926,6624.7001953125
2026-03-19,99.2300033569336,4600.7001953125,96.13999938964844,4.281000137329102,6606.490234375
2026-03-20,99.6500015258789,4570.39990234375,98.31999969482422,4.390999794006348,6506.47998046875
2026-03-23,98.94999694824219,4404.10009765625,88.12999725341797,4.334000110626221,6581.0
2026-03-24,99.43000030517578,4399.2998046875,92.3499984741211,4.392000198364258,6556.3701171875
2026-03-25,99.5999984741211,4549.7998046875,90.31999969482422,4.328000068664551,6591.89990234375
2026-03-26,99.9000015258789,4375.5,94.4800033569336,4.415999889373779,6477.16015625
2026-03-27,100.1500015258789,4492.0,99.63999938964844,4.440000057220459,6368.85009765625
2026-03-30,100.51000213623047,4526.0,102.87999725341797,4.3420000076293945,6343.72021484375
2026-03-31,99.95999908447266,4647.60009765625,101.37999725341797,4.310999870300293,6528.52001953125
2026-04-01,99.6500015258789,4783.2001953125,100.12000274658203,4.318999767303467,6575.31982421875
2026-04-02,100.02999877929688,4651.5,111.54000091552734,4.313000202178955,6582.68994140625
2026-04-06,99.9800033569336,4656.7998046875,112.41000366210938,4.335000038146973,6611.830078125
2026-04-07,99.63999938964844,4657.10009765625,112.94999694824219,4.3429999351501465,6616.85009765625
2026-04-08,99.12999725341797,4749.5,94.41000366210938,4.290999889373779,6782.81005859375
2026-04-09,98.81999969482422,4792.2001953125,97.87000274658203,4.293000221252441,6824.66015625
2026-04-10,98.6500015258789,4761.89990234375,96.56999969482422,4.316999912261963,6816.89013671875
2026-04-13,98.37000274658203,4742.39990234375,99.08000183105469,4.296999931335449,6886.240234375
2026-04-14,98.12000274658203,4825.0,91.27999877929688,4.25600004196167,6967.3798828125
2026-04-15,98.05999755859375,4800.0,91.29000091552734,4.2820000648498535,7022.9501953125
2026-04-16,98.22000122070312,4785.39990234375,94.69000244140625,4.309000015258789,7041.27978515625
2026-04-17,98.0999984741211,4857.60009765625,83.8499984741211,4.245999813079834,7126.06005859375
2026-04-20,98.05000305175781,4806.60009765625,89.61000061035156,4.25,7109.14013671875
2026-04-21,98.41000366210938,4698.39990234375,92.12999725341797,4.291999816894531,7064.009765625
2026-04-22,98.58999633789062,4732.5,92.95999908447266,4.294000148773193,7137.89990234375
2026-04-23,98.80000305175781,4705.10009765625,95.8499984741211,4.322999954223633,7108.39990234375
2026-04-24,98.51000213623047,4722.2998046875,94.4000015258789,4.309999942779541,7165.080078125
2026-04-27,98.4800033569336,4675.39990234375,96.37000274658203,4.335999965667725,7173.91015625
2026-04-28,98.62000274658203,4591.5,99.93000030517578,4.354000091552734,7138.7998046875
2026-04-29,98.91999816894531,4545.2001953125,106.87999725341797,4.418000221252441,7135.9501953125
2026-04-30,98.08000183105469,4614.7001953125,105.06999969482422,4.389999866485596,7209.009765625
2026-05-01,98.20999908447266,4629.89990234375,101.94000244140625,4.377999782562256,7230.1201171875
2026-05-04,98.47000122070312,4519.5,106.41999816894531,4.446000099182129,7200.75
2026-05-05,98.4800033569336,4555.7998046875,102.2699966430664,4.415999889373779,7259.22021484375
2026-05-06,98.0199966430664,4681.89990234375,95.08000183105469,4.355999946594238,7365.1201171875
2026-05-07,98.25,4699.7998046875,94.80999755859375,4.392000198364258,7337.10986328125
2026-05-08,97.83999633789062,4720.39990234375,95.41999816894531,4.363999843597412,7398.93017578125
2026-05-11,97.94000244140625,4718.7001953125,98.06999969482422,4.409999847412109,7412.83984375
2026-05-12,98.29000091552734,4677.60009765625,102.18000030517578,4.4629998207092285,7400.9599609375
2026-05-13,98.4800033569336,4697.7001953125,101.0199966430664,4.480999946594238,7444.25
2026-05-14,98.87999725341797,4678.10009765625,101.16999816894531,4.460999965667725,7501.240234375
2026-05-15,99.2699966430664,4555.7998046875,105.41999816894531,4.59499979019165,7408.5
2026-05-18,98.97000122070312,4552.5,108.66000366210938,4.623000144958496,7403.0498046875
2026-05-19,99.30000305175781,4506.2998046875,107.7699966430664,4.666999816894531,7353.60986328125
2026-05-20,99.11000061035156,4531.2998046875,98.26000213623047,4.572000026702881,7432.97021484375
2026-05-21,99.19000244140625,4539.7998046875,96.3499984741211,4.585999965667725,7445.72021484375
2026-05-22,99.31999969482422,4521.0,96.5999984741211,4.558000087738037,7473.47021484375
2026-05-26,99.16999816894531,4500.39990234375,93.88999938964844,4.493000030517578,7519.1201171875
2026-05-27,99.20999908447266,4447.5,88.68000030517578,4.480999946594238,7520.35986328125
2026-05-28,99.0199966430664,4499.2998046875,88.9000015258789,4.454999923706055,7563.6298828125
2026-05-29,98.91000366210938,4560.5,87.36000061035156,4.453000068664551,7580.06005859375
2026-06-01,99.19999694824219,4475.2001953125,92.16000366210938,4.474999904632568,7599.9599609375
2026-06-02,99.22000122070312,4489.10009765625,93.76000213623047,4.454999923706055,7609.77978515625
2026-06-03,99.52999877929688,4436.7001953125,96.0199966430664,4.491000175476074,7553.68017578125
2026-06-04,99.41000366210938,4475.7998046875,93.04000091552734,4.4770002365112305,7584.31005859375
2026-06-05,100.06999969482422,4337.10009765625,90.54000091552734,4.535999774932861,7383.740234375
2026-06-08,100.05000305175781,4335.89990234375,91.30000305175781,4.552000045776367,7405.72998046875
2026-06-09,99.91000366210938,4260.0,88.19999694824219,4.5279998779296875,7386.64990234375
2026-06-10,99.94999694824219,4108.2001953125,90.02999877929688,4.541999816894531,7266.990234375
2026-06-11,99.86000061035156,4090.300048828125,87.70999908447266,4.4629998207092285,7394.2998046875
2026-06-12,99.75,4215.0,84.87999725341797,4.486999988555908,7431.4599609375
2026-06-15,99.62999725341797,4328.0,80.75,4.468999862670898,7554.2900390625
2026-06-16,99.54000091552734,4330.89990234375,76.05000305175781,4.427999973297119,7511.35009765625
2026-06-17,100.08999633789062,4358.89990234375,76.79000091552734,4.4629998207092285,7420.10009765625
2026-06-18,100.8499984741211,4224.10009765625,76.5999984741211,4.451000213623047,7500.580078125
2026-06-22,101.0199966430664,4181.89990234375,74.81999969482422,4.508999824523926,7472.7900390625
2026-06-23,101.41000366210938,4129.89990234375,73.20999908447266,4.493000030517578,7365.4599609375
2026-06-24,101.61000061035156,3990.300048828125,70.33999633789062,4.4019999504089355,7358.22021484375
2026-06-25,101.43000030517578,4030.5,71.91999816894531,4.392000198364258,7357.490234375
2026-06-26,101.36000061035156,4078.699951171875,69.2300033569336,4.372000217437744,7354.02001953125
2026-06-29,101.11000061035156,4022.300048828125,70.75,4.374000072479248,7440.43017578125
2026-06-30,101.19000244140625,4022.89990234375,69.5,4.418000221252441,7499.35986328125
2026-07-01,101.38999938964844,4068.300048828125,68.58000183105469,4.474999904632568,7483.22998046875
2026-07-02,100.86000061035156,4112.7001953125,68.69000244140625,4.485000133514404,7483.240234375
2026-07-06,100.8499984741211,4155.10009765625,68.55000305175781,4.479000091552734,7537.43017578125
2026-07-07,101.13999938964844,4145.2998046875,70.44000244140625,4.5289998054504395,7503.85009765625
2026-07-08,101.05000305175781,4070.89990234375,73.5199966430664,4.568999767303467,7482.7099609375
2026-07-09,100.94000244140625,4130.60009765625,72.08000183105469,4.539000034332275,7543.64013671875
2026-07-10,100.97000122070312,4104.10009765625,71.41000366210938,4.568999767303467,7575.39013671875
2026-07-13,101.27999877929688,3997.0,78.13999938964844,4.609000205993652,7515.33984375
2026-07-14,100.94000244140625,4061.10009765625,79.33999633789062,4.585000038146973,7543.58984375
2026-07-15,100.5,4044.0,79.5999984741211,4.545000076293945,7572.39990234375
2026-07-16,100.7300033569336,3985.60009765625,78.94999694824219,4.568999767303467,7533.77001953125
2026-07-17,100.75,4012.699951171875,82.48999786376953,4.540999889373779,7457.68994140625
2026-07-20,100.98999786376953,4010.300048828125,83.2300033569336,4.5980000495910645,7443.27978515625
2026-07-21,101.18000030517578,4071.10009765625,84.91000366210938,4.627999782562256,7509.2001953125
2026-07-22,101.13999938964844,4146.89990234375,86.83000183105469,4.6570000648498535,7498.9599609375
2026-07-23,101.43000030517578,4046.60009765625,92.19000244140625,4.703000068664551,7408.2998046875
2026-07-24,101.47000122070312,4067.60009765625,89.30999755859375,4.678999900817871,7411.97998046875
2026-07-27,101.51000213623047,4074.5,82.61000061035156,4.640999794006348,7413.18017578125
2026-07-28,101.37999725341797,4036.300048828125,79.26000213623047,4.604000091552734,7428.77978515625
2026-07-29,100.80000305175781,4034.699951171875,84.45999908447266,4.622000217437744,7316.14990234375
2026-07-30,100.01000213623047,4100.10009765625,83.58999633789062,4.663000106811523,7437.6298828125
2026-07-31,99.80000305175781,4049.10009765625,84.66999816894531,4.744999885559082,7489.72021484375
2026-08-03,99.95999908447266,4033.699951171875,80.33999633789062,4.685999870300293,7600.5
2026-08-04,99.88999938964844,4095.39990234375,75.7699966430664,4.626999855041504,7736.52001953125
2026-08-05,99.69000244140625,4245.7998046875,75.22000122070312,4.617000102996826,7723.5498046875
2026-08-06,99.97000122070312,4242.0,77.29000091552734,4.670000076293945,7709.9599609375
2026-08-07,99.5999984741211,4340.7001953125,78.18000030517578,4.659999847412109,7757.64013671875
2026-08-10,99.80999755859375,4361.7998046875,82.12999725341797,4.698999881744385,7753.10986328125
2026-08-11,99.81999969482422,4383.0,83.19999694824219,4.684000015258789,7728.2001953125
2026-08-12,100.01000213623047,4408.89990234375,83.2699966430664,4.682000160217285,7748.5
2026-08-13,99.95999908447266,4363.60009765625,81.25,4.640999794006348,7798.990234375
2026-08-14,99.66999816894531,4380.39990234375,82.4000015258789,4.696000099182129,7785.759765625
2026-08-17,99.63999938964844,4417.7998046875,84.5,4.723999977111816,7745.06005859375
2026-08-18,99.6500015258789,4366.0,84.94000244140625,4.705999851226807,7691.759765625
2026-08-19,98.83000183105469,4489.39990234375,85.83000183105469,4.6529998779296875,7707.97998046875
2026-08-20,98.9000015258789,4516.2998046875,87.83000183105469,4.696000099182129,7641.16015625
2026-08-21,98.80000305175781,4624.10009765625,87.05999755859375,4.73799991607666,7674.3701171875
2026-08-24,99.0,4640.7998046875,85.01000213623047,4.703999996185303,7652.85986328125
2026-08-25,98.91999816894531,4638.10009765625,82.36000061035156,4.638999938964844,7677.27978515625
2026-08-26,99.16999816894531,4598.2001953125,82.2300033569336,4.664000034332275,7675.7001953125
2026-08-27,99.16000366210938,4609.7001953125,83.52999877929688,4.671999931335449,7730.990234375
2026-08-28,99.69999694824219,4478.10009765625,83.4000015258789,4.71999979019165,7711.759765625
2026-08-31,99.43000030517578,4431.10009765625,85.76000213623047,4.757999897003174,7686.14013671875
2026-09-01,99.66999816894531,4348.0,90.22000122070312,4.796000003814697,7631.47021484375
2026-09-02,99.55999755859375,4366.2998046875,91.01000213623047,4.796000003814697,7666.60009765625
2026-09-03,99.0,4491.7001953125,91.30000305175781,4.76200008392334,7747.7099609375
2026-09-04,99.16000366210938,4476.60009765625,91.4800033569336,4.783999919891357,7718.60009765625
